latitude,longitude,iceberg_risk,risk_class,iceberg_count
-39.570667,-42.230556,0.0,0,0
-39.885147,-41.77832,0.0,0,0
-40.197605,-41.319572,0.0,0,0
-40.508003,-40.85435,0.0,0,0
-40.81618,-40.3824,0.0,0,0
-41.122158,-39.903885,0.0,0,0
-41.425716,-39.418407,0.0,0,0
-41.72692,-38.9263,0.0,0,0
-42.025505,-38.427,0.0,0,0
-42.321556,-37.92096,0.0,0,0
-42.61481,-37.407616,0.0,0,0
-42.905334,-36.887352,0.0,0,0
-43.192886,-36.359726,0.0,0,0
-43.477497,-35.82498,0.0,0,0
-43.75896,-35.28284,0.0,0,0
-44.03726,-34.7334,0.0,0,0
-44.31224,-34.17654,0.0,0,0
-44.58381,-33.612213,0.0,0,0
-44.851902,-33.04046,0.0,0,0
-45.116333,-32.461082,0.0,0,0
-45.377117,-31.874302,0.0,0,0
-45.633987,-31.279774,0.0,0,0
-45.88703,-30.677874,0.0,0,0
-46.135914,-30.06812,0.0,0,0
-46.380783,-29.451038,0.0,0,0
-46.62124,-28.82606,0.0,0,0
-46.857468,-28.193747,0.0,0,0
-47.089096,-27.553648,0.0,0,0
-47.316235,-26.906178,0.0,0,0
-47.538597,-26.251064,0.0,0,0
-47.756203,-25.588573,0.0,0,0
-47.968857,-24.918606,0.0,0,0
-48.176487,-24.241302,0.0,0,0
-48.378998,-23.556732,0.0,0,0
-48.576214,-22.864899,0.0,0,0
-48.768143,-22.166039,0.0,0,0
-48.954514,-21.460041,0.0,0,0
-49.135437,-20.747297,0.0,0,0
-49.31053,-20.02758,0.0,0,0
-49.480045,-19.301437,0.0,0,0
-49.643448,-18.568539,0.0,0,0
-49.80109,-17.829517,0.0,0,0
-49.95246,-17.08411,0.0,0,0
-50.097828,-16.332863,0.0,0,0
-50.23679,-15.575666,0.0,0,0
-50.369514,-14.812952,0.0,0,0
-50.49572,-14.044761,0.0,0,0
-50.615456,-13.271423,0.0,0,0
-50.728573,-12.493119,0.0,0,0
-50.834995,-11.710091,0.0,0,0
-50.934715,-10.922636,0.0,0,0
-51.027534,-10.130929,0.0,0,0
-51.113594,-9.335362,0.0,0,0
-51.192543,-8.536066,0.0,0,0
-51.264694,-7.733502,0.0,0,0
-51.32955,-6.9277716,0.0,0,0
-51.387573,-6.119376,0.0,0,0
-51.43817,-5.3084354,0.0,0,0
-51.481842,-4.495428,0.0,0,0
-51.51809,-3.6805527,0.0,0,0
-51.547268,-2.8642185,0.0,0,0
-51.56906,-2.046699,0.0,0,0
-51.583675,-1.2283556,0.0,0,0
-51.59095,-0.4095077,0.0,0,0
-51.59095,0.4095077,0.0,0,0
-51.583675,1.2283556,0.0,0,0
-51.56906,2.046699,0.0,0,0
-51.547268,2.8642185,0.0,0,0
-51.51809,3.6805527,0.0,0,0
-51.481842,4.495428,0.0,0,0
-51.43817,5.3084354,0.0,0,0
-51.387573,6.119376,0.0,0,0
-51.32955,6.9277716,0.0,0,0
-51.264694,7.733502,0.0,0,0
-51.192543,8.536066,0.0,0,0
-51.113594,9.335362,0.0,0,0
-51.027534,10.130929,0.0,0,0
-50.934715,10.922636,0.0,0,0
-50.834995,11.710091,0.0,0,0
-50.728573,12.493119,0.0,0,0
-50.615456,13.271423,0.0,0,0
-50.49572,14.044761,0.0,0,0
-50.369514,14.812952,0.0,0,0
-50.23679,15.575666,0.0,0,0
-50.097828,16.332863,0.0,0,0
-49.95246,17.08411,0.0,0,0
-49.80109,17.829517,0.0,0,0
-49.643448,18.568539,0.0,0,0
-49.480045,19.301437,0.0,0,0
-49.31053,20.02758,0.0,0,0
-49.135437,20.747297,0.0,0,0
-48.954514,21.460041,0.0,0,0
-48.768143,22.166039,0.0,0,0
-48.576214,22.864899,0.0,0,0
-48.378998,23.556732,0.0,0,0
-48.176487,24.241302,0.0,0,0
-47.968857,24.918606,0.0,0,0
-47.756203,25.588573,0.0,0,0
-47.538597,26.251064,0.0,0,0
-47.316235,26.906178,0.0,0,0
-47.089096,27.553648,0.0,0,0
-46.857468,28.193747,0.0,0,0
-46.62124,28.82606,0.0,0,0
-46.380783,29.451038,0.0,0,0
-46.135914,30.06812,0.0,0,0
-45.88703,30.677874,0.0,0,0
-45.633987,31.279774,0.0,0,0
-45.377117,31.874302,0.0,0,0
-45.116333,32.461082,0.0,0,0
-44.851902,33.04046,0.0,0,0
-44.58381,33.612213,0.0,0,0
-44.31224,34.17654,0.0,0,0
-44.03726,34.7334,0.0,0,0
-43.75896,35.28284,0.0,0,0
-43.477497,35.82498,0.0,0,0
-43.192886,36.359726,0.0,0,0
-42.905334,36.887352,0.0,0,0
-42.61481,37.407616,0.0,0,0
-42.321556,37.92096,0.0,0,0
-42.025505,38.427,0.0,0,0
-41.72692,38.9263,0.0,0,0
-41.425716,39.418407,0.0,0,0
-41.122158,39.903885,0.0,0,0
-40.81618,40.3824,0.0,0,0
-40.508003,40.85435,0.0,0,0
-40.197605,41.319572,0.0,0,0
-39.885147,41.77832,0.0,0,0
-39.570667,42.230556,0.0,0,0
-39.93506,-42.66238,0.0,0,0
-40.253086,-42.209488,0.0,0,0
-40.569107,-41.749954,0.0,0,0
-40.883083,-41.283833,0.0,0,0
-41.194862,-40.810837,0.0,0,0
-41.50444,-40.33116,0.0,0,0
-41.811623,-39.844368,0.0,0,0
-42.11646,-39.350815,0.0,0,0
-42.418682,-38.849907,0.0,0,0
-42.718388,-38.34211,0.0,0,0
-43.015297,-37.826855,0.0,0,0
-43.309486,-37.30451,0.0,0,0
-43.60071,-36.774635,0.0,0,0
-43.888992,-36.237465,0.0,0,0
-44.174126,-35.69272,0.0,0,0
-44.456093,-35.140488,0.0,0,0
-44.73474,-34.580643,0.0,0,0
-45.00997,-34.01313,0.0,0,0
-45.281715,-33.437996,0.0,0,0
-45.549786,-32.85503,0.0,0,0
-45.814194,-32.26445,0.0,0,0
-46.074684,-31.665894,0.0,0,0
-46.33133,-31.059753,0.0,0,0
-46.58378,-30.445526,0.0,0,0
-46.832207,-29.823742,0.0,0,0
-47.076187,-29.193823,0.0,0,0
-47.31591,-28.556335,0.0,0,0
-47.551,-27.910812,0.0,0,0
-47.78157,-27.257671,0.0,0,0
-48.00732,-26.596632,0.0,0,0
-48.22828,-25.927965,0.0,0,0
-48.444237,-25.251568,0.0,0,0
-48.65512,-24.56757,0.0,0,0
-48.860832,-23.876049,0.0,0,0
-49.061207,-23.177002,0.0,0,0
-49.256226,-22.470673,0.0,0,0
-49.445618,-21.756935,0.0,0,0
-49.62951,-21.036198,0.0,0,0
-49.80749,-20.308218,0.0,0,0
-49.979824,-19.573563,0.0,0,0
-50.145966,-18.831882,0.0,0,0
-50.306267,-18.083838,0.0,0,0
-50.46021,-17.329147,0.0,0,0
-50.608067,-16.56838,0.0,0,0
-50.749428,-15.8014145,0.0,0,0
-50.884453,-15.028702,0.0,0,0
-51.01286,-14.250281,0.0,0,0
-51.134697,-13.466495,0.0,0,0
-51.24981,-12.677527,0.0,0,0
-51.35812,-11.88363,0.0,0,0
-51.45962,-11.085114,0.0,0,0
-51.5541,-10.282154,0.0,0,0
-51.64171,-9.475168,0.0,0,0
-51.722084,-8.66428,0.0,0,0
-51.79554,-7.8499813,0.0,0,0
-51.861584,-7.03237,0.0,0,0
-51.920654,-6.211975,0.0,0,0
-51.972183,-5.388917,0.0,0,0
-52.016647,-4.563698,0.0,0,0
-52.053562,-3.7365236,0.0,0,0
-52.083282,-2.9078245,0.0,0,0
-52.105476,-2.0778844,0.0,0,0
-52.120358,-1.2470825,0.0,0,0
-52.127766,-0.41575253,0.0,0,0
-52.127766,0.41575253,0.0,0,0
-52.120358,1.2470825,0.0,0,0
-52.105476,2.0778844,0.0,0,0
-52.083282,2.9078245,0.0,0,0
-52.053562,3.7365236,0.0,0,0
-52.016647,4.563698,0.0,0,0
-51.972183,5.388917,0.0,0,0
-51.920654,6.211975,0.0,0,0
-51.861584,7.03237,0.0,0,0
-51.79554,7.8499813,0.0,0,0
-51.722084,8.66428,0.0,0,0
-51.64171,9.475168,0.0,0,0
-51.5541,10.282154,0.0,0,0
-51.45962,11.085114,0.0,0,0
-51.35812,11.88363,0.0,0,0
-51.24981,12.677527,0.0,0,0
-51.134697,13.466495,0.0,0,0
-51.01286,14.250281,0.0,0,0
-50.884453,15.028702,0.0,0,0
-50.749428,15.8014145,0.0,0,0
-50.608067,16.56838,0.0,0,0
-50.46021,17.329147,0.0,0,0
-50.306267,18.083838,0.0,0,0
-50.145966,18.831882,0.0,0,0
-49.979824,19.573563,0.0,0,0
-49.80749,20.308218,0.0,0,0
-49.62951,21.036198,0.0,0,0
-49.445618,21.756935,0.0,0,0
-49.256226,22.470673,0.0,0,0
-49.061207,23.177002,0.0,0,0
-48.860832,23.876049,0.0,0,0
-48.65512,24.56757,0.0,0,0
-48.444237,25.251568,0.0,0,0
-48.22828,25.927965,0.0,0,0
-48.00732,26.596632,0.0,0,0
-47.78157,27.257671,0.0,0,0
-47.551,27.910812,0.0,0,0
-47.31591,28.556335,0.0,0,0
-47.076187,29.193823,0.0,0,0
-46.832207,29.823742,0.0,0,0
-46.58378,30.445526,0.0,0,0
-46.33133,31.059753,0.0,0,0
-46.074684,31.665894,0.0,0,0
-45.814194,32.26445,0.0,0,0
-45.549786,32.85503,0.0,0,0
-45.281715,33.437996,0.0,0,0
-45.00997,34.01313,0.0,0,0
-44.73474,34.580643,0.0,0,0
-44.456093,35.140488,0.0,0,0
-44.174126,35.69272,0.0,0,0
-43.888992,36.237465,0.0,0,0
-43.60071,36.774635,0.0,0,0
-43.309486,37.30451,0.0,0,0
-43.015297,37.826855,0.0,0,0
-42.718388,38.34211,0.0,0,0
-42.418682,38.849907,0.0,0,0
-42.11646,39.350815,0.0,0,0
-41.811623,39.844368,0.0,0,0
-41.50444,40.33116,0.0,0,0
-41.194862,40.810837,0.0,0,0
-40.883083,41.283833,0.0,0,0
-40.569107,41.749954,0.0,0,0
-40.253086,42.209488,0.0,0,0
-39.93506,42.66238,0.0,0,0
-40.297985,-43.101227,0.0,0,0
-40.61959,-42.647766,0.0,0,0
-40.93921,-42.18754,0.0,0,0
-41.256798,-41.720604,0.0,0,0
-41.572205,-41.24666,0.0,0,0
-41.88543,-40.765896,0.0,0,0
-42.196274,-40.27788,0.0,0,0
-42.504784,-39.78296,0.0,0,0
-42.81069,-39.280533,0.0,0,0
-43.11409,-38.77106,0.0,0,0
-43.414703,-38.253963,0.0,0,0
-43.712605,-37.72961,0.0,0,0
-44.007538,-37.19755,0.0,0,0
-44.299534,-36.658028,0.0,0,0
-44.588398,-36.110733,0.0,0,0
-44.874077,-35.55577,0.0,0,0
-45.156445,-34.99299,0.0,0,0
-45.435387,-34.422348,0.0,0,0
-45.710842,-33.84387,0.0,0,0
-45.982613,-33.25735,0.0,0,0
-46.250713,-32.663,0.0,0,0
-46.514862,-32.06044,0.0,0,0
-46.775166,-31.450079,0.0,0,0
-47.031254,-30.831383,0.0,0,0
-47.28329,-30.204906,0.0,0,0
-47.53086,-29.570036,0.0,0,0
-47.77415,-28.927359,0.0,0,0
-48.012768,-28.276384,0.0,0,0
-48.246834,-27.61754,0.0,0,0
-48.47604,-26.950535,0.0,0,0
-48.700417,-26.27564,0.0,0,0
-48.919746,-25.592743,0.0,0,0
-49.133957,-24.901983,0.0,0,0
-49.34294,-24.203424,0.0,0,0
-49.54652,-23.497068,0.0,0,0
-49.744705,-22.78316,0.0,0,0
-49.93719,-22.061562,0.0,0,0
-50.12411,-21.332695,0.0,0,0
-50.305054,-20.59631,0.0,0,0
-50.48027,-19.852982,0.0,0,0
-50.64922,-19.102352,0.0,0,0
-50.812252,-18.3451,0.0,0,0
-50.968822,-17.58093,0.0,0,0
-51.119232,-16.810436,0.0,0,0
-51.263046,-16.03348,0.0,0,0
-51.40044,-15.250535,0.0,0,0
-51.531105,-14.4616375,0.0,0,0
-51.655098,-13.667143,0.0,0,0
-51.77226,-12.867241,0.0,0,0
-51.882507,-12.062194,0.0,0,0
-51.985832,-11.25232,0.0,0,0
-52.082024,-10.437808,0.0,0,0
-52.17122,-9.619085,0.0,0,0
-52.253056,-8.796285,0.0,0,0
-52.32786,-7.9699173,0.0,0,0
-52.39511,-7.1400857,0.0,0,0
-52.455276,-6.3073416,0.0,0,0
-52.507755,-5.471811,0.0,0,0
-52.553043,-4.634019,0.0,0,0
-52.59064,-3.794181,0.0,0,0
-52.620907,-2.9527462,0.0,0,0
-52.64352,-2.110012,0.0,0,0
-52.658672,-1.2663757,0.0,0,0
-52.66622,-0.42218632,0.0,0,0
-52.66622,0.42218632,0.0,0,0
-52.658672,1.2663757,0.0,0,0
-52.64352,2.110012,0.0,0,0
-52.620907,2.9527462,0.0,0,0
-52.59064,3.794181,0.0,0,0
-52.553043,4.634019,0.0,0,0
-52.507755,5.471811,0.0,0,0
-52.455276,6.3073416,0.0,0,0
-52.39511,7.1400857,0.0,0,0
-52.32786,7.9699173,0.0,0,0
-52.253056,8.796285,0.0,0,0
-52.17122,9.619085,0.0,0,0
-52.082024,10.437808,0.0,0,0
-51.985832,11.25232,0.0,0,0
-51.882507,12.062194,0.0,0,0
-51.77226,12.867241,0.0,0,0
-51.655098,13.667143,0.0,0,0
-51.531105,14.4616375,0.0,0,0
-51.40044,15.250535,0.0,0,0
-51.263046,16.03348,0.0,0,0
-51.119232,16.810436,0.0,0,0
-50.968822,17.58093,0.0,0,0
-50.812252,18.3451,0.0,0,0
-50.64922,19.102352,0.0,0,0
-50.48027,19.852982,0.0,0,0
-50.305054,20.59631,0.0,0,0
-50.12411,21.332695,0.0,0,0
-49.93719,22.061562,0.0,0,0
-49.744705,22.78316,0.0,0,0
-49.54652,23.497068,0.0,0,0
-49.34294,24.203424,0.0,0,0
-49.133957,24.901983,0.0,0,0
-48.919746,25.592743,0.0,0,0
-48.700417,26.27564,0.0,0,0
-48.47604,26.950535,0.0,0,0
-48.246834,27.61754,0.0,0,0
-48.012768,28.276384,0.0,0,0
-47.77415,28.927359,0.0,0,0
-47.53086,29.570036,0.0,0,0
-47.28329,30.204906,0.0,0,0
-47.031254,30.831383,0.0,0,0
-46.775166,31.450079,0.0,0,0
-46.514862,32.06044,0.0,0,0
-46.250713,32.663,0.0,0,0
-45.982613,33.25735,0.0,0,0
-45.710842,33.84387,0.0,0,0
-45.435387,34.422348,0.0,0,0
-45.156445,34.99299,0.0,0,0
-44.874077,35.55577,0.0,0,0
-44.588398,36.110733,0.0,0,0
-44.299534,36.658028,0.0,0,0
-44.007538,37.19755,0.0,0,0
-43.712605,37.72961,0.0,0,0
-43.414703,38.253963,0.0,0,0
-43.11409,38.77106,0.0,0,0
-42.81069,39.280533,0.0,0,0
-42.504784,39.78296,0.0,0,0
-42.196274,40.27788,0.0,0,0
-41.88543,40.765896,0.0,0,0
-41.572205,41.24666,0.0,0,0
-41.256798,41.720604,0.0,0,0
-40.93921,42.18754,0.0,0,0
-40.61959,42.647766,0.0,0,0
-40.297985,43.101227,0.0,0,0
-40.659283,-43.54763,0.0,0,0
-40.984493,-43.093697,0.0,0,0
-41.307743,-42.632877,0.0,0,0
-41.628975,-42.165226,0.0,0,0
-41.94805,-41.690437,0.0,0,0
-42.26496,-41.208694,0.0,0,0
-42.5795,-40.719547,0.0,0,0
-42.891724,-40.22335,0.0,0,0
-43.201355,-39.719498,0.0,0,0
-43.5085,-39.208443,0.0,0,0
-43.81286,-38.689583,0.0,0,0
-44.114517,-38.16331,0.0,0,0
-44.41322,-37.62915,0.0,0,0
-44.708984,-37.087345,0.0,0,0
-45.001617,-36.537575,0.0,0,0
-45.291077,-35.979942,0.0,0,0
-45.577217,-35.414295,0.0,0,0
-45.859932,-34.840576,0.0,0,0
-46.139145,-34.258804,0.0,0,0
-46.414677,-33.668774,0.0,0,0
-46.686523,-33.07069,0.0,0,0
-46.95442,-32.464165,0.0,0,0
-47.21844,-31.849602,0.0,0,0
-47.478226,-31.22646,0.0,0,0
-47.73395,-30.595291,0.0,0,0
-47.985172,-29.955467,0.0,0,0
-48.232094,-29.30759,0.0,0,0
-48.47431,-28.651142,0.0,0,0
-48.711945,-27.986568,0.0,0,0
-48.944683,-27.313553,0.0,0,0
-49.172546,-26.632378,0.0,0,0
-49.39532,-25.94292,0.0,0,0
-49.61293,-25.24532,0.0,0,0
-49.825256,-24.539637,0.0,0,0
-50.032127,-23.825869,0.0,0,0
-50.23354,-23.104263,0.0,0,0
-50.4292,-22.374676,0.0,0,0
-50.619225,-21.637547,0.0,0,0
-50.803192,-20.892593,0.0,0,0
-50.98137,-20.140427,0.0,0,0
-51.15319,-19.380665,0.0,0,0
-51.31902,-18.61401,0.0,0,0
-51.478302,-17.840149,0.0,0,0
-51.631332,-17.059696,0.0,0,0
-51.777664,-16.27251,0.0,0,0
-51.91748,-15.479076,0.0,0,0
-52.050476,-14.679434,0.0,0,0
-52.17668,-13.873947,0.0,0,0
-52.29595,-13.062816,0.0,0,0
-52.408195,-12.246307,0.0,0,0
-52.5134,-11.424755,0.0,0,0
-52.611343,-10.598355,0.0,0,0
-52.70217,-9.76755,0.0,0,0
-52.785522,-8.932482,0.0,0,0
-52.86171,-8.0936775,0.0,0,0
-52.93021,-7.2512503,0.0,0,0
-52.99149,-6.4057727,0.0,0,0
-53.044952,-5.557377,0.0,0,0
-53.091087,-4.7066126,0.0,0,0
-53.129395,-3.8537054,0.0,0,0
-53.160233,-2.9991248,0.0,0,0
-53.18326,-2.1431832,0.0,0,0
-53.198708,-1.2862961,0.0,0,0
-53.20639,-0.4288294,0.0,0,0
-53.20639,0.4288294,0.0,0,0
-53.198708,1.2862961,0.0,0,0
-53.18326,2.1431832,0.0,0,0
-53.160233,2.9991248,0.0,0,0
-53.129395,3.8537054,0.0,0,0
-53.091087,4.7066126,0.0,0,0
-53.044952,5.557377,0.0,0,0
-52.99149,6.4057727,0.0,0,0
-52.93021,7.2512503,0.0,0,0
-52.86171,8.0936775,0.0,0,0
-52.785522,8.932482,0.0,0,0
-52.70217,9.76755,0.0,0,0
-52.611343,10.598355,0.0,0,0
-52.5134,11.424755,0.0,0,0
-52.408195,12.246307,0.0,0,0
-52.29595,13.062816,0.0,0,0
-52.17668,13.873947,0.0,0,0
-52.050476,14.679434,0.0,0,0
-51.91748,15.479076,0.0,0,0
-51.777664,16.27251,0.0,0,0
-51.631332,17.059696,0.0,0,0
-51.478302,17.840149,0.0,0,0
-51.31902,18.61401,0.0,0,0
-51.15319,19.380665,0.0,0,0
-50.98137,20.140427,0.0,0,0
-50.803192,20.892593,0.0,0,0
-50.619225,21.637547,0.0,0,0
-50.4292,22.374676,0.0,0,0
-50.23354,23.104263,0.0,0,0
-50.032127,23.825869,0.0,0,0
-49.825256,24.539637,0.0,0,0
-49.61293,25.24532,0.0,0,0
-49.39532,25.94292,0.0,0,0
-49.172546,26.632378,0.0,0,0
-48.944683,27.313553,0.0,0,0
-48.711945,27.986568,0.0,0,0
-48.47431,28.651142,0.0,0,0
-48.232094,29.30759,0.0,0,0
-47.985172,29.955467,0.0,0,0
-47.73395,30.595291,0.0,0,0
-47.478226,31.22646,0.0,0,0
-47.21844,31.849602,0.0,0,0
-46.95442,32.464165,0.0,0,0
-46.686523,33.07069,0.0,0,0
-46.414677,33.668774,0.0,0,0
-46.139145,34.258804,0.0,0,0
-45.859932,34.840576,0.0,0,0
-45.577217,35.414295,0.0,0,0
-45.291077,35.979942,0.0,0,0
-45.001617,36.537575,0.0,0,0
-44.708984,37.087345,0.0,0,0
-44.41322,37.62915,0.0,0,0
-44.114517,38.16331,0.0,0,0
-43.81286,38.689583,0.0,0,0
-43.5085,39.208443,0.0,0,0
-43.201355,39.719498,0.0,0,0
-42.891724,40.22335,0.0,0,0
-42.5795,40.719547,0.0,0,0
-42.26496,41.208694,0.0,0,0
-41.94805,41.690437,0.0,0,0
-41.628975,42.165226,0.0,0,0
-41.307743,42.632877,0.0,0,0
-40.984493,43.093697,0.0,0,0
-40.659283,43.54763,0.0,0,0
-41.018936,-44.001278,0.0,0,0
-41.34779,-43.54698,0.0,0,0
-41.674698,-43.085682,0.0,0,0
-41.999615,-42.617413,0.0,0,0
-42.322388,-42.141872,0.0,0,0
-42.643017,-41.659245,0.0,0,0
-42.961292,-41.169067,0.0,0,0
-43.27727,-40.671696,0.0,0,0
-43.590668,-40.166504,0.0,0,0
-43.901592,-39.653957,0.0,0,0
-44.20975,-39.133427,0.0,0,0
-44.51521,-38.60532,0.0,0,0
-44.817722,-38.069134,0.0,0,0
-45.117306,-37.525124,0.0,0,0
-45.41377,-36.972958,0.0,0,0
-45.707043,-36.412724,0.0,0,0
-45.997017,-35.844273,0.0,0,0
-46.283558,-35.267536,0.0,0,0
-46.566597,-34.682533,0.0,0,0
-46.84594,-34.08904,0.0,0,0
-47.1216,-33.487263,0.0,0,0
-47.393284,-32.876812,0.0,0,0
-47.661083,-32.25807,0.0,0,0
-47.924644,-31.6305,0.0,0,0
-48.184113,-30.994656,0.0,0,0
-48.43906,-30.349888,0.0,0,0
-48.689674,-29.696802,0.0,0,0
-48.935566,-29.034864,0.0,0,0
-49.17683,-28.364536,0.0,0,0
-49.413166,-27.685474,0.0,0,0
-49.64459,-26.997976,0.0,0,0
-49.87088,-26.301897,0.0,0,0
-50.091957,-25.597385,0.0,0,0
-50.307705,-24.884499,0.0,0,0
-50.517937,-24.163223,0.0,0,0
-50.722656,-23.433817,0.0,0,0
-50.921555,-22.696123,0.0,0,0
-51.11475,-21.950586,0.0,0,0
-51.301823,-21.196926,0.0,0,0
-51.483025,-20.435757,0.0,0,0
-51.657795,-19.666685,0.0,0,0
-51.826485,-18.890432,0.0,0,0
-51.98855,-18.106674,0.0,0,0
-52.14426,-17.316046,0.0,0,0
-52.293182,-16.518396,0.0,0,0
-52.435486,-15.714228,0.0,0,0
-52.570858,-14.903576,0.0,0,0
-52.699345,-14.0868225,0.0,0,0
-52.820778,-13.264171,0.0,0,0
-52.935066,-12.435899,0.0,0,0
-53.042206,-11.602353,0.0,0,0
-53.141953,-10.763735,0.0,0,0
-53.234467,-9.92051,0.0,0,0
-53.31937,-9.07282,0.0,0,0
-53.396973,-8.22122,0.0,0,0
-53.46676,-7.365824,0.0,0,0
-53.529198,-6.5072336,0.0,0,0
-53.583668,-5.6455846,0.0,0,0
-53.630672,-4.7814536,0.0,0,0
-53.669704,-3.915077,0.0,0,0
-53.701126,-3.046945,0.0,0,0
-53.7246,-2.1773872,0.0,0,0
-53.740337,-1.3068371,0.0,0,0
-53.74817,-0.43567953,0.0,0,0
-53.74817,0.43567953,0.0,0,0
-53.740337,1.3068371,0.0,0,0
-53.7246,2.1773872,0.0,0,0
-53.701126,3.046945,0.0,0,0
-53.669704,3.915077,0.0,0,0
-53.630672,4.7814536,0.0,0,0
-53.583668,5.6455846,0.0,0,0
-53.529198,6.5072336,0.0,0,0
-53.46676,7.365824,0.0,0,0
-53.396973,8.22122,0.0,0,0
-53.31937,9.07282,0.0,0,0
-53.234467,9.92051,0.0,0,0
-53.141953,10.763735,0.0,0,0
-53.042206,11.602353,0.0,0,0
-52.935066,12.435899,0.0,0,0
-52.820778,13.264171,0.0,0,0
-52.699345,14.0868225,0.0,0,0
-52.570858,14.903576,0.0,0,0
-52.435486,15.714228,0.0,0,0
-52.293182,16.518396,0.0,0,0
-52.14426,17.316046,0.0,0,0
-51.98855,18.106674,0.0,0,0
-51.826485,18.890432,0.0,0,0
-51.657795,19.666685,0.0,0,0
-51.483025,20.435757,0.0,0,0
-51.301823,21.196926,0.0,0,0
-51.11475,21.950586,0.0,0,0
-50.921555,22.696123,0.0,0,0
-50.722656,23.433817,0.0,0,0
-50.517937,24.163223,0.0,0,0
-50.307705,24.884499,0.0,0,0
-50.091957,25.597385,0.0,0,0
-49.87088,26.301897,0.0,0,0
-49.64459,26.997976,0.0,0,0
-49.413166,27.685474,0.0,0,0
-49.17683,28.364536,0.0,0,0
-48.935566,29.034864,0.0,0,0
-48.689674,29.696802,0.0,0,0
-48.43906,30.349888,0.0,0,0
-48.184113,30.994656,0.0,0,0
-47.924644,31.6305,0.0,0,0
-47.661083,32.25807,0.0,0,0
-47.393284,32.876812,0.0,0,0
-47.1216,33.487263,0.0,0,0
-46.84594,34.08904,0.0,0,0
-46.566597,34.682533,0.0,0,0
-46.283558,35.267536,0.0,0,0
-45.997017,35.844273,0.0,0,0
-45.707043,36.412724,0.0,0,0
-45.41377,36.972958,0.0,0,0
-45.117306,37.525124,0.0,0,0
-44.817722,38.069134,0.0,0,0
-44.51521,38.60532,0.0,0,0
-44.20975,39.133427,0.0,0,0
-43.901592,39.653957,0.0,0,0
-43.590668,40.166504,0.0,0,0
-43.27727,40.671696,0.0,0,0
-42.961292,41.169067,0.0,0,0
-42.643017,41.659245,0.0,0,0
-42.322388,42.141872,0.0,0,0
-41.999615,42.617413,0.0,0,0
-41.674698,43.085682,0.0,0,0
-41.34779,43.54698,0.0,0,0
-41.018936,44.001278,0.0,0,0
-41.37681,-44.462578,0.0,0,0
-41.709328,-44.008022,0.0,0,0
-42.03993,-43.54634,0.0,0,0
-42.36856,-43.077576,0.0,0,0
-42.69507,-42.601395,0.0,0,0
-43.01946,-42.117992,0.0,0,0
-43.341507,-41.626884,0.0,0,0
-43.661278,-41.128445,0.0,0,0
-43.978493,-40.622013,0.0,0,0
-44.293236,-40.10807,0.0,0,0
-44.605232,-39.58598,0.0,0,0
-44.91454,-39.056126,0.0,0,0
-45.220917,-38.518013,0.0,0,0
-45.52437,-37.97188,0.0,0,0
-45.8247,-37.4174,0.0,0,0
-46.12186,-36.854652,0.0,0,0
-46.415714,-36.28347,0.0,0,0
-46.706135,-35.703785,0.0,0,0
-46.993053,-35.115612,0.0,0,0
-47.27628,-34.518715,0.0,0,0
-47.555798,-33.913296,0.0,0,0
-47.831352,-33.298954,0.0,0,0
-48.103004,-32.676083,0.0,0,0
-48.370388,-32.044106,0.0,0,0
-48.63367,-31.403606,0.0,0,0
-48.892414,-30.753899,0.0,0,0
-49.146797,-30.095608,0.0,0,0
-49.39642,-29.428177,0.0,0,0
-49.641396,-28.752068,0.0,0,0
-49.881405,-28.066929,0.0,0,0
-50.11646,-27.37306,0.0,0,0
-50.34634,-26.67031,0.0,0,0
-50.570965,-25.958818,0.0,0,0
-50.79021,-25.23864,0.0,0,0
-51.003883,-24.509764,0.0,0,0
-51.211975,-23.772446,0.0,0,0
-51.414192,-23.02652,0.0,0,0
-51.61064,-22.272442,0.0,0,0
-51.80089,-21.509914,0.0,0,0
-51.985195,-20.739576,0.0,0,0
-52.16299,-19.961008,0.0,0,0
-52.33462,-19.174961,0.0,0,0
-52.499527,-18.381088,0.0,0,0
-52.657997,-17.580051,0.0,0,0
-52.809578,-16.771687,0.0,0,0
-52.954437,-15.956518,0.0,0,0
-53.092262,-15.134579,0.0,0,0
-53.22309,-14.306262,0.0,0,0
-53.346745,-13.471779,0.0,0,0
-53.46314,-12.631416,0.0,0,0
-53.57226,-11.785538,0.0,0,0
-53.673866,-10.934348,0.0,0,0
-53.768112,-10.078335,0.0,0,0
-53.854618,-9.217646,0.0,0,0
-53.93369,-8.352859,0.0,0,0
-54.0048,-7.4840937,0.0,0,0
-54.06842,-6.6119785,0.0,0,0
-54.12393,-5.7366576,0.0,0,0
-54.171837,-4.858733,0.0,0,0
-54.211617,-3.978452,0.0,0,0
-54.243645,-3.0963302,0.0,0,0
-54.26757,-2.2127113,0.0,0,0
-54.283607,-1.3280517,0.0,0,0
-54.291595,-0.4427544,0.0,0,0
-54.291595,0.4427544,0.0,0,0
-54.283607,1.3280517,0.0,0,0
-54.26757,2.2127113,0.0,0,0
-54.243645,3.0963302,0.0,0,0
-54.211617,3.978452,0.0,0,0
-54.171837,4.858733,0.0,0,0
-54.12393,5.7366576,0.0,0,0
-54.06842,6.6119785,0.0,0,0
-54.0048,7.4840937,0.0,0,0
-53.93369,8.352859,0.0,0,0
-53.854618,9.217646,0.0,0,0
-53.768112,10.078335,0.0,0,0
-53.673866,10.934348,0.0,0,0
-53.57226,11.785538,0.0,0,0
-53.46314,12.631416,0.0,0,0
-53.346745,13.471779,0.0,0,0
-53.22309,14.306262,0.0,0,0
-53.092262,15.134579,0.0,0,0
-52.954437,15.956518,0.0,0,0
-52.809578,16.771687,0.0,0,0
-52.657997,17.580051,0.0,0,0
-52.499527,18.381088,0.0,0,0
-52.33462,19.174961,0.0,0,0
-52.16299,19.961008,0.0,0,0
-51.985195,20.739576,0.0,0,0
-51.80089,21.509914,0.0,0,0
-51.61064,22.272442,0.0,0,0
-51.414192,23.02652,0.0,0,0
-51.211975,23.772446,0.0,0,0
-51.003883,24.509764,0.0,0,0
-50.79021,25.23864,0.0,0,0
-50.570965,25.958818,0.0,0,0
-50.34634,26.67031,0.0,0,0
-50.11646,27.37306,0.0,0,0
-49.881405,28.066929,0.0,0,0
-49.641396,28.752068,0.0,0,0
-49.39642,29.428177,0.0,0,0
-49.146797,30.095608,0.0,0,0
-48.892414,30.753899,0.0,0,0
-48.63367,31.403606,0.0,0,0
-48.370388,32.044106,0.0,0,0
-48.103004,32.676083,0.0,0,0
-47.831352,33.298954,0.0,0,0
-47.555798,33.913296,0.0,0,0
-47.27628,34.518715,0.0,0,0
-46.993053,35.115612,0.0,0,0
-46.706135,35.703785,0.0,0,0
-46.415714,36.28347,0.0,0,0
-46.12186,36.854652,0.0,0,0
-45.8247,37.4174,0.0,0,0
-45.52437,37.97188,0.0,0,0
-45.220917,38.518013,0.0,0,0
-44.91454,39.056126,0.0,0,0
-44.605232,39.58598,0.0,0,0
-44.293236,40.10807,0.0,0,0
-43.978493,40.622013,0.0,0,0
-43.661278,41.128445,0.0,0,0
-43.341507,41.626884,0.0,0,0
-43.01946,42.117992,0.0,0,0
-42.69507,42.601395,0.0,0,0
-42.36856,43.077576,0.0,0,0
-42.03993,43.54634,0.0,0,0
-41.709328,44.008022,0.0,0,0
-41.37681,44.462578,0.0,0,0
-41.73281,-44.931576,0.0,0,0
-42.06903,-44.476883,0.0,0,0
-42.40335,-44.014942,0.0,0,0
-42.735733,-43.545788,0.0,0,0
-43.066013,-43.069077,0.0,0,0
-43.394196,-42.585014,0.0,0,0
-43.720055,-42.0931,0.0,0,0
-44.043655,-41.593697,0.0,0,0
-44.364723,-41.086136,0.0,0,0
-44.683334,-40.570908,0.0,0,0
-44.99921,-40.047348,0.0,0,0
-45.312416,-39.515858,0.0,0,0
-45.622696,-38.975914,0.0,0,0
-45.93007,-38.42776,0.0,0,0
-46.23433,-37.871056,0.0,0,0
-46.535423,-37.30587,0.0,0,0
-46.833214,-36.73204,0.0,0,0
-47.12758,-36.149487,0.0,0,0
-47.418434,-35.558216,0.0,0,0
-47.705597,-34.957977,0.0,0,0
-47.98905,-34.34898,0.0,0,0
-48.268524,-33.730797,0.0,0,0
-48.54409,-33.103836,0.0,0,0
-48.815372,-32.46749,0.0,0,0
-49.082535,-31.822361,0.0,0,0
-49.34514,-31.167732,0.0,0,0
-49.603363,-30.50424,0.0,0,0
-49.8568,-29.83131,0.0,0,0
-50.10556,-29.149406,0.0,0,0
-50.34931,-28.458166,0.0,0,0
-50.58808,-27.757887,0.0,0,0
-50.821625,-27.048412,0.0,0,0
-51.049873,-26.329876,0.0,0,0
-51.272682,-25.602335,0.0,0,0
-51.489876,-24.865763,0.0,0,0
-51.701435,-24.120426,0.0,0,0
-51.907043,-23.366144,0.0,0,0
-52.106823,-22.60339,0.0,0,0
-52.30033,-21.83184,0.0,0,0
-52.487816,-21.052162,0.0,0,0
-52.66871,-20.263912,0.0,0,0
-52.843353,-19.467865,0.0,0,0
-53.011185,-18.663658,0.0,0,0
-53.17249,-17.851974,0.0,0,0
-53.326794,-17.032644,0.0,0,0
-53.47428,-16.206203,0.0,0,0
-53.614624,-15.372688,0.0,0,0
-53.74785,-14.532505,0.0,0,0
-53.8738,-13.685869,0.0,0,0
-53.992363,-12.833082,0.0,0,0
-54.10353,-11.974521,0.0,0,0
-54.20705,-11.110395,0.0,0,0
-54.303085,-10.241216,0.0,0,0
-54.391228,-9.367134,0.0,0,0
-54.471806,-8.488756,0.0,0,0
-54.544285,-7.606206,0.0,0,0
-54.60913,-6.720141,0.0,0,0
-54.66571,-5.830711,0.0,0,0
-54.714542,-4.9385486,0.0,0,0
-54.755096,-4.043912,0.0,0,0
-54.787743,-3.1473427,0.0,0,0
-54.812126,-2.2492015,0.0,0,0
-54.828484,-1.3499672,0.0,0,0
-54.836624,-0.45006308,0.0,0,0
-54.836624,0.45006308,0.0,0,0
-54.828484,1.3499672,0.0,0,0
-54.812126,2.2492015,0.0,0,0
-54.787743,3.1473427,0.0,0,0
-54.755096,4.043912,0.0,0,0
-54.714542,4.9385486,0.0,0,0
-54.66571,5.830711,0.0,0,0
-54.60913,6.720141,0.0,0,0
-54.544285,7.606206,0.0,0,0
-54.471806,8.488756,0.0,0,0
-54.391228,9.367134,0.0,0,0
-54.303085,10.241216,0.0,0,0
-54.20705,11.110395,0.0,0,0
-54.10353,11.974521,0.0,0,0
-53.992363,12.833082,0.0,0,0
-53.8738,13.685869,0.0,0,0
-53.74785,14.532505,0.0,0,0
-53.614624,15.372688,0.0,0,0
-53.47428,16.206203,0.0,0,0
-53.326794,17.032644,0.0,0,0
-53.17249,17.851974,0.0,0,0
-53.011185,18.663658,0.0,0,0
-52.843353,19.467865,0.0,0,0
-52.66871,20.263912,0.0,0,0
-52.487816,21.052162,0.0,0,0
-52.30033,21.83184,0.0,0,0
-52.106823,22.60339,0.0,0,0
-51.907043,23.366144,0.0,0,0
-51.701435,24.120426,0.0,0,0
-51.489876,24.865763,0.0,0,0
-51.272682,25.602335,0.0,0,0
-51.049873,26.329876,0.0,0,0
-50.821625,27.048412,0.0,0,0
-50.58808,27.757887,0.0,0,0
-50.34931,28.458166,0.0,0,0
-50.10556,29.149406,0.0,0,0
-49.8568,29.83131,0.0,0,0
-49.603363,30.50424,0.0,0,0
-49.34514,31.167732,0.0,0,0
-49.082535,31.822361,0.0,0,0
-48.815372,32.46749,0.0,0,0
-48.54409,33.103836,0.0,0,0
-48.268524,33.730797,0.0,0,0
-47.98905,34.34898,0.0,0,0
-47.705597,34.957977,0.0,0,0
-47.418434,35.558216,0.0,0,0
-47.12758,36.149487,0.0,0,0
-46.833214,36.73204,0.0,0,0
-46.535423,37.30587,0.0,0,0
-46.23433,37.871056,0.0,0,0
-45.93007,38.42776,0.0,0,0
-45.622696,38.975914,0.0,0,0
-45.312416,39.515858,0.0,0,0
-44.99921,40.047348,0.0,0,0
-44.683334,40.570908,0.0,0,0
-44.364723,41.086136,0.0,0,0
-44.043655,41.593697,0.0,0,0
-43.720055,42.0931,0.0,0,0
-43.394196,42.585014,0.0,0,0
-43.066013,43.069077,0.0,0,0
-42.735733,43.545788,0.0,0,0
-42.40335,44.014942,0.0,0,0
-42.06903,44.476883,0.0,0,0
-41.73281,44.931576,0.0,0,0
-42.086887,-45.40826,0.0,0,0
-42.42683,-44.95355,0.0,0,0
-42.764915,-44.491467,0.0,0,0
-43.101067,-44.022045,0.0,0,0
-43.43515,-43.544933,0.0,0,0
-43.76716,-43.060326,0.0,0,0
-44.096874,-42.56771,0.0,0,0
-44.424335,-42.067455,0.0,0,0
-44.74929,-41.55889,0.0,0,0
-45.07181,-41.04249,0.0,0,0
-45.39162,-40.51757,0.0,0,0
-45.708767,-39.984547,0.0,0,0
-46.023003,-39.44288,0.0,0,0
-46.334343,-38.8928,0.0,0,0
-46.64258,-38.33397,0.0,0,0
-46.947662,-37.76645,0.0,0,0
-47.249443,-37.190056,0.0,0,0
-47.547802,-36.60471,0.0,0,0
-47.84266,-36.01042,0.0,0,0
-48.13382,-35.40691,0.0,0,0
-48.42127,-34.7944,0.0,0,0
-48.704727,-34.17243,0.0,0,0
-48.98427,-33.541428,0.0,0,0
-49.259518,-32.90076,0.0,0,0
-49.530632,-32.251034,0.0,0,0
-49.797165,-31.591503,0.0,0,0
-50.0593,-30.922829,0.0,0,0
-50.31662,-30.2444,0.0,0,0
-50.569233,-29.556698,0.0,0,0
-50.81681,-28.859333,0.0,0,0
-51.059364,-28.152613,0.0,0,0
-51.296654,-27.436365,0.0,0,0
-51.5286,-26.710726,0.0,0,0
-51.755062,-25.975746,0.0,0,0
-51.975853,-25.23139,0.0,0,0
-52.19095,-24.477932,0.0,0,0
-52.400032,-23.715174,0.0,0,0
-52.60322,-22.943605,0.0,0,0
-52.800064,-22.162886,0.0,0,0
-52.99081,-21.373701,0.0,0,0
-53.17488,-20.57558,0.0,0,0
-53.35262,-19.769331,0.0,0,0
-53.523445,-18.954573,0.0,0,0
-53.687656,-18.132006,0.0,0,0
-53.844765,-17.30145,0.0,0,0
-53.99495,-16.463467,0.0,0,0
-54.13788,-15.618085,0.0,0,0
-54.27358,-14.765726,0.0,0,0
-54.40188,-13.906615,0.0,0,0
-54.522675,-13.041063,0.0,0,0
-54.63595,-12.169459,0.0,0,0
-54.74144,-11.292025,0.0,0,0
-54.839302,-10.40929,0.0,0,0
-54.929142,-9.521416,0.0,0,0
-55.011284,-8.629032,0.0,0,0
-55.08516,-7.73227,0.0,0,0
-55.151276,-6.831817,0.0,0,0
-55.208954,-5.9278307,0.0,0,0
-55.258747,-5.0209737,0.0,0,0
-55.30009,-4.1115184,0.0,0,0
-55.33338,-3.200031,0.0,0,0
-55.358253,-2.286892,0.0,0,0
-55.374924,-1.3726044,0.0,0,0
-55.383224,-0.45761266,0.0,0,0
-55.383224,0.45761266,0.0,0,0
-55.374924,1.3726044,0.0,0,0
-55.358253,2.286892,0.0,0,0
-55.33338,3.200031,0.0,0,0
-55.30009,4.1115184,0.0,0,0
-55.258747,5.0209737,0.0,0,0
-55.208954,5.9278307,0.0,0,0
-55.151276,6.831817,0.0,0,0
-55.08516,7.73227,0.0,0,0
-55.011284,8.629032,0.0,0,0
-54.929142,9.521416,0.0,0,0
-54.839302,10.40929,0.0,0,0
-54.74144,11.292025,0.0,0,0
-54.63595,12.169459,0.0,0,0
-54.522675,13.041063,0.0,0,0
-54.40188,13.906615,0.0,0,0
-54.27358,14.765726,0.0,0,0
-54.13788,15.618085,0.0,0,0
-53.99495,16.463467,0.0,0,0
-53.844765,17.30145,0.0,0,0
-53.687656,18.132006,0.0,0,0
-53.523445,18.954573,0.0,0,0
-53.35262,19.769331,0.0,0,0
-53.17488,20.57558,0.0,0,0
-52.99081,21.373701,0.0,0,0
-52.800064,22.162886,0.0,0,0
-52.60322,22.943605,0.0,0,0
-52.400032,23.715174,0.0,0,0
-52.19095,24.477932,0.0,0,0
-51.975853,25.23139,0.0,0,0
-51.755062,25.975746,0.0,0,0
-51.5286,26.710726,0.0,0,0
-51.296654,27.436365,0.0,0,0
-51.059364,28.152613,0.0,0,0
-50.81681,28.859333,0.0,0,0
-50.569233,29.556698,0.0,0,0
-50.31662,30.2444,0.0,0,0
-50.0593,30.922829,0.0,0,0
-49.797165,31.591503,0.0,0,0
-49.530632,32.251034,0.0,0,0
-49.259518,32.90076,0.0,0,0
-48.98427,33.541428,0.0,0,0
-48.704727,34.17243,0.0,0,0
-48.42127,34.7944,0.0,0,0
-48.13382,35.40691,0.0,0,0
-47.84266,36.01042,0.0,0,0
-47.547802,36.60471,0.0,0,0
-47.249443,37.190056,0.0,0,0
-46.947662,37.76645,0.0,0,0
-46.64258,38.33397,0.0,0,0
-46.334343,38.8928,0.0,0,0
-46.023003,39.44288,0.0,0,0
-45.708767,39.984547,0.0,0,0
-45.39162,40.51757,0.0,0,0
-45.07181,41.04249,0.0,0,0
-44.74929,41.55889,0.0,0,0
-44.424335,42.067455,0.0,0,0
-44.096874,42.56771,0.0,0,0
-43.76716,43.060326,0.0,0,0
-43.43515,43.544933,0.0,0,0
-43.101067,44.022045,0.0,0,0
-42.764915,44.491467,0.0,0,0
-42.42683,44.95355,0.0,0,0
-42.086887,45.40826,0.0,0,0
-42.438835,-45.89312,0.0,0,0
-42.78254,-45.43853,0.0,0,0
-43.1244,-44.97644,0.0,0,0
-43.46437,-44.50688,0.0,0,0
-43.80229,-44.029495,0.0,0,0
-44.138157,-43.544476,0.0,0,0
-44.47176,-43.051296,0.0,0,0
-44.80314,-42.55033,0.0,0,0
-45.132027,-42.04087,0.0,0,0
-45.458496,-41.523422,0.0,0,0
-45.782272,-40.997272,0.0,0,0
-46.103405,-40.462837,0.0,0,0
-46.42165,-39.919556,0.0,0,0
-46.737007,-39.367676,0.0,0,0
-47.049274,-38.806824,0.0,0,0
-47.3584,-38.23707,0.0,0,0
-47.66423,-37.658226,0.0,0,0
-47.966644,-37.070187,0.0,0,0
-48.265564,-36.47296,0.0,0,0
-48.560776,-35.86627,0.0,0,0
-48.852283,-35.250313,0.0,0,0
-49.139793,-34.62463,0.0,0,0
-49.423386,-33.98965,0.0,0,0
-49.70267,-33.34471,0.0,0,0
-49.977814,-32.690426,0.0,0,0
-50.248352,-32.02603,0.0,0,0
-50.514473,-31.352192,0.0,0,0
-50.775757,-30.668274,0.0,0,0
-51.032307,-29.97477,0.0,0,0
-51.283783,-29.271267,0.0,0,0
-51.530205,-28.558077,0.0,0,0
-51.771324,-27.835018,0.0,0,0
-52.007053,-27.102219,0.0,0,0
-52.23725,-26.359726,0.0,0,0
-52.461723,-25.607498,0.0,0,0
-52.680443,-24.845812,0.0,0,0
-52.89308,-24.074461,0.0,0,0
-53.09977,-23.293938,0.0,0,0
-53.300034,-22.503887,0.0,0,0
-53.49413,-21.705015,0.0,0,0
-53.681454,-20.89683,0.025893392,0,0
-53.862373,-20.080166,0.0,0,0
-54.036278,-19.254612,0.0,0,0
-54.203476,-18.420908,0.0,0,0
-54.36347,-17.578856,0.0,0,0
-54.516426,-16.729034,0.0,0,0
-54.662018,-15.8714695,0.0,0,0
-54.800274,-15.006603,0.0,0,0
-54.931,-14.134665,0.0,0,0
-55.05409,-13.255974,0.0,0,0
-55.169525,-12.370938,0.0,0,0
-55.277054,-11.479789,0.0,0,0
-55.376816,-10.583077,0.0,0,0
-55.4684,-9.680968,0.0,0,0
-55.552143,-8.774126,0.0,0,0
-55.627472,-7.8626823,0.0,0,0
-55.694885,-6.947362,0.0,0,0
-55.75371,-6.028327,0.0,0,0
-55.80449,-5.1062737,0.0,0,0
-55.846657,-4.181488,0.0,0,0
-55.880608,-3.2545652,0.0,0,0
-55.905975,-2.3259053,0.0,0,0
-55.92298,-1.3960369,0.0,0,0
-55.93145,-0.4654275,0.0,0,0
-55.93145,0.4654275,0.0,0,0
-55.92298,1.3960369,0.0,0,0
-55.905975,2.3259053,0.0,0,0
-55.880608,3.2545652,0.0,0,0
-55.846657,4.181488,0.0,0,0
-55.80449,5.1062737,0.0,0,0
-55.75371,6.028327,0.0,0,0
-55.694885,6.947362,0.0,0,0
-55.627472,7.8626823,0.0,0,0
-55.552143,8.774126,0.0,0,0
-55.4684,9.680968,0.0,0,0
-55.376816,10.583077,0.0,0,0
-55.277054,11.479789,0.0,0,0
-55.169525,12.370938,0.0,0,0
-55.05409,13.255974,0.0,0,0
-54.931,14.134665,0.0,0,0
-54.800274,15.006603,0.0,0,0
-54.662018,15.8714695,0.0,0,0
-54.516426,16.729034,0.0,0,0
-54.36347,17.578856,0.0,0,0
-54.203476,18.420908,0.0,0,0
-54.036278,19.254612,0.0,0,0
-53.862373,20.080166,0.0,0,0
-53.681454,20.89683,0.0,0,0
-53.49413,21.705015,0.0,0,0
-53.300034,22.503887,0.0,0,0
-53.09977,23.293938,0.0,0,0
-52.89308,24.074461,0.0,0,0
-52.680443,24.845812,0.0,0,0
-52.461723,25.607498,0.0,0,0
-52.23725,26.359726,0.0,0,0
-52.007053,27.102219,0.0,0,0
-51.771324,27.835018,0.0,0,0
-51.530205,28.558077,0.0,0,0
-51.283783,29.271267,0.0,0,0
-51.032307,29.97477,0.0,0,0
-50.775757,30.668274,0.0,0,0
-50.514473,31.352192,0.0,0,0
-50.248352,32.02603,0.0,0,0
-49.977814,32.690426,0.0,0,0
-49.70267,33.34471,0.0,0,0
-49.423386,33.98965,0.0,0,0
-49.139793,34.62463,0.0,0,0
-48.852283,35.250313,0.0,0,0
-48.560776,35.86627,0.0,0,0
-48.265564,36.47296,0.0,0,0
-47.966644,37.070187,0.0,0,0
-47.66423,37.658226,0.0,0,0
-47.3584,38.23707,0.0,0,0
-47.049274,38.806824,0.0,0,0
-46.737007,39.367676,0.0,0,0
-46.42165,39.919556,0.0,0,0
-46.103405,40.462837,0.0,0,0
-45.782272,40.997272,0.0,0,0
-45.458496,41.523422,0.0,0,0
-45.132027,42.04087,0.0,0,0
-44.80314,42.55033,0.0,0,0
-44.47176,43.051296,0.0,0,0
-44.138157,43.544476,0.0,0,0
-43.80229,44.029495,0.0,0,0
-43.46437,44.50688,0.0,0,0
-43.1244,44.97644,0.0,0,0
-42.78254,45.43853,0.0,0,0
-42.438835,45.89312,0.0,0,0
-42.788673,-46.385876,0.0,0,0
-43.136158,-45.93153,0.0,0,0
-43.481827,-45.469566,0.0,0,0
-43.82564,-45.0,0.0,0,0
-44.167427,-44.52247,0.0,0,0
-44.50719,-44.037167,0.0,0,0
-44.84472,-43.543556,0.0,0,0
-45.180046,-43.042004,0.0,0,0
-45.512897,-42.53179,0.0,0,0
-45.84336,-42.013416,0.0,0,0
-46.17115,-41.486164,0.0,0,0
-46.49632,-40.95043,0.0,0,0
-46.81862,-40.40567,0.0,0,0
-47.138042,-39.852097,0.0,0,0
-47.454388,-39.289337,0.0,0,0
-47.767605,-38.717464,0.0,0,0
-48.07754,-38.13626,0.0,0,0
-48.384064,-37.545635,0.0,0,0
-48.687096,-36.945568,0.0,0,0
-48.98644,-36.335777,0.0,0,0
-49.28206,-35.71647,0.0,0,0
-49.573696,-35.087147,0.0,0,0
-49.8614,-34.44825,0.0,0,0
-50.14479,-33.7991,0.0,0,0
-50.42402,-33.14031,0.0,0,0
-50.698643,-32.47109,0.0,0,0
-50.96882,-31.792112,0.0,0,0
-51.234142,-31.102726,0.0,0,0
-51.4947,-30.403425,0.0,0,0
-51.75016,-29.693779,0.0,0,0
-52.00053,-28.974098,0.031487983,0,0
-52.245552,-28.24419,0.19084956,0,0
-52.485146,-27.504179,0.03945777,0,0
-52.719162,-26.754112,0.0,0,0
-52.9474,-25.993933,0.0,0,0
-53.169823,-25.223925,0.022523778,0,0
-53.386116,-24.443861,0.022263829,0,0
-53.596382,-23.654253,0.0,0,0
-53.800148,-22.85472,0.0,0,0
-53.997673,-22.045994,0.21725905,0,0
-54.188343,-21.227554,0.7307709,2,4
-54.37252,-20.400265,0.29407308,1,0
-54.54959,-19.563696,0.0,0,0
-54.719856,-18.718607,0.0,0,0
-54.88281,-17.864786,0.0,0,0
-55.038628,-17.002838,0.0,0,0
-55.18695,-16.132786,0.0,0,0
-55.327824,-15.255083,0.0,0,0
-55.46105,-14.369968,0.0,0,0
-55.586506,-13.477775,0.0,0,0
-55.704174,-12.578925,0.0,0,0
-55.813793,-11.673657,0.0,0,0
-55.915504,-10.762549,0.0,0,0
-56.008896,-9.84577,0.0,0,0
-56.09429,-8.924018,0.0,0,0
-56.17112,-7.997429,0.0,0,0
-56.239876,-7.0667624,0.0,0,0
-56.299873,-6.1321883,0.0,0,0
-56.351673,-5.19444,0.0,0,0
-56.394688,-4.2538147,0.0,0,0
-56.42933,-3.310941,0.0,0,0
-56.4552,-2.366238,0.0,0,0
-56.472553,-1.4202625,0.0,0,0
-56.481194,-0.473507,0.0,0,0
-56.481194,0.473507,0.0,0,0
-56.472553,1.4202625,0.0,0,0
-56.4552,2.366238,0.0,0,0
-56.42933,3.310941,0.0,0,0
-56.394688,4.2538147,0.0,0,0
-56.351673,5.19444,0.0,0,0
-56.299873,6.1321883,0.0,0,0
-56.239876,7.0667624,0.0,0,0
-56.17112,7.997429,0.0,0,0
-56.09429,8.924018,0.0,0,0
-56.008896,9.84577,0.0,0,0
-55.915504,10.762549,0.0,0,0
-55.813793,11.673657,0.0,0,0
-55.704174,12.578925,0.0,0,0
-55.586506,13.477775,0.0,0,0
-55.46105,14.369968,0.0,0,0
-55.327824,15.255083,0.0,0,0
-55.18695,16.132786,0.0,0,0
-55.038628,17.002838,0.0,0,0
-54.88281,17.864786,0.0,0,0
-54.719856,18.718607,0.0,0,0
-54.54959,19.563696,0.0,0,0
-54.37252,20.400265,0.0,0,0
-54.188343,21.227554,0.0,0,0
-53.997673,22.045994,0.0,0,0
-53.800148,22.85472,0.0,0,0
-53.596382,23.654253,0.0,0,0
-53.386116,24.443861,0.0,0,0
-53.169823,25.223925,0.0,0,0
-52.9474,25.993933,0.0,0,0
-52.719162,26.754112,0.0,0,0
-52.485146,27.504179,0.0,0,0
-52.245552,28.24419,0.0,0,0
-52.00053,28.974098,0.0,0,0
-51.75016,29.693779,0.0,0,0
-51.4947,30.403425,0.0,0,0
-51.234142,31.102726,0.0,0,0
-50.96882,31.792112,0.0,0,0
-50.698643,32.47109,0.0,0,0
-50.42402,33.14031,0.0,0,0
-50.14479,33.7991,0.0,0,0
-49.8614,34.44825,0.0,0,0
-49.573696,35.087147,0.0,0,0
-49.28206,35.71647,0.0,0,0
-48.98644,36.335777,0.0,0,0
-48.687096,36.945568,0.0,0,0
-48.384064,37.545635,0.0,0,0
-48.07754,38.13626,0.0,0,0
-47.767605,38.717464,0.0,0,0
-47.454388,39.289337,0.0,0,0
-47.138042,39.852097,0.0,0,0
-46.81862,40.40567,0.0,0,0
-46.49632,40.95043,0.0,0,0
-46.17115,41.486164,0.0,0,0
-45.84336,42.013416,0.0,0,0
-45.512897,42.53179,0.0,0,0
-45.180046,43.042004,0.0,0,0
-44.84472,43.543556,0.0,0,0
-44.50719,44.037167,0.0,0,0
-44.167427,44.52247,0.0,0,0
-43.82564,45.0,0.0,0,0
-43.481827,45.469566,0.0,0,0
-43.136158,45.93153,0.0,0,0
-42.788673,46.385876,0.0,0,0
-43.1362,-46.886955,0.0,0,0
-43.4875,-46.433006,0.0,0,0
-43.837013,-45.97131,0.0,0,0
-44.184692,-45.50189,0.0,0,0
-44.53038,-45.02436,0.0,0,0
-44.87407,-44.538925,0.0,0,0
-45.21555,-44.04502,0.0,0,0
-45.554863,-43.543026,0.0,0,0
-45.89173,-43.032196,0.0,0,0
-46.226227,-42.513042,0.0,0,0
-46.558075,-41.984818,0.0,0,0
-46.88732,-41.447937,0.0,0,0
-47.213715,-40.901817,0.0,0,0
-47.53725,-40.346687,0.0,0,0
-47.857735,-39.78215,0.0,0,0
-48.175102,-39.208275,0.0,0,0
-48.489197,-38.62484,0.0,0,0
-48.799896,-38.031734,0.0,0,0
-49.107105,-37.428936,0.0,0,0
-49.410625,-36.816154,0.0,0,0
-49.710438,-36.19358,0.0,0,0
-50.006256,-35.56071,0.0,0,0
-50.298145,-34.917976,0.0,0,0
-50.58571,-34.26468,0.0,0,0
-50.86911,-33.601444,0.0,0,0
-51.14788,-32.927452,0.0,0,0
-51.422203,-32.243378,0.0,0,0
-51.691635,-31.54855,0.0,0,0
-51.95629,-30.843466,0.0,0,0
-52.215813,-30.127674,0.053885665,0,0
-52.47021,-29.401493,0.67381823,2,2
-52.71923,-28.664707,0.98041576,3,3
-52.962776,-27.917446,0.27036157,1,0
-53.200703,-27.15974,0.061613493,0,0
-53.43279,-26.391533,0.10910111,0,0
-53.65901,-25.613102,0.75528014,3,1
-53.879036,-24.824211,0.6549685,2,2
-54.09297,-24.025381,0.34391493,1,0
-54.30033,-23.216213,0.5937082,2,0
-54.50138,-22.397457,0.94924486,3,7
-54.695488,-21.568565,0.99203634,3,14
-54.883015,-20.730434,0.60052466,2,0
-55.063335,-19.882603,0.027380852,0,0
-55.23675,-19.025864,0.42751122,1,0
-55.402752,-18.159994,0.17781985,0,0
-55.56151,-17.28561,0.0,0,0
-55.712654,-16.40274,0.0,0,0
-55.856224,-15.51185,0.0,0,0
-55.99202,-14.613187,0.0,0,0
-56.11992,-13.707092,0.0,0,0
-56.23989,-12.794012,0.0,0,0
-56.35167,-11.87419,0.0,0,0
-56.45539,-10.948229,0.0,0,0
-56.550644,-10.01631,0.0,0,0
-56.63775,-9.079156,0.0,0,0
-56.716118,-8.136913,0.0,0,0
-56.786266,-7.19038,0.0,0,0
-56.84748,-6.239733,0.0,0,0
-56.900326,-5.2857428,0.0,0,0
-56.94423,-4.3287215,0.0,0,0
-56.97957,-3.369332,0.0,0,0
-57.00598,-2.4080148,0.0,0,0
-57.02368,-1.4453566,0.0,0,0
-57.032494,-0.48187637,0.0,0,0
-57.032494,0.48187637,0.0,0,0
-57.02368,1.4453566,0.0,0,0
-57.00598,2.4080148,0.0,0,0
-56.97957,3.369332,0.0,0,0
-56.94423,4.3287215,0.0,0,0
-56.900326,5.2857428,0.0,0,0
-56.84748,6.239733,0.0,0,0
-56.786266,7.19038,0.0,0,0
-56.716118,8.136913,0.0,0,0
-56.63775,9.079156,0.0,0,0
-56.550644,10.01631,0.0,0,0
-56.45539,10.948229,0.0,0,0
-56.35167,11.87419,0.0,0,0
-56.23989,12.794012,0.0,0,0
-56.11992,13.707092,0.0,0,0
-55.99202,14.613187,0.0,0,0
-55.856224,15.51185,0.0,0,0
-55.712654,16.40274,0.0,0,0
-55.56151,17.28561,0.0,0,0
-55.402752,18.159994,0.0,0,0
-55.23675,19.025864,0.0,0,0
-55.063335,19.882603,0.0,0,0
-54.883015,20.730434,0.0,0,0
-54.695488,21.568565,0.0,0,0
-54.50138,22.397457,0.0,0,0
-54.30033,23.216213,0.0,0,0
-54.09297,24.025381,0.0,0,0
-53.879036,24.824211,0.0,0,0
-53.65901,25.613102,0.0,0,0
-53.43279,26.391533,0.0,0,0
-53.200703,27.15974,0.0,0,0
-52.962776,27.917446,0.0,0,0
-52.71923,28.664707,0.0,0,0
-52.47021,29.401493,0.0,0,0
-52.215813,30.127674,0.0,0,0
-51.95629,30.843466,0.0,0,0
-51.691635,31.54855,0.0,0,0
-51.422203,32.243378,0.0,0,0
-51.14788,32.927452,0.0,0,0
-50.86911,33.601444,0.0,0,0
-50.58571,34.26468,0.0,0,0
-50.298145,34.917976,0.0,0,0
-50.006256,35.56071,0.0,0,0
-49.710438,36.19358,0.0,0,0
-49.410625,36.816154,0.0,0,0
-49.107105,37.428936,0.0,0,0
-48.799896,38.031734,0.0,0,0
-48.489197,38.62484,0.0,0,0
-48.175102,39.208275,0.0,0,0
-47.857735,39.78215,0.0,0,0
-47.53725,40.346687,0.0,0,0
-47.213715,40.901817,0.0,0,0
-46.88732,41.447937,0.0,0,0
-46.558075,41.984818,0.0,0,0
-46.226227,42.513042,0.0,0,0
-45.89173,43.032196,0.0,0,0
-45.554863,43.543026,0.0,0,0
-45.21555,44.04502,0.0,0,0
-44.87407,44.538925,0.0,0,0
-44.53038,45.02436,0.0,0,0
-44.184692,45.50189,0.0,0,0
-43.837013,45.97131,0.0,0,0
-43.4875,46.433006,0.0,0,0
-43.1362,46.886955,0.0,0,0
-43.48136,-47.396355,0.0,0,0
-43.83649,-46.942947,0.0,0,0
-44.189873,-46.481667,0.0,0,0
-44.54145,-46.012535,0.0,0,0
-44.89107,-45.53516,0.0,0,0
-45.238724,-45.049736,0.0,0,0
-45.584194,-44.555687,0.0,0,0
-45.92752,-44.053402,0.0,0,0
-46.268436,-43.54211,0.0,0,0
-46.60701,-43.02232,0.0,0,0
-46.942955,-42.49327,0.0,0,0
-47.27632,-41.955383,0.0,0,0
-47.606865,-41.408043,0.0,0,0
-47.93457,-40.8515,0.0,0,0
-48.259235,-40.285324,0.0,0,0
-48.580803,-39.70958,0.0,0,0
-48.89911,-39.12403,0.0,0,0
-49.214043,-38.528572,0.0,0,0
-49.52549,-37.923164,0.0,0,0
-49.833256,-37.307495,0.0,0,0
-50.13732,-36.681763,0.0,0,0
-50.437393,-36.04544,0.0,0,0
-50.73353,-35.398964,0.0,0,0
-51.02534,-34.741596,0.0,0,0
-51.31299,-34.073994,0.0,0,0
-51.595985,-33.395275,0.0,0,0
-51.87452,-32.70616,0.0,0,0
-52.148155,-32.005928,0.017852092,0,0
-52.416985,-31.295084,0.09532069,0,0
-52.68065,-30.57316,0.31277722,1,0
-52.939167,-29.84047,0.9504237,3,9
-53.19227,-29.09679,0.5728886,2,0
-53.43985,-28.342236,0.92181826,3,3
-53.681763,-27.57684,0.9299614,3,2
-53.917797,-26.80053,0.6211008,2,1
-54.14791,-26.013588,0.97106355,3,8
-54.37176,-25.21576,0.9021779,3,4
-54.589455,-24.40758,0.978562,3,5
-54.800507,-23.588623,0.8718249,3,10
-55.00517,-22.759665,0.9663978,3,9
-55.2028,-21.920126,0.98392123,3,26
-55.39377,-21.070934,0.34450358,1,0
-55.57743,-20.211601,0.74491656,2,7
-55.75409,-19.342955,0.88585156,3,8
-55.923225,-18.464745,0.35350987,1,0
-56.085003,-17.577618,0.0,0,0
-56.23905,-16.681591,0.0,0,0
-56.385406,-15.777155,0.0,0,0
-56.523846,-14.864561,0.0,0,0
-56.654263,-13.944165,0.0,0,0
-56.77661,-13.016428,0.0,0,0
-56.89061,-12.081604,0.0,0,0
-56.996418,-11.140326,0.0,0,0
-57.09359,-10.192776,0.0,0,0
-57.182457,-9.2397175,0.0,0,0
-57.26243,-8.2813,0.0,0,0
-57.334007,-7.3183613,0.0,0,0
-57.396477,-6.3510885,0.0,0,0
-57.450413,-5.380291,0.0,0,0
-57.495216,-4.4062996,0.0,0,0
-57.531292,-3.42981,0.0,0,0
-57.558247,-2.451287,0.0,0,0
-57.57632,-1.4713502,0.0,0,0
-57.58532,-0.4905459,0.0,0,0
-57.58532,0.4905459,0.0,0,0
-57.57632,1.4713502,0.0,0,0
-57.558247,2.451287,0.0,0,0
-57.531292,3.42981,0.0,0,0
-57.495216,4.4062996,0.0,0,0
-57.450413,5.380291,0.0,0,0
-57.396477,6.3510885,0.0,0,0
-57.334007,7.3183613,0.0,0,0
-57.26243,8.2813,0.0,0,0
-57.182457,9.2397175,0.0,0,0
-57.09359,10.192776,0.0,0,0
-56.996418,11.140326,0.0,0,0
-56.89061,12.081604,0.0,0,0
-56.77661,13.016428,0.0,0,0
-56.654263,13.944165,0.0,0,0
-56.523846,14.864561,0.0,0,0
-56.385406,15.777155,0.0,0,0
-56.23905,16.681591,0.0,0,0
-56.085003,17.577618,0.0,0,0
-55.923225,18.464745,0.0,0,0
-55.75409,19.342955,0.0,0,0
-55.57743,20.211601,0.0,0,0
-55.39377,21.070934,0.0,0,0
-55.2028,21.920126,0.0,0,0
-55.00517,22.759665,0.0,0,0
-54.800507,23.588623,0.0,0,0
-54.589455,24.40758,0.0,0,0
-54.37176,25.21576,0.0,0,0
-54.14791,26.013588,0.0,0,0
-53.917797,26.80053,0.0,0,0
-53.681763,27.57684,0.0,0,0
-53.43985,28.342236,0.0,0,0
-53.19227,29.09679,0.0,0,0
-52.939167,29.84047,0.0,0,0
-52.68065,30.57316,0.0,0,0
-52.416985,31.295084,0.0,0,0
-52.148155,32.005928,0.0,0,0
-51.87452,32.70616,0.0,0,0
-51.595985,33.395275,0.0,0,0
-51.31299,34.073994,0.0,0,0
-51.02534,34.741596,0.0,0,0
-50.73353,35.398964,0.0,0,0
-50.437393,36.04544,0.0,0,0
-50.13732,36.681763,0.0,0,0
-49.833256,37.307495,0.0,0,0
-49.52549,37.923164,0.0,0,0
-49.214043,38.528572,0.0,0,0
-48.89911,39.12403,0.0,0,0
-48.580803,39.70958,0.0,0,0
-48.259235,40.285324,0.0,0,0
-47.93457,40.8515,0.0,0,0
-47.606865,41.408043,0.0,0,0
-47.27632,41.955383,0.0,0,0
-46.942955,42.49327,0.0,0,0
-46.60701,43.02232,0.0,0,0
-46.268436,43.54211,0.0,0,0
-45.92752,44.053402,0.0,0,0
-45.584194,44.555687,0.0,0,0
-45.238724,45.049736,0.0,0,0
-44.89107,45.53516,0.0,0,0
-44.54145,46.012535,0.0,0,0
-44.189873,46.481667,0.0,0,0
-43.83649,46.942947,0.0,0,0
-43.48136,47.396355,0.0,0,0
-43.824066,-47.914112,0.0,0,0
-44.183056,-47.461395,0.0,0,0
-44.540325,-47.000687,0.0,0,0
-44.895824,-46.532,0.0,0,0
-45.249413,-46.05493,0.0,0,0
-45.60105,-45.569683,0.0,0,0
-45.950546,-45.075653,0.0,0,0
-46.297928,-44.573235,0.0,0,0
-46.642925,-44.061626,0.0,0,0
-46.985615,-43.54136,0.0,0,0
-47.3257,-43.01164,0.0,0,0
-47.663235,-42.472897,0.0,0,0
-47.997963,-41.924496,0.0,0,0
-48.329887,-41.366673,0.0,0,0
-48.658787,-40.798996,0.0,0,0
-48.98461,-40.22153,0.0,0,0
-49.30719,-39.63401,0.0,0,0
-49.6264,-39.036324,0.0,0,0
-49.94215,-38.428436,0.0,0,0
-50.254223,-37.81,0.0,0,0
-50.562603,-37.18122,0.0,0,0
-50.86699,-36.541553,0.0,0,0
-51.16745,-35.891434,0.0,0,0
-51.463593,-35.230095,0.0,0,0
-51.755547,-34.558193,0.0,0,0
-52.04285,-33.87483,0.0,0,0
-52.325676,-33.18073,0.0,0,0
-52.60358,-32.475132,0.18440638,0,0
-52.87667,-31.758562,0.9832947,3,1
-53.144566,-31.030525,0.20821965,0,0
-53.407284,-30.291332,0.8852211,3,6
-53.664555,-29.540741,0.1537981,0,0
-53.916264,-28.778872,0.14480692,0,0
-54.162266,-28.005737,0.36252207,1,0
-54.402332,-27.22126,0.9394196,3,6
-54.63643,-26.425724,0.98676133,3,19
-54.8642,-25.618855,0.9433858,3,5
-55.085754,-24.801199,0.88656974,3,8
-55.300583,-23.972307,0.80608875,3,7
-55.508945,-23.132978,0.30076206,1,0
-55.7102,-22.282597,0.93475425,3,3
-55.9047,-21.422125,0.5341519,2,0
-56.091797,-20.55105,0.95720404,3,5
-56.27179,-19.670223,0.3475541,1,0
-56.44415,-18.779383,0.124315344,0,0
-56.60904,-17.879198,0.0,0,0
-56.766083,-16.969677,0.0,0,0
-56.9153,-16.051329,0.0,0,0
-57.056477,-15.124413,0.0,0,0
-57.189484,-14.1893,0.0,0,0
-57.314278,-13.2464695,0.0,0,0
-57.430576,-12.296183,0.0,0,0
-57.538532,-11.339101,0.0,0,0
-57.63768,-10.375416,0.0,0,0
-57.728386,-9.405928,0.0,0,0
-57.809994,-8.430792,0.0,0,0
-57.883053,-7.450891,0.0,0,0
-57.946823,-6.466418,0.0,0,0
-58.001884,-5.478227,0.0,0,0
-58.04763,-4.4866643,0.0,0,0
-58.084457,-3.492466,0.0,0,0
-58.11198,-2.4961205,0.0,0,0
-58.130436,-1.4982824,0.0,0,0
-58.139618,-0.49952874,0.0,0,0
-58.139618,0.49952874,0.0,0,0
-58.130436,1.4982824,0.0,0,0
-58.11198,2.4961205,0.0,0,0
-58.084457,3.492466,0.0,0,0
-58.04763,4.4866643,0.0,0,0
-58.001884,5.478227,0.0,0,0
-57.946823,6.466418,0.0,0,0
-57.883053,7.450891,0.0,0,0
-57.809994,8.430792,0.0,0,0
-57.728386,9.405928,0.0,0,0
-57.63768,10.375416,0.0,0,0
-57.538532,11.339101,0.0,0,0
-57.430576,12.296183,0.0,0,0
-57.314278,13.2464695,0.0,0,0
-57.189484,14.1893,0.0,0,0
-57.056477,15.124413,0.0,0,0
-56.9153,16.051329,0.0,0,0
-56.766083,16.969677,0.0,0,0
-56.60904,17.879198,0.0,0,0
-56.44415,18.779383,0.0,0,0
-56.27179,19.670223,0.0,0,0
-56.091797,20.55105,0.0,0,0
-55.9047,21.422125,0.0,0,0
-55.7102,22.282597,0.0,0,0
-55.508945,23.132978,0.0,0,0
-55.300583,23.972307,0.0,0,0
-55.085754,24.801199,0.0,0,0
-54.8642,25.618855,0.0,0,0
-54.63643,26.425724,0.0,0,0
-54.402332,27.22126,0.0,0,0
-54.162266,28.005737,0.0,0,0
-53.916264,28.778872,0.0,0,0
-53.664555,29.540741,0.0,0,0
-53.407284,30.291332,0.0,0,0
-53.144566,31.030525,0.0,0,0
-52.87667,31.758562,0.0,0,0
-52.60358,32.475132,0.0,0,0
-52.325676,33.18073,0.0,0,0
-52.04285,33.87483,0.0,0,0
-51.755547,34.558193,0.0,0,0
-51.463593,35.230095,0.0,0,0
-51.16745,35.891434,0.0,0,0
-50.86699,36.541553,0.0,0,0
-50.562603,37.18122,0.0,0,0
-50.254223,37.81,0.0,0,0
-49.94215,38.428436,0.0,0,0
-49.6264,39.036324,0.0,0,0
-49.30719,39.63401,0.0,0,0
-48.98461,40.22153,0.0,0,0
-48.658787,40.798996,0.0,0,0
-48.329887,41.366673,0.0,0,0
-47.997963,41.924496,0.0,0,0
-47.663235,42.472897,0.0,0,0
-47.3257,43.01164,0.0,0,0
-46.985615,43.54136,0.0,0,0
-46.642925,44.061626,0.0,0,0
-46.297928,44.573235,0.0,0,0
-45.950546,45.075653,0.0,0,0
-45.60105,45.569683,0.0,0,0
-45.249413,46.05493,0.0,0,0
-44.895824,46.532,0.0,0,0
-44.540325,47.000687,0.0,0,0
-44.183056,47.461395,0.0,0,0
-43.824066,47.914112,0.0,0,0
-44.16411,-48.440662,0.0,0,0
-44.52697,-47.988815,0.0,0,0
-44.88816,-47.528847,0.0,0,0
-45.247612,-47.060776,0.0,0,0
-45.605186,-46.584194,0.0,0,0
-45.96085,-46.09928,0.0,0,0
-46.3144,-45.60544,0.0,0,0
-46.66587,-45.10305,0.0,0,0
-47.01499,-44.591305,0.0,0,0
-47.36183,-44.07073,0.0,0,0
-47.7061,-43.540512,0.0,0,0
-48.047848,-43.00108,0.0,0,0
-48.386814,-42.451782,0.0,0,0
-48.722992,-41.892853,0.0,0,0
-49.056187,-41.323845,0.0,0,0
-49.386314,-40.7448,0.0,0,0
-49.71322,-40.15547,0.0,0,0
-50.036774,-39.55571,0.0,0,0
-50.356884,-38.945473,0.0,0,0
-50.673332,-38.324417,0.0,0,0
-50.98609,-37.692726,0.0,0,0
-51.294876,-37.049835,0.0,0,0
-51.59973,-36.396183,0.0,0,0
-51.900257,-35.730972,0.0,0,0
-52.196606,-35.05488,0.0,0,0
-52.488297,-34.36695,0.0,0,0
-52.775497,-33.667934,0.0,0,0
-53.05777,-32.95704,0.12810364,0,0
-53.33519,-32.23479,0.9412951,3,9
-53.607414,-31.50067,0.45358866,1,0
-53.874428,-30.75499,0.91020733,3,5
-54.135952,-29.99749,0.08783219,0,0
-54.39189,-29.22828,0.0,0,0
-54.64207,-28.447372,0.10110946,0,0
-54.88627,-27.654667,0.37332267,1,0
-55.124447,-26.850456,0.39349672,1,0
-55.35624,-26.03444,0.37268478,1,0
-55.58174,-25.207184,0.9025272,3,12
-55.80046,-24.368202,0.86813176,3,3
-56.012634,-23.518326,0.26690295,1,0
-56.217606,-22.656902,0.9920896,3,5
-56.41574,-21.784931,0.9752622,3,12
-56.606377,-20.90186,0.479231,1,0
-56.789803,-20.008574,0.021878408,0,0
-56.965485,-19.10479,0.0,0,0
-57.13358,-18.191206,0.0,0,0
-57.29371,-17.267826,0.0,0,0
-57.445877,-16.335175,0.0,0,0
-57.589874,-15.393517,0.0,0,0
-57.725555,-14.443239,0.0,0,0
-57.852882,-13.4848385,0.0,0,0
-57.97156,-12.518587,0.0,0,0
-58.081734,-11.54518,0.0,0,0
-58.182938,-10.564812,0.0,0,0
-58.27552,-9.578325,0.0,0,0
-58.35884,-8.585879,0.0,0,0
-58.433434,-7.5884037,0.0,0,0
-58.49855,-6.5861015,0.0,0,0
-58.55478,-5.5798736,0.0,0,0
-58.601486,-4.5700846,0.0,0,0
-58.639107,-3.557509,0.0,0,0
-58.667213,-2.542666,0.0,0,0
-58.686058,-1.5262444,0.0,0,0
-58.695442,-0.5088551,0.0,0,0
-58.695442,0.5088551,0.0,0,0
-58.686058,1.5262444,0.0,0,0
-58.667213,2.542666,0.0,0,0
-58.639107,3.557509,0.0,0,0
-58.601486,4.5700846,0.0,0,0
-58.55478,5.5798736,0.0,0,0
-58.49855,6.5861015,0.0,0,0
-58.433434,7.5884037,0.0,0,0
-58.35884,8.585879,0.0,0,0
-58.27552,9.578325,0.0,0,0
-58.182938,10.564812,0.0,0,0
-58.081734,11.54518,0.0,0,0
-57.97156,12.518587,0.0,0,0
-57.852882,13.4848385,0.0,0,0
-57.725555,14.443239,0.0,0,0
-57.589874,15.393517,0.0,0,0
-57.445877,16.335175,0.0,0,0
-57.29371,17.267826,0.0,0,0
-57.13358,18.191206,0.0,0,0
-56.965485,19.10479,0.0,0,0
-56.789803,20.008574,0.0,0,0
-56.606377,20.90186,0.0,0,0
-56.41574,21.784931,0.0,0,0
-56.217606,22.656902,0.0,0,0
-56.012634,23.518326,0.0,0,0
-55.80046,24.368202,0.0,0,0
-55.58174,25.207184,0.0,0,0
-55.35624,26.03444,0.0,0,0
-55.124447,26.850456,0.0,0,0
-54.88627,27.654667,0.0,0,0
-54.64207,28.447372,0.0,0,0
-54.39189,29.22828,0.0,0,0
-54.135952,29.99749,0.0,0,0
-53.874428,30.75499,0.0,0,0
-53.607414,31.50067,0.0,0,0
-53.33519,32.23479,0.0,0,0
-53.05777,32.95704,0.0,0,0
-52.775497,33.667934,0.0,0,0
-52.488297,34.36695,0.0,0,0
-52.196606,35.05488,0.0,0,0
-51.900257,35.730972,0.0,0,0
-51.59973,36.396183,0.0,0,0
-51.294876,37.049835,0.0,0,0
-50.98609,37.692726,0.0,0,0
-50.673332,38.324417,0.0,0,0
-50.356884,38.945473,0.0,0,0
-50.036774,39.55571,0.0,0,0
-49.71322,40.15547,0.0,0,0
-49.386314,40.7448,0.0,0,0
-49.056187,41.323845,0.0,0,0
-48.722992,41.892853,0.0,0,0
-48.386814,42.451782,0.0,0,0
-48.047848,43.00108,0.0,0,0
-47.7061,43.540512,0.0,0,0
-47.36183,44.07073,0.0,0,0
-47.01499,44.591305,0.0,0,0
-46.66587,45.10305,0.0,0,0
-46.3144,45.60544,0.0,0,0
-45.96085,46.09928,0.0,0,0
-45.605186,46.584194,0.0,0,0
-45.247612,47.060776,0.0,0,0
-44.88816,47.528847,0.0,0,0
-44.52697,47.988815,0.0,0,0
-44.16411,48.440662,0.0,0,0
-44.5015,-48.975727,0.0,0,0
-44.868263,-48.524902,0.0,0,0
-45.23339,-48.065853,0.0,0,0
-45.596817,-47.598568,0.0,0,0
-45.958405,-47.12263,0.0,0,0
-46.318115,-46.638233,0.0,0,0
-46.67576,-46.144753,0.0,0,0
-47.03135,-45.64257,0.0,0,0
-47.384624,-45.13086,0.0,0,0
-47.73565,-44.610146,0.0,0,0
-48.084145,-44.0796,0.0,0,0
-48.430138,-43.539654,0.0,0,0
-48.77339,-42.98962,0.0,0,0
-49.11388,-42.429756,0.0,0,0
-49.451397,-41.859573,0.0,0,0
-49.78589,-41.279125,0.0,0,0
-50.117176,-40.688137,0.0,0,0
-50.445133,-40.086456,0.0,0,0
-50.769665,-39.47403,0.0,0,0
-51.09054,-38.85049,0.0,0,0
-51.407753,-38.216022,0.07565844,0,0
-51.72099,-37.57004,0.14505896,0,0
-52.030308,-36.91298,0.2496415,0,0
-52.3353,-36.244015,0.17571776,0,0
-52.636112,-35.563828,0.39673334,1,0
-52.932266,-34.871437,0.18222126,0,0
-53.22393,-34.167583,0.018683074,0,0
-53.510635,-33.451458,0.015503242,0,0
-53.792492,-32.723587,0.2979288,1,0
-54.06912,-31.983425,0.95440924,3,4
-54.34051,-31.231283,0.5452024,2,0
-54.60639,-30.466883,0.029174697,0,0
-54.866646,-29.690327,0.0,0,0
-55.121105,-28.901613,0.0,0,0
-55.36953,-28.100636,0.0,0,0
-55.61188,-27.287678,0.0,0,0
-55.847794,-26.462425,0.025315052,0,0
-56.07735,-25.62545,0.42087,1,0
-56.300056,-24.776243,0.8775003,3,5
-56.516132,-23.915655,0.71074784,2,1
-56.72493,-23.043001,0.7083853,2,5
-56.926796,-22.159306,0.92922944,3,8
-57.121063,-21.263994,0.7414158,2,2
-57.30802,-20.357975,0.025909983,0,0
-57.48712,-19.44095,0.0,0,0
-57.658524,-18.513641,0.0,0,0
-57.821827,-17.576042,0.0,0,0
-57.97705,-16.628698,0.0,0,0
-58.123947,-15.6718855,0.0,0,0
-58.262386,-14.705998,0.0,0,0
-58.392334,-13.73156,0.0,0,0
-58.513462,-12.748848,0.0,0,0
-58.625927,-11.758591,0.0,0,0
-58.72925,-10.760991,0.0,0,0
-58.823784,-9.756935,0.0,0,0
-58.90887,-8.746587,0.0,0,0
-58.98505,-7.730926,0.0,0,0
-59.05156,-6.710165,0.0,0,0
-59.10899,-5.6852536,0.0,0,0
-59.156704,-4.6565776,0.0,0,0
-59.195133,-3.6249552,0.0,0,0
-59.22385,-2.5909336,0.0,0,0
-59.243103,-1.5552424,0.0,0,0
-59.252693,-0.5185274,0.0,0,0
-59.252693,0.5185274,0.0,0,0
-59.243103,1.5552424,0.0,0,0
-59.22385,2.5909336,0.0,0,0
-59.195133,3.6249552,0.0,0,0
-59.156704,4.6565776,0.0,0,0
-59.10899,5.6852536,0.0,0,0
-59.05156,6.710165,0.0,0,0
-58.98505,7.730926,0.0,0,0
-58.90887,8.746587,0.0,0,0
-58.823784,9.756935,0.0,0,0
-58.72925,10.760991,0.0,0,0
-58.625927,11.758591,0.0,0,0
-58.513462,12.748848,0.0,0,0
-58.392334,13.73156,0.0,0,0
-58.262386,14.705998,0.0,0,0
-58.123947,15.6718855,0.0,0,0
-57.97705,16.628698,0.0,0,0
-57.821827,17.576042,0.0,0,0
-57.658524,18.513641,0.0,0,0
-57.48712,19.44095,0.0,0,0
-57.30802,20.357975,0.0,0,0
-57.121063,21.263994,0.0,0,0
-56.926796,22.159306,0.0,0,0
-56.72493,23.043001,0.0,0,0
-56.516132,23.915655,0.0,0,0
-56.300056,24.776243,0.0,0,0
-56.07735,25.62545,0.0,0,0
-55.847794,26.462425,0.0,0,0
-55.61188,27.287678,0.0,0,0
-55.36953,28.100636,0.0,0,0
-55.121105,28.901613,0.0,0,0
-54.866646,29.690327,0.0,0,0
-54.60639,30.466883,0.0,0,0
-54.34051,31.231283,0.0,0,0
-54.06912,31.983425,0.0,0,0
-53.792492,32.723587,0.0,0,0
-53.510635,33.451458,0.0,0,0
-53.22393,34.167583,0.0,0,0
-52.932266,34.871437,0.0,0,0
-52.636112,35.563828,0.0,0,0
-52.3353,36.244015,0.0,0,0
-52.030308,36.91298,0.0,0,0
-51.72099,37.57004,0.0,0,0
-51.407753,38.216022,0.0,0,0
-51.09054,38.85049,0.0,0,0
-50.769665,39.47403,0.0,0,0
-50.445133,40.086456,0.0,0,0
-50.117176,40.688137,0.0,0,0
-49.78589,41.279125,0.0,0,0
-49.451397,41.859573,0.0,0,0
-49.11388,42.429756,0.0,0,0
-48.77339,42.98962,0.0,0,0
-48.430138,43.539654,0.0,0,0
-48.084145,44.0796,0.0,0,0
-47.73565,44.610146,0.0,0,0
-47.384624,45.13086,0.0,0,0
-47.03135,45.64257,0.0,0,0
-46.67576,46.144753,0.0,0,0
-46.318115,46.638233,0.0,0,0
-45.958405,47.12263,0.0,0,0
-45.596817,47.598568,0.0,0,0
-45.23339,48.065853,0.0,0,0
-44.868263,48.524902,0.0,0,0
-44.5015,48.975727,0.0,0,0
-44.836,-49.5198,0.0,0,0
-45.20668,-49.07019,0.0,0,0
-45.575768,-48.612225,0.0,0,0
-45.9432,-48.14592,0.0,0,0
-46.308826,-47.670826,0.0,0,0
-46.672615,-47.187126,0.0,0,0
-47.034378,-46.6942,0.0,0,0
-47.39412,-46.19241,0.0,0,0
-47.75159,-45.680927,0.0,0,0
-48.10684,-45.16027,0.0,0,0
-48.459595,-44.62959,0.0,0,0
-48.809883,-44.089306,0.0,0,0
-49.157455,-43.538742,0.0,0,0
-49.5023,-42.97812,0.0,0,0
-49.844208,-42.406956,0.0,0,0
-50.18311,-41.825283,0.0,0,0
-50.518833,-41.232815,0.0,0,0
-50.851254,-40.629387,0.0,0,0
-51.18026,-40.01494,0.0,0,0
-51.50564,-39.38908,0.08614873,0,0
-51.82736,-38.752003,0.9015591,3,5
-52.145123,-38.103073,0.9170179,3,6
-52.458977,-37.44275,0.87489575,3,6
-52.768513,-36.770164,0.95957375,3,7
-53.073875,-36.086006,0.900282,3,5
-53.374565,-35.389256,0.9558733,3,2
-53.670765,-34.68067,0.61716896,2,1
-53.962013,-33.959408,0.3516514,1,0
-54.248383,-33.22599,0.2976687,1,0
-54.52951,-32.47984,0.7862909,3,5
-54.805378,-31.721275,0.8993617,3,2
-55.075703,-30.949993,0.28420365,1,0
-55.34037,-30.166088,0.057375338,0,0
-55.599205,-29.369555,0.0,0,0
-55.851967,-28.56026,0.0,0,0
-56.0986,-27.738495,0.0,0,0
-56.33873,-26.90392,0.0,0,0
-56.572456,-26.057116,0.057826344,0,0
-56.799248,-25.19754,0.55549484,2,0
-57.019344,-24.326073,0.45195308,1,0
-57.232063,-23.441982,0.96987975,3,2
-57.437775,-22.546343,0.9498425,3,7
-57.635788,-21.638529,0.6075143,2,1
-57.826385,-20.71949,0.015352608,0,0
-58.00901,-19.788904,0.0,0,0
-58.18382,-18.847517,0.0,0,0
-58.350403,-17.895313,0.0,0,0
-58.508762,-16.932861,0.0,0,0
-58.65867,-15.960441,0.0,0,0
-58.799973,-14.978466,0.0,0,0
-58.932617,-13.987474,0.0,0,0
-59.056282,-12.987761,0.0,0,0
-59.17112,-11.980083,0.0,0,0
-59.276638,-10.964651,0.0,0,0
-59.373188,-9.9424,0.0,0,0
-59.4601,-8.913498,0.0,0,0
-59.537926,-7.878979,0.0,0,0
-59.60588,-6.8390646,0.0,0,0
-59.66456,-5.794759,0.0,0,0
-59.713318,-4.746468,0.0,0,0
-59.752586,-3.6950574,0.0,0,0
-59.781933,-2.6411061,0.0,0,0
-59.801617,-1.5853863,0.0,0,0
-59.81141,-0.528582,0.0,0,0
-59.81141,0.528582,0.0,0,0
-59.801617,1.5853863,0.0,0,0
-59.781933,2.6411061,0.0,0,0
-59.752586,3.6950574,0.0,0,0
-59.713318,4.746468,0.0,0,0
-59.66456,5.794759,0.0,0,0
-59.60588,6.8390646,0.0,0,0
-59.537926,7.878979,0.0,0,0
-59.4601,8.913498,0.0,0,0
-59.373188,9.9424,0.0,0,0
-59.276638,10.964651,0.0,0,0
-59.17112,11.980083,0.0,0,0
-59.056282,12.987761,0.0,0,0
-58.932617,13.987474,0.0,0,0
-58.799973,14.978466,0.0,0,0
-58.65867,15.960441,0.0,0,0
-58.508762,16.932861,0.0,0,0
-58.350403,17.895313,0.0,0,0
-58.18382,18.847517,0.0,0,0
-58.00901,19.788904,0.0,0,0
-57.826385,20.71949,0.0,0,0
-57.635788,21.638529,0.0,0,0
-57.437775,22.546343,0.0,0,0
-57.232063,23.441982,0.0,0,0
-57.019344,24.326073,0.0,0,0
-56.799248,25.19754,0.0,0,0
-56.572456,26.057116,0.0,0,0
-56.33873,26.90392,0.0,0,0
-56.0986,27.738495,0.0,0,0
-55.851967,28.56026,0.0,0,0
-55.599205,29.369555,0.0,0,0
-55.34037,30.166088,0.0,0,0
-55.075703,30.949993,0.0,0,0
-54.805378,31.721275,0.0,0,0
-54.52951,32.47984,0.0,0,0
-54.248383,33.22599,0.0,0,0
-53.962013,33.959408,0.0,0,0
-53.670765,34.68067,0.0,0,0
-53.374565,35.389256,0.0,0,0
-53.073875,36.086006,0.0,0,0
-52.768513,36.770164,0.0,0,0
-52.458977,37.44275,0.0,0,0
-52.145123,38.103073,0.0,0,0
-51.82736,38.752003,0.0,0,0
-51.50564,39.38908,0.0,0,0
-51.18026,40.01494,0.0,0,0
-50.851254,40.629387,0.0,0,0
-50.518833,41.232815,0.0,0,0
-50.18311,41.825283,0.0,0,0
-49.844208,42.406956,0.0,0,0
-49.5023,42.97812,0.0,0,0
-49.157455,43.538742,0.0,0,0
-48.809883,44.089306,0.0,0,0
-48.459595,44.62959,0.0,0,0
-48.10684,45.16027,0.0,0,0
-47.75159,45.680927,0.0,0,0
-47.39412,46.19241,0.0,0,0
-47.034378,46.6942,0.0,0,0
-46.672615,47.187126,0.0,0,0
-46.308826,47.670826,0.0,0,0
-45.9432,48.14592,0.0,0,0
-45.575768,48.612225,0.0,0,0
-45.20668,49.07019,0.0,0,0
-44.836,49.5198,0.0,0,0
-45.16757,-50.07276,0.0,0,0
-45.54219,-49.62455,0.0,0,0
-45.91526,-49.167873,0.0,0,0
-46.28671,-48.702724,0.0,0,0
-46.656395,-48.22866,0.0,0,0
-47.024292,-47.745853,0.0,0,0
-47.390198,-47.25367,0.0,0,0
-47.754124,-46.75248,0.0,0,0
-48.115818,-46.241417,0.0,0,0
-48.475327,-45.72101,0.0,0,0
-48.83238,-45.19039,0.0,0,0
-49.187004,-44.64998,0.0,0,0
-49.538944,-44.09907,0.0,0,0
-49.88819,-43.53789,0.0,0,0
-50.23453,-42.965935,0.0,0,0
-50.577896,-42.383224,0.0,0,0
-50.91811,-41.789467,0.0,0,0
-51.25504,-41.18448,0.0,0,0
-51.588585,-40.568188,0.0,0,0
-51.918526,-39.940186,0.06851519,0,0
-52.244827,-39.30066,0.46887514,1,0
-52.567184,-38.648952,0.9044562,3,14
-52.885643,-37.98552,0.8730746,3,7
-53.199795,-37.309456,0.9506745,3,20
-53.50978,-36.621468,0.9871017,3,6
-53.8151,-35.920486,0.942672,3,12
-54.11592,-35.207287,0.9361768,3,5
-54.41178,-34.480972,0.99583423,3,22
-54.70276,-33.742092,0.6621594,2,2
-54.988472,-32.990025,0.9379996,3,6
-55.268917,-32.225094,0.41141257,1,0
-55.543785,-31.446964,0.9600901,3,6
-55.812965,-30.655733,0.70212805,2,4
-56.07628,-29.851372,0.03138053,0,0
-56.333473,-29.03373,0.0,0,0
-56.584496,-28.203106,0.0,0,0
-56.82896,-27.359123,0.0,0,0
-57.066956,-26.50239,0.0,0,0
-57.297935,-25.632315,0.015659194,0,0
-57.52216,-24.749807,0.026257806,0,0
-57.738926,-23.854095,0.48552617,1,0
-57.948586,-22.94629,0.8746985,3,6
-58.150444,-22.025723,0.9978709,3,4
-58.344795,-21.093382,0.13032158,0,0
-58.531048,-20.148914,0.0,0,0
-58.709373,-19.193096,0.0,0,0
-58.87934,-18.2259,0.0,0,0
-59.040943,-17.247921,0.0,0,0
-59.193954,-16.259445,0.0,0,0
-59.338203,-15.260893,0.0,0,0
-59.47364,-14.2528305,0.0,0,0
-59.59993,-13.235561,0.0,0,0
-59.71723,-12.20988,0.0,0,0
-59.825016,-11.176005,0.0,0,0
-59.923664,-10.134918,0.0,0,0
-60.012474,-9.086798,0.0,0,0
-60.092,-8.032729,0.0,0,0
-60.161446,-6.972948,0.0,0,0
-60.221428,-5.908515,0.0,0,0
-60.271263,-4.839859,0.0,0,0
-60.31141,-3.7678971,0.0,0,0
-60.3414,-2.6932418,0.0,0,0
-60.36152,-1.6167116,0.0,0,0
-60.37154,-0.53903097,0.0,0,0
-60.37154,0.53903097,0.0,0,0
-60.36152,1.6167116,0.0,0,0
-60.3414,2.6932418,0.0,0,0
-60.31141,3.7678971,0.0,0,0
-60.271263,4.839859,0.0,0,0
-60.221428,5.908515,0.0,0,0
-60.161446,6.972948,0.0,0,0
-60.092,8.032729,0.0,0,0
-60.012474,9.086798,0.0,0,0
-59.923664,10.134918,0.0,0,0
-59.825016,11.176005,0.0,0,0
-59.71723,12.20988,0.0,0,0
-59.59993,13.235561,0.0,0,0
-59.47364,14.2528305,0.0,0,0
-59.338203,15.260893,0.0,0,0
-59.193954,16.259445,0.0,0,0
-59.040943,17.247921,0.0,0,0
-58.87934,18.2259,0.0,0,0
-58.709373,19.193096,0.0,0,0
-58.531048,20.148914,0.0,0,0
-58.344795,21.093382,0.0,0,0
-58.150444,22.025723,0.0,0,0
-57.948586,22.94629,0.0,0,0
-57.738926,23.854095,0.0,0,0
-57.52216,24.749807,0.0,0,0
-57.297935,25.632315,0.0,0,0
-57.066956,26.50239,0.0,0,0
-56.82896,27.359123,0.0,0,0
-56.584496,28.203106,0.0,0,0
-56.333473,29.03373,0.0,0,0
-56.07628,29.851372,0.0,0,0
-55.812965,30.655733,0.0,0,0
-55.543785,31.446964,0.0,0,0
-55.268917,32.225094,0.0,0,0
-54.988472,32.990025,0.0,0,0
-54.70276,33.742092,0.0,0,0
-54.41178,34.480972,0.0,0,0
-54.11592,35.207287,0.0,0,0
-53.8151,35.920486,0.0,0,0
-53.50978,36.621468,0.0,0,0
-53.199795,37.309456,0.0,0,0
-52.885643,37.98552,0.0,0,0
-52.567184,38.648952,0.0,0,0
-52.244827,39.30066,0.0,0,0
-51.918526,39.940186,0.0,0,0
-51.588585,40.568188,0.0,0,0
-51.25504,41.18448,0.0,0,0
-50.91811,41.789467,0.0,0,0
-50.577896,42.383224,0.0,0,0
-50.23453,42.965935,0.0,0,0
-49.88819,43.53789,0.0,0,0
-49.538944,44.09907,0.0,0,0
-49.187004,44.64998,0.0,0,0
-48.83238,45.19039,0.0,0,0
-48.475327,45.72101,0.0,0,0
-48.115818,46.241417,0.0,0,0
-47.754124,46.75248,0.0,0,0
-47.390198,47.25367,0.0,0,0
-47.024292,47.745853,0.0,0,0
-46.656395,48.22866,0.0,0,0
-46.28671,48.702724,0.0,0,0
-45.91526,49.167873,0.0,0,0
-45.54219,49.62455,0.0,0,0
-45.16757,50.07276,0.0,0,0
-45.496098,-50.63473,0.0,0,0
-45.87467,-50.188107,0.0,0,0
-46.251736,-49.732906,0.0,0,0
-46.627224,-49.26912,0.0,0,0
-47.001,-48.796284,0.0,0,0
-47.37302,-48.31458,0.0,0,0
-47.743095,-47.82334,0.0,0,0
-48.111233,-47.32295,0.0,0,0
-48.47719,-46.812515,0.0,0,0
-48.84099,-46.292572,0.0,0,0
-49.202374,-45.76222,0.0,0,0
-49.561367,-45.22189,0.0,0,0
-49.917717,-44.67084,0.0,0,0
-50.27141,-44.109314,0.0,0,0
-50.622234,-43.53677,0.0,0,0
-50.970104,-42.95323,0.0,0,0
-51.31486,-42.35838,0.0,0,0
-51.65637,-41.75203,0.0,0,0
-51.99451,-41.134094,0.0,0,0
-52.32907,-40.504143,0.32939976,1,0
-52.660015,-39.86235,0.9961054,3,9
-52.987034,-39.208042,0.9830116,3,15
-53.310173,-38.54167,0.89108735,3,8
-53.629017,-37.86229,0.9376183,3,6
-53.9437,-37.17062,0.40273166,1,0
-54.253727,-36.46555,0.09005901,0,0
-54.55925,-35.747864,0.39423475,1,0
-54.859814,-35.01662,0.6260998,2,1
-55.15549,-34.272377,0.99576867,3,9
-55.445892,-33.514477,0.64396805,2,2
-55.730995,-32.743244,0.9956839,3,13
-56.01051,-31.958323,0.8937169,3,7
-56.284306,-31.159786,0.9918494,3,9
-56.5522,-30.3476,0.72545046,2,3
-56.813934,-29.521605,0.46149445,1,0
-57.069447,-28.68208,0.066126615,0,0
-57.318356,-27.828627,0.0,0,0
-57.560722,-26.961859,0.0,0,0
-57.79602,-26.081165,0.0,0,0
-58.024483,-25.187466,0.0,0,0
-58.245403,-24.279947,0.094813794,0,0
-58.459126,-23.359753,0.33151197,1,0
-58.66495,-22.426182,0.91939616,3,9
-58.863155,-21.48025,0.1898077,0,0
-59.05316,-20.521576,0.0,0,0
-59.235104,-19.550968,0.0,0,0
-59.40856,-18.56839,0.0,0,0
-59.573524,-17.574451,0.0,0,0
-59.729744,-16.569445,0.0,0,0
-59.877045,-15.553812,0.0,0,0
-60.015366,-14.528139,0.0,0,0
-60.144375,-13.492737,0.0,0,0
-60.264206,-12.448445,0.0,0,0
-60.37435,-11.395485,0.0,0,0
-60.475163,-10.33489,0.0,0,0
-60.565933,-9.266846,0.0,0,0
-60.647232,-8.192502,0.0,0,0
-60.718227,-7.112102,0.0,0,0
-60.779552,-6.026769,0.0,0,0
-60.830517,-4.9369564,0.0,0,0
-60.871567,-3.8436363,0.0,0,0
-60.902237,-2.7474573,0.0,0,0
-60.92282,-1.6492879,0.0,0,0
-60.933056,-0.5498977,0.0,0,0
-60.933056,0.5498977,0.0,0,0
-60.92282,1.6492879,0.0,0,0
-60.902237,2.7474573,0.0,0,0
-60.871567,3.8436363,0.0,0,0
-60.830517,4.9369564,0.0,0,0
-60.779552,6.026769,0.0,0,0
-60.718227,7.112102,0.0,0,0
-60.647232,8.192502,0.0,0,0
-60.565933,9.266846,0.0,0,0
-60.475163,10.33489,0.0,0,0
-60.37435,11.395485,0.0,0,0
-60.264206,12.448445,0.0,0,0
-60.144375,13.492737,0.0,0,0
-60.015366,14.528139,0.0,0,0
-59.877045,15.553812,0.0,0,0
-59.729744,16.569445,0.0,0,0
-59.573524,17.574451,0.0,0,0
-59.40856,18.56839,0.0,0,0
-59.235104,19.550968,0.0,0,0
-59.05316,20.521576,0.0,0,0
-58.863155,21.48025,0.0,0,0
-58.66495,22.426182,0.0,0,0
-58.459126,23.359753,0.0,0,0
-58.245403,24.279947,0.0,0,0
-58.024483,25.187466,0.0,0,0
-57.79602,26.081165,0.0,0,0
-57.560722,26.961859,0.0,0,0
-57.318356,27.828627,0.0,0,0
-57.069447,28.68208,0.0,0,0
-56.813934,29.521605,0.0,0,0
-56.5522,30.3476,0.0,0,0
-56.284306,31.159786,0.0,0,0
-56.01051,31.958323,0.0,0,0
-55.730995,32.743244,0.0,0,0
-55.445892,33.514477,0.0,0,0
-55.15549,34.272377,0.0,0,0
-54.859814,35.01662,0.0,0,0
-54.55925,35.747864,0.0,0,0
-54.253727,36.46555,0.0,0,0
-53.9437,37.17062,0.0,0,0
-53.629017,37.86229,0.0,0,0
-53.310173,38.54167,0.0,0,0
-52.987034,39.208042,0.0,0,0
-52.660015,39.86235,0.0,0,0
-52.32907,40.504143,0.0,0,0
-51.99451,41.134094,0.0,0,0
-51.65637,41.75203,0.0,0,0
-51.31486,42.35838,0.0,0,0
-50.970104,42.95323,0.0,0,0
-50.622234,43.53677,0.0,0,0
-50.27141,44.109314,0.0,0,0
-49.917717,44.67084,0.0,0,0
-49.561367,45.22189,0.0,0,0
-49.202374,45.76222,0.0,0,0
-48.84099,46.292572,0.0,0,0
-48.47719,46.812515,0.0,0,0
-48.111233,47.32295,0.0,0,0
-47.743095,47.82334,0.0,0,0
-47.37302,48.31458,0.0,0,0
-47.001,48.796284,0.0,0,0
-46.627224,49.26912,0.0,0,0
-46.251736,49.732906,0.0,0,0
-45.87467,50.188107,0.0,0,0
-45.496098,50.63473,0.0,0,0
-45.821354,-51.20607,0.0,0,0
-46.203896,-50.761246,0.0,0,0
-46.584976,-50.30773,0.0,0,0
-46.96453,-49.84552,0.0,0,0
-47.342407,-49.37413,0.0,0,0
-47.718582,-48.89374,0.0,0,0
-48.09285,-48.40367,0.0,0,0
-48.465233,-47.9043,0.0,0,0
-48.835464,-47.394722,0.0,0,0
-49.20359,-46.875465,0.0,0,0
-49.56935,-46.34561,0.0,0,0
-49.93275,-45.805588,0.0,0,0
-50.293556,-45.254635,0.0,0,0
-50.65174,-44.692978,0.0,0,0
-51.00708,-44.12008,0.0,0,0
-51.359512,-43.535934,0.0,0,0
-51.70887,-42.94022,0.0,0,0
-52.055,-42.332726,0.0,0,0
-52.397804,-41.71336,0.0,0,0
-52.737053,-41.081665,0.03202081,0,0
-53.0727,-40.43782,0.70584446,2,3
-53.404457,-39.781113,0.9528437,3,6
-53.732346,-39.11199,0.7030728,2,1
-54.055958,-38.42948,0.17834504,0,0
-54.37542,-37.734306,0.18527362,0,0
-54.69023,-37.025307,0.26239473,1,0
-55.000557,-36.303288,0.81936073,3,1
-55.30591,-35.567253,0.997323,3,53
-55.606377,-34.817764,0.9261398,3,24
-55.901558,-34.05414,0.73508894,2,6
-56.191425,-33.276695,0.6582657,2,3
-56.475685,-32.485043,0.99057674,3,14
-56.75421,-31.679255,0.5838612,2,0
-57.026794,-30.859272,0.65531635,2,1
-57.293182,-30.024912,0.997784,3,9
-57.5533,-29.176456,0.19091733,0,0
-57.806763,-28.313477,0.0,0,0
-58.053627,-27.436598,0.0,0,0
-58.29336,-26.545158,0.0,0,0
-58.526176,-25.64012,0.0,0,0
-58.751373,-24.720604,0.0,0,0
-58.969284,-23.787804,0.01650156,0,0
-59.17919,-22.840965,0.05349376,0,0
-59.381386,-21.881145,0.0,0,0
-59.57525,-20.907932,0.0,0,0
-59.760933,-19.922157,0.0,0,0
-59.937996,-18.923779,0.0,0,0
-60.106426,-17.91342,0.0,0,0
-60.26596,-16.891384,0.0,0,0
-60.41642,-15.858131,0.0,0,0
-60.55774,-14.814268,0.0,0,0
-60.68956,-13.760117,0.0,0,0
-60.812035,-12.696554,0.0,0,0
-60.92462,-11.623816,0.0,0,0
-61.02768,-10.542985,0.0,0,0
-61.12049,-9.454258,0.0,0,0
-61.20362,-8.358847,0.0,0,0
-61.27623,-7.257009,0.0,0,0
-61.33895,-6.149934,0.0,0,0
-61.391075,-5.038101,0.0,0,0
-61.43307,-3.9225416,0.0,0,0
-61.464455,-2.8039443,0.0,0,0
-61.485504,-1.6832314,0.0,0,0
-61.495983,-0.56122065,0.0,0,0
-61.495983,0.56122065,0.0,0,0
-61.485504,1.6832314,0.0,0,0
-61.464455,2.8039443,0.0,0,0
-61.43307,3.9225416,0.0,0,0
-61.391075,5.038101,0.0,0,0
-61.33895,6.149934,0.0,0,0
-61.27623,7.257009,0.0,0,0
-61.20362,8.358847,0.0,0,0
-61.12049,9.454258,0.0,0,0
-61.02768,10.542985,0.0,0,0
-60.92462,11.623816,0.0,0,0
-60.812035,12.696554,0.0,0,0
-60.68956,13.760117,0.0,0,0
-60.55774,14.814268,0.0,0,0
-60.41642,15.858131,0.0,0,0
-60.26596,16.891384,0.0,0,0
-60.106426,17.91342,0.0,0,0
-59.937996,18.923779,0.0,0,0
-59.760933,19.922157,0.0,0,0
-59.57525,20.907932,0.0,0,0
-59.381386,21.881145,0.0,0,0
-59.17919,22.840965,0.0,0,0
-58.969284,23.787804,0.0,0,0
-58.751373,24.720604,0.0,0,0
-58.526176,25.64012,0.0,0,0
-58.29336,26.545158,0.0,0,0
-58.053627,27.436598,0.0,0,0
-57.806763,28.313477,0.0,0,0
-57.5533,29.176456,0.0,0,0
-57.293182,30.024912,0.0,0,0
-57.026794,30.859272,0.0,0,0
-56.75421,31.679255,0.0,0,0
-56.475685,32.485043,0.0,0,0
-56.191425,33.276695,0.0,0,0
-55.901558,34.05414,0.0,0,0
-55.606377,34.817764,0.0,0,0
-55.30591,35.567253,0.0,0,0
-55.000557,36.303288,0.0,0,0
-54.69023,37.025307,0.0,0,0
-54.37542,37.734306,0.0,0,0
-54.055958,38.42948,0.0,0,0
-53.732346,39.11199,0.0,0,0
-53.404457,39.781113,0.0,0,0
-53.0727,40.43782,0.0,0,0
-52.737053,41.081665,0.0,0,0
-52.397804,41.71336,0.0,0,0
-52.055,42.332726,0.0,0,0
-51.70887,42.94022,0.0,0,0
-51.359512,43.535934,0.0,0,0
-51.00708,44.12008,0.0,0,0
-50.65174,44.692978,0.0,0,0
-50.293556,45.254635,0.0,0,0
-49.93275,45.805588,0.0,0,0
-49.56935,46.34561,0.0,0,0
-49.20359,46.875465,0.0,0,0
-48.835464,47.394722,0.0,0,0
-48.465233,47.9043,0.0,0,0
-48.09285,48.40367,0.0,0,0
-47.718582,48.89374,0.0,0,0
-47.342407,49.37413,0.0,0,0
-46.96453,49.84552,0.0,0,0
-46.584976,50.30773,0.0,0,0
-46.203896,50.761246,0.0,0,0
-45.821354,51.20607,0.0,0,0
-46.14337,-51.786488,0.0,0,0
-46.529892,-51.343666,0.0,0,0
-46.915,-50.892048,0.0,0,0
-47.298626,-50.43162,0.0,0,0
-47.680634,-49.9619,0.0,0,0
-48.060974,-49.483044,0.0,0,0
-48.439465,-48.99436,0.0,0,0
-48.81611,-48.49624,0.0,0,0
-49.190655,-47.987743,0.0,0,0
-49.56314,-47.4694,0.0,0,0
-49.933292,-46.94027,0.0,0,0
-50.301144,-46.40078,0.0,0,0
-50.66643,-45.850155,0.0,0,0
-51.02915,-45.288616,0.0,0,0
-51.38906,-44.71558,0.0,0,0
-51.7461,-44.13106,0.0,0,0
-52.1001,-43.534714,0.0,0,0
-52.450912,-42.926308,0.0,0,0
-52.79843,-42.305733,0.0,0,0
-53.142426,-41.672523,0.028769298,0,0
-53.48285,-41.026836,0.5509211,2,0
-53.819405,-40.367928,0.30119792,1,0
-54.152115,-39.696266,0.82946104,3,2
-54.480564,-39.010822,0.9464219,3,8
-54.804886,-38.31233,0.89165014,3,13
-55.12457,-37.599575,0.9000876,3,14
-55.439766,-36.873375,0.9864843,3,28
-55.750004,-36.132706,0.72815406,2,7
-56.055347,-35.378117,0.7946948,3,10
-56.3554,-34.60889,0.66879,2,1
-56.65014,-33.825333,0.13663144,0,0
-56.939243,-33.027035,0.99617654,3,11
-57.222595,-32.21405,0.7864882,3,2
-57.49997,-31.386307,0.78222114,3,7
-57.771126,-30.5436,0.9932806,3,10
-58.035965,-29.686203,0.20270114,0,0
-58.294098,-28.813656,0.0,0,0
-58.545578,-27.926592,0.0,0,0
-58.78986,-27.024305,0.0,0,0
-59.027157,-26.107786,0.0,0,0
-59.256737,-25.176107,0.0,0,0
-59.478962,-24.230492,0.0,0,0
-59.693077,-23.27014,0.0,0,0
-59.89937,-22.296146,0.0,0,0
-60.09722,-21.308065,0.0,0,0
-60.28677,-20.306759,0.0,0,0
-60.467552,-19.292168,0.0,0,0
-60.639572,-18.26494,0.0,0,0
-60.80253,-17.225384,0.0,0,0
-60.956257,-16.173971,0.0,0,0
-61.100666,-15.11134,0.0,0,0
-61.235413,-14.037819,0.0,0,0
-61.360607,-12.9543295,0.0,0,0
-61.47573,-11.8611145,0.0,0,0
-61.58112,-10.7593155,0.0,0,0
-61.67605,-9.649137,0.0,0,0
-61.76108,-8.531861,0.0,0,0
-61.83537,-7.407757,0.0,0,0
-61.89954,-6.2780867,0.0,0,0
-61.952873,-5.1433573,0.0,0,0
-61.995853,-4.004665,0.0,0,0
-62.02796,-2.86274,0.0,0,0
-62.04951,-1.7185643,0.0,0,0
-62.06023,-0.5730075,0.0,0,0
-62.06023,0.5730075,0.0,0,0
-62.04951,1.7185643,0.0,0,0
-62.02796,2.86274,0.0,0,0
-61.995853,4.004665,0.0,0,0
-61.952873,5.1433573,0.0,0,0
-61.89954,6.2780867,0.0,0,0
-61.83537,7.407757,0.0,0,0
-61.76108,8.531861,0.0,0,0
-61.67605,9.649137,0.0,0,0
-61.58112,10.7593155,0.0,0,0
-61.47573,11.8611145,0.0,0,0
-61.360607,12.9543295,0.0,0,0
-61.235413,14.037819,0.0,0,0
-61.100666,15.11134,0.0,0,0
-60.956257,16.173971,0.0,0,0
-60.80253,17.225384,0.0,0,0
-60.639572,18.26494,0.0,0,0
-60.467552,19.292168,0.0,0,0
-60.28677,20.306759,0.0,0,0
-60.09722,21.308065,0.0,0,0
-59.89937,22.296146,0.0,0,0
-59.693077,23.27014,0.0,0,0
-59.478962,24.230492,0.0,0,0
-59.256737,25.176107,0.0,0,0
-59.027157,26.107786,0.0,0,0
-58.78986,27.024305,0.0,0,0
-58.545578,27.926592,0.0,0,0
-58.294098,28.813656,0.0,0,0
-58.035965,29.686203,0.0,0,0
-57.771126,30.5436,0.0,0,0
-57.49997,31.386307,0.0,0,0
-57.222595,32.21405,0.0,0,0
-56.939243,33.027035,0.0,0,0
-56.65014,33.825333,0.0,0,0
-56.3554,34.60889,0.0,0,0
-56.055347,35.378117,0.0,0,0
-55.750004,36.132706,0.0,0,0
-55.439766,36.873375,0.0,0,0
-55.12457,37.599575,0.0,0,0
-54.804886,38.31233,0.0,0,0
-54.480564,39.010822,0.0,0,0
-54.152115,39.696266,0.0,0,0
-53.819405,40.367928,0.0,0,0
-53.48285,41.026836,0.0,0,0
-53.142426,41.672523,0.0,0,0
-52.79843,42.305733,0.0,0,0
-52.450912,42.926308,0.0,0,0
-52.1001,43.534714,0.0,0,0
-51.7461,44.13106,0.0,0,0
-51.38906,44.71558,0.0,0,0
-51.02915,45.288616,0.0,0,0
-50.66643,45.850155,0.0,0,0
-50.301144,46.40078,0.0,0,0
-49.933292,46.94027,0.0,0,0
-49.56314,47.4694,0.0,0,0
-49.190655,47.987743,0.0,0,0
-48.81611,48.49624,0.0,0,0
-48.439465,48.99436,0.0,0,0
-48.060974,49.483044,0.0,0,0
-47.680634,49.9619,0.0,0,0
-47.298626,50.43162,0.0,0,0
-46.915,50.892048,0.0,0,0
-46.529892,51.343666,0.0,0,0
-46.14337,51.786488,0.0,0,0
-46.461853,-52.37655,0.0,0,0
-46.85236,-51.93595,0.0,0,0
-47.24151,-51.486465,0.0,0,0
-47.629227,-51.028053,0.0,0,0
-48.01537,-50.560226,0.0,0,0
-48.399902,-50.08315,0.0,0,0
-48.78263,-49.596107,0.0,0,0
-49.163567,-49.099472,0.0,0,0
-49.542442,-48.592304,0.0,0,0
-49.91932,-48.075127,0.0,0,0
-50.29391,-47.54698,0.0,0,0
-50.666237,-47.008286,0.0,0,0
-51.036057,-46.458244,0.0,0,0
-51.403336,-45.89707,0.0,0,0
-51.76786,-45.324173,0.0,0,0
-52.129562,-44.73954,0.0,0,0
-52.48826,-44.14281,0.0,0,0
-52.84381,-43.53374,0.015978986,0,0
-53.196095,-42.912216,0.13487428,0,0
-53.544895,-42.277733,0.46100667,1,0
-53.89016,-41.63045,0.93492216,3,2
-54.23158,-40.969597,0.85777575,3,1
-54.569183,-40.295624,0.9750838,3,64
-54.90255,-39.607468,0.8752723,3,10
-55.23181,-38.905876,0.99457043,3,6
-55.55645,-38.18957,0.682552,2,1
-55.876614,-37.459396,0.8777313,3,2
-56.191826,-36.714264,0.8755818,3,1
-56.50215,-35.95474,0.8504822,3,1
-56.80718,-35.18005,0.17786364,0,0
-57.106888,-34.39051,0.74982345,2,5
-57.40095,-33.58567,0.99823034,3,6
-57.68923,-32.76558,0.94791675,3,6
-57.97152,-31.930138,0.5230113,2,0
-58.24755,-31.079113,0.6701388,2,3
-58.517235,-30.212778,0.13541824,0,0
-58.78016,-29.330639,0.0,0,0
-59.03638,-28.43333,0.0,0,0
-59.28533,-27.520103,0.0,0,0
-59.527245,-26.591976,0.0,0,0
-59.761353,-25.647953,0.0,0,0
-59.988014,-24.689312,0.0,0,0
-60.20647,-23.71519,0.0,0,0
-60.417,-22.726727,0.0,0,0
-60.61896,-21.72343,0.0,0,0
-60.8125,-20.7062,0.0,0,0
-60.997147,-19.674957,0.0,0,0
-61.17286,-18.630371,0.0,0,0
-61.33938,-17.57276,0.0,0,0
-61.49649,-16.502605,0.0,0,0
-61.644123,-15.420572,0.0,0,0
-61.781887,-14.327002,0.0,0,0
-61.909927,-13.222863,0.0,0,0
-62.02767,-12.1084,0.0,0,0
-62.135487,-10.984824,0.0,0,0
-62.232613,-9.852341,0.0,0,0
-62.319637,-8.712315,0.0,0,0
-62.39566,-7.5650225,0.0,0,0
-62.46134,-6.411807,0.0,0,0
-62.515945,-5.253206,0.0,0,0
-62.559933,-4.090382,0.0,0,0
-62.59281,-2.9241154,0.0,0,0
-62.61487,-1.7554501,0.0,0,0
-62.625847,-0.5853129,0.0,0,0
-62.625847,0.5853129,0.0,0,0
-62.61487,1.7554501,0.0,0,0
-62.59281,2.9241154,0.0,0,0
-62.559933,4.090382,0.0,0,0
-62.515945,5.253206,0.0,0,0
-62.46134,6.411807,0.0,0,0
-62.39566,7.5650225,0.0,0,0
-62.319637,8.712315,0.0,0,0
-62.232613,9.852341,0.0,0,0
-62.135487,10.984824,0.0,0,0
-62.02767,12.1084,0.0,0,0
-61.909927,13.222863,0.0,0,0
-61.781887,14.327002,0.0,0,0
-61.644123,15.420572,0.0,0,0
-61.49649,16.502605,0.0,0,0
-61.33938,17.57276,0.0,0,0
-61.17286,18.630371,0.0,0,0
-60.997147,19.674957,0.0,0,0
-60.8125,20.7062,0.0,0,0
-60.61896,21.72343,0.0,0,0
-60.417,22.726727,0.0,0,0
-60.20647,23.71519,0.0,0,0
-59.988014,24.689312,0.0,0,0
-59.761353,25.647953,0.0,0,0
-59.527245,26.591976,0.0,0,0
-59.28533,27.520103,0.0,0,0
-59.03638,28.43333,0.0,0,0
-58.78016,29.330639,0.0,0,0
-58.517235,30.212778,0.0,0,0
-58.24755,31.079113,0.0,0,0
-57.97152,31.930138,0.0,0,0
-57.68923,32.76558,0.0,0,0
-57.40095,33.58567,0.0,0,0
-57.106888,34.39051,0.0,0,0
-56.80718,35.18005,0.0,0,0
-56.50215,35.95474,0.0,0,0
-56.191826,36.714264,0.0,0,0
-55.876614,37.459396,0.0,0,0
-55.55645,38.18957,0.0,0,0
-55.23181,38.905876,0.0,0,0
-54.90255,39.607468,0.0,0,0
-54.569183,40.295624,0.0,0,0
-54.23158,40.969597,0.0,0,0
-53.89016,41.63045,0.0,0,0
-53.544895,42.277733,0.0,0,0
-53.196095,42.912216,0.0,0,0
-52.84381,43.53374,0.0,0,0
-52.48826,44.14281,0.0,0,0
-52.129562,44.73954,0.0,0,0
-51.76786,45.324173,0.0,0,0
-51.403336,45.89707,0.0,0,0
-51.036057,46.458244,0.0,0,0
-50.666237,47.008286,0.0,0,0
-50.29391,47.54698,0.0,0,0
-49.91932,48.075127,0.0,0,0
-49.542442,48.592304,0.0,0,0
-49.163567,49.099472,0.0,0,0
-48.78263,49.596107,0.0,0,0
-48.399902,50.08315,0.0,0,0
-48.01537,50.560226,0.0,0,0
-47.629227,51.028053,0.0,0,0
-47.24151,51.486465,0.0,0,0
-46.85236,51.93595,0.0,0,0
-46.461853,52.37655,0.0,0,0
-46.776794,-52.975998,0.0,0,0
-47.1713,-52.537857,0.0,0,0
-47.564495,-52.09072,0.0,0,0
-47.956314,-51.634567,0.0,0,0
-48.346607,-51.168877,0.0,0,0
-48.73535,-50.693817,0.0,0,0
-49.122337,-50.20866,0.0,0,0
-49.507576,-49.713768,0.0,0,0
-49.890823,-49.208183,0.0,0,0
-50.272106,-48.69243,0.0,0,0
-50.651154,-48.165524,0.0,0,0
-51.027996,-47.627884,0.0,0,0
-51.402374,-47.07869,0.0,0,0
-51.77427,-46.51815,0.0,0,0
-52.143448,-45.945644,0.0,0,0
-52.509846,-45.361164,0.04710506,0,0
-52.873287,-44.764324,0.069736116,0,0
-53.233624,-44.15486,0.3714902,1,0
-53.590733,-43.532646,0.97515947,3,2
-53.944397,-42.897156,0.8016503,3,1
-54.294563,-42.248535,0.9935658,3,12
-54.640923,-41.58598,0.7833686,3,6
-54.983486,-40.909946,0.7059326,2,2
-55.32185,-40.21932,0.80145806,3,1
-55.65612,-39.514847,0.45941308,1,0
-55.9858,-38.795223,0.07777283,0,0
-56.311016,-38.06128,0.593518,2,0
-56.63129,-37.31188,0.40894857,1,0
-56.946686,-36.5476,0.51113284,2,0
-57.25679,-35.767616,0.8822226,3,3
-57.56156,-34.97224,0.6920232,2,8
-57.860695,-34.160988,0.8811368,3,7
-58.154022,-33.333897,0.99713546,3,15
-58.441334,-32.49083,0.38266712,1,0
-58.72236,-31.631542,0.0152866375,0,0
-58.997005,-30.756294,0.0,0,0
-59.26484,-29.864548,0.0,0,0
-59.525932,-28.956955,0.0,0,0
-59.77969,-28.03271,0.0,0,0
-60.026337,-27.092857,0.0,0,0
-60.265102,-26.136341,0.0,0,0
-60.496338,-25.164478,0.0,0,0
-60.71927,-24.176346,0.0,0,0
-60.934162,-23.17312,0.0,0,0
-61.14038,-22.154278,0.0,0,0
-61.338036,-21.120739,0.06481599,0,0
-61.526665,-20.072412,0.13142128,0,0
-61.706223,-19.009989,0.01680059,0,0
-61.87641,-17.933784,0.0,0,0
-62.03704,-16.844303,0.0,0,0
-62.187996,-15.742234,0.0,0,0
-62.328903,-14.627932,0.0,0,0
-62.459885,-13.502408,0.0,0,0
-62.580357,-12.365917,0.0,0,0
-62.690697,-11.219738,0.0,0,0
-62.790108,-10.064087,0.0,0,0
-62.879196,-8.900402,0.0,0,0
-62.957024,-7.728981,0.0,0,0
-63.024284,-6.5512476,0.0,0,0
-63.080193,-5.367772,0.0,0,0
-63.12525,-4.1797943,0.0,0,0
-63.158924,-2.9881427,0.0,0,0
-63.18152,-1.7939324,0.0,0,0
-63.192764,-0.59815127,0.0,0,0
-63.192764,0.59815127,0.0,0,0
-63.18152,1.7939324,0.0,0,0
-63.158924,2.9881427,0.0,0,0
-63.12525,4.1797943,0.0,0,0
-63.080193,5.367772,0.0,0,0
-63.024284,6.5512476,0.0,0,0
-62.957024,7.728981,0.0,0,0
-62.879196,8.900402,0.0,0,0
-62.790108,10.064087,0.0,0,0
-62.690697,11.219738,0.0,0,0
-62.580357,12.365917,0.0,0,0
-62.459885,13.502408,0.0,0,0
-62.328903,14.627932,0.0,0,0
-62.187996,15.742234,0.0,0,0
-62.03704,16.844303,0.0,0,0
-61.87641,17.933784,0.0,0,0
-61.706223,19.009989,0.0,0,0
-61.526665,20.072412,0.0,0,0
-61.338036,21.120739,0.0,0,0
-61.14038,22.154278,0.0,0,0
-60.934162,23.17312,0.0,0,0
-60.71927,24.176346,0.0,0,0
-60.496338,25.164478,0.0,0,0
-60.265102,26.136341,0.0,0,0
-60.026337,27.092857,0.0,0,0
-59.77969,28.03271,0.0,0,0
-59.525932,28.956955,0.0,0,0
-59.26484,29.864548,0.0,0,0
-58.997005,30.756294,0.0,0,0
-58.72236,31.631542,0.0,0,0
-58.441334,32.49083,0.0,0,0
-58.154022,33.333897,0.0,0,0
-57.860695,34.160988,0.0,0,0
-57.56156,34.97224,0.0,0,0
-57.25679,35.767616,0.0,0,0
-56.946686,36.5476,0.0,0,0
-56.63129,37.31188,0.0,0,0
-56.311016,38.06128,0.0,0,0
-55.9858,38.795223,0.0,0,0
-55.65612,39.514847,0.0,0,0
-55.32185,40.21932,0.0,0,0
-54.983486,40.909946,0.0,0,0
-54.640923,41.58598,0.0,0,0
-54.294563,42.248535,0.0,0,0
-53.944397,42.897156,0.0,0,0
-53.590733,43.532646,0.0,0,0
-53.233624,44.15486,0.0,0,0
-52.873287,44.764324,0.0,0,0
-52.509846,45.361164,0.0,0,0
-52.143448,45.945644,0.0,0,0
-51.77427,46.51815,0.0,0,0
-51.402374,47.07869,0.0,0,0
-51.027996,47.627884,0.0,0,0
-50.651154,48.165524,0.0,0,0
-50.272106,48.69243,0.0,0,0
-49.890823,49.208183,0.0,0,0
-49.507576,49.713768,0.0,0,0
-49.122337,50.20866,0.0,0,0
-48.73535,50.693817,0.0,0,0
-48.346607,51.168877,0.0,0,0
-47.956314,51.634567,0.0,0,0
-47.564495,52.09072,0.0,0,0
-47.1713,52.537857,0.0,0,0
-46.776794,52.975998,0.0,0,0
-47.088028,-53.585022,0.0,0,0
-47.486534,-53.14957,0.0,0,0
-47.88379,-52.705032,0.0,0,0
-48.279716,-52.25138,0.0,0,0
-48.67418,-51.78808,0.0,0,0
-49.067135,-51.315292,0.0,0,0
-49.458405,-50.83227,0.0,0,0
-49.84797,-50.339394,0.0,0,0
-50.235596,-49.83566,0.0,0,0
-50.621315,-49.321598,0.0,0,0
-51.004856,-48.79621,0.0,0,0
-51.386234,-48.259907,0.0,0,0
-51.765205,-47.711838,0.0,0,0
-52.14174,-47.152214,0.0,0,0
-52.51562,-46.58039,0.0,0,0
-52.88676,-45.996357,0.5109486,2,0
-53.254993,-45.399693,0.9525644,3,2
-53.620163,-44.790115,0.91611665,3,1
-53.982155,-44.167496,0.37574536,1,0
-54.34074,-43.53128,0.9376356,3,2
-54.69587,-42.881603,0.8995681,3,3
-55.047226,-42.217625,0.94609505,3,5
-55.39483,-41.539795,0.58762795,2,0
-55.738262,-40.84696,0.9731745,3,2
-56.07763,-40.139874,0.20655146,0,0
-56.412422,-39.41717,0.26514795,1,0
-56.742775,-38.67969,0.9333465,3,2
-57.068207,-37.926247,0.7334965,2,1
-57.38877,-37.157417,0.67374414,2,1
-57.70405,-36.372334,0.96671706,3,7
-58.014,-35.571293,0.892194,3,7
-58.31829,-34.753784,0.92852724,3,11
-58.616783,-33.919807,0.8987787,3,7
-58.909237,-33.06923,0.42405516,1,0
-59.19538,-32.201756,0.0,0,0
-59.475105,-31.317638,0.0,0,0
-59.747993,-30.4163,0.0,0,0
-60.014076,-29.498402,0.0,0,0
-60.27277,-28.563072,0.0,0,0
-60.52429,-27.611397,0.0,0,0
-60.767853,-26.642237,0.0,0,0
-61.003796,-25.656963,0.0,0,0
-61.231335,-24.65458,0.0,0,0
-61.45074,-23.63631,0.0,0,0
-61.661343,-22.601582,0.0,0,0
-61.86327,-21.551348,0.3957838,1,0
-62.056015,-20.485485,0.9864962,3,10
-62.239548,-19.404724,0.53363097,2,0
-62.41355,-18.309374,0.030790607,0,0
-62.577812,-17.199957,0.0,0,0
-62.732224,-16.077185,0.0,0,0
-62.87639,-14.941426,0.0,0,0
-63.010433,-13.793743,0.0,0,0
-63.13374,-12.634398,0.0,0,0
-63.246708,-11.464742,0.0,0,0
-63.34849,-10.284995,0.0,0,0
-63.439728,-9.096685,0.0,0,0
-63.519447,-7.9001274,0.0,0,0
-63.58834,-6.696833,0.0,0,0
-63.645622,-5.4874096,0.0,0,0
-63.691784,-4.2731776,0.0,0,0
-63.726288,-3.0550222,0.0,0,0
-63.74944,-1.834132,0.0,0,0
-63.760963,-0.61156297,0.0,0,0
-63.760963,0.61156297,0.0,0,0
-63.74944,1.834132,0.0,0,0
-63.726288,3.0550222,0.0,0,0
-63.691784,4.2731776,0.0,0,0
-63.645622,5.4874096,0.0,0,0
-63.58834,6.696833,0.0,0,0
-63.519447,7.9001274,0.0,0,0
-63.439728,9.096685,0.0,0,0
-63.34849,10.284995,0.0,0,0
-63.246708,11.464742,0.0,0,0
-63.13374,12.634398,0.0,0,0
-63.010433,13.793743,0.0,0,0
-62.87639,14.941426,0.0,0,0
-62.732224,16.077185,0.0,0,0
-62.577812,17.199957,0.0,0,0
-62.41355,18.309374,0.0,0,0
-62.239548,19.404724,0.0,0,0
-62.056015,20.485485,0.0,0,0
-61.86327,21.551348,0.0,0,0
-61.661343,22.601582,0.0,0,0
-61.45074,23.63631,0.0,0,0
-61.231335,24.65458,0.0,0,0
-61.003796,25.656963,0.0,0,0
-60.767853,26.642237,0.0,0,0
-60.52429,27.611397,0.0,0,0
-60.27277,28.563072,0.0,0,0
-60.014076,29.498402,0.0,0,0
-59.747993,30.4163,0.0,0,0
-59.475105,31.317638,0.0,0,0
-59.19538,32.201756,0.0,0,0
-58.909237,33.06923,0.0,0,0
-58.616783,33.919807,0.0,0,0
-58.31829,34.753784,0.0,0,0
-58.014,35.571293,0.0,0,0
-57.70405,36.372334,0.0,0,0
-57.38877,37.157417,0.0,0,0
-57.068207,37.926247,0.0,0,0
-56.742775,38.67969,0.0,0,0
-56.412422,39.41717,0.0,0,0
-56.07763,40.139874,0.0,0,0
-55.738262,40.84696,0.0,0,0
-55.39483,41.539795,0.0,0,0
-55.047226,42.217625,0.0,0,0
-54.69587,42.881603,0.0,0,0
-54.34074,43.53128,0.0,0,0
-53.982155,44.167496,0.0,0,0
-53.620163,44.790115,0.0,0,0
-53.254993,45.399693,0.0,0,0
-52.88676,45.996357,0.0,0,0
-52.51562,46.58039,0.0,0,0
-52.14174,47.152214,0.0,0,0
-51.765205,47.711838,0.0,0,0
-51.386234,48.259907,0.0,0,0
-51.004856,48.79621,0.0,0,0
-50.621315,49.321598,0.0,0,0
-50.235596,49.83566,0.0,0,0
-49.84797,50.339394,0.0,0,0
-49.458405,50.83227,0.0,0,0
-49.067135,51.315292,0.0,0,0
-48.67418,51.78808,0.0,0,0
-48.279716,52.25138,0.0,0,0
-47.88379,52.705032,0.0,0,0
-47.486534,53.14957,0.0,0,0
-47.088028,53.585022,0.0,0,0
-47.395344,-54.203903,0.0,0,0
-47.79786,-53.771385,0.0,0,0
-48.199173,-53.329704,0.0,0,0
-48.59922,-52.87881,0.0,0,0
-48.997856,-52.418167,0.0,0,0
-49.395042,-51.947926,0.0,0,0
-49.790596,-51.467323,0.0,0,0
-50.18451,-50.97673,0.0,0,0
-50.576538,-50.475132,0.0,0,0
-50.966713,-49.96306,0.0,0,0
-51.354774,-49.439484,0.0,0,0
-51.740715,-48.904816,0.0,0,0
-52.12432,-48.358177,0.0,0,0
-52.505527,-47.799774,0.0,0,0
-52.88414,-47.228943,0.0,0,0
-53.260067,-46.645653,0.10140866,0,0
-53.633133,-46.049473,0.23545006,0,0
-54.00319,-45.44011,0.06528016,0,0
-54.370117,-44.817398,0.24207488,0,0
-54.73369,-44.180763,0.9298796,3,3
-55.093834,-43.530334,0.98680955,3,12
-55.450256,-42.865234,0.9805447,3,6
-55.80296,-42.185913,0.76623225,3,14
-56.151535,-41.49117,0.9810374,3,7
-56.496075,-40.781757,0.2519441,1,0
-56.83607,-40.05625,0.027668618,0,0
-57.171654,-39.315502,0.52431875,2,0
-57.502335,-38.558273,0.92982864,3,1
-57.828163,-37.785133,0.26021203,1,0
-58.14872,-36.995167,0.9187524,3,5
-58.46395,-36.18867,0.9629706,3,9
-58.77353,-35.365086,0.70639837,2,2
-59.07729,-34.52439,0.48392704,1,0
-59.375015,-33.666428,0.4396319,1,0
-59.666393,-32.790867,0.47048888,1,0
-59.95134,-31.897953,0.016575092,0,0
-60.229393,-30.987059,0.0,0,0
-60.500618,-30.05885,0.0,0,0
-60.76439,-29.112396,0.0,0,0
-61.02092,-28.148811,0.0,0,0
-61.269417,-27.16688,0.0,0,0
-61.510227,-26.16801,0.0,0,0
-61.742523,-25.151148,0.0,0,0
-61.96659,-24.11755,0.0,0,0
-62.181732,-23.06659,0.0,0,0
-62.38807,-21.999256,0.0875075,0,0
-62.58508,-20.91541,0.8789802,3,2
-62.77273,-19.815784,0.7844881,3,6
-62.95069,-18.700706,0.029510578,0,0
-63.11873,-17.570704,0.0,0,0
-63.276733,-16.426525,0.0,0,0
-63.424286,-15.2685375,0.0,0,0
-63.56151,-14.097868,0.0,0,0
-63.687782,-12.91478,0.0,0,0
-63.803467,-11.720703,0.0,0,0
-63.907738,-10.5158615,0.0,0,0
-64.001205,-9.301884,0.0,0,0
-64.0829,-8.079096,0.0,0,0
-64.1535,-6.84911,0.0,0,0
-64.21222,-5.612571,0.0,0,0
-64.25953,-4.370889,0.0,0,0
-64.29491,-3.1250093,0.0,0,0
-64.318634,-1.876203,0.0,0,0
-64.33045,-0.62559974,0.0,0,0
-64.33045,0.62559974,0.0,0,0
-64.318634,1.876203,0.0,0,0
-64.29491,3.1250093,0.0,0,0
-64.25953,4.370889,0.0,0,0
-64.21222,5.612571,0.0,0,0
-64.1535,6.84911,0.0,0,0
-64.0829,8.079096,0.0,0,0
-64.001205,9.301884,0.0,0,0
-63.907738,10.5158615,0.0,0,0
-63.803467,11.720703,0.0,0,0
-63.687782,12.91478,0.0,0,0
-63.56151,14.097868,0.0,0,0
-63.424286,15.2685375,0.0,0,0
-63.276733,16.426525,0.0,0,0
-63.11873,17.570704,0.0,0,0
-62.95069,18.700706,0.0,0,0
-62.77273,19.815784,0.0,0,0
-62.58508,20.91541,0.0,0,0
-62.38807,21.999256,0.0,0,0
-62.181732,23.06659,0.0,0,0
-61.96659,24.11755,0.0,0,0
-61.742523,25.151148,0.0,0,0
-61.510227,26.16801,0.0,0,0
-61.269417,27.16688,0.0,0,0
-61.02092,28.148811,0.0,0,0
-60.76439,29.112396,0.0,0,0
-60.500618,30.05885,0.0,0,0
-60.229393,30.987059,0.0,0,0
-59.95134,31.897953,0.0,0,0
-59.666393,32.790867,0.0,0,0
-59.375015,33.666428,0.0,0,0
-59.07729,34.52439,0.0,0,0
-58.77353,35.365086,0.0,0,0
-58.46395,36.18867,0.0,0,0
-58.14872,36.995167,0.0,0,0
-57.828163,37.785133,0.0,0,0
-57.502335,38.558273,0.0,0,0
-57.171654,39.315502,0.0,0,0
-56.83607,40.05625,0.0,0,0
-56.496075,40.781757,0.0,0,0
-56.151535,41.49117,0.0,0,0
-55.80296,42.185913,0.0,0,0
-55.450256,42.865234,0.0,0,0
-55.093834,43.530334,0.0,0,0
-54.73369,44.180763,0.0,0,0
-54.370117,44.817398,0.0,0,0
-54.00319,45.44011,0.0,0,0
-53.633133,46.049473,0.0,0,0
-53.260067,46.645653,0.0,0,0
-52.88414,47.228943,0.0,0,0
-52.505527,47.799774,0.0,0,0
-52.12432,48.358177,0.0,0,0
-51.740715,48.904816,0.0,0,0
-51.354774,49.439484,0.0,0,0
-50.966713,49.96306,0.0,0,0
-50.576538,50.475132,0.0,0,0
-50.18451,50.97673,0.0,0,0
-49.790596,51.467323,0.0,0,0
-49.395042,51.947926,0.0,0,0
-48.997856,52.418167,0.0,0,0
-48.59922,52.87881,0.0,0,0
-48.199173,53.329704,0.0,0,0
-47.79786,53.771385,0.0,0,0
-47.395344,54.203903,0.0,0,0
-47.69877,-54.832325,0.0,0,0
-48.105286,-54.403004,0.0,0,0
-48.510666,-53.964428,0.0,0,0
-48.914837,-53.516552,0.0,0,0
-49.317657,-53.058826,0.0,0,0
-49.719078,-52.5914,0.0,0,0
-50.118927,-52.11349,0.0,0,0
-50.517197,-51.625473,0.0,0,0
-50.91365,-51.1263,0.0,0,0
-51.308296,-50.616512,0.0,0,0
-51.700893,-50.095047,0.0,0,0
-52.091434,-49.562305,0.0,0,0
-52.479687,-49.01741,0.0,0,0
-52.865604,-48.460545,0.0,0,0
-53.248985,-47.891014,0.0,0,0
-53.62973,-47.308792,0.0,0,0
-54.007675,-46.713413,0.16854768,0,0
-54.382668,-46.104576,0.67751414,2,1
-54.754578,-45.482098,0.90994984,3,3
-55.12317,-44.845367,0.8387394,3,2
-55.488407,-44.19451,0.9943507,3,22
-55.849953,-43.52861,0.97484505,3,7
-56.207832,-42.84811,0.8837145,3,8
-56.56161,-42.15176,0.8368468,3,2
-56.9114,-41.44032,0.995194,3,2
-57.256683,-40.71231,0.4288536,1,0
-57.597576,-39.96858,0.727757,2,1
-57.933598,-39.20783,0.9206717,3,13
-58.26479,-38.43064,0.40648803,1,0
-58.59072,-37.636047,0.8394624,3,7
-58.91134,-36.82431,0.9912506,3,33
-59.226307,-35.99485,0.765377,3,24
-59.535465,-35.14762,0.9956127,3,8
-59.838562,-34.282425,0.996538,3,18
-60.135315,-33.398907,0.7384281,2,8
-60.425587,-32.497288,0.02856947,0,0
-60.70896,-31.576899,0.0,0,0
-60.98545,-30.638407,0.0,0,0
-61.25444,-29.680813,0.0,0,0
-61.51613,-28.705257,0.0,0,0
-61.769714,-27.710438,0.0,0,0
-62.01552,-26.697823,0.0,0,0
-62.25273,-25.666264,0.0,0,0
-62.481594,-24.61707,0.0,0,0
-62.701427,-23.549553,0.0,0,0
-62.912327,-22.464737,0.16374147,0,0
-63.113758,-21.362452,0.8508205,3,6
-63.305676,-20.243454,0.34252268,1,0
-63.487732,-19.108072,0.0,0,0
-63.659687,-17.956844,0.0,0,0
-63.82142,-16.790548,0.0,0,0
-63.972496,-15.609563,0.0,0,0
-64.11302,-14.415071,0.0,0,0
-64.24238,-13.20734,0.0,0,0
-64.3609,-11.987884,0.0,0,0
-64.46776,-10.756936,0.0,0,0
-64.56357,-9.516225,0.0,0,0
-64.6473,-8.266091,0.0,0,0
-64.719696,-7.0082555,0.0,0,0
-64.77989,-5.743405,0.0,0,0
-64.82841,-4.4730463,0.0,0,0
-64.864685,-3.1981902,0.0,0,0
-64.88903,-1.9201975,0.0,0,0
-64.901146,-0.64027894,0.0,0,0
-64.901146,0.64027894,0.0,0,0
-64.88903,1.9201975,0.0,0,0
-64.864685,3.1981902,0.0,0,0
-64.82841,4.4730463,0.0,0,0
-64.77989,5.743405,0.0,0,0
-64.719696,7.0082555,0.0,0,0
-64.6473,8.266091,0.0,0,0
-64.56357,9.516225,0.0,0,0
-64.46776,10.756936,0.0,0,0
-64.3609,11.987884,0.0,0,0
-64.24238,13.20734,0.0,0,0
-64.11302,14.415071,0.0,0,0
-63.972496,15.609563,0.0,0,0
-63.82142,16.790548,0.0,0,0
-63.659687,17.956844,0.0,0,0
-63.487732,19.108072,0.0,0,0
-63.305676,20.243454,0.0,0,0
-63.113758,21.362452,0.0,0,0
-62.912327,22.464737,0.0,0,0
-62.701427,23.549553,0.0,0,0
-62.481594,24.61707,0.0,0,0
-62.25273,25.666264,0.0,0,0
-62.01552,26.697823,0.0,0,0
-61.769714,27.710438,0.0,0,0
-61.51613,28.705257,0.0,0,0
-61.25444,29.680813,0.0,0,0
-60.98545,30.638407,0.0,0,0
-60.70896,31.576899,0.0,0,0
-60.425587,32.497288,0.0,0,0
-60.135315,33.398907,0.0,0,0
-59.838562,34.282425,0.0,0,0
-59.535465,35.14762,0.0,0,0
-59.226307,35.99485,0.0,0,0
-58.91134,36.82431,0.0,0,0
-58.59072,37.636047,0.0,0,0
-58.26479,38.43064,0.0,0,0
-57.933598,39.20783,0.0,0,0
-57.597576,39.96858,0.0,0,0
-57.256683,40.71231,0.0,0,0
-56.9114,41.44032,0.0,0,0
-56.56161,42.15176,0.0,0,0
-56.207832,42.84811,0.0,0,0
-55.849953,43.52861,0.0,0,0
-55.488407,44.19451,0.0,0,0
-55.12317,44.845367,0.0,0,0
-54.754578,45.482098,0.0,0,0
-54.382668,46.104576,0.0,0,0
-54.007675,46.713413,0.0,0,0
-53.62973,47.308792,0.0,0,0
-53.248985,47.891014,0.0,0,0
-52.865604,48.460545,0.0,0,0
-52.479687,49.01741,0.0,0,0
-52.091434,49.562305,0.0,0,0
-51.700893,50.095047,0.0,0,0
-51.308296,50.616512,0.0,0,0
-50.91365,51.1263,0.0,0,0
-50.517197,51.625473,0.0,0,0
-50.118927,52.11349,0.0,0,0
-49.719078,52.5914,0.0,0,0
-49.317657,53.058826,0.0,0,0
-48.914837,53.516552,0.0,0,0
-48.510666,53.964428,0.0,0,0
-48.105286,54.403004,0.0,0,0
-47.69877,54.832325,0.0,0,0
-47.99794,-55.47091,0.0,0,0
-48.408463,-55.045044,0.0,0,0
-48.8179,-54.60985,0.0,0,0
-49.226196,-54.165276,0.0,0,0
-49.633194,-53.71077,0.0,0,0
-50.038868,-53.24646,0.0,0,0
-50.44303,-52.771545,0.0,0,0
-50.845665,-52.286407,0.0,0,0
-51.246548,-51.789986,0.0,0,0
-51.645683,-51.2828,0.0,0,0
-52.042835,-50.763775,0.0,0,0
-52.437996,-50.233307,0.0,0,0
-52.830925,-49.69049,0.0,0,0
-53.221584,-49.135506,0.0,0,0
-53.609764,-48.567635,0.0,0,0
-53.99537,-47.986828,0.013488787,0,0
-54.37823,-47.392616,0.5606779,2,0
-54.758194,-46.784664,0.66178846,2,1
-55.13514,-46.162773,0.97568595,3,4
-55.508827,-45.526314,0.7243019,2,3
-55.879196,-44.875393,0.96036655,3,6
-56.245937,-44.20905,0.76347816,3,10
-56.609055,-43.527733,0.7028444,2,1
-56.96812,-42.83013,0.8955685,3,5
-57.323235,-42.117012,0.8832941,3,3
-57.67388,-41.386837,0.81998515,3,1
-58.02018,-40.640457,0.533908,2,0
-58.361633,-39.876514,0.9898714,3,9
-58.698284,-39.09558,0.9585291,3,16
-59.029694,-38.296635,0.84272087,3,8
-59.355812,-37.479942,0.7779815,3,4
-59.676292,-36.644855,0.57234776,2,0
-59.99096,-35.791313,0.23786628,0,0
-60.29957,-34.919086,0.9820285,3,16
-60.601807,-34.027775,0.8668879,3,3
-60.897575,-33.11759,0.046764724,0,0
-61.186394,-32.187798,0.0,0,0
-61.4683,-31.239067,0.0,0,0
-61.742645,-30.27034,0.0,0,0
-62.00965,-29.282774,0.0,0,0
-62.26848,-28.274979,0.0,0,0
-62.519455,-27.248466,0.0,0,0
-62.761738,-26.202,0.0,0,0
-62.995575,-25.136938,0.0,0,0
-63.220257,-24.052528,0.1070163,0,0
-63.435883,-22.94983,0.88673687,3,3
-63.6419,-21.828625,0.9622488,3,8
-63.838245,-20.68971,0.61440146,2,1
-64.02455,-19.533396,0.017356502,0,0
-64.20059,-18.36024,0.0,0,0
-64.3662,-17.171055,0.0,0,0
-64.52095,-15.966221,0.0,0,0
-64.66493,-14.746983,0.0,0,0
-64.797485,-13.51361,0.0,0,0
-64.91898,-12.267712,0.0,0,0
-65.028534,-11.009521,0.0,0,0
-65.12677,-9.74088,0.0,0,0
-65.21266,-8.462149,0.0,0,0
-65.28692,-7.1751614,0.0,0,0
-65.34868,-5.8806505,0.0,0,0
-65.39847,-4.58023,0.0,0,0
-65.435684,-3.2749827,0.0,0,0
-65.46066,-1.9663677,0.0,0,0
-65.473114,-0.65568477,0.0,0,0
-65.473114,0.65568477,0.0,0,0
-65.46066,1.9663677,0.0,0,0
-65.435684,3.2749827,0.0,0,0
-65.39847,4.58023,0.0,0,0
-65.34868,5.8806505,0.0,0,0
-65.28692,7.1751614,0.0,0,0
-65.21266,8.462149,0.0,0,0
-65.12677,9.74088,0.0,0,0
-65.028534,11.009521,0.0,0,0
-64.91898,12.267712,0.0,0,0
-64.797485,13.51361,0.0,0,0
-64.66493,14.746983,0.0,0,0
-64.52095,15.966221,0.0,0,0
-64.3662,17.171055,0.0,0,0
-64.20059,18.36024,0.0,0,0
-64.02455,19.533396,0.0,0,0
-63.838245,20.68971,0.0,0,0
-63.6419,21.828625,0.0,0,0
-63.435883,22.94983,0.0,0,0
-63.220257,24.052528,0.0,0,0
-62.995575,25.136938,0.0,0,0
-62.761738,26.202,0.0,0,0
-62.519455,27.248466,0.0,0,0
-62.26848,28.274979,0.0,0,0
-62.00965,29.282774,0.0,0,0
-61.742645,30.27034,0.0,0,0
-61.4683,31.239067,0.0,0,0
-61.186394,32.187798,0.0,0,0
-60.897575,33.11759,0.0,0,0
-60.601807,34.027775,0.0,0,0
-60.29957,34.919086,0.0,0,0
-59.99096,35.791313,0.0,0,0
-59.676292,36.644855,0.0,0,0
-59.355812,37.479942,0.0,0,0
-59.029694,38.296635,0.0,0,0
-58.698284,39.09558,0.0,0,0
-58.361633,39.876514,0.0,0,0
-58.02018,40.640457,0.0,0,0
-57.67388,41.386837,0.0,0,0
-57.323235,42.117012,0.0,0,0
-56.96812,42.83013,0.0,0,0
-56.609055,43.527733,0.0,0,0
-56.245937,44.20905,0.0,0,0
-55.879196,44.875393,0.0,0,0
-55.508827,45.526314,0.0,0,0
-55.13514,46.162773,0.0,0,0
-54.758194,46.784664,0.0,0,0
-54.37823,47.392616,0.0,0,0
-53.99537,47.986828,0.0,0,0
-53.609764,48.567635,0.0,0,0
-53.221584,49.135506,0.0,0,0
-52.830925,49.69049,0.0,0,0
-52.437996,50.233307,0.0,0,0
-52.042835,50.763775,0.0,0,0
-51.645683,51.2828,0.0,0,0
-51.246548,51.789986,0.0,0,0
-50.845665,52.286407,0.0,0,0
-50.44303,52.771545,0.0,0,0
-50.038868,53.24646,0.0,0,0
-49.633194,53.71077,0.0,0,0
-49.226196,54.165276,0.0,0,0
-48.8179,54.60985,0.0,0,0
-48.408463,55.045044,0.0,0,0
-47.99794,55.47091,0.0,0,0
-48.29291,-56.119255,0.0,0,0
-48.707428,-55.697117,0.0,0,0
-49.12093,-55.265587,0.0,0,0
-49.53334,-54.8246,0.0,0,0
-49.94453,-54.37359,0.0,0,0
-50.354446,-53.912685,0.0,0,0
-50.76292,-53.441082,0.0,0,0
-51.169933,-52.95914,0.0,0,0
-51.575256,-52.465775,0.0,0,0
-51.978897,-51.96152,0.0,0,0
-52.380615,-51.445267,0.0,0,0
-52.780415,-50.91741,0.0,0,0
-53.178043,-50.377014,0.0,0,0
-53.573467,-49.824253,0.0,0,0
-53.966476,-49.2584,0.0,0,0
-54.35698,-48.679375,0.0,0,0
-54.744793,-48.086685,0.17524767,0,0
-55.129776,-47.479984,0.7713784,3,1
-55.51179,-46.859055,0.55375934,2,0
-55.890617,-46.22324,0.744207,2,4
-56.266182,-45.57262,0.96488816,3,4
-56.63817,-44.906216,0.98822373,3,4
-57.006584,-44.224445,0.98844814,3,11
-57.37101,-43.525963,0.9610927,3,1
-57.731525,-42.811535,0.43316457,1,0
-58.087624,-42.079544,0.085881636,0,0
-58.4394,-41.330868,0.23056845,0,0
-58.78638,-40.564068,0.9453094,3,15
-59.128586,-39.779716,0.44536212,1,0
-59.46558,-38.976738,0.9194747,3,12
-59.797302,-38.155376,0.5689446,2,0
-60.123405,-37.31494,0.99960357,3,7
-60.443695,-36.455338,0.49919584,1,0
-60.757942,-35.576305,0.9770235,3,12
-61.06581,-34.67739,0.14690432,0,0
-61.367184,-33.7588,0.0,0,0
-61.66159,-32.81973,0.0,0,0
-61.949055,-31.860853,0.0,0,0
-62.228924,-30.881025,0.0,0,0
-62.501392,-29.88144,0.0,0,0
-62.765617,-28.860603,0.0,0,0
-63.021915,-27.820072,0.0,0,0
-63.269432,-26.758522,0.0,0,0
-63.508408,-25.677351,0.0,0,0
-63.73811,-24.575733,0.39123142,1,0
-63.958622,-23.454762,0.9712061,3,4
-64.16939,-22.314188,0.17814077,0,0
-64.37033,-21.15482,0.018232921,0,0
-64.561066,-19.976963,0.0,0,0
-64.74133,-18.781195,0.0,0,0
-64.91098,-17.568348,0.0,0,0
-65.06955,-16.338814,0.0,0,0
-65.21712,-15.0939,0.0,0,0
-65.35302,-13.833883,0.0,0,0
-65.477615,-12.560463,0.0,0,0
-65.58998,-11.27388,0.0,0,0
-65.690765,-9.976097,0.0,0,0
-65.7789,-8.667489,0.0,0,0
-65.8551,-7.35002,0.0,0,0
-65.9185,-6.0244703,0.0,0,0
-65.96961,-4.6925707,0.0,0,0
-66.00783,-3.3554816,0.0,0,0
-66.03347,-2.0147712,0.0,0,0
-66.046234,-0.6718366,0.0,0,0
-66.046234,0.6718366,0.0,0,0
-66.03347,2.0147712,0.0,0,0
-66.00783,3.3554816,0.0,0,0
-65.96961,4.6925707,0.0,0,0
-65.9185,6.0244703,0.0,0,0
-65.8551,7.35002,0.0,0,0
-65.7789,8.667489,0.0,0,0
-65.690765,9.976097,0.0,0,0
-65.58998,11.27388,0.0,0,0
-65.477615,12.560463,0.0,0,0
-65.35302,13.833883,0.0,0,0
-65.21712,15.0939,0.0,0,0
-65.06955,16.338814,0.0,0,0
-64.91098,17.568348,0.0,0,0
-64.74133,18.781195,0.0,0,0
-64.561066,19.976963,0.0,0,0
-64.37033,21.15482,0.0,0,0
-64.16939,22.314188,0.0,0,0
-63.958622,23.454762,0.0,0,0
-63.73811,24.575733,0.0,0,0
-63.508408,25.677351,0.0,0,0
-63.269432,26.758522,0.0,0,0
-63.021915,27.820072,0.0,0,0
-62.765617,28.860603,0.0,0,0
-62.501392,29.88144,0.0,0,0
-62.228924,30.881025,0.0,0,0
-61.949055,31.860853,0.0,0,0
-61.66159,32.81973,0.0,0,0
-61.367184,33.7588,0.0,0,0
-61.06581,34.67739,0.0,0,0
-60.757942,35.576305,0.0,0,0
-60.443695,36.455338,0.0,0,0
-60.123405,37.31494,0.0,0,0
-59.797302,38.155376,0.0,0,0
-59.46558,38.976738,0.0,0,0
-59.128586,39.779716,0.0,0,0
-58.78638,40.564068,0.0,0,0
-58.4394,41.330868,0.0,0,0
-58.087624,42.079544,0.0,0,0
-57.731525,42.811535,0.0,0,0
-57.37101,43.525963,0.0,0,0
-57.006584,44.224445,0.0,0,0
-56.63817,44.906216,0.0,0,0
-56.266182,45.57262,0.0,0,0
-55.890617,46.22324,0.0,0,0
-55.51179,46.859055,0.0,0,0
-55.129776,47.479984,0.0,0,0
-54.744793,48.086685,0.0,0,0
-54.35698,48.679375,0.0,0,0
-53.966476,49.2584,0.0,0,0
-53.573467,49.824253,0.0,0,0
-53.178043,50.377014,0.0,0,0
-52.780415,50.91741,0.0,0,0
-52.380615,51.445267,0.0,0,0
-51.978897,51.96152,0.0,0,0
-51.575256,52.465775,0.0,0,0
-51.169933,52.95914,0.0,0,0
-50.76292,53.441082,0.0,0,0
-50.354446,53.912685,0.0,0,0
-49.94453,54.37359,0.0,0,0
-49.53334,54.8246,0.0,0,0
-49.12093,55.265587,0.0,0,0
-48.707428,55.697117,0.0,0,0
-48.29291,56.119255,0.0,0,0
-48.583458,-56.77762,0.0,0,0
-49.001965,-56.35949,0.0,0,0
-49.41952,-55.931908,0.0,0,0
-49.836044,-55.494804,0.0,0,0
-50.25141,-55.047596,0.0,0,0
-50.66558,-54.590416,0.0,0,0
-51.07836,-54.12244,0.0,0,0
-51.489758,-53.644012,0.0,0,0
-51.899532,-53.154053,0.0,0,0
-52.30769,-52.65307,0.0,0,0
-52.713997,-52.13993,0.0,0,0
-53.11844,-51.615047,0.0,0,0
-53.52079,-51.077446,0.0,0,0
-53.920998,-50.527287,0.0,0,0
-54.318863,-49.963825,0.0,0,0
-54.714283,-49.386963,0.0,0,0
-55.10709,-48.796204,0.0,0,0
-55.497128,-48.191147,0.092445575,0,0
-55.884262,-47.571587,0.8326554,3,1
-56.268272,-46.936813,0.8905517,3,4
-56.649082,-46.286907,0.49384323,1,0
-57.026382,-45.620842,0.8483535,3,4
-57.400158,-44.93903,0.92814904,3,4
-57.77001,-44.240074,0.8431802,3,1
-58.135994,-43.524734,0.045769405,0,0
-58.49762,-42.791332,0.3336762,1,0
-58.854965,-42.040745,0.9633992,3,6
-59.207558,-41.27147,0.5896915,2,0
-59.555412,-40.484077,0.7452122,2,1
-59.898094,-39.67742,0.45172867,1,0
-60.235535,-38.85173,0.7997024,3,2
-60.567368,-38.006256,0.963181,3,9
-60.89341,-37.14089,0.6453901,2,2
-61.213417,-36.255314,0.94774574,3,10
-61.527042,-35.349045,0.11903338,0,0
-61.834167,-34.42224,0.0,0,0
-62.134315,-33.47406,0.0,0,0
-62.427483,-32.50515,0.0,0,0
-62.713028,-31.514301,0.0,0,0
-62.99112,-30.502716,0.0,0,0
-63.260906,-29.468801,0.0,0,0
-63.522697,-28.41416,0.0,0,0
-63.775616,-27.337362,0.0,0,0
-64.019905,-26.239845,0.0,0,0
-64.2548,-25.120714,0.113875024,0,0
-64.48039,-23.98109,0.9930047,3,5
-64.69608,-22.820679,0.37653488,1,0
-64.90179,-21.640306,0.0,0,0
-65.09712,-20.440275,0.0,0,0
-65.28179,-19.221169,0.0,0,0
-65.45565,-17.983852,0.0,0,0
-65.61819,-16.728714,0.0,0,0
-65.769516,-15.45714,0.0,0,0
-65.908905,-14.169398,0.0,0,0
-66.036736,-12.867297,0.0,0,0
-66.152054,-11.55108,0.0,0,0
-66.25549,-10.222838,0.0,0,0
-66.34598,-8.882967,0.0,0,0
-66.42423,-7.53357,0.0,0,0
-66.489334,-6.175478,0.0,0,0
-66.54183,-4.810551,0.0,0,0
-66.58108,-3.4400353,0.0,0,0
-66.60742,-2.0656183,0.0,0,0
-66.62054,-0.68880475,0.0,0,0
-66.62054,0.68880475,0.0,0,0
-66.60742,2.0656183,0.0,0,0
-66.58108,3.4400353,0.0,0,0
-66.54183,4.810551,0.0,0,0
-66.489334,6.175478,0.0,0,0
-66.42423,7.53357,0.0,0,0
-66.34598,8.882967,0.0,0,0
-66.25549,10.222838,0.0,0,0
-66.152054,11.55108,0.0,0,0
-66.036736,12.867297,0.0,0,0
-65.908905,14.169398,0.0,0,0
-65.769516,15.45714,0.0,0,0
-65.61819,16.728714,0.0,0,0
-65.45565,17.983852,0.0,0,0
-65.28179,19.221169,0.0,0,0
-65.09712,20.440275,0.0,0,0
-64.90179,21.640306,0.0,0,0
-64.69608,22.820679,0.0,0,0
-64.48039,23.98109,0.0,0,0
-64.2548,25.120714,0.0,0,0
-64.019905,26.239845,0.0,0,0
-63.775616,27.337362,0.0,0,0
-63.522697,28.41416,0.0,0,0
-63.260906,29.468801,0.0,0,0
-62.99112,30.502716,0.0,0,0
-62.713028,31.514301,0.0,0,0
-62.427483,32.50515,0.0,0,0
-62.134315,33.47406,0.0,0,0
-61.834167,34.42224,0.0,0,0
-61.527042,35.349045,0.0,0,0
-61.213417,36.255314,0.0,0,0
-60.89341,37.14089,0.0,0,0
-60.567368,38.006256,0.0,0,0
-60.235535,38.85173,0.0,0,0
-59.898094,39.67742,0.0,0,0
-59.555412,40.484077,0.0,0,0
-59.207558,41.27147,0.0,0,0
-58.854965,42.040745,0.0,0,0
-58.49762,42.791332,0.0,0,0
-58.135994,43.524734,0.0,0,0
-57.77001,44.240074,0.0,0,0
-57.400158,44.93903,0.0,0,0
-57.026382,45.620842,0.0,0,0
-56.649082,46.286907,0.0,0,0
-56.268272,46.936813,0.0,0,0
-55.884262,47.571587,0.0,0,0
-55.497128,48.191147,0.0,0,0
-55.10709,48.796204,0.0,0,0
-54.714283,49.386963,0.0,0,0
-54.318863,49.963825,0.0,0,0
-53.920998,50.527287,0.0,0,0
-53.52079,51.077446,0.0,0,0
-53.11844,51.615047,0.0,0,0
-52.713997,52.13993,0.0,0,0
-52.30769,52.65307,0.0,0,0
-51.899532,53.154053,0.0,0,0
-51.489758,53.644012,0.0,0,0
-51.07836,54.12244,0.0,0,0
-50.66558,54.590416,0.0,0,0
-50.25141,55.047596,0.0,0,0
-49.836044,55.494804,0.0,0,0
-49.41952,55.931908,0.0,0,0
-49.001965,56.35949,0.0,0,0
-48.583458,56.77762,0.0,0,0
-48.869396,-57.44615,0.0,0,0
-49.291878,-57.032314,0.0,0,0
-49.71347,-56.608986,0.0,0,0
-50.1341,-56.17607,0.0,0,0
-50.55365,-55.732986,0.0,0,0
-50.972054,-55.27986,0.0,0,0
-51.38916,-54.81584,0.0,0,0
-51.804924,-54.34129,0.0,0,0
-52.219147,-53.85508,0.0,0,0
-52.63183,-53.35773,0.0,0,0
-53.042732,-52.84809,0.0,0,0
-53.451836,-52.32656,0.0,0,0
-53.858925,-51.792133,0.0,0,0
-54.263943,-51.24498,0.0,0,0
-54.66668,-50.68431,0.0,0,0
-55.06705,-50.110035,0.0,0,0
-55.464878,-49.521606,0.0,0,0
-55.86001,-48.918633,0.026552638,0,0
-56.2523,-48.30086,0.40442893,1,0
-56.64154,-47.667572,0.9544335,3,13
-57.027645,-47.01882,0.92771554,3,2
-57.410305,-46.35354,0.9810299,3,2
-57.78951,-45.672134,0.9445825,3,7
-58.16484,-44.973145,0.7226456,2,2
-58.536377,-44.25734,0.44616377,1,0
-58.903595,-43.522964,0.7677811,3,2
-59.266605,-42.770897,0.73740023,2,4
-59.624905,-41.999573,0.98731554,3,19
-59.978504,-41.20955,0.81631964,3,2
-60.326973,-40.399612,0.7033792,2,9
-60.670235,-39.569977,0.5903405,2,0
-61.00792,-38.71984,0.99129176,3,25
-61.339844,-37.849052,0.916401,3,5
-61.66573,-36.95725,0.9776328,3,9
-61.985256,-36.043903,0.20055087,0,0
-62.298283,-35.109146,0.0,0,0
-62.60431,-34.152046,0.0,0,0
-62.903347,-33.173283,0.0,0,0
-63.194717,-32.17152,0.0,0,0
-63.478607,-31.147999,0.0,0,0
-63.754128,-30.101004,0.0,0,0
-64.02159,-29.032183,0.0,0,0
-64.280106,-27.939999,0.0,0,0
-64.52988,-26.825932,0.07669174,0,0
-64.77016,-25.688995,0.814098,3,5
-65.00101,-24.530346,0.8639858,3,5
-65.22181,-23.349628,0.22402252,0,0
-65.43247,-22.147701,0.0,0,0
-65.63258,-20.924839,0.0,0,0
-65.82185,-19.681644,0.0,0,0
-66.00009,-18.419003,0.0,0,0
-66.16678,-17.137314,0.0,0,0
-66.32202,-15.838029,0.0,0,0
-66.46506,-14.521416,0.0,0,0
-66.596275,-13.189394,0.0,0,0
-66.71467,-11.842209,0.0,0,0
-66.820915,-10.482092,0.0,0,0
-66.91386,-9.109463,0.0,0,0
-66.99425,-7.726569,0.0,0,0
-67.06115,-6.334306,0.0,0,0
-67.1151,-4.9346704,0.0,0,0
-67.15544,-3.5290036,0.0,0,0
-67.18251,-2.1191268,0.0,0,0
-67.196,-0.70666206,0.0,0,0
-67.196,0.70666206,0.0,0,0
-67.18251,2.1191268,0.0,0,0
-67.15544,3.5290036,0.0,0,0
-67.1151,4.9346704,0.0,0,0
-67.06115,6.334306,0.0,0,0
-66.99425,7.726569,0.0,0,0
-66.91386,9.109463,0.0,0,0
-66.820915,10.482092,0.0,0,0
-66.71467,11.842209,0.0,0,0
-66.596275,13.189394,0.0,0,0
-66.46506,14.521416,0.0,0,0
-66.32202,15.838029,0.0,0,0
-66.16678,17.137314,0.0,0,0
-66.00009,18.419003,0.0,0,0
-65.82185,19.681644,0.0,0,0
-65.63258,20.924839,0.0,0,0
-65.43247,22.147701,0.0,0,0
-65.22181,23.349628,0.0,0,0
-65.00101,24.530346,0.0,0,0
-64.77016,25.688995,0.0,0,0
-64.52988,26.825932,0.0,0,0
-64.280106,27.939999,0.0,0,0
-64.02159,29.032183,0.0,0,0
-63.754128,30.101004,0.0,0,0
-63.478607,31.147999,0.0,0,0
-63.194717,32.17152,0.0,0,0
-62.903347,33.173283,0.0,0,0
-62.60431,34.152046,0.0,0,0
-62.298283,35.109146,0.0,0,0
-61.985256,36.043903,0.0,0,0
-61.66573,36.95725,0.0,0,0
-61.339844,37.849052,0.0,0,0
-61.00792,38.71984,0.0,0,0
-60.670235,39.569977,0.0,0,0
-60.326973,40.399612,0.0,0,0
-59.978504,41.20955,0.0,0,0
-59.624905,41.999573,0.0,0,0
-59.266605,42.770897,0.0,0,0
-58.903595,43.522964,0.0,0,0
-58.536377,44.25734,0.0,0,0
-58.16484,44.973145,0.0,0,0
-57.78951,45.672134,0.0,0,0
-57.410305,46.35354,0.0,0,0
-57.027645,47.01882,0.0,0,0
-56.64154,47.667572,0.0,0,0
-56.2523,48.30086,0.0,0,0
-55.86001,48.918633,0.0,0,0
-55.464878,49.521606,0.0,0,0
-55.06705,50.110035,0.0,0,0
-54.66668,50.68431,0.0,0,0
-54.263943,51.24498,0.0,0,0
-53.858925,51.792133,0.0,0,0
-53.451836,52.32656,0.0,0,0
-53.042732,52.84809,0.0,0,0
-52.63183,53.35773,0.0,0,0
-52.219147,53.85508,0.0,0,0
-51.804924,54.34129,0.0,0,0
-51.38916,54.81584,0.0,0,0
-50.972054,55.27986,0.0,0,0
-50.55365,55.732986,0.0,0,0
-50.1341,56.17607,0.0,0,0
-49.71347,56.608986,0.0,0,0
-49.291878,57.032314,0.0,0,0
-48.869396,57.44615,0.0,0,0
-49.150734,-58.12454,0.0,0,0
-49.57718,-57.715294,0.0,0,0
-50.0028,-57.29651,0.0,0,0
-50.42753,-56.868103,0.0,0,0
-50.851246,-56.42946,0.0,0,0
-51.273884,-55.98071,0.0,0,0
-51.69529,-55.520985,0.0,0,0
-52.11544,-55.050644,0.0,0,0
-52.53411,-54.568546,0.0,0,0
-52.951313,-54.075203,0.0,0,0
-53.366814,-53.569435,0.0,0,0
-53.78059,-53.051632,0.0,0,0
-54.192425,-52.52078,0.0,0,0
-54.602257,-51.977024,0.0,0,0
-55.009903,-51.41957,0.0,0,0
-55.415245,-50.84829,0.0,0,0
-55.81812,-50.262627,0.0,0,0
-56.218365,-49.66217,0.044736158,0,0
-56.615852,-49.04664,0.7256317,2,2
-57.01037,-48.41528,0.571171,2,0
-57.401806,-47.76814,0.9263535,3,11
-57.78988,-47.104088,0.55989295,2,0
-58.174564,-46.42355,0.7792166,3,13
-58.55544,-45.724995,0.9248187,3,13
-58.93259,-45.00918,0.7815932,3,5
-59.30549,-44.2743,0.3654859,1,0
-59.674232,-43.52121,0.8361771,3,10
-60.038315,-42.74829,0.9778955,3,41
-60.397755,-41.956074,0.99284226,3,34
-60.752117,-41.14329,0.7076657,2,2
-61.101307,-40.310123,0.21294929,0,0
-61.444958,-39.455723,0.42356497,1,0
-61.78287,-38.57988,0.6899784,2,3
-62.114777,-37.68221,0.9463352,3,24
-62.440334,-36.762104,0.0678254,0,0
-62.759396,-35.81968,0.0,0,0
-63.071453,-34.85392,0.0,0,0
-63.37651,-33.865494,0.0,0,0
-63.673878,-32.852974,0.0,0,0
-63.963722,-31.817616,0.0,0,0
-64.24515,-30.757578,0.0,0,0
-64.51846,-29.674559,0.0,0,0
-64.78274,-28.566887,0.0,0,0
-65.03819,-27.436092,0.30516928,1,0
-65.284035,-26.281086,0.8267074,3,4
-65.52033,-25.103064,0.3885,1,0
-65.746445,-23.901604,0.0,0,0
-65.96226,-22.677574,0.0,0,0
-66.16734,-21.431248,0.0,0,0
-66.361374,-20.163218,0.0,0,0
-66.544174,-18.87441,0.0,0,0
-66.71521,-17.565216,0.0,0,0
-66.874535,-16.237158,0.0,0,0
-67.021385,-14.890507,0.0,0,0
-67.156136,-13.527298,0.0,0,0
-67.27776,-12.147778,0.0,0,0
-67.38694,-10.7543335,0.0,0,0
-67.48245,-9.347398,0.0,0,0
-67.5651,-7.929388,0.0,0,0
-67.63388,-6.5012636,0.0,0,0
-67.689354,-5.065174,0.0,0,0
-67.73084,-3.6225665,0.0,0,0
-67.75869,-2.1754055,0.0,0,0
-67.77256,-0.7254449,0.0,0,0
-67.77256,0.7254449,0.0,0,0
-67.75869,2.1754055,0.0,0,0
-67.73084,3.6225665,0.0,0,0
-67.689354,5.065174,0.0,0,0
-67.63388,6.5012636,0.0,0,0
-67.5651,7.929388,0.0,0,0
-67.48245,9.347398,0.0,0,0
-67.38694,10.7543335,0.0,0,0
-67.27776,12.147778,0.0,0,0
-67.156136,13.527298,0.0,0,0
-67.021385,14.890507,0.0,0,0
-66.874535,16.237158,0.0,0,0
-66.71521,17.565216,0.0,0,0
-66.544174,18.87441,0.0,0,0
-66.361374,20.163218,0.0,0,0
-66.16734,21.431248,0.0,0,0
-65.96226,22.677574,0.0,0,0
-65.746445,23.901604,0.0,0,0
-65.52033,25.103064,0.0,0,0
-65.284035,26.281086,0.0,0,0
-65.03819,27.436092,0.0,0,0
-64.78274,28.566887,0.0,0,0
-64.51846,29.674559,0.0,0,0
-64.24515,30.757578,0.0,0,0
-63.963722,31.817616,0.0,0,0
-63.673878,32.852974,0.0,0,0
-63.37651,33.865494,0.0,0,0
-63.071453,34.85392,0.0,0,0
-62.759396,35.81968,0.0,0,0
-62.440334,36.762104,0.0,0,0
-62.114777,37.68221,0.0,0,0
-61.78287,38.57988,0.0,0,0
-61.444958,39.455723,0.0,0,0
-61.101307,40.310123,0.0,0,0
-60.752117,41.14329,0.0,0,0
-60.397755,41.956074,0.0,0,0
-60.038315,42.74829,0.0,0,0
-59.674232,43.52121,0.0,0,0
-59.30549,44.2743,0.0,0,0
-58.93259,45.00918,0.0,0,0
-58.55544,45.724995,0.0,0,0
-58.174564,46.42355,0.0,0,0
-57.78988,47.104088,0.0,0,0
-57.401806,47.76814,0.0,0,0
-57.01037,48.41528,0.0,0,0
-56.615852,49.04664,0.0,0,0
-56.218365,49.66217,0.0,0,0
-55.81812,50.262627,0.0,0,0
-55.415245,50.84829,0.0,0,0
-55.009903,51.41957,0.0,0,0
-54.602257,51.977024,0.0,0,0
-54.192425,52.52078,0.0,0,0
-53.78059,53.051632,0.0,0,0
-53.366814,53.569435,0.0,0,0
-52.951313,54.075203,0.0,0,0
-52.53411,54.568546,0.0,0,0
-52.11544,55.050644,0.0,0,0
-51.69529,55.520985,0.0,0,0
-51.273884,55.98071,0.0,0,0
-50.851246,56.42946,0.0,0,0
-50.42753,56.868103,0.0,0,0
-50.0028,57.29651,0.0,0,0
-49.57718,57.715294,0.0,0,0
-49.150734,58.12454,0.0,0,0
-49.42705,-58.813408,0.0,0,0
-49.857433,-58.409073,0.0,0,0
-50.28707,-57.995163,0.0,0,0
-50.715878,-57.571587,0.0,0,0
-51.143738,-57.13774,0.0,0,0
-51.570602,-56.69372,0.0,0,0
-51.996307,-56.23867,0.0,0,0
-52.420822,-55.772926,0.0,0,0
-52.84395,-55.295322,0.0,0,0
-53.26567,-54.806374,0.0,0,0
-53.68577,-54.304893,0.0,0,0
-54.104218,-53.791256,0.0,0,0
-54.520813,-53.264412,0.0,0,0
-54.93548,-52.72451,0.0,0,0
-55.34803,-52.170723,0.0,0,0
-55.75837,-51.602913,0.0,0,0
-56.166306,-51.0205,0.0,0,0
-56.571705,-50.423042,0.013164892,0,0
-56.974426,-49.81024,0.19624959,0,0
-57.374237,-49.18132,0.9881183,3,2
-57.77107,-48.536297,0.86826926,3,1
-58.164604,-47.874016,0.70265806,2,1
-58.554825,-47.19487,0.97333777,3,4
-58.941315,-46.49727,0.68870616,2,1
-59.324135,-45.78198,0.3313962,1,0
-59.702785,-45.04712,0.51609665,2,0
-60.07734,-44.293537,0.9684998,3,26
-60.44731,-43.519547,0.9999082,3,60
-60.812687,-42.725655,0.98468834,3,62
-61.17304,-41.91053,0.8966324,3,12
-61.528267,-41.07433,0.89637786,3,7
-61.878002,-40.21613,0.18690485,0,0
-62.22204,-39.335693,0.9656892,3,8
-62.56009,-38.432575,0.7347163,2,4
-62.89182,-37.50611,0.07339066,0,0
-63.217064,-36.556374,0.0,0,0
-63.535316,-35.58228,0.0,0,0
-63.846558,-34.584465,0.0,0,0
-64.1501,-33.5614,0.0,0,0
-64.446075,-32.514362,0.0,0,0
-64.7336,-31.44137,0.0,0,0
-65.012955,-30.344162,0.0,0,0
-65.28319,-29.22094,0.0,0,0
-65.54454,-28.073265,0.21068816,0,0
-65.79616,-26.89995,0.9305629,3,7
-66.03811,-25.702202,0.71812594,2,2
-66.26974,-24.479546,0.020080665,0,0
-66.49091,-23.232855,0.0,0,0
-66.70117,-21.962376,0.0,0,0
-66.90021,-20.66871,0.0,0,0
-67.087776,-19.352808,0.0,0,0
-67.263336,-18.015053,0.0,0,0
-67.42694,-16.657047,0.0,0,0
-67.5778,-15.279055,0.0,0,0
-67.71626,-13.88324,0.0,0,0
-67.84128,-12.469841,0.0,0,0
-67.95352,-11.041418,0.0,0,0
-68.05176,-9.598421,0.0,0,0
-68.136765,-8.143454,0.0,0,0
-68.207535,-6.677539,0.0,0,0
-68.26462,-5.203,0.0,0,0
-68.30731,-3.7213984,0.0,0,0
-68.335976,-2.2348614,0.0,0,0
-68.35025,-0.7452898,0.0,0,0
-68.35025,0.7452898,0.0,0,0
-68.335976,2.2348614,0.0,0,0
-68.30731,3.7213984,0.0,0,0
-68.26462,5.203,0.0,0,0
-68.207535,6.677539,0.0,0,0
-68.136765,8.143454,0.0,0,0
-68.05176,9.598421,0.0,0,0
-67.95352,11.041418,0.019498289,0,0
-67.84128,12.469841,0.0,0,0
-67.71626,13.88324,0.0,0,0
-67.5778,15.279055,0.0,0,0
-67.42694,16.657047,0.0,0,0
-67.263336,18.015053,0.0,0,0
-67.087776,19.352808,0.0,0,0
-66.90021,20.66871,0.0,0,0
-66.70117,21.962376,0.0,0,0
-66.49091,23.232855,0.0,0,0
-66.26974,24.479546,0.0,0,0
-66.03811,25.702202,0.0,0,0
-65.79616,26.89995,0.0,0,0
-65.54454,28.073265,0.0,0,0
-65.28319,29.22094,0.0,0,0
-65.012955,30.344162,0.0,0,0
-64.7336,31.44137,0.0,0,0
-64.446075,32.514362,0.0,0,0
-64.1501,33.5614,0.0,0,0
-63.846558,34.584465,0.0,0,0
-63.535316,35.58228,0.0,0,0
-63.217064,36.556374,0.0,0,0
-62.89182,37.50611,0.0,0,0
-62.56009,38.432575,0.0,0,0
-62.22204,39.335693,0.0,0,0
-61.878002,40.21613,0.0,0,0
-61.528267,41.07433,0.0,0,0
-61.17304,41.91053,0.0,0,0
-60.812687,42.725655,0.0,0,0
-60.44731,43.519547,0.0,0,0
-60.07734,44.293537,0.0,0,0
-59.702785,45.04712,0.0,0,0
-59.324135,45.78198,0.0,0,0
-58.941315,46.49727,0.0,0,0
-58.554825,47.19487,0.0,0,0
-58.164604,47.874016,0.0,0,0
-57.77107,48.536297,0.0,0,0
-57.374237,49.18132,0.0,0,0
-56.974426,49.81024,0.0,0,0
-56.571705,50.423042,0.0,0,0
-56.166306,51.0205,0.0,0,0
-55.75837,51.602913,0.0,0,0
-55.34803,52.170723,0.0,0,0
-54.93548,52.72451,0.0,0,0
-54.520813,53.264412,0.0,0,0
-54.104218,53.791256,0.0,0,0
-53.68577,54.304893,0.0,0,0
-53.26567,54.806374,0.0,0,0
-52.84395,55.295322,0.0,0,0
-52.420822,55.772926,0.0,0,0
-51.996307,56.23867,0.0,0,0
-51.570602,56.69372,0.0,0,0
-51.143738,57.13774,0.0,0,0
-50.715878,57.571587,0.0,0,0
-50.28707,57.995163,0.0,0,0
-49.857433,58.409073,0.0,0,0
-49.42705,58.813408,0.0,0,0
-49.69847,-59.512222,0.0,0,0
-50.13277,-59.1131,0.0,0,0
-50.56639,-58.70438,0.0,0,0
-50.99926,-58.285973,0.0,0,0
-51.43126,-57.857254,0.0,0,0
-51.862328,-57.418316,0.0,0,0
-52.29232,-56.968292,0.0,0,0
-52.72119,-56.50751,0.0,0,0
-53.148754,-56.0348,0.0,0,0
-53.574993,-55.550655,0.0,0,0
-53.999683,-55.053867,0.0,0,0
-54.422813,-54.544804,0.0,0,0
-54.844166,-54.0224,0.0,0,0
-55.26367,-53.486794,0.0,0,0
-55.681145,-52.937126,0.0,0,0
-56.09648,-52.373257,0.0,0,0
-56.509514,-51.794567,0.12674801,0,0
-56.920086,-51.2006,0.6656753,2,1
-57.32806,-50.591034,0.16782528,0,0
-57.73321,-49.96506,0.9847686,3,3
-58.135464,-49.322678,0.9482485,3,2
-58.5345,-48.66268,0.885448,3,4
-58.930298,-47.98546,0.96956575,3,8
-59.32246,-47.28936,0.91513884,3,9
-59.71102,-46.57514,0.5326728,2,0
-60.09549,-45.84084,0.37274227,1,0
-60.47593,-45.087315,0.6350754,2,4
-60.851856,-44.312786,0.5105728,2,0
-61.223263,-43.517757,0.9711197,3,19
-61.5897,-42.700825,0.84921706,3,2
-61.95107,-41.862106,0.9983799,3,30
-62.307,-41.000618,0.18089825,0,0
-62.657276,-40.116077,0.9558708,3,17
-63.00161,-39.20797,0.62113076,2,1
-63.339653,-38.275574,0.19126023,0,0
-63.671227,-37.31893,0.0,0,0
-63.99582,-36.33685,0.0,0,0
-64.31341,-35.329967,0.0,0,0
-64.623276,-34.296627,0.0,0,0
-64.925575,-33.238113,0.0,0,0
-65.219376,-32.152306,0.0,0,0
-65.50497,-31.040977,0.0,0,0
-65.78137,-29.902187,0.0,0,0
-66.0488,-28.73753,0.06817916,0,0
-66.3064,-27.545704,0.95767033,3,2
-66.554214,-26.327934,0.34298664,1,0
-66.79157,-25.083664,0.0,0,0
-67.01831,-23.813787,0.0,0,0
-67.233986,-22.518515,0.0,0,0
-67.4382,-21.19844,0.0,0,0
-67.63076,-19.85454,0.0,0,0
-67.81105,-18.487186,0.0,0,0
-67.97914,-17.09807,0.0,0,0
-68.134186,-15.687437,0.0,0,0
-68.276535,-14.257587,0.0,0,0
-68.40511,-12.808758,0.0,0,0
-68.520584,-11.343687,0.0,0,0
-68.62167,-9.862848,0.0,0,0
-68.709175,-8.369043,0.0,0,0
-68.78203,-6.8633685,0.0,0,0
-68.8408,-5.348337,0.0,0,0
-68.884766,-3.8256388,0.0,0,0
-68.91429,-2.2975807,0.07429713,0,0
-68.92899,-0.7662252,0.1894626,0,0
-68.92899,0.7662252,0.07538331,0,0
-68.91429,2.2975807,0.0,0,0
-68.884766,3.8256388,0.0,0,0
-68.8408,5.348337,0.03209654,0,0
-68.78203,6.8633685,0.16568619,0,0
-68.709175,8.369043,0.10294899,0,0
-68.62167,9.862848,0.25379995,1,0
-68.520584,11.343687,0.80039036,3,2
-68.40511,12.808758,0.20635131,0,0
-68.276535,14.257587,0.033409685,0,0
-68.134186,15.687437,0.0,0,0
-67.97914,17.09807,0.0,0,0
-67.81105,18.487186,0.0,0,0
-67.63076,19.85454,0.0,0,0
-67.4382,21.19844,0.0,0,0
-67.233986,22.518515,0.0,0,0
-67.01831,23.813787,0.0,0,0
-66.79157,25.083664,0.0,0,0
-66.554214,26.327934,0.0,0,0
-66.3064,27.545704,0.0,0,0
-66.0488,28.73753,0.0,0,0
-65.78137,29.902187,0.0,0,0
-65.50497,31.040977,0.0,0,0
-65.219376,32.152306,0.0,0,0
-64.925575,33.238113,0.0,0,0
-64.623276,34.296627,0.0,0,0
-64.31341,35.329967,0.0,0,0
-63.99582,36.33685,0.0,0,0
-63.671227,37.31893,0.0,0,0
-63.339653,38.275574,0.0,0,0
-63.00161,39.20797,0.0,0,0
-62.657276,40.116077,0.0,0,0
-62.307,41.000618,0.0,0,0
-61.95107,41.862106,0.0,0,0
-61.5897,42.700825,0.0,0,0
-61.223263,43.517757,0.0,0,0
-60.851856,44.312786,0.0,0,0
-60.47593,45.087315,0.0,0,0
-60.09549,45.84084,0.0,0,0
-59.71102,46.57514,0.0,0,0
-59.32246,47.28936,0.0,0,0
-58.930298,47.98546,0.0,0,0
-58.5345,48.66268,0.0,0,0
-58.135464,49.322678,0.0,0,0
-57.73321,49.96506,0.0,0,0
-57.32806,50.591034,0.0,0,0
-56.920086,51.2006,0.0,0,0
-56.509514,51.794567,0.0,0,0
-56.09648,52.373257,0.0,0,0
-55.681145,52.937126,0.0,0,0
-55.26367,53.486794,0.0,0,0
-54.844166,54.0224,0.0,0,0
-54.422813,54.544804,0.0,0,0
-53.999683,55.053867,0.0,0,0
-53.574993,55.550655,0.0,0,0
-53.148754,56.0348,0.0,0,0
-52.72119,56.50751,0.0,0,0
-52.29232,56.968292,0.0,0,0
-51.862328,57.418316,0.0,0,0
-51.43126,57.857254,0.0,0,0
-50.99926,58.285973,0.0,0,0
-50.56639,58.70438,0.0,0,0
-50.13277,59.1131,0.0,0,0
-49.69847,59.512222,0.0,0,0
-49.9647,-60.221275,0.0,0,0
-50.402885,-59.827686,0.0,0,0
-50.840473,-59.424503,0.0,0,0
-51.277378,-59.011604,0.0,0,0
-51.713486,-58.588367,0.0,0,0
-52.14875,-58.154892,0.0,0,0
-52.582996,-57.71028,0.0,0,0
-53.016216,-57.25486,0.0,0,0
-53.448204,-56.78744,0.0,0,0
-53.87895,-56.308514,0.0,0,0
-54.308228,-55.816856,0.0,0,0
-54.73603,-55.312817,0.0,0,0
-55.162132,-54.795326,0.0,0,0
-55.58648,-54.26449,0.0,0,0
-56.008884,-53.719437,0.0,0,0
-56.429237,-53.160004,0.053090427,0,0
-56.84737,-52.585556,0.6778259,2,1
-57.263134,-51.99561,0.7304068,2,1
-57.676384,-51.389816,0.94661796,3,2
-58.086906,-50.76734,0.8898112,3,3
-58.494614,-50.128166,0.8729649,3,5
-58.899193,-49.47104,0.98603976,3,19
-59.30062,-48.796318,0.9871254,3,30
-59.698498,-48.10231,0.9524869,3,6
-60.092857,-47.38976,0.3398345,1,0
-60.483204,-46.65663,0.09788357,0,0
-60.869606,-45.90377,0.5209388,2,0
-61.251575,-45.129314,0.7825182,3,8
-61.629093,-44.333755,0.99673873,3,37
-62.00171,-43.515606,0.62795955,2,1
-62.369328,-42.67497,0.9587018,3,40
-62.73157,-41.81077,0.26735994,1,0
-63.088203,-40.922676,0.75528467,3,5
-63.438953,-40.010124,0.9999944,3,7
-63.78344,-39.072315,0.34183642,1,0
-64.1215,-38.10924,0.0,0,0
-64.4526,-37.11961,0.0,0,0
-64.7767,-36.10405,0.024310702,0,0
-65.09308,-35.060757,0.0,0,0
-65.40188,-33.991047,0.0,0,0
-65.702156,-32.892624,0.0,0,0
-65.99416,-31.767307,0.0,0,0
-66.27695,-30.612982,0.0,0,0
-66.55067,-29.431292,0.0,0,0
-66.814476,-28.220787,0.10113404,0,0
-67.06838,-26.982723,0.023385732,0,0
-67.3117,-25.716448,0.0,0,0
-67.54425,-24.422855,0.0,0,0
-67.76554,-23.102123,0.0,0,0
-67.97519,-21.754833,0.0,0,0
-68.17295,-20.381985,0.0,0,0
-68.35821,-18.983936,0.0,0,0
-68.53099,-17.562458,0.0,0,0
-68.69043,-16.117775,0.0,0,0
-68.836876,-14.652342,0.0,0,0
-68.96919,-13.16638,0.0,0,0
-69.08806,-11.662832,0.0,0,0
-69.192154,-10.142183,0.0,0,0
-69.28227,-8.60746,0.0,0,0
-69.35733,-7.0598416,0.025721047,0,0
-69.417885,-5.5020475,0.30679154,1,0
-69.4632,-3.935911,0.4968771,1,0
-69.49364,-2.3639398,0.725109,2,1
-69.50879,-0.7883775,0.9940219,3,15
-69.50879,0.7883775,0.92427784,3,6
-69.49364,2.3639398,0.3477982,1,0
-69.4632,3.935911,0.24024212,0,0
-69.417885,5.5020475,0.6291531,2,1
-69.35733,7.0598416,0.9620318,3,6
-69.28227,8.60746,0.711026,2,1
-69.192154,10.142183,0.9006122,3,2
-69.08806,11.662832,0.9953509,3,17
-68.96919,13.16638,0.9327274,3,16
-68.836876,14.652342,0.7853323,3,5
-68.69043,16.117775,0.40835437,1,0
-68.53099,17.562458,0.021674806,0,0
-68.35821,18.983936,0.0,0,0
-68.17295,20.381985,0.0,0,0
-67.97519,21.754833,0.0,0,0
-67.76554,23.102123,0.0,0,0
-67.54425,24.422855,0.0,0,0
-67.3117,25.716448,0.0,0,0
-67.06838,26.982723,0.0,0,0
-66.814476,28.220787,0.0,0,0
-66.55067,29.431292,0.0,0,0
-66.27695,30.612982,0.0,0,0
-65.99416,31.767307,0.0,0,0
-65.702156,32.892624,0.0,0,0
-65.40188,33.991047,0.0,0,0
-65.09308,35.060757,0.0,0,0
-64.7767,36.10405,0.0,0,0
-64.4526,37.11961,0.0,0,0
-64.1215,38.10924,0.0,0,0
-63.78344,39.072315,0.0,0,0
-63.438953,40.010124,0.0,0,0
-63.088203,40.922676,0.0,0,0
-62.73157,41.81077,0.0,0,0
-62.369328,42.67497,0.0,0,0
-62.00171,43.515606,0.0,0,0
-61.629093,44.333755,0.0,0,0
-61.251575,45.129314,0.0,0,0
-60.869606,45.90377,0.0,0,0
-60.483204,46.65663,0.0,0,0
-60.092857,47.38976,0.0,0,0
-59.698498,48.10231,0.0,0,0
-59.30062,48.796318,0.0,0,0
-58.899193,49.47104,0.0,0,0
-58.494614,50.128166,0.0,0,0
-58.086906,50.76734,0.0,0,0
-57.676384,51.389816,0.0,0,0
-57.263134,51.99561,0.0,0,0
-56.84737,52.585556,0.0,0,0
-56.429237,53.160004,0.0,0,0
-56.008884,53.719437,0.0,0,0
-55.58648,54.26449,0.0,0,0
-55.162132,54.795326,0.0,0,0
-54.73603,55.312817,0.0,0,0
-54.308228,55.816856,0.0,0,0
-53.87895,56.308514,0.0,0,0
-53.448204,56.78744,0.0,0,0
-53.016216,57.25486,0.0,0,0
-52.582996,57.71028,0.0,0,0
-52.14875,58.154892,0.0,0,0
-51.713486,58.588367,0.0,0,0
-51.277378,59.011604,0.0,0,0
-50.840473,59.424503,0.0,0,0
-50.402885,59.827686,0.0,0,0
-49.9647,60.221275,0.0,0,0
-50.225582,-60.940582,0.0,0,0
-50.667633,-60.552856,0.0,0,0
-51.10915,-60.15554,0.0,0,0
-51.550064,-59.748505,0.0,0,0
-51.990257,-59.331127,0.0,0,0
-52.429672,-58.903484,0.0,0,0
-52.86817,-58.46468,0.0,0,0
-53.305714,-58.015022,0.0,0,0
-53.74211,-57.55332,0.0,0,0
-54.177338,-57.08006,0.0,0,0
-54.6112,-56.59398,0.0,0,0
-55.043655,-56.095436,0.0,0,0
-55.474506,-55.58333,0.0,0,0
-55.9037,-55.057762,0.0,0,0
-56.331028,-54.517834,0.0,0,0
-56.7564,-53.963364,0.034869798,0,0
-57.17964,-53.3937,0.5720467,2,0
-57.600613,-52.808334,0.6593179,2,1
-58.019157,-52.2069,0.6635267,2,1
-58.435074,-51.588516,0.590907,2,0
-58.84826,-50.95314,0.9588109,3,6
-59.258415,-50.299484,0.9994869,3,9
-59.665512,-49.627907,0.9923859,3,10
-60.069153,-48.93663,0.8239686,3,9
-60.469368,-48.226395,0.5671563,2,0
-60.86566,-47.495083,0.10494451,0,0
-61.258095,-46.74354,0.95954996,3,7
-61.64617,-45.969826,0.95593196,3,55
-62.029884,-45.1744,0.9905285,3,54
-62.408783,-44.355705,0.99515396,3,20
-62.78275,-43.513786,0.789907,3,19
-63.151413,-42.647522,0.97750527,3,8
-63.51453,-41.75651,0.99870723,3,7
-63.87182,-40.840122,0.34814677,1,0
-64.2229,-39.897476,0.035356052,0,0
-64.56758,-38.92852,0.18972875,0,0
-64.90535,-37.93186,0.2714329,1,0
-65.23613,-36.908085,0.7493003,2,6
-65.559204,-35.855263,0.2757942,1,0
-65.874695,-34.774704,0.0,0,0
-66.18164,-33.663944,0.0,0,0
-66.4803,-32.524834,0.0,0,0
-66.76965,-31.35508,0.0,0,0
-67.049904,-30.156357,0.0,0,0
-67.32015,-28.927067,0.0,0,0
-67.58039,-27.668478,0.0,0,0
-67.829895,-26.379833,0.0,0,0
-68.0685,-25.062027,0.0,0,0
-68.29566,-23.715183,0.0,0,0
-68.51098,-22.339872,0.0,0,0
-68.714195,-20.937107,0.0,0,0
-68.90465,-19.507221,0.0,0,0
-69.08235,-18.052074,0.0,0,0
-69.24641,-16.571861,0.0,0,0
-69.397156,-15.0692005,0.0,0,0
-69.53342,-13.544292,0.0,0,0
-69.65585,-12.000299,0.0,0,0
-69.76312,-10.437726,0.06201993,0,0
-69.85602,-8.8598385,0.26948845,1,0
-69.933395,-7.267906,0.6363288,2,1
-69.99585,-5.6648836,0.9777944,3,14
-70.04259,-4.0527606,0.9510497,3,16
-70.073975,-2.4342692,0.9469327,3,17
-70.0896,-0.81185734,0.3182333,1,0
-70.0896,0.81185734,0.6783209,2,3
-70.073975,2.4342692,0.936182,3,16
-70.04259,4.0527606,0.98019737,3,26
-69.99585,5.6648836,0.93918246,3,16
-69.933395,7.267906,0.96349907,3,21
-69.85602,8.8598385,0.97932357,3,16
-69.76312,10.437726,0.99886394,3,27
-69.65585,12.000299,0.9721117,3,29
-69.53342,13.544292,0.89395404,3,30
-69.397156,15.0692005,0.87322986,3,12
-69.24641,16.571861,0.99742883,3,59
-69.08235,18.052074,0.56980056,2,0
-68.90465,19.507221,0.07171945,0,0
-68.714195,20.937107,0.0,0,0
-68.51098,22.339872,0.0,0,0
-68.29566,23.715183,0.0,0,0
-68.0685,25.062027,0.0,0,0
-67.829895,26.379833,0.0,0,0
-67.58039,27.668478,0.0,0,0
-67.32015,28.927067,0.0,0,0
-67.049904,30.156357,0.0,0,0
-66.76965,31.35508,0.0,0,0
-66.4803,32.524834,0.0,0,0
-66.18164,33.663944,0.0,0,0
-65.874695,34.774704,0.0,0,0
-65.559204,35.855263,0.0,0,0
-65.23613,36.908085,0.0,0,0
-64.90535,37.93186,0.0,0,0
-64.56758,38.92852,0.0,0,0
-64.2229,39.897476,0.0,0,0
-63.87182,40.840122,0.0,0,0
-63.51453,41.75651,0.0,0,0
-63.151413,42.647522,0.0,0,0
-62.78275,43.513786,0.0,0,0
-62.408783,44.355705,0.0,0,0
-62.029884,45.1744,0.0,0,0
-61.64617,45.969826,0.0,0,0
-61.258095,46.74354,0.0,0,0
-60.86566,47.495083,0.0,0,0
-60.469368,48.226395,0.0,0,0
-60.069153,48.93663,0.0,0,0
-59.665512,49.627907,0.0,0,0
-59.258415,50.299484,0.0,0,0
-58.84826,50.95314,0.0,0,0
-58.435074,51.588516,0.0,0,0
-58.019157,52.2069,0.0,0,0
-57.600613,52.808334,0.0,0,0
-57.17964,53.3937,0.0,0,0
-56.7564,53.963364,0.0,0,0
-56.331028,54.517834,0.0,0,0
-55.9037,55.057762,0.0,0,0
-55.474506,55.58333,0.0,0,0
-55.043655,56.095436,0.0,0,0
-54.6112,56.59398,0.0,0,0
-54.177338,57.08006,0.0,0,0
-53.74211,57.55332,0.0,0,0
-53.305714,58.015022,0.0,0,0
-52.86817,58.46468,0.0,0,0
-52.429672,58.903484,0.0,0,0
-51.990257,59.331127,0.0,0,0
-51.550064,59.748505,0.0,0,0
-51.10915,60.15554,0.0,0,0
-50.667633,60.552856,0.0,0,0
-50.225582,60.940582,0.0,0,0
-50.48112,-61.66983,0.0,0,0
-50.927002,-61.288296,0.0,0,0
-51.372417,-60.89719,0.0,0,0
-51.817303,-60.49638,0.0,0,0
-52.261555,-60.085217,0.0,0,0
-52.705105,-59.663795,0.0,0,0
-53.147823,-59.23119,0.0,0,0
-53.589657,-58.787716,0.0,0,0
-54.030434,-58.332153,0.0,0,0
-54.47013,-57.86499,0.0,0,0
-54.90855,-57.38494,0.0,0,0
-55.345657,-56.89236,0.0,0,0
-55.78125,-56.386124,0.0,0,0
-56.215267,-55.866325,0.0,0,0
-56.64752,-55.332047,0.0,0,0
-57.077908,-54.783085,0.0,0,0
-57.506268,-54.218758,0.093698196,0,0
-57.932446,-53.638542,0.35251117,1,0
-58.356297,-53.042038,0.50493705,2,0
-58.777622,-52.428345,0.7881429,3,3
-59.19631,-51.797394,0.89918256,3,6
-59.612076,-51.147854,0.95950806,3,16
-60.024876,-50.480053,0.662833,2,2
-60.43432,-49.792168,0.9740704,3,51
-60.840424,-49.08492,0.982776,3,18
-61.242725,-48.356117,0.6972055,2,16
-61.641247,-47.60659,0.8341022,3,27
-62.035515,-46.834305,0.9479899,3,14
-62.4255,-46.039722,0.99559045,3,53
-62.81076,-45.221172,0.43577278,1,0
-63.191177,-44.37869,0.9427191,3,5
-63.566364,-43.511047,0.9540806,3,2
-63.93608,-42.617798,0.9717975,3,7
-64.300026,-41.698242,0.26539657,1,0
-64.65784,-40.751404,0.24475516,0,0
-65.0093,-39.77718,0.99857104,3,24
-65.35388,-38.77406,0.98505366,3,29
-65.691505,-37.742607,0.84081566,3,32
-66.02147,-36.68073,0.59281015,2,0
-66.34383,-35.58975,0.0116676325,0,0
-66.657646,-34.466995,0.0,0,0
-66.96315,-33.31436,0.0,0,0
-67.259315,-32.129356,0.0,0,0
-67.54632,-30.913666,0.0,0,0
-67.82323,-29.665546,0.0,0,0
-68.090034,-28.386265,0.0,0,0
-68.345985,-27.07494,0.0,0,0
-68.59088,-25.73246,0.0,0,0
-68.82417,-24.35889,0.0,0,0
-69.04541,-22.954777,0.0,0,0
-69.25432,-21.52114,0.0,0,0
-69.45022,-20.058275,0.0,0,0
-69.6331,-18.568134,0.0,0,0
-69.802,-17.050882,0.0,0,0
-69.957275,-15.509304,0.0,0,0
-70.09767,-13.943573,0.032872874,0,0
-70.22389,-12.357093,0.17461371,0,0
-70.33451,-10.750379,0.74279875,2,5
-70.430336,-9.126971,0.9908681,3,32
-70.510155,-7.4882336,0.990816,3,32
-70.574615,-5.83738,0.70613974,2,2
-70.62285,-4.176576,0.2004587,0,0
-70.65525,-2.5088048,0.18925823,0,0
-70.671394,-0.83674365,0.0,0,0
-70.671394,0.83674365,0.020359637,0,0
-70.65525,2.5088048,0.061199106,0,0
-70.62285,4.176576,0.14789678,0,0
-70.574615,5.83738,0.106352955,0,0
-70.510155,7.4882336,0.09458615,0,0
-70.430336,9.126971,0.091460966,0,0
-70.33451,10.750379,0.13353567,0,0
-70.22389,12.357093,0.2380145,0,0
-70.09767,13.943573,0.41498116,1,0
-69.957275,15.509304,0.105801076,0,0
-69.802,17.050882,0.77450645,3,3
-69.6331,18.568134,0.999682,3,68
-69.45022,20.058275,0.90344507,3,17
-69.25432,21.52114,0.33146676,1,0
-69.04541,22.954777,0.02061496,0,0
-68.82417,24.35889,0.0,0,0
-68.59088,25.73246,0.0,0,0
-68.345985,27.07494,0.0,0,0
-68.090034,28.386265,0.0,0,0
-67.82323,29.665546,0.031882957,0,0
-67.54632,30.913666,0.025197404,0,0
-67.259315,32.129356,0.06356726,0,0
-66.96315,33.31436,0.07760605,0,0
-66.657646,34.466995,0.0,0,0
-66.34383,35.58975,0.0,0,0
-66.02147,36.68073,0.0,0,0
-65.691505,37.742607,0.0,0,0
-65.35388,38.77406,0.0,0,0
-65.0093,39.77718,0.0,0,0
-64.65784,40.751404,0.0,0,0
-64.300026,41.698242,0.0,0,0
-63.93608,42.617798,0.0,0,0
-63.566364,43.511047,0.0,0,0
-63.191177,44.37869,0.0,0,0
-62.81076,45.221172,0.0,0,0
-62.4255,46.039722,0.0,0,0
-62.035515,46.834305,0.0,0,0
-61.641247,47.60659,0.0,0,0
-61.242725,48.356117,0.0,0,0
-60.840424,49.08492,0.0,0,0
-60.43432,49.792168,0.0,0,0
-60.024876,50.480053,0.0,0,0
-59.612076,51.147854,0.0,0,0
-59.19631,51.797394,0.0,0,0
-58.777622,52.428345,0.0,0,0
-58.356297,53.042038,0.0,0,0
-57.932446,53.638542,0.0,0,0
-57.506268,54.218758,0.0,0,0
-57.077908,54.783085,0.0,0,0
-56.64752,55.332047,0.0,0,0
-56.215267,55.866325,0.0,0,0
-55.78125,56.386124,0.0,0,0
-55.345657,56.89236,0.0,0,0
-54.90855,57.38494,0.0,0,0
-54.47013,57.86499,0.0,0,0
-54.030434,58.332153,0.0,0,0
-53.589657,58.787716,0.0,0,0
-53.147823,59.23119,0.0,0,0
-52.705105,59.663795,0.0,0,0
-52.261555,60.085217,0.0,0,0
-51.817303,60.49638,0.0,0,0
-51.372417,60.89719,0.0,0,0
-50.927002,61.288296,0.0,0,0
-50.48112,61.66983,0.0,0,0
-50.730858,-62.409576,0.0,0,0
-51.18051,-62.03459,0.0,0,0
-51.62979,-61.650063,0.0,0,0
-52.078613,-61.25585,0.0,0,0
-52.526886,-60.851307,0.0,0,0
-52.974533,-60.43651,0.0,0,0
-53.421432,-60.01053,0.0,0,0
-53.86753,-59.573677,0.0,0,0
-54.312668,-59.124714,0.0,0,0
-54.756805,-58.664127,0.0,0,0
-55.19976,-58.190605,0.0,0,0
-55.641487,-57.704514,0.0,0,0
-56.0818,-57.204685,0.0,0,0
-56.520634,-56.69121,0.0,0,0
-56.9578,-56.16314,0.0,0,0
-57.3932,-55.620277,0.0,0,0
-57.826668,-55.061897,0.0,0,0
-58.258057,-54.48746,0.0,0,0
-58.687225,-53.896545,0.013256673,0,0
-59.113968,-53.288216,0.61190945,2,1
-59.53818,-52.66238,0.7894247,3,2
-59.95957,-52.017662,0.96878016,3,13
-60.378105,-51.35437,0.80441654,3,11
-60.79339,-50.670624,0.40693367,1,0
-61.205437,-49.967125,0.685685,2,1
-61.613785,-49.241604,0.9985373,3,57
-62.018456,-48.49488,0.9556082,3,12
-62.41898,-47.72484,0.9243927,3,12
-62.815323,-46.9319,0.7893381,3,5
-63.20703,-46.11432,0.97610235,3,5
-63.59399,-45.272076,0.90790784,3,1
-63.975803,-44.40387,0.96905077,3,11
-64.35224,-43.509186,0.9368086,3,11
-64.72299,-42.587242,0.5132702,2,0
-65.08766,-41.636986,0.936048,3,11
-65.44605,-40.65824,0.99986106,3,55
-65.79762,-39.649372,0.64236236,2,1
-66.14228,-38.6109,0.9977371,3,17
-66.479294,-37.54058,0.94253445,3,15
-66.80875,-36.439713,0.44109467,1,0
-67.12965,-35.305435,0.024911582,0,0
-67.44222,-34.139656,0.0,0,0
-67.74544,-32.939667,0.0,0,0
-68.03942,-31.707186,0.0,0,0
-68.32326,-30.440266,0.0,0,0
-68.5969,-29.140177,0.0,0,0
-68.85957,-27.805908,0.0,0,0
-69.111046,-26.43832,0.0,0,0
-69.35073,-25.037403,0.0,0,0
-69.578186,-23.603664,0.0,0,0
-69.793076,-22.138134,0.0,0,0
-69.99469,-20.641058,0.0,0,0
-70.18301,-19.11448,0.0,0,0
-70.35703,-17.55851,0.0,0,0
-70.517075,-15.976117,0.0,0,0
-70.66187,-14.367446,0.17580527,0,0
-70.79208,-12.736158,0.98184425,3,10
-70.90624,-11.082781,0.9530065,3,30
-71.005165,-9.411152,0.53727925,2,0
-71.087616,-7.722742,0.1442104,0,0
-71.15418,-6.0210567,0.01131605,0,0
-71.20402,-4.308459,0.0,0,0
-71.23749,-2.5882144,0.0,0,0
-71.254166,-0.8632602,0.0,0,0
-71.254166,0.8632602,0.0,0,0
-71.23749,2.5882144,0.0,0,0
-71.20402,4.308459,0.0,0,0
-71.15418,6.0210567,0.0,0,0
-71.087616,7.722742,0.0,0,0
-71.005165,9.411152,0.0,0,0
-70.90624,11.082781,0.0,0,0
-70.79208,12.736158,0.0,0,0
-70.66187,14.367446,0.0,0,0
-70.517075,15.976117,0.0,0,0
-70.35703,17.55851,0.14193782,0,0
-70.18301,19.11448,0.34639683,1,0
-69.99469,20.641058,0.6739631,2,4
-69.793076,22.138134,0.9965756,3,33
-69.578186,23.603664,0.56443477,2,0
-69.35073,25.037403,0.37205192,1,0
-69.111046,26.43832,0.33768433,1,0
-68.85957,27.805908,0.3469473,1,0
-68.5969,29.140177,0.4787445,1,0
-68.32326,30.440266,0.6677795,2,1
-68.03942,31.707186,0.8480478,3,11
-67.74544,32.939667,0.9375912,3,13
-67.44222,34.139656,0.7060552,2,2
-67.12965,35.305435,0.053197403,0,0
-66.80875,36.439713,0.0,0,0
-66.479294,37.54058,0.0,0,0
-66.14228,38.6109,0.0,0,0
-65.79762,39.649372,0.0,0,0
-65.44605,40.65824,0.0,0,0
-65.08766,41.636986,0.0,0,0
-64.72299,42.587242,0.0,0,0
-64.35224,43.509186,0.0,0,0
-63.975803,44.40387,0.0,0,0
-63.59399,45.272076,0.0,0,0
-63.20703,46.11432,0.0,0,0
-62.815323,46.9319,0.0,0,0
-62.41898,47.72484,0.0,0,0
-62.018456,48.49488,0.0,0,0
-61.613785,49.241604,0.0,0,0
-61.205437,49.967125,0.0,0,0
-60.79339,50.670624,0.0,0,0
-60.378105,51.35437,0.0,0,0
-59.95957,52.017662,0.0,0,0
-59.53818,52.66238,0.0,0,0
-59.113968,53.288216,0.0,0,0
-58.687225,53.896545,0.0,0,0
-58.258057,54.48746,0.0,0,0
-57.826668,55.061897,0.0,0,0
-57.3932,55.620277,0.0,0,0
-56.9578,56.16314,0.0,0,0
-56.520634,56.69121,0.0,0,0
-56.0818,57.204685,0.0,0,0
-55.641487,57.704514,0.0,0,0
-55.19976,58.190605,0.0,0,0
-54.756805,58.664127,0.0,0,0
-54.312668,59.124714,0.0,0,0
-53.86753,59.573677,0.0,0,0
-53.421432,60.01053,0.0,0,0
-52.974533,60.43651,0.0,0,0
-52.526886,60.851307,0.0,0,0
-52.078613,61.25585,0.0,0,0
-51.62979,61.650063,0.0,0,0
-51.18051,62.03459,0.0,0,0
-50.730858,62.409576,0.0,0,0
-50.97495,-63.159172,0.0,0,0
-51.428352,-62.791084,0.0,0,0
-51.88145,-62.413483,0.0,0,0
-52.33417,-62.026245,0.0,0,0
-52.78642,-61.6287,0.0,0,0
-53.238125,-61.220924,0.0,0,0
-53.68917,-60.80199,0.0,0,0
-54.139503,-60.372185,0.0,0,0
-54.588963,-59.930283,0.0,0,0
-55.03751,-59.476727,0.0,0,0
-55.484966,-59.010227,0.0,0,0
-55.931297,-58.531105,0.0,0,0
-56.3763,-58.038208,0.0,0,0
-56.819927,-57.5316,0.0,0,0
-57.261993,-57.010307,0.0,0,0
-57.702385,-56.474113,0.0,0,0
-58.140953,-55.92229,0.0,0,0
-58.57755,-55.354256,0.0,0,0
-59.012035,-54.769585,0.042018883,0,0
-59.444195,-54.167274,0.6537524,2,2
-59.87394,-53.54725,0.93200916,3,14
-60.30098,-52.908062,0.966802,3,6
-60.725266,-52.250008,0.91945475,3,7
-61.146416,-51.571148,0.8987916,3,3
-61.56444,-50.87217,0.9962303,3,41
-61.97888,-50.15072,0.9861813,3,25
-62.389755,-49.4076,0.86837214,3,21
-62.79659,-48.640617,0.7316982,2,6
-63.199345,-47.850147,0.109407365,0,0
-63.597588,-47.034374,0.105391584,0,0
-63.99118,-46.193222,0.16514002,0,0
-64.37973,-45.32529,0.9985184,3,6
-64.762985,-44.43002,0.87422687,3,11
-65.14064,-43.506527,0.995917,3,21
-65.512314,-42.55367,0.5183259,2,0
-65.877785,-41.57119,0.20796327,0,0
-66.23649,-40.55734,0.026136102,0,0
-66.58835,-39.512573,0.31903163,1,0
-66.9326,-38.434486,0.7949509,3,4
-67.269325,-37.324356,0.99010766,3,36
-67.59752,-36.179096,0.1806732,0,0
-67.91739,-35.000633,0.0,0,0
-68.227875,-33.786026,0.0,0,0
-68.529106,-32.537003,0.0,0,0
-68.820114,-31.251396,0.0,0,0
-69.10085,-29.930489,0.0,0,0
-69.37051,-28.57309,0.0,0,0
-69.62883,-27.18004,0.0,0,0
-69.87521,-25.751232,0.0,0,0
-70.10915,-24.287125,0.0,0,0
-70.33031,-22.788742,0.0,0,0
-70.53793,-21.256262,0.0,0,0
-70.731964,-19.691824,0.0,0,0
-70.91137,-18.095478,0.0,0,0
-71.076454,-16.470383,0.10695434,0,0
-71.225876,-14.816641,0.865228,3,18
-71.36031,-13.138191,0.8489104,3,22
-71.47822,-11.435576,0.31156123,1,0
-71.58043,-9.712959,0.0,0,0
-71.66565,-7.971931,0.0,0,0
-71.73447,-6.216317,0.0,0,0
-71.785995,-4.4487047,0.0,0,0
-71.820625,-2.672679,0.0,0,0
-71.837875,-0.8914678,0.0,0,0
-71.837875,0.8914678,0.0,0,0
-71.820625,2.672679,0.0,0,0
-71.785995,4.4487047,0.0,0,0
-71.73447,6.216317,0.0,0,0
-71.66565,7.971931,0.0,0,0
-71.58043,9.712959,0.0,0,0
-71.47822,11.435576,0.0,0,0
-71.36031,13.138191,0.0,0,0
-71.225876,14.816641,0.0,0,0
-71.076454,16.470383,0.0,0,0
-70.91137,18.095478,0.0,0,0
-70.731964,19.691824,0.0,0,0
-70.53793,21.256262,0.096021816,0,0
-70.33031,22.788742,0.6664309,2,1
-70.10915,24.287125,0.99818504,3,40
-69.87521,25.751232,0.99712944,3,54
-69.62883,27.18004,0.9864125,3,27
-69.37051,28.57309,0.9835062,3,57
-69.10085,29.930489,0.88019663,3,38
-68.820114,31.251396,0.8856137,3,24
-68.529106,32.537003,0.9911936,3,43
-68.227875,33.786026,0.9905754,3,53
-67.91739,35.000633,0.9654084,3,42
-67.59752,36.179096,0.60233533,2,0
-67.269325,37.324356,0.12951542,0,0
-66.9326,38.434486,0.0,0,0
-66.58835,39.512573,0.0,0,0
-66.23649,40.55734,0.0,0,0
-65.877785,41.57119,0.0,0,0
-65.512314,42.55367,0.0,0,0
-65.14064,43.506527,0.0,0,0
-64.762985,44.43002,0.0,0,0
-64.37973,45.32529,0.0,0,0
-63.99118,46.193222,0.0,0,0
-63.597588,47.034374,0.0,0,0
-63.199345,47.850147,0.0,0,0
-62.79659,48.640617,0.0,0,0
-62.389755,49.4076,0.0,0,0
-61.97888,50.15072,0.0,0,0
-61.56444,50.87217,0.0,0,0
-61.146416,51.571148,0.0,0,0
-60.725266,52.250008,0.0,0,0
-60.30098,52.908062,0.0,0,0
-59.87394,53.54725,0.0,0,0
-59.444195,54.167274,0.0,0,0
-59.012035,54.769585,0.0,0,0
-58.57755,55.354256,0.0,0,0
-58.140953,55.92229,0.0,0,0
-57.702385,56.474113,0.0,0,0
-57.261993,57.010307,0.0,0,0
-56.819927,57.5316,0.0,0,0
-56.3763,58.038208,0.0,0,0
-55.931297,58.531105,0.0,0,0
-55.484966,59.010227,0.0,0,0
-55.03751,59.476727,0.0,0,0
-54.588963,59.930283,0.0,0,0
-54.139503,60.372185,0.0,0,0
-53.68917,60.80199,0.0,0,0
-53.238125,61.220924,0.0,0,0
-52.78642,61.6287,0.0,0,0
-52.33417,62.026245,0.0,0,0
-51.88145,62.413483,0.0,0,0
-51.428352,62.791084,0.0,0,0
-50.97495,63.159172,0.0,0,0
-51.213062,-63.918945,0.0,0,0
-51.67015,-63.5581,0.0,0,0
-52.12702,-63.187805,0.0,0,0
-52.583595,-62.807915,0.0,0,0
-53.03977,-62.417778,0.0,0,0
-53.49549,-62.017452,0.0,0,0
-53.95064,-61.605995,0.0,0,0
-54.40516,-61.183697,0.0,0,0
-54.858902,-60.749313,0.0,0,0
-55.31182,-60.30329,0.0,0,0
-55.763752,-59.844322,0.0,0,0
-56.214645,-59.37272,0.0,0,0
-56.664314,-58.887306,0.0,0,0
-57.112705,-58.388138,0.0,0,0
-57.55964,-57.874237,0.0,0,0
-58.005013,-57.345337,0.0,0,0
-58.448666,-56.80072,0.0,0,0
-58.890457,-56.23976,0.0,0,0
-59.330246,-55.662018,0.3084958,1,0
-59.76783,-55.066467,0.9062224,3,5
-60.203106,-54.452988,0.90222317,3,7
-60.635796,-53.82011,0.60682136,2,2
-61.06585,-53.1681,0.97327024,3,7
-61.492886,-52.49495,0.98452026,3,12
-61.916916,-51.801334,0.97867906,3,55
-62.337486,-51.084824,0.9875358,3,24
-62.754604,-50.346207,0.9155501,3,15
-63.16781,-49.583187,0.95880926,3,25
-63.577045,-48.79612,0.13568321,0,0
-63.98189,-47.983093,0.0,0,0
-64.38219,-47.143982,0.018584657,0,0
-64.777565,-46.2773,0.53324306,2,0
-65.167755,-45.382393,0.9971104,3,11
-65.55245,-44.45831,0.28579012,1,0
-65.93126,-43.50379,0.025970604,0,0
-66.30394,-42.51852,0.0,0,0
-66.669945,-41.500587,0.0,0,0
-67.029175,-40.450405,0.0,0,0
-67.38087,-39.365364,0.28833005,1,0
-67.72507,-38.246735,0.99872977,3,13
-68.06076,-37.09118,0.73825634,2,4
-68.38815,-35.900627,0.032801542,0,0
-68.70616,-34.67189,0.0,0,0
-69.014885,-33.406693,0.0,0,0
-69.31334,-32.102646,0.0,0,0
-69.60146,-30.760986,0.0,0,0
-69.878395,-29.380363,0.0,0,0
-70.143875,-27.961555,0.0,0,0
-70.39725,-26.504347,0.0,0,0
-70.63799,-25.009136,0.0,0,0
-70.86574,-23.476915,0.0,0,0
-71.079666,-21.90779,0.0,0,0
-71.279724,-20.303982,0.0,0,0
-71.46482,-18.665466,0.03878378,0,0
-71.63523,-16.995602,0.6214649,2,2
-71.78956,-15.294434,0.996788,3,22
-71.92847,-13.566214,0.13980053,0,0
-72.05036,-11.811481,0.0,0,0
-72.15607,-10.034769,0.0,0,0
-72.244225,-8.237796,0.0,0,0
-72.315445,-6.4247494,0.0,0,0
-72.36879,-4.598467,0.0,0,0
-72.404625,-2.7628975,0.0,0,0
-72.422485,-0.92160094,0.0,0,0
-72.422485,0.92160094,0.0,0,0
-72.404625,2.7628975,0.0,0,0
-72.36879,4.598467,0.0,0,0
-72.315445,6.4247494,0.0,0,0
-72.244225,8.237796,0.0,0,0
-72.15607,10.034769,0.0,0,0
-72.05036,11.811481,0.0,0,0
-71.92847,13.566214,0.0,0,0
-71.78956,15.294434,0.0,0,0
-71.63523,16.995602,0.0,0,0
-71.46482,18.665466,0.0,0,0
-71.279724,20.303982,0.0,0,0
-71.079666,21.90779,0.0,0,0
-70.86574,23.476915,0.029419465,0,0
-70.63799,25.009136,0.099787265,0,0
-70.39725,26.504347,0.15847053,0,0
-70.143875,27.961555,0.10002551,0,0
-69.878395,29.380363,0.26110303,1,0
-69.60146,30.760986,0.22001155,0,0
-69.31334,32.102646,0.05717199,0,0
-69.014885,33.406693,0.28889158,1,0
-68.70616,34.67189,0.659944,2,1
-68.38815,35.900627,0.9768215,3,144
-68.06076,37.09118,0.9903084,3,22
-67.72507,38.246735,0.9644988,3,14
-67.38087,39.365364,0.21082447,0,0
-67.029175,40.450405,0.054854494,0,0
-66.669945,41.500587,0.039762594,0,0
-66.30394,42.51852,0.03764566,0,0
-65.93126,43.50379,0.011594608,0,0
-65.55245,44.45831,0.013074226,0,0
-65.167755,45.382393,0.0,0,0
-64.777565,46.2773,0.0,0,0
-64.38219,47.143982,0.0,0,0
-63.98189,47.983093,0.0,0,0
-63.577045,48.79612,0.0,0,0
-63.16781,49.583187,0.0,0,0
-62.754604,50.346207,0.0,0,0
-62.337486,51.084824,0.0,0,0
-61.916916,51.801334,0.0,0,0
-61.492886,52.49495,0.0,0,0
-61.06585,53.1681,0.0,0,0
-60.635796,53.82011,0.0,0,0
-60.203106,54.452988,0.0,0,0
-59.76783,55.066467,0.0,0,0
-59.330246,55.662018,0.0,0,0
-58.890457,56.23976,0.0,0,0
-58.448666,56.80072,0.0,0,0
-58.005013,57.345337,0.0,0,0
-57.55964,57.874237,0.0,0,0
-57.112705,58.388138,0.0,0,0
-56.664314,58.887306,0.0,0,0
-56.214645,59.37272,0.0,0,0
-55.763752,59.844322,0.0,0,0
-55.31182,60.30329,0.0,0,0
-54.858902,60.749313,0.0,0,0
-54.40516,61.183697,0.0,0,0
-53.95064,61.605995,0.0,0,0
-53.49549,62.017452,0.0,0,0
-53.03977,62.417778,0.0,0,0
-52.583595,62.807915,0.0,0,0
-52.12702,63.187805,0.0,0,0
-51.67015,63.5581,0.0,0,0
-51.213062,63.918945,0.0,0,0
-51.445084,-64.68872,0.0,0,0
-51.90581,-64.33547,0.0,0,0
-52.366398,-63.972847,0.0,0,0
-52.826763,-63.600708,0.0,0,0
-53.286827,-63.218384,0.0,0,0
-53.74651,-62.825924,0.0,0,0
-54.20571,-62.42239,0.0,0,0
-54.664375,-62.00806,0.0,0,0
-55.122353,-61.58168,0.0,0,0
-55.579597,-61.143696,0.0,0,0
-56.035957,-60.69278,0.0,0,0
-56.49137,-60.22924,0.0,0,0
-56.945675,-59.751884,0.0,0,0
-57.398796,-59.26075,0.0,0,0
-57.85057,-58.754845,0.0,0,0
-58.300888,-58.233894,0.0,0,0
-58.749603,-57.69714,0.0,0,0
-59.196564,-57.143967,0.0,0,0
-59.641647,-56.573868,0.098835394,0,0
-60.08464,-55.985832,0.8423934,3,1
-60.525444,-55.379684,0.9424763,3,7
-60.963783,-54.75392,0.9297227,3,12
-61.399605,-54.10878,0.9994551,3,9
-61.832554,-53.442215,0.96626645,3,10
-62.262608,-52.75486,0.7830695,3,8
-62.68934,-52.044212,0.9237518,3,39
-63.112732,-51.311035,0.9559225,3,41
-63.53235,-50.552956,0.9993687,3,35
-63.948128,-49.77029,0.16868286,0,0
-64.359634,-48.96102,0.0,0,0
-64.76672,-48.124977,0.0,0,0
-65.16902,-47.260582,0.17219858,0,0
-65.56624,-46.367104,0.40172714,1,0
-65.95808,-45.44348,0.9977019,3,5
-66.34414,-44.488365,0.2189603,0,0
-66.72419,-43.501335,0.0,0,0
-67.09765,-42.48034,0.10554027,0,0
-67.46442,-41.425724,0.23051172,0,0
-67.82372,-40.334682,0.019572549,0,0
-68.17559,-39.208435,0.34259766,1,0
-68.51903,-38.043404,0.99490786,3,32
-68.854164,-36.841503,0.7795881,3,3
-69.17995,-35.599266,0.12433499,0,0
-69.49643,-34.318405,0.0,0,0
-69.80262,-32.99627,0.0,0,0
-70.0984,-31.63407,0.0,0,0
-70.38292,-30.230228,0.0,0,0
-70.65587,-28.785465,0.0,0,0
-70.91656,-27.299438,0.0,0,0
-71.16444,-25.772438,0.0,0,0
-71.39909,-24.205433,0.0,0,0
-71.619675,-22.598429,0.0,0,0
-71.82609,-20.95372,0.0,0,0
-72.01718,-19.27118,0.3432965,1,0
-72.19324,-17.55439,0.97584456,3,37
-72.35276,-15.80331,0.6399113,2,1
-72.49643,-14.022533,0.025147226,0,0
-72.62257,-12.212595,0.0,0,0
-72.73199,-10.37843,0.0,0,0
-72.82327,-8.5219,0.0,0,0
-72.897064,-6.6476026,0.0,0,0
-72.95233,-4.7586575,0.0,0,0
-72.98947,-2.8594253,0.0,0,0
-73.007996,-0.95384586,0.0,0,0
-73.007996,0.95384586,0.0,0,0
-72.98947,2.8594253,0.0,0,0
-72.95233,4.7586575,0.0,0,0
-72.897064,6.6476026,0.0,0,0
-72.82327,8.5219,0.0,0,0
-72.73199,10.37843,0.0,0,0
-72.62257,12.212595,0.0,0,0
-72.49643,14.022533,0.0,0,0
-72.35276,15.80331,0.0,0,0
-72.19324,17.55439,0.0,0,0
-72.01718,19.27118,0.0,0,0
-71.82609,20.95372,0.0,0,0
-71.619675,22.598429,0.0,0,0
-71.39909,24.205433,0.0,0,0
-71.16444,25.772438,0.0,0,0
-70.91656,27.299438,0.0,0,0
-70.65587,28.785465,0.0,0,0
-70.38292,30.230228,0.0,0,0
-70.0984,31.63407,0.0,0,0
-69.80262,32.99627,0.0,0,0
-69.49643,34.318405,0.024030402,0,0
-69.17995,35.599266,0.7570874,3,161
-68.854164,36.841503,0.84524524,3,460
-68.51903,38.043404,0.99686503,3,43
-68.17559,39.208435,0.9974657,3,27
-67.82372,40.334682,0.9862045,3,46
-67.46442,41.425724,0.9129903,3,15
-67.09765,42.48034,0.91875315,3,3
-66.72419,43.501335,0.90434617,3,12
-66.34414,44.488365,0.663232,2,1
-65.95808,45.44348,0.6940044,2,4
-65.56624,46.367104,0.19064844,0,0
-65.16902,47.260582,0.49206915,1,0
-64.76672,48.124977,0.15810683,0,0
-64.359634,48.96102,0.01246331,0,0
-63.948128,49.77029,0.0,0,0
-63.53235,50.552956,0.0,0,0
-63.112732,51.311035,0.0,0,0
-62.68934,52.044212,0.0,0,0
-62.262608,52.75486,0.0,0,0
-61.832554,53.442215,0.0,0,0
-61.399605,54.10878,0.0,0,0
-60.963783,54.75392,0.0,0,0
-60.525444,55.379684,0.0,0,0
-60.08464,55.985832,0.0,0,0
-59.641647,56.573868,0.0,0,0
-59.196564,57.143967,0.0,0,0
-58.749603,57.69714,0.0,0,0
-58.300888,58.233894,0.0,0,0
-57.85057,58.754845,0.0,0,0
-57.398796,59.26075,0.0,0,0
-56.945675,59.751884,0.0,0,0
-56.49137,60.22924,0.0,0,0
-56.035957,60.69278,0.0,0,0
-55.579597,61.143696,0.0,0,0
-55.122353,61.58168,0.0,0,0
-54.664375,62.00806,0.0,0,0
-54.20571,62.42239,0.0,0,0
-53.74651,62.825924,0.0,0,0
-53.286827,63.218384,0.0,0,0
-52.826763,63.600708,0.0,0,0
-52.366398,63.972847,0.0,0,0
-51.90581,64.33547,0.0,0,0
-51.445084,64.68872,0.0,0,0
-51.670982,-65.46822,0.0,0,0
-52.13529,-65.12294,0.0,0,0
-52.599533,-64.76836,0.0,0,0
-53.063637,-64.40436,0.0,0,0
-53.527527,-64.03024,0.0,0,0
-53.991116,-63.64607,0.0,0,0
-54.454327,-63.250908,0.0,0,0
-54.917072,-62.845005,0.0,0,0
-55.379234,-62.427116,0.0,0,0
-55.840767,-61.997665,0.0,0,0
-56.301502,-61.55533,0.0,0,0
-56.761395,-61.1004,0.0,0,0
-57.220287,-60.63167,0.0,0,0
-57.678097,-60.14917,0.0,0,0
-58.134674,-59.65189,0.0,0,0
-58.58991,-59.13954,0.0,0,0
-59.043655,-58.61134,0.0,0,0
-59.495758,-58.066647,0.0,0,0
-59.946106,-57.50495,0.0,0,0
-60.394493,-56.925182,0.16883536,0,0
-60.840805,-56.327164,0.98267233,3,1
-61.284794,-55.70935,0.2959248,1,0
-61.726387,-55.071953,0.46524784,1,0
-62.165234,-54.412857,0.82036644,3,15
-62.60133,-53.732693,0.9917427,3,33
-63.03423,-53.02887,0.9938546,3,36
-63.463936,-52.302128,0.96218115,3,27
-63.890003,-51.550003,0.97110146,3,33
-64.31237,-50.77278,0.10989407,0,0
-64.7306,-49.96835,0.0,0,0
-65.14454,-49.13648,0.050169036,0,0
-65.55382,-48.27549,0.87569696,3,7
-65.95816,-47.38456,0.861825,3,1
-66.357254,-46.462555,0.9720096,3,12
-66.750694,-45.507973,0.5868037,2,0
-67.13823,-44.52033,0.05454887,0,0
-67.5193,-43.497395,0.34499562,1,0
-67.89377,-42.439457,0.98778886,3,10
-68.260864,-41.343475,0.21357092,0,0
-68.62062,-40.21064,0.13738416,0,0
-68.971985,-39.037075,0.9094664,3,7
-69.315125,-37.824703,0.9309045,3,12
-69.64892,-36.56974,0.5654934,2,0
-69.97343,-35.27386,0.0,0,0
-70.28762,-33.934143,0.0,0,0
-70.59138,-32.55173,0.0,0,0
-70.88379,-31.124815,0.0,0,0
-71.16452,-29.654026,0.0,0,0
-71.43286,-28.138851,0.0,0,0
-71.688225,-26.579475,0.0,0,0
-71.93013,-24.976805,0.0,0,0
-72.15772,-23.330713,0.0,0,0
-72.37084,-21.643574,0.16450138,0,0
-72.568275,-19.915134,0.916477,3,19
-72.75029,-18.149187,0.77946377,3,13
-72.915344,-16.345602,0.13928403,0,0
-73.06406,-14.509338,0.0,0,0
-73.1947,-12.640911,0.0,0,0
-73.30809,-10.745711,0.0,0,0
-73.40273,-8.825748,0.0,0,0
-73.479256,-6.886084,0.0,0,0
-73.53658,-4.9301586,0.0,0,0
-73.57512,-2.9628,0.0,0,0
-73.59432,-0.988383,0.0,0,0
-73.59432,0.988383,0.0,0,0
-73.57512,2.9628,0.0,0,0
-73.53658,4.9301586,0.0,0,0
-73.479256,6.886084,0.0,0,0
-73.40273,8.825748,0.0,0,0
-73.30809,10.745711,0.0,0,0
-73.1947,12.640911,0.0,0,0
-73.06406,14.509338,0.0,0,0
-72.915344,16.345602,0.0,0,0
-72.75029,18.149187,0.0,0,0
-72.568275,19.915134,0.0,0,0
-72.37084,21.643574,0.0,0,0
-72.15772,23.330713,0.0,0,0
-71.93013,24.976805,0.0,0,0
-71.688225,26.579475,0.0,0,0
-71.43286,28.138851,0.0,0,0
-71.16452,29.654026,0.0,0,0
-70.88379,31.124815,0.0,0,0
-70.59138,32.55173,0.0,0,0
-70.28762,33.934143,0.0,0,0
-69.97343,35.27386,0.0,0,0
-69.64892,36.56974,0.21688332,0,0
-69.315125,37.824703,0.17256908,0,0
-68.971985,39.037075,0.16312246,0,0
-68.62062,40.21064,0.58411723,2,0
-68.260864,41.343475,0.9797736,3,68
-67.89377,42.439457,0.716269,2,13
-67.5193,43.497395,0.9311505,3,12
-67.13823,44.52033,0.99063915,3,30
-66.750694,45.507973,0.9761642,3,27
-66.357254,46.462555,0.9970353,3,18
-65.95816,47.38456,0.9856039,3,23
-65.55382,48.27549,0.9871056,3,36
-65.14454,49.13648,0.4468604,1,0
-64.7306,49.96835,0.56861246,2,0
-64.31237,50.77278,0.017311506,0,0
-63.890003,51.550003,0.0,0,0
-63.463936,52.302128,0.0,0,0
-63.03423,53.02887,0.0,0,0
-62.60133,53.732693,0.0,0,0
-62.165234,54.412857,0.0,0,0
-61.726387,55.071953,0.0,0,0
-61.284794,55.70935,0.0,0,0
-60.840805,56.327164,0.0,0,0
-60.394493,56.925182,0.0,0,0
-59.946106,57.50495,0.0,0,0
-59.495758,58.066647,0.0,0,0
-59.043655,58.61134,0.0,0,0
-58.58991,59.13954,0.0,0,0
-58.134674,59.65189,0.0,0,0
-57.678097,60.14917,0.0,0,0
-57.220287,60.63167,0.0,0,0
-56.761395,61.1004,0.0,0,0
-56.301502,61.55533,0.0,0,0
-55.840767,61.997665,0.0,0,0
-55.379234,62.427116,0.0,0,0
-54.917072,62.845005,0.0,0,0
-54.454327,63.250908,0.0,0,0
-53.991116,63.64607,0.0,0,0
-53.527527,64.03024,0.0,0,0
-53.063637,64.40436,0.0,0,0
-52.599533,64.76836,0.0,0,0
-52.13529,65.12294,0.0,0,0
-51.670982,65.46822,0.0,0,0
-51.89031,-66.25782,0.0,0,0
-52.358128,-65.92087,0.0,0,0
-52.825966,-65.57473,0.0,0,0
-53.293747,-65.21926,0.0,0,0
-53.7614,-64.8538,0.0,0,0
-54.228836,-64.47837,0.0,0,0
-54.69598,-64.09204,0.0,0,0
-55.162758,-63.695053,0.0,0,0
-55.629044,-63.286167,0.0,0,0
-56.094795,-62.86579,0.0,0,0
-56.559856,-62.432602,0.0,0,0
-57.024178,-61.986862,0.0,0,0
-57.487595,-61.527386,0.0,0,0
-57.95005,-61.05416,0.0,0,0
-58.411377,-60.56618,0.0,0,0
-58.87148,-60.063133,0.0,0,0
-59.330208,-59.54422,0.0,0,0
-59.787422,-59.00878,0.0,0,0
-60.243004,-58.456284,0.0,0,0
-60.696747,-57.88563,0.03932624,0,0
-61.148552,-57.296623,0.7475944,2,3
-61.598167,-56.687668,0.8334318,3,4
-62.045517,-56.058968,0.92430484,3,7
-62.490273,-55.408337,0.7975859,3,18
-62.9324,-54.736378,0.9896079,3,5
-63.371483,-54.04045,0.97853845,3,38
-63.807518,-53.32125,0.9235761,3,29
-64.24007,-52.57623,0.934298,3,16
-64.66904,-51.805634,0.32315356,1,0
-65.09404,-51.007256,0.0,0,0
-65.5149,-50.180798,0.20677291,0,0
-65.931244,-49.324493,0.98977214,3,12
-66.342804,-48.43742,0.35369855,1,0
-66.749245,-47.518333,0.5144781,2,0
-67.15017,-46.565628,0.97508764,3,20
-67.545334,-45.57871,0.7828081,3,3
-67.93415,-44.555176,0.055372648,0,0
-68.3165,-43.495224,0.7932835,3,3
-68.691574,-42.39559,0.7660495,3,8
-69.059395,-41.25741,0.05873953,0,0
-69.41894,-40.076504,0.2348281,0,0
-69.7703,-38.854755,0.9682229,3,11
-70.11238,-37.58805,0.4509716,1,0
-70.445206,-36.27803,0.14311004,0,0
-70.76771,-34.921444,0.038809583,0,0
-71.07976,-33.519352,0.0,0,0
-71.3804,-32.06968,0.0,0,0
-71.66928,-30.57293,0.0,0,0
-71.94565,-29.028408,0.0,0,0
-72.20886,-27.436142,0.023311818,0,0
-72.45842,-25.796955,0.0,0,0
-72.693405,-24.110554,0.038179986,0,0
-72.913605,-22.379375,0.4918348,1,0
-73.1178,-20.602997,0.98354495,3,33
-73.30615,-18.78545,0.19611132,0,0
-73.47708,-16.926474,0.0,0,0
-73.631195,-15.03142,0.0,0,0
-73.76665,-13.100773,0.0,0,0
-73.88429,-11.140432,0.0,0,0
-73.98253,-9.152571,0.0,0,0
-74.06197,-7.142774,0.0,0,0
-74.12153,-5.1148486,0.0,0,0
-74.16156,-3.074164,0.0,0,0
-74.18152,-1.0255963,0.0,0,0
-74.18152,1.0255963,0.0,0,0
-74.16156,3.074164,0.0,0,0
-74.12153,5.1148486,0.0,0,0
-74.06197,7.142774,0.0,0,0
-73.98253,9.152571,0.0,0,0
-73.88429,11.140432,0.0,0,0
-73.76665,13.100773,0.0,0,0
-73.631195,15.03142,0.0,0,0
-73.47708,16.926474,0.0,0,0
-73.30615,18.78545,0.0,0,0
-73.1178,20.602997,0.0,0,0
-72.913605,22.379375,0.0,0,0
-72.693405,24.110554,0.0,0,0
-72.45842,25.796955,0.0,0,0
-72.20886,27.436142,0.0,0,0
-71.94565,29.028408,0.0,0,0
-71.66928,30.57293,0.0,0,0
-71.3804,32.06968,0.0,0,0
-71.07976,33.519352,0.0,0,0
-70.76771,34.921444,0.0,0,0
-70.445206,36.27803,0.0,0,0
-70.11238,37.58805,0.0,0,0
-69.7703,38.854755,0.0,0,0
-69.41894,40.076504,0.0,0,0
-69.059395,41.25741,0.0,0,0
-68.691574,42.39559,0.12545986,0,0
-68.3165,43.495224,0.044870403,0,0
-67.93415,44.555176,0.33046904,1,0
-67.545334,45.57871,0.2596218,1,0
-67.15017,46.565628,0.68988913,2,1
-66.749245,47.518333,0.7391389,2,3
-66.342804,48.43742,0.99966156,3,1008
-65.931244,49.324493,0.98530304,3,44
-65.5149,50.180798,0.9677785,3,18
-65.09404,51.007256,0.80061245,3,6
-64.66904,51.805634,0.15628979,0,0
-64.24007,52.57623,0.0,0,0
-63.807518,53.32125,0.0,0,0
-63.371483,54.04045,0.0,0,0
-62.9324,54.736378,0.0,0,0
-62.490273,55.408337,0.0,0,0
-62.045517,56.058968,0.0,0,0
-61.598167,56.687668,0.0,0,0
-61.148552,57.296623,0.0,0,0
-60.696747,57.88563,0.0,0,0
-60.243004,58.456284,0.0,0,0
-59.787422,59.00878,0.0,0,0
-59.330208,59.54422,0.0,0,0
-58.87148,60.063133,0.0,0,0
-58.411377,60.56618,0.0,0,0
-57.95005,61.05416,0.0,0,0
-57.487595,61.527386,0.0,0,0
-57.024178,61.986862,0.0,0,0
-56.559856,62.432602,0.0,0,0
-56.094795,62.86579,0.0,0,0
-55.629044,63.286167,0.0,0,0
-55.162758,63.695053,0.0,0,0
-54.69598,64.09204,0.0,0,0
-54.228836,64.47837,0.0,0,0
-53.7614,64.8538,0.0,0,0
-53.293747,65.21926,0.0,0,0
-52.825966,65.57473,0.0,0,0
-52.358128,65.92087,0.0,0,0
-51.89031,66.25782,0.0,0,0
-52.10325,-67.056854,0.0,0,0
-52.57452,-66.72859,0.0,0,0
-53.045887,-66.39127,0.0,0,0
-53.517273,-66.04474,0.0,0,0
-53.988617,-65.68833,0.0,0,0
-54.459843,-65.32207,0.0,0,0
-54.93086,-64.94502,0.0,0,0
-55.401596,-64.557434,0.0,0,0
-55.87195,-64.15805,0.0,0,0
-56.34185,-63.74727,0.0,0,0
-56.81118,-63.32376,0.0,0,0
-57.27986,-62.887802,0.0,0,0
-57.74776,-62.43816,0.0,0,0
-58.214794,-61.974842,0.0,0,0
-58.680824,-61.496815,0.0,0,0
-59.145744,-61.003754,0.0,0,0
-59.609413,-60.494858,0.0,0,0
-60.071693,-59.96943,0.0,0,0
-60.532463,-59.426914,0.0,0,0
-60.99153,-58.86621,0.048550487,0,0
-61.44879,-58.287075,0.8267644,3,1
-61.904007,-57.687885,0.56590873,2,0
-62.35709,-57.06881,0.73900557,2,1
-62.807724,-56.42764,0.5791588,2,0
-63.25588,-55.764915,0.27025327,1,0
-63.70115,-55.077953,0.76806605,3,9
-64.14352,-54.3674,0.9805604,3,39
-64.58254,-53.630642,0.9729072,3,17
-65.018166,-52.86787,0.46160856,1,0
-65.44997,-52.076782,0.08280212,0,0
-65.8778,-51.257023,0.022219438,0,0
-66.30126,-50.406708,0.32537243,1,0
-66.72011,-49.524837,0.92672634,3,4
-67.13398,-48.61005,0.75129414,3,1
-67.542496,-47.66062,0.54655254,2,0
-67.945404,-46.675835,0.96494365,3,14
-68.34211,-45.65312,0.2512682,1,0
-68.73247,-44.592564,0.115779035,0,0
-69.1157,-43.490677,0.9418902,3,10
-69.4918,-42.34851,0.9682107,3,8
-69.85971,-41.161568,0.18631326,0,0
-70.21954,-39.931694,0.26949278,1,0
-70.57016,-38.654396,0.9860857,3,28
-70.91156,-37.331264,0.9127339,3,17
-71.24269,-35.958687,0.5000863,2,0
-71.56333,-34.537624,0.18499735,0,0
-71.87256,-33.065685,0.035116687,0,0
-72.16994,-31.543234,0.0,0,0
-72.45468,-29.969326,0.1897973,0,0
-72.72614,-28.343811,0.80421025,3,3
-72.98375,-26.667406,0.24248582,0,0
-73.22652,-24.939592,0.8272707,3,10
-73.45422,-23.162859,0.9974972,3,36
-73.665535,-21.336575,0.8445855,3,17
-73.860634,-19.465012,0.051574156,0,0
-74.03781,-17.54773,0.0,0,0
-74.19768,-15.590524,0.0,0,0
-74.33829,-13.593818,0.0,0,0
-74.460464,-11.564077,0.0,0,0
-74.56255,-9.503648,0.0,0,0
-74.64514,-7.4187164,0.0,0,0
-74.707085,-5.3135,0.0,0,0
-74.748726,-3.1939914,0.0,0,0
-74.76949,-1.0656451,0.0,0,0
-74.76949,1.0656451,0.0,0,0
-74.748726,3.1939914,0.0,0,0
-74.707085,5.3135,0.0,0,0
-74.64514,7.4187164,0.0,0,0
-74.56255,9.503648,0.0,0,0
-74.460464,11.564077,0.0,0,0
-74.33829,13.593818,0.0,0,0
-74.19768,15.590524,0.0,0,0
-74.03781,17.54773,0.0,0,0
-73.860634,19.465012,0.0,0,0
-73.665535,21.336575,0.0,0,0
-73.45422,23.162859,0.0,0,0
-73.22652,24.939592,0.0,0,0
-72.98375,26.667406,0.0,0,0
-72.72614,28.343811,0.0,0,0
-72.45468,29.969326,0.0,0,0
-72.16994,31.543234,0.0,0,0
-71.87256,33.065685,0.0,0,0
-71.56333,34.537624,0.0,0,0
-71.24269,35.958687,0.0,0,0
-70.91156,37.331264,0.0,0,0
-70.57016,38.654396,0.0,0,0
-70.21954,39.931694,0.0,0,0
-69.85971,41.161568,0.0,0,0
-69.4918,42.34851,0.0,0,0
-69.1157,43.490677,0.0,0,0
-68.73247,44.592564,0.0,0,0
-68.34211,45.65312,0.0,0,0
-67.945404,46.675835,0.0,0,0
-67.542496,47.66062,0.011224818,0,0
-67.13398,48.61005,0.09493467,0,0
-66.72011,49.524837,0.383241,1,0
-66.30126,50.406708,0.8201655,3,56
-65.8778,51.257023,0.9602958,3,72
-65.44997,52.076782,0.9987632,3,71
-65.018166,52.86787,0.68171346,2,5
-64.58254,53.630642,0.20637149,0,0
-64.14352,54.3674,0.0,0,0
-63.70115,55.077953,0.0,0,0
-63.25588,55.764915,0.0,0,0
-62.807724,56.42764,0.0,0,0
-62.35709,57.06881,0.0,0,0
-61.904007,57.687885,0.0,0,0
-61.44879,58.287075,0.0,0,0
-60.99153,58.86621,0.0,0,0
-60.532463,59.426914,0.0,0,0
-60.071693,59.96943,0.0,0,0
-59.609413,60.494858,0.0,0,0
-59.145744,61.003754,0.0,0,0
-58.680824,61.496815,0.0,0,0
-58.214794,61.974842,0.0,0,0
-57.74776,62.43816,0.0,0,0
-57.27986,62.887802,0.0,0,0
-56.81118,63.32376,0.0,0,0
-56.34185,63.74727,0.0,0,0
-55.87195,64.15805,0.0,0,0
-55.401596,64.557434,0.0,0,0
-54.93086,64.94502,0.0,0,0
-54.459843,65.32207,0.0,0,0
-53.988617,65.68833,0.0,0,0
-53.517273,66.04474,0.0,0,0
-53.045887,66.39127,0.0,0,0
-52.57452,66.72859,0.0,0,0
-52.10325,67.056854,0.0,0,0
-52.309402,-67.86559,0.0,0,0
-52.78404,-67.54639,0.0,0,0
-53.258865,-67.21828,0.0,0,0
-53.733788,-66.88109,0.0,0,0
-54.20875,-66.534164,0.0,0,0
-54.68368,-66.17753,0.0,0,0
-55.158497,-65.81024,0.0,0,0
-55.633125,-65.43254,0.0,0,0
-56.107468,-65.04318,0.0,0,0
-56.58146,-64.64253,0.0,0,0
-57.05497,-64.229294,0.0,0,0
-57.52795,-63.8037,0.0,0,0
-58.000256,-63.36454,0.0,0,0
-58.47181,-62.911797,0.0,0,0
-58.942474,-62.44442,0.0,0,0
-59.412148,-61.962082,0.0,0,0
-59.8807,-61.46396,0.0,0,0
-60.347984,-60.94935,0.0,0,0
-60.813892,-60.41768,0.0,0,0
-61.278236,-59.867805,0.0,0,0
-61.74091,-59.299473,0.03761466,0,0
-62.20168,-58.711033,0.08435531,0,0
-62.66047,-58.102615,0.95456,3,10
-63.116962,-57.47197,0.2529208,1,0
-63.57112,-56.819607,0.8969516,3,58
-64.02256,-56.14278,0.96289164,3,23
-64.471245,-55.442112,0.78559494,3,34
-64.91677,-54.714886,0.98256683,3,65
-65.359055,-53.96126,0.96607995,3,22
-65.79769,-53.178844,0.7457804,2,6
-66.23251,-52.367203,0.3765608,1,0
-66.66314,-51.524357,0.020536998,0,0
-67.089325,-50.64921,0.19574593,0,0
-67.51071,-49.7403,0.9844039,3,8
-67.92692,-48.79573,0.4630604,1,0
-68.33768,-47.814697,0.61780196,2,1
-68.7424,-46.79444,0.8256448,3,19
-69.14094,-45.73494,0.15127622,0,0
-69.5325,-44.632446,0.8091681,3,14
-69.917046,-43.487923,0.5965634,2,0
-70.29355,-42.29653,0.18346864,0,0
-70.662094,-41.060043,0.27867305,1,0
-71.0215,-39.77359,0.3202701,1,0
-71.37179,-38.438667,0.8696547,3,11
-71.71182,-37.05126,0.9781569,3,9
-72.04143,-35.612213,0.9771666,3,11
-72.35957,-34.11875,0.32031742,1,0
-72.66584,-32.571075,0.17008515,0,0
-72.95939,-30.967953,0.7242087,2,4
-73.2395,-29.309002,0.8668008,3,7
-73.505585,-27.594772,0.8683498,3,11
-73.75659,-25.8245,0.96602726,3,37
-73.99225,-24.000677,0.88213104,3,10
-74.21114,-22.122416,0.19104987,0,0
-74.41342,-20.194225,0.0,0,0
-74.597275,-18.21544,0.0,0,0
-74.76329,-16.192333,0.0,0,0
-74.90944,-14.125233,0.0,0,0
-75.03649,-12.021239,0.0,0,0
-75.14273,-9.88289,0.0,0,0
-75.22871,-7.7170477,0.0,0,0
-75.29321,-5.5284066,0.0,0,0
-75.3366,-3.3236809,0.0,0,0
-75.35824,-1.1089996,0.0,0,0
-75.35824,1.1089996,0.0,0,0
-75.3366,3.3236809,0.0,0,0
-75.29321,5.5284066,0.0,0,0
-75.22871,7.7170477,0.0,0,0
-75.14273,9.88289,0.0,0,0
-75.03649,12.021239,0.0,0,0
-74.90944,14.125233,0.0,0,0
-74.76329,16.192333,0.0,0,0
-74.597275,18.21544,0.0,0,0
-74.41342,20.194225,0.0,0,0
-74.21114,22.122416,0.0,0,0
-73.99225,24.000677,0.0,0,0
-73.75659,25.8245,0.0,0,0
-73.505585,27.594772,0.0,0,0
-73.2395,29.309002,0.0,0,0
-72.95939,30.967953,0.0,0,0
-72.66584,32.571075,0.0,0,0
-72.35957,34.11875,0.0,0,0
-72.04143,35.612213,0.0,0,0
-71.71182,37.05126,0.0,0,0
-71.37179,38.438667,0.0,0,0
-71.0215,39.77359,0.0,0,0
-70.662094,41.060043,0.0,0,0
-70.29355,42.29653,0.0,0,0
-69.917046,43.487923,0.0,0,0
-69.5325,44.632446,0.0,0,0
-69.14094,45.73494,0.0,0,0
-68.7424,46.79444,0.0,0,0
-68.33768,47.814697,0.0,0,0
-67.92692,48.79573,0.0,0,0
-67.51071,49.7403,0.0,0,0
-67.089325,50.64921,0.0,0,0
-66.66314,51.524357,0.042167768,0,0
-66.23251,52.367203,0.24903598,0,0
-65.79769,53.178844,0.83779204,3,22
-65.359055,53.96126,0.996653,3,47
-64.91677,54.714886,0.61432296,2,3
-64.471245,55.442112,0.012177459,0,0
-64.02256,56.14278,0.0,0,0
-63.57112,56.819607,0.0,0,0
-63.116962,57.47197,0.0,0,0
-62.66047,58.102615,0.0,0,0
-62.20168,58.711033,0.0,0,0
-61.74091,59.299473,0.0,0,0
-61.278236,59.867805,0.0,0,0
-60.813892,60.41768,0.0,0,0
-60.347984,60.94935,0.0,0,0
-59.8807,61.46396,0.0,0,0
-59.412148,61.962082,0.0,0,0
-58.942474,62.44442,0.0,0,0
-58.47181,62.911797,0.0,0,0
-58.000256,63.36454,0.0,0,0
-57.52795,63.8037,0.0,0,0
-57.05497,64.229294,0.0,0,0
-56.58146,64.64253,0.0,0,0
-56.107468,65.04318,0.0,0,0
-55.633125,65.43254,0.0,0,0
-55.158497,65.81024,0.0,0,0
-54.68368,66.17753,0.0,0,0
-54.20875,66.534164,0.0,0,0
-53.733788,66.88109,0.0,0,0
-53.258865,67.21828,0.0,0,0
-52.78404,67.54639,0.0,0,0
-52.309402,67.86559,0.0,0,0
-52.508736,-68.68368,0.0,0,0
-52.98667,-68.37391,0.0,0,0
-53.464867,-68.05539,0.0,0,0
-53.943245,-67.72795,0.0,0,0
-54.421753,-67.390945,0.0,0,0
-54.900307,-67.044365,0.0,0,0
-55.378845,-66.68731,0.0,0,0
-55.85728,-66.31999,0.0,0,0
-56.335533,-65.94116,0.0,0,0
-56.81353,-65.55121,0.0,0,0
-57.29116,-65.148796,0.0,0,0
-57.76836,-64.734184,0.0,0,0
-58.244995,-64.30613,0.0,0,0
-58.720993,-63.864616,0.0,0,0
-59.19622,-63.408596,0.0,0,0
-59.67058,-62.93772,0.0,0,0
-60.143944,-62.451157,0.0,0,0
-60.616173,-61.948174,0.0,0,0
-61.08715,-61.4282,0.0,0,0
-61.55671,-60.89006,0.0,0,0
-62.024742,-60.333485,0.0,0,0
-62.49102,-59.75679,0.14495952,0,0
-62.95546,-59.160076,0.88484204,3,3
-63.41777,-58.541054,0.14719188,0,0
-63.877907,-57.900215,0.11836768,0,0
-64.33548,-57.234737,0.3144538,1,0
-64.790474,-56.545208,0.95221794,3,58
-65.242485,-55.828846,0.99840313,3,118
-65.69142,-55.085754,0.7967403,3,26
-66.136894,-54.313457,0.99773014,3,33
-66.578735,-53.511444,0.8660997,3,7
-67.01657,-52.677635,0.48310623,1,0
-67.45014,-51.81083,0.12493848,0,0
-67.87911,-50.909447,0.457015,1,0
-68.303085,-49.97147,0.98993784,3,5
-68.72178,-48.995964,0.51375604,2,0
-69.13464,-47.979965,0.6751718,2,8
-69.54149,-46.923336,0.99064994,3,28
-69.94153,-45.822063,0.98483086,3,39
-70.33472,-44.67701,0.9948571,3,21
-70.72003,-43.482964,0.8879323,3,15
-71.097496,-42.24163,0.98837715,3,10
-71.46597,-40.947697,0.9845231,3,7
-71.8254,-39.602554,0.8690194,3,5
-72.17468,-38.20175,0.96740234,3,28
-72.51356,-36.745964,0.9651125,3,41
-72.84101,-35.232014,0.98296404,3,10
-73.156555,-33.659866,0.9971889,3,15
-73.45932,-32.027946,0.9728,3,15
-73.748535,-30.335602,0.99615186,3,49
-74.023544,-28.583158,0.9937658,3,53
-74.28325,-26.76953,0.99134296,3,160
-74.527336,-24.897196,0.51559985,2,0
-74.75429,-22.96493,0.04609965,0,0
-74.96422,-20.977474,0.0,0,0
-75.15523,-18.933878,0.0,0,0
-75.327835,-16.84092,0.0,0,0
-75.47992,-14.6988,0.0,0,0
-75.61224,-12.515319,0.0,0,0
-75.72293,-10.293216,0.0,0,0
-75.812584,-8.040134,0.0,0,0
-75.87987,-5.7613115,0.0,0,0
-75.92514,-3.4642997,0.0,0,0
-75.947716,-1.156019,0.0,0,0
-75.947716,1.156019,0.0,0,0
-75.92514,3.4642997,0.0,0,0
-75.87987,5.7613115,0.0,0,0
-75.812584,8.040134,0.0,0,0
-75.72293,10.293216,0.0,0,0
-75.61224,12.515319,0.0,0,0
-75.47992,14.6988,0.0,0,0
-75.327835,16.84092,0.0,0,0
-75.15523,18.933878,0.0,0,0
-74.96422,20.977474,0.0,0,0
-74.75429,22.96493,0.0,0,0
-74.527336,24.897196,0.0,0,0
-74.28325,26.76953,0.0,0,0
-74.023544,28.583158,0.0,0,0
-73.748535,30.335602,0.0,0,0
-73.45932,32.027946,0.0,0,0
-73.156555,33.659866,0.0,0,0
-72.84101,35.232014,0.0,0,0
-72.51356,36.745964,0.0,0,0
-72.17468,38.20175,0.0,0,0
-71.8254,39.602554,0.0,0,0
-71.46597,40.947697,0.0,0,0
-71.097496,42.24163,0.0,0,0
-70.72003,43.482964,0.0,0,0
-70.33472,44.67701,0.0,0,0
-69.94153,45.822063,0.0,0,0
-69.54149,46.923336,0.0,0,0
-69.13464,47.979965,0.0,0,0
-68.72178,48.995964,0.0,0,0
-68.303085,49.97147,0.0,0,0
-67.87911,50.909447,0.0,0,0
-67.45014,51.81083,0.0,0,0
-67.01657,52.677635,0.0,0,0
-66.578735,53.511444,0.0,0,0
-66.136894,54.313457,0.3078387,1,0
-65.69142,55.085754,0.9672081,3,357
-65.242485,55.828846,0.67317665,2,4
-64.790474,56.545208,0.06956219,0,0
-64.33548,57.234737,0.0,0,0
-63.877907,57.900215,0.0,0,0
-63.41777,58.541054,0.0,0,0
-62.95546,59.160076,0.0,0,0
-62.49102,59.75679,0.0,0,0
-62.024742,60.333485,0.0,0,0
-61.55671,60.89006,0.0,0,0
-61.08715,61.4282,0.0,0,0
-60.616173,61.948174,0.0,0,0
-60.143944,62.451157,0.0,0,0
-59.67058,62.93772,0.0,0,0
-59.19622,63.408596,0.0,0,0
-58.720993,63.864616,0.0,0,0
-58.244995,64.30613,0.0,0,0
-57.76836,64.734184,0.0,0,0
-57.29116,65.148796,0.0,0,0
-56.81353,65.55121,0.0,0,0
-56.335533,65.94116,0.0,0,0
-55.85728,66.31999,0.0,0,0
-55.378845,66.68731,0.0,0,0
-54.900307,67.044365,0.0,0,0
-54.421753,67.390945,0.0,0,0
-53.943245,67.72795,0.0,0,0
-53.464867,68.05539,0.0,0,0
-52.98667,68.37391,0.0,0,0
-52.508736,68.68368,0.0,0,0
-52.70118,-69.510864,0.0,0,0
-53.182323,-69.21089,0.0,0,0
-53.663807,-68.90234,0.0,0,0
-54.145557,-68.58506,0.0,0,0
-54.62752,-68.258385,0.0,0,0
-55.10962,-67.92232,0.0,0,0
-55.591785,-67.57596,0.0,0,0
-56.07395,-67.2195,0.0,0,0
-56.55603,-66.85173,0.0,0,0
-57.037952,-66.473,0.0,0,0
-57.51961,-66.08201,0.0,0,0
-58.000942,-65.678955,0.0,0,0
-58.481827,-65.26265,0.0,0,0
-58.96219,-64.833046,0.0,0,0
-59.4419,-64.38908,0.0,0,0
-59.920864,-63.930412,0.0,0,0
-60.39896,-63.456184,0.0,0,0
-60.876053,-62.965664,0.0,0,0
-61.35204,-62.458252,0.0,0,0
-61.826744,-61.93277,0.0,0,0
-62.30007,-61.38891,0.0,0,0
-62.771786,-60.824986,0.0,0,0
-63.24183,-60.241055,0.035102274,0,0
-63.7099,-59.634792,0.0,0,0
-64.175964,-59.00666,0.0,0,0
-64.63964,-58.35379,0.17381646,0,0
-65.1009,-57.67672,0.9970664,3,32
-65.55937,-56.97261,0.94194084,3,40
-66.014946,-56.24151,0.74235976,2,9
-66.467255,-55.480846,0.9914397,3,26
-66.91612,-54.690052,0.82301736,3,15
-67.361176,-53.86694,0.85559493,3,8
-67.80217,-53.010212,0.9487886,3,20
-68.23877,-52.11816,0.759717,3,6
-68.67056,-51.188625,0.41395122,1,0
-69.09728,-50.220554,0.9392217,3,5
-69.51838,-49.210777,0.72078806,2,3
-69.93365,-48.159035,0.995651,3,24
-70.34233,-47.06102,0.99968,3,91
-70.74434,-45.91748,0.9889899,3,22
-71.13863,-44.72283,0.9976127,3,22
-71.525246,-43.478657,0.9994706,3,26
-71.90304,-42.1792,0.82064843,3,5
-72.27191,-40.825706,0.85499734,3,7
-72.63074,-39.413246,0.9635808,3,4
-72.97924,-37.94228,0.814879,3,20
-73.31637,-36.40918,0.97922474,3,16
-73.64158,-34.81362,0.9736738,3,28
-73.953995,-33.153633,0.9902562,3,37
-74.252754,-31.428205,0.9821986,3,12
-74.53718,-29.637402,0.9789672,3,156
-74.80609,-27.779726,0.9950061,3,102
-75.0591,-25.857594,0.868475,3,1
-75.29464,-23.86936,0.22067124,0,0
-75.51274,-21.819986,0.0,0,0
-75.71139,-19.708149,0.0,0,0
-75.89108,-17.54117,0.0,0,0
-76.049545,-15.319059,0.0,0,0
-76.18754,-13.050405,0.0,0,0
-76.30306,-10.738153,0.0,0,0
-76.39668,-8.390839,0.0,0,0
-76.46698,-6.014324,0.0,0,0
-76.5143,-3.6171415,0.0,0,0
-76.5379,-1.2071394,0.0,0,0
-76.5379,1.2071394,0.0,0,0
-76.5143,3.6171415,0.0,0,0
-76.46698,6.014324,0.0,0,0
-76.39668,8.390839,0.0,0,0
-76.30306,10.738153,0.0,0,0
-76.18754,13.050405,0.0,0,0
-76.049545,15.319059,0.0,0,0
-75.89108,17.54117,0.0,0,0
-75.71139,19.708149,0.0,0,0
-75.51274,21.819986,0.0,0,0
-75.29464,23.86936,0.0,0,0
-75.0591,25.857594,0.0,0,0
-74.80609,27.779726,0.0,0,0
-74.53718,29.637402,0.0,0,0
-74.252754,31.428205,0.0,0,0
-73.953995,33.153633,0.0,0,0
-73.64158,34.81362,0.0,0,0
-73.31637,36.40918,0.0,0,0
-72.97924,37.94228,0.0,0,0
-72.63074,39.413246,0.0,0,0
-72.27191,40.825706,0.0,0,0
-71.90304,42.1792,0.0,0,0
-71.525246,43.478657,0.0,0,0
-71.13863,44.72283,0.0,0,0
-70.74434,45.91748,0.0,0,0
-70.34233,47.06102,0.0,0,0
-69.93365,48.159035,0.0,0,0
-69.51838,49.210777,0.0,0,0
-69.09728,50.220554,0.0,0,0
-68.67056,51.188625,0.0,0,0
-68.23877,52.11816,0.0,0,0
-67.80217,53.010212,0.0,0,0
-67.361176,53.86694,0.0,0,0
-66.91612,54.690052,0.0,0,0
-66.467255,55.480846,0.0286603,0,0
-66.014946,56.24151,0.65517384,2,2
-65.55937,56.97261,0.9456207,3,160
-65.1009,57.67672,0.41758803,1,0
-64.63964,58.35379,0.0,0,0
-64.175964,59.00666,0.0,0,0
-63.7099,59.634792,0.0,0,0
-63.24183,60.241055,0.0,0,0
-62.771786,60.824986,0.0,0,0
-62.30007,61.38891,0.0,0,0
-61.826744,61.93277,0.0,0,0
-61.35204,62.458252,0.0,0,0
-60.876053,62.965664,0.0,0,0
-60.39896,63.456184,0.0,0,0
-59.920864,63.930412,0.0,0,0
-59.4419,64.38908,0.0,0,0
-58.96219,64.833046,0.0,0,0
-58.481827,65.26265,0.0,0,0
-58.000942,65.678955,0.0,0,0
-57.51961,66.08201,0.0,0,0
-57.037952,66.473,0.0,0,0
-56.55603,66.85173,0.0,0,0
-56.07395,67.2195,0.0,0,0
-55.591785,67.57596,0.0,0,0
-55.10962,67.92232,0.0,0,0
-54.62752,68.258385,0.0,0,0
-54.145557,68.58506,0.0,0,0
-53.663807,68.90234,0.0,0,0
-53.182323,69.21089,0.0,0,0
-52.70118,69.510864,0.0,0,0
-52.88631,-70.3473,0.0,0,0
-53.370575,-70.057495,0.0,0,0
-53.855255,-69.75931,0.0,0,0
-54.340286,-69.45259,0.0,0,0
-54.825607,-69.13668,0.0,0,0
-55.311153,-68.811584,0.0,0,0
-55.796864,-68.4764,0.0,0,0
-56.282658,-68.13133,0.0,0,0
-56.768463,-67.77515,0.0,0,0
-57.25421,-67.40821,0.0,0,0
-57.739815,-67.02922,0.0,0,0
-58.22518,-66.63838,0.0,0,0
-58.71022,-66.23448,0.0,0,0
-59.194847,-65.81748,0.0,0,0
-59.678947,-65.38632,0.0,0,0
-60.162426,-64.94064,0.0,0,0
-60.645164,-64.47958,0.0,0,0
-61.127037,-64.002396,0.0,0,0
-61.60794,-63.508472,0.0,0,0
-62.087708,-62.996628,0.0,0,0
-62.566235,-62.466526,0.0,0,0
-63.043324,-61.91645,0.0,0,0
-63.518883,-61.34645,0.0,0,0
-63.992653,-60.754173,0.0,0,0
-64.46458,-60.140034,0.0,0,0
-64.9343,-59.50113,0.12497537,0,0
-65.401794,-58.83795,0.8351077,3,17
-65.86667,-58.147606,0.99504125,3,102
-66.32886,-57.430084,0.9332654,3,31
-66.787964,-56.68273,0.6278937,2,1
-67.24384,-55.904915,0.9982139,3,18
-67.69613,-55.094337,0.9747298,3,23
-68.144554,-54.24961,0.9733843,3,7
-68.588806,-53.368904,0.9387846,3,8
-69.02847,-52.44993,0.95164514,3,31
-69.463295,-51.491467,0.99510384,3,24
-69.89271,-50.490166,0.9810881,3,38
-70.31651,-49.445618,0.7179763,2,2
-70.73395,-48.353233,0.5370969,2,0
-71.14493,-47.213623,0.3854127,1,0
-71.548416,-46.020786,0.7180386,2,2
-71.94441,-44.77619,0.7741738,3,2
-72.33176,-43.473595,0.9967311,3,33
-72.71036,-42.11406,0.8931618,3,23
-73.07905,-40.69214,0.8870869,3,11
-73.43753,-39.20804,0.9939913,3,37
-73.78472,-37.657585,0.9676984,3,21
-74.120056,-36.040134,0.8493753,3,6
-74.442566,-34.353226,0.9803176,3,19
-74.75139,-32.59543,0.8237061,3,6
-75.045746,-30.766449,0.9986997,3,33
-75.32442,-28.864288,0.97959006,3,3
-75.58693,-26.891232,0.8283935,3,11
-75.83163,-24.845104,0.1878976,0,0
-76.05847,-22.731052,0.0,0,0
-76.265335,-20.54728,0.0,0,0
-76.452675,-18.30167,0.0,0,0
-76.61806,-15.993969,0.0,0,0
-76.76219,-13.633642,0.0,0,0
-76.882965,-11.223845,0.0,0,0
-76.98091,-8.774136,0.0,0,0
-77.0545,-6.291109,0.0,0,0
-77.10405,-3.784451,0.0,0,0
-77.12877,-1.2631168,0.0,0,0
-77.12877,1.2631168,0.0,0,0
-77.10405,3.784451,0.0,0,0
-77.0545,6.291109,0.0,0,0
-76.98091,8.774136,0.0,0,0
-76.882965,11.223845,0.0,0,0
-76.76219,13.633642,0.0,0,0
-76.61806,15.993969,0.0,0,0
-76.452675,18.30167,0.0,0,0
-76.265335,20.54728,0.0,0,0
-76.05847,22.731052,0.0,0,0
-75.83163,24.845104,0.0,0,0
-75.58693,26.891232,0.0,0,0
-75.32442,28.864288,0.0,0,0
-75.045746,30.766449,0.0,0,0
-74.75139,32.59543,0.0,0,0
-74.442566,34.353226,0.0,0,0
-74.120056,36.040134,0.0,0,0
-73.78472,37.657585,0.0,0,0
-73.43753,39.20804,0.0,0,0
-73.07905,40.69214,0.0,0,0
-72.71036,42.11406,0.0,0,0
-72.33176,43.473595,0.0,0,0
-71.94441,44.77619,0.0,0,0
-71.548416,46.020786,0.0,0,0
-71.14493,47.213623,0.0,0,0
-70.73395,48.353233,0.0,0,0
-70.31651,49.445618,0.0,0,0
-69.89271,50.490166,0.0,0,0
-69.463295,51.491467,0.0,0,0
-69.02847,52.44993,0.0,0,0
-68.588806,53.368904,0.0,0,0
-68.144554,54.24961,0.0,0,0
-67.69613,55.094337,0.0,0,0
-67.24384,55.904915,0.0,0,0
-66.787964,56.68273,0.08417406,0,0
-66.32886,57.430084,0.9618404,3,627
-65.86667,58.147606,0.9599759,3,21
-65.401794,58.83795,0.5402741,2,0
-64.9343,59.50113,0.0,0,0
-64.46458,60.140034,0.0,0,0
-63.992653,60.754173,0.0,0,0
-63.518883,61.34645,0.0,0,0
-63.043324,61.91645,0.0,0,0
-62.566235,62.466526,0.0,0,0
-62.087708,62.996628,0.0,0,0
-61.60794,63.508472,0.0,0,0
-61.127037,64.002396,0.0,0,0
-60.645164,64.47958,0.0,0,0
-60.162426,64.94064,0.0,0,0
-59.678947,65.38632,0.0,0,0
-59.194847,65.81748,0.0,0,0
-58.71022,66.23448,0.0,0,0
-58.22518,66.63838,0.0,0,0
-57.739815,67.02922,0.0,0,0
-57.25421,67.40821,0.0,0,0
-56.768463,67.77515,0.0,0,0
-56.282658,68.13133,0.0,0,0
-55.796864,68.4764,0.0,0,0
-55.311153,68.811584,0.0,0,0
-54.825607,69.13668,0.0,0,0
-54.340286,69.45259,0.0,0,0
-53.855255,69.75931,0.0,0,0
-53.370575,70.057495,0.0,0,0
-52.88631,70.3473,0.0,0,0
-53.064346,-71.19232,0.0,0,0
-53.551636,-70.91304,0.0,0,0
-54.03942,-70.6256,0.0,0,0
-54.527634,-70.329834,0.0,0,0
-55.01622,-70.025116,0.0,0,0
-55.50512,-69.71141,0.0,0,0
-55.99427,-69.38788,0.0,0,0
-56.4836,-69.05466,0.0,0,0
-56.973045,-68.710594,0.0,0,0
-57.46252,-68.35598,0.0,0,0
-57.95195,-67.98956,0.0,0,0
-58.44126,-67.61153,0.0,0,0
-58.93035,-67.22068,0.0,0,0
-59.419147,-66.816956,0.0,0,0
-59.90754,-66.399315,0.0,0,0
-60.39543,-65.96738,0.0,0,0
-60.882717,-65.52029,0.0,0,0
-61.369274,-65.05728,0.0,0,0
-61.854992,-64.57775,0.0,0,0
-62.33973,-64.08048,0.0,0,0
-62.82338,-63.565147,0.0,0,0
-63.305748,-63.03,0.0,0,0
-63.786747,-62.47506,0.0,0,0
-64.26613,-61.89796,0.0,0,0
-64.743835,-61.299084,0.09466562,0,0
-65.21953,-60.675488,0.9532023,3,183
-65.69318,-60.027626,0.9447894,3,77
-66.16442,-59.35255,0.9472102,3,47
-66.63316,-58.650196,0.89506483,3,24
-67.099045,-57.91784,0.9961032,3,10
-67.561905,-57.15477,0.3814759,1,0
-68.021385,-56.358604,0.9573282,3,20
-68.47724,-55.527843,0.8925169,3,22
-68.92915,-54.66055,0.55298615,2,0
-69.376724,-53.754284,0.9555271,3,3
-69.81968,-52.80769,0.92047256,3,17
-70.257484,-51.817215,0.80084,3,7
-70.68992,-50.782303,0.77481925,3,16
-71.11623,-49.69806,0.9364309,3,7
-71.53631,-48.56495,0.7463383,2,4
-71.94915,-47.376556,0.90207696,3,17
-72.354706,-46.134193,0.940342,3,18
-72.751854,-44.831093,0.9835516,3,12
-73.14044,-43.46812,0.6734796,2,6
-73.5193,-42.03924,0.9922666,3,24
-73.88811,-40.54438,0.85000557,3,8
-74.24574,-38.978756,0.9966238,3,22
-74.591606,-37.341324,0.9626567,3,14
-74.92468,-35.629055,0.6774395,2,2
-75.24405,-33.840008,0.3059836,1,0
-75.548874,-31.973433,0.7256425,2,6
-75.83786,-30.026728,0.6160101,2,1
-76.11046,-28.001953,0.9974597,3,26
-76.36492,-25.896275,0.29319108,1,0
-76.60112,-23.714981,0.0,0,0
-76.81681,-21.455658,0.0,0,0
-77.01236,-19.126774,0.0,0,0
-77.18522,-16.72771,0.0,0,0
-77.33602,-14.2689,0.0,0,0
-77.46252,-11.753696,0.0,0,0
-77.56516,-9.192844,0.0,0,0
-77.642334,-6.59377,0.0,0,0
-77.69433,-3.9675303,0.0,0,0
-77.72028,-1.3243918,0.0,0,0
-77.72028,1.3243918,0.0,0,0
-77.69433,3.9675303,0.0,0,0
-77.642334,6.59377,0.0,0,0
-77.56516,9.192844,0.0,0,0
-77.46252,11.753696,0.0,0,0
-77.33602,14.2689,0.0,0,0
-77.18522,16.72771,0.0,0,0
-77.01236,19.126774,0.0,0,0
-76.81681,21.455658,0.0,0,0
-76.60112,23.714981,0.0,0,0
-76.36492,25.896275,0.0,0,0
-76.11046,28.001953,0.0,0,0
-75.83786,30.026728,0.0,0,0
-75.548874,31.973433,0.0,0,0
-75.24405,33.840008,0.0,0,0
-74.92468,35.629055,0.0,0,0
-74.591606,37.341324,0.0,0,0
-74.24574,38.978756,0.0,0,0
-73.88811,40.54438,0.0,0,0
-73.5193,42.03924,0.0,0,0
-73.14044,43.46812,0.0,0,0
-72.751854,44.831093,0.0,0,0
-72.354706,46.134193,0.0,0,0
-71.94915,47.376556,0.0,0,0
-71.53631,48.56495,0.0,0,0
-71.11623,49.69806,0.0,0,0
-70.68992,50.782303,0.0,0,0
-70.257484,51.817215,0.0,0,0
-69.81968,52.80769,0.0,0,0
-69.376724,53.754284,0.0,0,0
-68.92915,54.66055,0.0,0,0
-68.47724,55.527843,0.0,0,0
-68.021385,56.358604,0.0,0,0
-67.561905,57.15477,0.0,0,0
-67.099045,57.91784,0.06054342,0,0
-66.63316,58.650196,0.9405062,3,36
-66.16442,59.35255,0.99595,3,5
-65.69318,60.027626,0.7659314,3,2
-65.21953,60.675488,0.07955545,0,0
-64.743835,61.299084,0.0,0,0
-64.26613,61.89796,0.0,0,0
-63.786747,62.47506,0.0,0,0
-63.305748,63.03,0.0,0,0
-62.82338,63.565147,0.0,0,0
-62.33973,64.08048,0.0,0,0
-61.854992,64.57775,0.0,0,0
-61.369274,65.05728,0.0,0,0
-60.882717,65.52029,0.0,0,0
-60.39543,65.96738,0.0,0,0
-59.90754,66.399315,0.0,0,0
-59.419147,66.816956,0.0,0,0
-58.93035,67.22068,0.0,0,0
-58.44126,67.61153,0.0,0,0
-57.95195,67.98956,0.0,0,0
-57.46252,68.35598,0.0,0,0
-56.973045,68.710594,0.0,0,0
-56.4836,69.05466,0.0,0,0
-55.99427,69.38788,0.0,0,0
-55.50512,69.71141,0.0,0,0
-55.01622,70.025116,0.0,0,0
-54.527634,70.329834,0.0,0,0
-54.03942,70.6256,0.0,0,0
-53.551636,70.91304,0.0,0,0
-53.064346,71.19232,0.0,0,0
-53.234825,-72.0461,0.0,0,0
-53.72504,-71.7777,0.0,0,0
-54.215824,-71.50138,0.0,0,0
-54.707115,-71.21698,0.0,0,0
-55.19886,-70.92387,0.0,0,0
-55.691006,-70.622025,0.0,0,0
-56.18349,-70.31059,0.0,0,0
-56.67624,-69.989746,0.0,0,0
-57.169205,-69.65831,0.0,0,0
-57.662296,-69.316605,0.0,0,0
-58.155457,-68.96336,0.0,0,0
-58.64859,-68.59876,0.0,0,0
-59.141624,-68.221634,0.0,0,0
-59.634476,-67.83191,0.0,0,0
-60.127045,-67.42853,0.0,0,0
-60.61924,-67.01112,0.0,0,0
-61.110954,-66.57885,0.0,0,0
-61.60208,-66.13092,0.0,0,0
-62.092514,-65.66672,0.0,0,0
-62.582108,-65.18505,0.0,0,0
-63.07077,-64.68554,0.0,0,0
-63.55831,-64.166466,0.0,0,0
-64.04465,-63.627796,0.0,0,0
-64.52954,-63.067165,0.0,0,0
-65.01293,-62.484913,0.024002234,0,0
-65.49452,-61.878075,0.34137177,1,0
-65.974236,-61.247078,0.9130418,3,94
-66.45175,-60.588905,0.839887,3,36
-66.92698,-59.90345,0.97075236,3,132
-67.39957,-59.187935,0.97636163,3,17
-67.86935,-58.441574,0.99148035,3,39
-68.336006,-57.66189,0.93650967,3,7
-68.79926,-56.847282,0.86169326,3,37
-69.25882,-55.995705,0.917725,3,29
-69.7143,-55.10458,0.3038936,1,0
-70.16542,-54.172417,0.73602754,2,2
-70.61164,-53.195454,0.88057584,3,7
-71.052765,-52.172962,0.9182525,3,9
-71.48804,-51.099777,0.99674976,3,66
-71.91734,-49.976166,0.9610153,3,51
-72.33968,-48.79531,0.9573538,3,47
-72.755,-47.558327,0.9987345,3,51
-73.16216,-46.257904,0.977719,3,32
-73.56099,-44.89468,0.4133523,1,0
-73.95034,-43.461975,0.24896023,0,0
-74.32982,-41.95937,0.52814496,2,0
-74.6983,-40.38141,0.3367104,1,0
-75.05513,-38.726566,0.1866844,0,0
-75.39926,-36.99115,0.3656335,1,0
-75.72971,-35.17259,0.52753067,2,0
-76.04559,-33.269577,0.67045563,2,4
-76.34551,-31.278744,0.9791463,3,48
-76.62886,-29.201836,0.6392805,2,1
-76.89376,-27.035166,0.01584016,0,0
-77.140015,-24.7841,0.0,0,0
-77.36523,-22.445415,0.0,0,0
-77.5697,-20.02817,0.0,0,0
-77.75069,-17.531239,0.0,0,0
-77.90876,-14.966109,0.0,0,0
-78.04149,-12.3363285,0.0,0,0
-78.14931,-9.6539955,0.0,0,0
-78.23044,-6.927518,0.0,0,0
-78.28511,-4.1695824,0.0,0,0
-78.3124,-1.3920456,0.0,0,0
-78.3124,1.3920456,0.0,0,0
-78.28511,4.1695824,0.0,0,0
-78.23044,6.927518,0.0,0,0
-78.14931,9.6539955,0.0,0,0
-78.04149,12.3363285,0.0,0,0
-77.90876,14.966109,0.0,0,0
-77.75069,17.531239,0.0,0,0
-77.5697,20.02817,0.0,0,0
-77.36523,22.445415,0.0,0,0
-77.140015,24.7841,0.0,0,0
-76.89376,27.035166,0.0,0,0
-76.62886,29.201836,0.0,0,0
-76.34551,31.278744,0.0,0,0
-76.04559,33.269577,0.0,0,0
-75.72971,35.17259,0.0,0,0
-75.39926,36.99115,0.0,0,0
-75.05513,38.726566,0.0,0,0
-74.6983,40.38141,0.0,0,0
-74.32982,41.95937,0.0,0,0
-73.95034,43.461975,0.0,0,0
-73.56099,44.89468,0.0,0,0
-73.16216,46.257904,0.0,0,0
-72.755,47.558327,0.0,0,0
-72.33968,48.79531,0.0,0,0
-71.91734,49.976166,0.0,0,0
-71.48804,51.099777,0.0,0,0
-71.052765,52.172962,0.0,0,0
-70.61164,53.195454,0.0,0,0
-70.16542,54.172417,0.0,0,0
-69.7143,55.10458,0.0,0,0
-69.25882,55.995705,0.0,0,0
-68.79926,56.847282,0.0,0,0
-68.336006,57.66189,0.0,0,0
-67.86935,58.441574,0.0,0,0
-67.39957,59.187935,0.023076547,0,0
-66.92698,59.90345,0.7447888,2,5
-66.45175,60.588905,0.90528345,3,14
-65.974236,61.247078,0.90477926,3,12
-65.49452,61.878075,0.5111387,2,0
-65.01293,62.484913,0.0,0,0
-64.52954,63.067165,0.0,0,0
-64.04465,63.627796,0.0,0,0
-63.55831,64.166466,0.0,0,0
-63.07077,64.68554,0.0,0,0
-62.582108,65.18505,0.0,0,0
-62.092514,65.66672,0.0,0,0
-61.60208,66.13092,0.0,0,0
-61.110954,66.57885,0.0,0,0
-60.61924,67.01112,0.0,0,0
-60.127045,67.42853,0.0,0,0
-59.634476,67.83191,0.0,0,0
-59.141624,68.221634,0.0,0,0
-58.64859,68.59876,0.0,0,0
-58.155457,68.96336,0.0,0,0
-57.662296,69.316605,0.0,0,0
-57.169205,69.65831,0.0,0,0
-56.67624,69.989746,0.0,0,0
-56.18349,70.31059,0.0,0,0
-55.691006,70.622025,0.0,0,0
-55.19886,70.92387,0.0,0,0
-54.707115,71.21698,0.0,0,0
-54.215824,71.50138,0.0,0,0
-53.72504,71.7777,0.0,0,0
-53.234825,72.0461,0.0,0,0
-53.39781,-72.90812,0.0,0,0
-53.89085,-72.650955,0.0,0,0
-54.38453,-72.38614,0.0,0,0
-54.878777,-72.11348,0.0,0,0
-55.37359,-71.83239,0.0,0,0
-55.86886,-71.54283,0.0,0,0
-56.36457,-71.24399,0.0,0,0
-56.860626,-70.93598,0.0,0,0
-57.357002,-70.61771,0.0,0,0
-57.853592,-70.28944,0.0,0,0
-58.350357,-69.94995,0.0,0,0
-58.8472,-69.599396,0.0,0,0
-59.34406,-69.23663,0.0,0,0
-59.840843,-68.86158,0.0,0,0
-60.33747,-68.473206,0.0,0,0
-60.833847,-68.07112,0.0,0,0
-61.329872,-67.654465,0.0,0,0
-61.825447,-67.222496,0.0,0,0
-62.320465,-66.774574,0.0,0,0
-62.814796,-66.309494,0.0,0,0
-63.308346,-65.82687,0.0,0,0
-63.800945,-65.32498,0.0,0,0
-64.2925,-64.80379,0.0,0,0
-64.7828,-64.260895,0.0,0,0
-65.27177,-63.69664,0.0,0,0
-65.759125,-63.108025,0.0,0,0
-66.24481,-62.495422,0.050936833,0,0
-66.728516,-61.855816,0.07018542,0,0
-67.21014,-61.189026,0.6835331,2,28
-67.68935,-60.492226,0.7830402,3,29
-68.165985,-59.764565,0.99607116,3,73
-68.63973,-59.003475,0.9105634,3,22
-69.11035,-58.207283,0.9900711,3,26
-69.577515,-57.37382,0.6911086,2,12
-70.04088,-56.500374,0.96453667,3,23
-70.50014,-55.585323,0.9937931,3,22
-70.95481,-54.6247,0.8301755,3,23
-71.404655,-53.617615,0.92254305,3,44
-71.84897,-52.5586,0.995193,3,29
-72.28758,-51.447754,0.8668482,3,12
-72.71955,-50.27781,0.9554052,3,6
-73.14478,-49.04969,0.8883296,3,8
-73.56216,-47.755512,0.9954978,3,20
-73.97148,-46.39563,0.9973703,3,16
-74.371574,-44.9627,0.985066,3,15
-74.76206,-43.455887,0.4940665,1,0
-75.141754,-41.868996,0.0,0,0
-75.509995,-40.199924,0.3499069,1,0
-75.86567,-38.444214,0.9085994,3,9
-76.20775,-36.598534,0.3558699,1,0
-76.53527,-34.660896,0.9665044,3,26
-76.84677,-32.626987,0.9387915,3,52
-77.14155,-30.498089,0.12149952,0,0
-77.41761,-28.269464,0.0,0,0
-77.67467,-25.946436,0.0,0,0
-77.91015,-23.524746,0.0,0,0
-78.12428,-21.014015,0.0,0,0
-78.3141,-18.41241,0.0,0,0
-78.480125,-15.732582,0.0,0,0
-78.619705,-12.978203,0.0,0,0
-78.73321,-10.162951,0.0,0,0
-78.81868,-7.29637,0.0,0,0
-78.87632,-4.3931,0.0,0,0
-78.90511,-1.4669223,0.0,0,0
-78.90511,1.4669223,0.0,0,0
-78.87632,4.3931,0.0,0,0
-78.81868,7.29637,0.0,0,0
-78.73321,10.162951,0.0,0,0
-78.619705,12.978203,0.0,0,0
-78.480125,15.732582,0.0,0,0
-78.3141,18.41241,0.0,0,0
-78.12428,21.014015,0.0,0,0
-77.91015,23.524746,0.0,0,0
-77.67467,25.946436,0.0,0,0
-77.41761,28.269464,0.0,0,0
-77.14155,30.498089,0.0,0,0
-76.84677,32.626987,0.0,0,0
-76.53527,34.660896,0.0,0,0
-76.20775,36.598534,0.0,0,0
-75.86567,38.444214,0.0,0,0
-75.509995,40.199924,0.0,0,0
-75.141754,41.868996,0.0,0,0
-74.76206,43.455887,0.0,0,0
-74.371574,44.9627,0.0,0,0
-73.97148,46.39563,0.0,0,0
-73.56216,47.755512,0.0,0,0
-73.14478,49.04969,0.0,0,0
-72.71955,50.27781,0.0,0,0
-72.28758,51.447754,0.0,0,0
-71.84897,52.5586,0.0,0,0
-71.404655,53.617615,0.0,0,0
-70.95481,54.6247,0.0,0,0
-70.50014,55.585323,0.0,0,0
-70.04088,56.500374,0.0,0,0
-69.577515,57.37382,0.0,0,0
-69.11035,58.207283,0.0,0,0
-68.63973,59.003475,0.0,0,0
-68.165985,59.764565,0.0,0,0
-67.68935,60.492226,0.0,0,0
-67.21014,61.189026,0.3170966,1,0
-66.728516,61.855816,0.96204627,3,26
-66.24481,62.495422,0.82896334,3,5
-65.759125,63.108025,0.806381,3,7
-65.27177,63.69664,0.05620593,0,0
-64.7828,64.260895,0.0,0,0
-64.2925,64.80379,0.0,0,0
-63.800945,65.32498,0.0,0,0
-63.308346,65.82687,0.0,0,0
-62.814796,66.309494,0.0,0,0
-62.320465,66.774574,0.0,0,0
-61.825447,67.222496,0.0,0,0
-61.329872,67.654465,0.0,0,0
-60.833847,68.07112,0.0,0,0
-60.33747,68.473206,0.0,0,0
-59.840843,68.86158,0.0,0,0
-59.34406,69.23663,0.0,0,0
-58.8472,69.599396,0.0,0,0
-58.350357,69.94995,0.0,0,0
-57.853592,70.28944,0.0,0,0
-57.357002,70.61771,0.0,0,0
-56.860626,70.93598,0.0,0,0
-56.36457,71.24399,0.0,0,0
-55.86886,71.54283,0.0,0,0
-55.37359,71.83239,0.0,0,0
-54.878777,72.11348,0.0,0,0
-54.38453,72.38614,0.0,0,0
-53.89085,72.650955,0.0,0,0
-53.39781,72.90812,0.0,0,0
-53.553185,-73.77812,0.0,0,0
-54.048923,-73.53255,0.0,0,0
-54.545387,-73.27958,0.0,0,0
-55.0425,-73.01906,0.0,0,0
-55.54024,-72.75039,0.0,0,0
-56.03853,-72.473564,0.0,0,0
-56.537346,-72.187744,0.0,0,0
-57.03659,-71.89307,0.0,0,0
-57.536243,-71.58845,0.0,0,0
-58.03622,-71.274155,0.0,0,0
-58.53646,-70.94899,0.0,0,0
-59.03689,-70.6131,0.0,0,0
-59.53744,-70.26534,0.0,0,0
-60.03803,-69.90565,0.0,0,0
-60.538586,-69.533005,0.0,0,0
-61.03901,-69.147,0.0,0,0
-61.53921,-68.74681,0.0,0,0
-62.039104,-68.33168,0.0,0,0
-62.538578,-67.90096,0.0,0,0
-63.037514,-67.45347,0.0,0,0
-63.535816,-66.9888,0.0,0,0
-64.03334,-66.505264,0.0,0,0
-64.52999,-66.00275,0.0,0,0
-65.02555,-65.47892,0.0,0,0
-65.51997,-64.93403,0.0,0,0
-66.012985,-64.36512,0.0,0,0
-66.50451,-63.772514,0.0,0,0
-66.994286,-63.153168,0.0,0,0
-67.482185,-62.506863,0.0,0,0
-67.96791,-61.830715,0.044943467,0,0
-68.4513,-61.12384,0.6942931,2,3
-68.93207,-60.383575,0.9552924,3,59
-69.40996,-59.608173,0.9764224,3,56
-69.88466,-58.795353,0.87390655,3,26
-70.35585,-57.942284,0.8747508,3,16
-70.823235,-57.04721,0.9132728,3,12
-71.28634,-56.10598,0.9855902,3,12
-71.74492,-55.117523,0.92046106,3,12
-72.19828,-54.076088,0.6720085,2,4
-72.646286,-52.98159,0.86501575,3,7
-73.08797,-51.82632,0.9812376,3,13
-73.52324,-50.61097,0.976451,3,38
-73.95099,-49.32709,0.99701273,3,24
-74.370995,-47.974693,0.9977093,3,26
-74.782135,-46.545742,0.98745173,3,18
-75.18393,-45.03892,0.9623944,3,11
-75.57521,-43.447212,0.14884908,0,0
-75.955284,-41.767864,0.9882881,3,3000
-76.32298,-39.995514,0.45089942,1,0
-76.67724,-38.12595,0.6645505,2,4
-77.01703,-36.15631,0.95444155,3,5
-77.34078,-34.081173,0.8901949,3,36
-77.647705,-31.901157,0.03843289,0,0
-77.935715,-29.610212,0.0,0,0
-78.20437,-27.213465,0.0,0,0
-78.45097,-24.705317,0.0,0,0
-78.67559,-22.095898,0.0,0,0
-78.87505,-19.382383,0.0,0,0
-79.049805,-16.578676,0.0,0,0
-79.196915,-13.688495,0.0,0,0
-79.31669,-10.727327,0.0,0,0
-79.40698,-7.706036,0.0,0,0
-79.46791,-4.6416235,0.0,0,0
-79.49837,-1.5502225,0.0,0,0
-79.49837,1.5502225,0.0,0,0
-79.46791,4.6416235,0.0,0,0
-79.40698,7.706036,0.0,0,0
-79.31669,10.727327,0.0,0,0
-79.196915,13.688495,0.0,0,0
-79.049805,16.578676,0.0,0,0
-78.87505,19.382383,0.0,0,0
-78.67559,22.095898,0.0,0,0
-78.45097,24.705317,0.0,0,0
-78.20437,27.213465,0.0,0,0
-77.935715,29.610212,0.0,0,0
-77.647705,31.901157,0.0,0,0
-77.34078,34.081173,0.0,0,0
-77.01703,36.15631,0.0,0,0
-76.67724,38.12595,0.0,0,0
-76.32298,39.995514,0.0,0,0
-75.955284,41.767864,0.0,0,0
-75.57521,43.447212,0.0,0,0
-75.18393,45.03892,0.0,0,0
-74.782135,46.545742,0.0,0,0
-74.370995,47.974693,0.0,0,0
-73.95099,49.32709,0.0,0,0
-73.52324,50.61097,0.0,0,0
-73.08797,51.82632,0.0,0,0
-72.646286,52.98159,0.0,0,0
-72.19828,54.076088,0.0,0,0
-71.74492,55.117523,0.0,0,0
-71.28634,56.10598,0.0,0,0
-70.823235,57.04721,0.0,0,0
-70.35585,57.942284,0.0,0,0
-69.88466,58.795353,0.0,0,0
-69.40996,59.608173,0.0,0,0
-68.93207,60.383575,0.0,0,0
-68.4513,61.12384,0.0,0,0
-67.96791,61.830715,0.0,0,0
-67.482185,62.506863,0.024244752,0,0
-66.994286,63.153168,0.6382339,2,2
-66.50451,63.772514,0.95941556,3,15
-66.012985,64.36512,0.99270654,3,11
-65.51997,64.93403,0.17569798,0,0
-65.02555,65.47892,0.0,0,0
-64.52999,66.00275,0.0,0,0
-64.03334,66.505264,0.0,0,0
-63.535816,66.9888,0.0,0,0
-63.037514,67.45347,0.0,0,0
-62.538578,67.90096,0.0,0,0
-62.039104,68.33168,0.0,0,0
-61.53921,68.74681,0.0,0,0
-61.03901,69.147,0.0,0,0
-60.538586,69.533005,0.0,0,0
-60.03803,69.90565,0.0,0,0
-59.53744,70.26534,0.0,0,0
-59.03689,70.6131,0.0,0,0
-58.53646,70.94899,0.0,0,0
-58.03622,71.274155,0.0,0,0
-57.536243,71.58845,0.0,0,0
-57.03659,71.89307,0.0,0,0
-56.537346,72.187744,0.0,0,0
-56.03853,72.473564,0.0,0,0
-55.54024,72.75039,0.0,0,0
-55.0425,73.01906,0.0,0,0
-54.545387,73.27958,0.0,0,0
-54.048923,73.53255,0.0,0,0
-53.553185,73.77812,0.0,0,0
-53.700592,-74.65604,0.0,0,0
-54.19892,-74.422386,0.0,0,0
-54.698044,-74.18164,0.0,0,0
-55.19789,-73.93364,0.0,0,0
-55.698444,-73.67781,0.0,0,0
-56.19962,-73.414116,0.0,0,0
-56.70141,-73.14177,0.0,0,0
-57.203716,-72.860916,0.0,0,0
-57.70652,-72.57048,0.0,0,0
-58.209732,-72.270706,0.0,0,0
-58.713318,-71.96045,0.0,0,0
-59.21719,-71.639824,0.0,0,0
-59.721294,-71.30774,0.0,0,0
-60.225548,-70.96411,0.0,0,0
-60.729877,-70.607925,0.0,0,0
-61.234207,-70.23881,0.0,0,0
-61.73844,-69.85593,0.0,0,0
-62.2425,-69.45854,0.0,0,0
-62.746273,-69.04599,0.0,0,0
-63.249664,-68.61711,0.0,0,0
-63.75258,-68.17151,0.0,0,0
-64.25487,-67.70747,0.0,0,0
-64.75645,-67.224915,0.0,0,0
-65.257126,-66.72149,0.0,0,0
-65.75684,-66.19743,0.0,0,0
-66.255356,-65.64979,0.0,0,0
-66.752594,-65.07884,0.0,0,0
-67.24828,-64.48156,0.0,0,0
-67.74232,-63.85766,0.0,0,0
-68.234436,-63.204247,0.0,0,0
-68.72446,-62.520355,0.017209921,0,0
-69.21211,-61.8033,0.7191564,2,9
-69.69716,-61.051235,0.99660563,3,158
-70.17931,-60.261806,0.99999523,3,79
-70.65825,-59.43206,0.9295934,3,44
-71.13368,-58.560104,0.47375187,1,0
-71.60516,-57.64163,0.15881927,0,0
-72.07244,-56.675385,0.24319242,0,0
-72.53486,-55.655365,0.6243828,2,3
-72.99226,-54.581257,0.999958,3,34
-73.443726,-53.44495,0.9659787,3,73
-73.88913,-52.246872,0.7510695,3,3
-74.32739,-50.977997,0.99245226,3,41
-74.7583,-49.63798,0.9975049,3,16
-75.18067,-48.218033,0.99888486,3,18
-75.59407,-46.716324,0.96720964,3,45
-75.997314,-45.124916,0.4572525,1,0
-76.38963,-43.440292,0.6913348,2,8
-76.769875,-41.65609,0.75819635,3,1
-77.13688,-39.76703,0.4977045,1,0
-77.48957,-37.76921,0.86848795,3,14
-77.82631,-35.65582,0.92280024,3,13
-78.14618,-33.426613,0.05951158,0,0
-78.44699,-31.07387,0.0,0,0
-78.728165,-28.60231,0.0,0,0
-78.98682,-26.004578,0.0,0,0
-79.222885,-23.291178,0.0,0,0
-79.43295,-20.457928,0.0,0,0
-79.6173,-17.520027,0.0,0,0
-79.77278,-14.481085,0.0,0,0
-79.89954,-11.358679,0.0,0,0
-79.99521,-8.165205,0.0,0,0
-80.05983,-4.9205513,0.0,0,0
-80.09215,-1.6437771,0.0,0,0
-80.09215,1.6437771,0.0,0,0
-80.05983,4.9205513,0.0,0,0
-79.99521,8.165205,0.0,0,0
-79.89954,11.358679,0.0,0,0
-79.77278,14.481085,0.0,0,0
-79.6173,17.520027,0.0,0,0
-79.43295,20.457928,0.0,0,0
-79.222885,23.291178,0.0,0,0
-78.98682,26.004578,0.0,0,0
-78.728165,28.60231,0.0,0,0
-78.44699,31.07387,0.0,0,0
-78.14618,33.426613,0.0,0,0
-77.82631,35.65582,0.0,0,0
-77.48957,37.76921,0.0,0,0
-77.13688,39.76703,0.0,0,0
-76.769875,41.65609,0.0,0,0
-76.38963,43.440292,0.0,0,0
-75.997314,45.124916,0.0,0,0
-75.59407,46.716324,0.0,0,0
-75.18067,48.218033,0.0,0,0
-74.7583,49.63798,0.0,0,0
-74.32739,50.977997,0.0,0,0
-73.88913,52.246872,0.0,0,0
-73.443726,53.44495,0.0,0,0
-72.99226,54.581257,0.0,0,0
-72.53486,55.655365,0.0,0,0
-72.07244,56.675385,0.0,0,0
-71.60516,57.64163,0.0,0,0
-71.13368,58.560104,0.0,0,0
-70.65825,59.43206,0.0,0,0
-70.17931,60.261806,0.0,0,0
-69.69716,61.051235,0.0,0,0
-69.21211,61.8033,0.0,0,0
-68.72446,62.520355,0.0,0,0
-68.234436,63.204247,0.0,0,0
-67.74232,63.85766,0.0,0,0
-67.24828,64.48156,0.45926878,1,0
-66.752594,65.07884,0.9992946,3,53
-66.255356,65.64979,0.8480222,3,1
-65.75684,66.19743,0.71337235,2,2
-65.257126,66.72149,0.023101034,0,0
-64.75645,67.224915,0.0,0,0
-64.25487,67.70747,0.0,0,0
-63.75258,68.17151,0.0,0,0
-63.249664,68.61711,0.0,0,0
-62.746273,69.04599,0.0,0,0
-62.2425,69.45854,0.0,0,0
-61.73844,69.85593,0.0,0,0
-61.234207,70.23881,0.0,0,0
-60.729877,70.607925,0.0,0,0
-60.225548,70.96411,0.0,0,0
-59.721294,71.30774,0.0,0,0
-59.21719,71.639824,0.0,0,0
-58.713318,71.96045,0.0,0,0
-58.209732,72.270706,0.0,0,0
-57.70652,72.57048,0.0,0,0
-57.203716,72.860916,0.0,0,0
-56.70141,73.14177,0.0,0,0
-56.19962,73.414116,0.0,0,0
-55.698444,73.67781,0.0,0,0
-55.19789,73.93364,0.0,0,0
-54.698044,74.18164,0.0,0,0
-54.19892,74.422386,0.0,0,0
-53.700592,74.65604,0.0,0,0
-53.84025,-75.54121,0.0,0,0
-54.341057,-75.31981,0.0,0,0
-54.84272,-75.09161,0.0,0,0
-55.34518,-74.85648,0.0,0,0
-55.848415,-74.61387,0.0,0,0
-56.352356,-74.36373,0.0,0,0
-56.85699,-74.10531,0.0,0,0
-57.362225,-73.838715,0.0,0,0
-57.868042,-73.56294,0.0,0,0
-58.374363,-73.27818,0.0,0,0
-58.88115,-72.983376,0.0,0,0
-59.38832,-72.6786,0.0,0,0
-59.895832,-72.36281,0.0,0,0
-60.4036,-72.03589,0.0,0,0
-60.911564,-71.696884,0.0,0,0
-61.419643,-71.345406,0.0,0,0
-61.92775,-70.98062,0.0,0,0
-62.435814,-70.60183,0.0,0,0
-62.943745,-70.20837,0.0,0,0
-63.451427,-69.7991,0.0,0,0
-63.95878,-69.37361,0.0,0,0
-64.465675,-68.930214,0.0,0,0
-64.97203,-68.46881,0.0,0,0
-65.47768,-67.98711,0.0,0,0
-65.98252,-67.48527,0.0,0,0
-66.486374,-66.9604,0.0,0,0
-66.989136,-66.41274,0.0,0,0
-67.4906,-65.83926,0.0,0,0
-67.990616,-65.239655,0.0,0,0
-68.48896,-64.61099,0.0,0,0
-68.985466,-63.952286,0.0,0,0
-69.47986,-63.260796,0.09068928,0,0
-69.971924,-62.534622,0.1781511,0,0
-70.4614,-61.771317,0.1956913,0,0
-70.94796,-60.967842,0.44835687,1,0
-71.43136,-60.122196,0.8123719,3,19
-71.911125,-59.22989,0.99872583,3,36
-72.38704,-58.289536,0.8853,3,13
-72.85847,-57.294872,0.61794627,2,1
-73.32525,-56.24537,0.50260586,2,0
-73.78651,-55.13253,0.96231985,3,18
-74.24209,-53.956505,0.9907111,3,12
-74.69096,-52.707695,0.9226933,3,14
-75.13288,-51.38536,0.9942661,3,8
-75.5667,-49.97995,0.9923321,3,25
-75.99196,-48.489044,0.99509543,3,34
-76.407455,-46.90376,0.880205,3,10
-76.81242,-45.2197,0.12098906,0,0
-77.20564,-43.42934,0.8807194,3,4
-77.58596,-41.52619,0.36563838,1,0
-77.95218,-39.505104,0.7917165,3,3
-78.302605,-37.357613,0.22730935,0,0
-78.63624,-35.082317,0.0,0,0
-78.95073,-32.669445,0.0,0,0
-79.24537,-30.123005,0.0,0,0
-79.517075,-27.43337,0.0,0,0
-79.76561,-24.611233,0.0,0,0
-79.9873,-21.65052,0.0,0,0
-80.18225,-18.567738,0.0,0,0
-80.34701,-15.366137,0.0,0,0
-80.481544,-12.065672,0.0,0,0
-80.58323,-8.680512,0.0,0,0
-80.65199,-5.234059,0.0,0,0
-80.686386,-1.7490114,0.0,0,0
-80.686386,1.7490114,0.0,0,0
-80.65199,5.234059,0.0,0,0
-80.58323,8.680512,0.0,0,0
-80.481544,12.065672,0.0,0,0
-80.34701,15.366137,0.0,0,0
-80.18225,18.567738,0.0,0,0
-79.9873,21.65052,0.0,0,0
-79.76561,24.611233,0.0,0,0
-79.517075,27.43337,0.0,0,0
-79.24537,30.123005,0.0,0,0
-78.95073,32.669445,0.0,0,0
-78.63624,35.082317,0.0,0,0
-78.302605,37.357613,0.0,0,0
-77.95218,39.505104,0.0,0,0
-77.58596,41.52619,0.0,0,0
-77.20564,43.42934,0.0,0,0
-76.81242,45.2197,0.0,0,0
-76.407455,46.90376,0.0,0,0
-75.99196,48.489044,0.0,0,0
-75.5667,49.97995,0.0,0,0
-75.13288,51.38536,0.0,0,0
-74.69096,52.707695,0.0,0,0
-74.24209,53.956505,0.0,0,0
-73.78651,55.13253,0.0,0,0
-73.32525,56.24537,0.0,0,0
-72.85847,57.294872,0.0,0,0
-72.38704,58.289536,0.0,0,0
-71.911125,59.22989,0.0,0,0
-71.43136,60.122196,0.0,0,0
-70.94796,60.967842,0.0,0,0
-70.4614,61.771317,0.0,0,0
-69.971924,62.534622,0.0,0,0
-69.47986,63.260796,0.0,0,0
-68.985466,63.952286,0.0,0,0
-68.48896,64.61099,0.0,0,0
-67.990616,65.239655,0.0,0,0
-67.4906,65.83926,0.045155305,0,0
-66.989136,66.41274,0.8334266,3,15
-66.486374,66.9604,0.7984899,3,3
-65.98252,67.48527,0.9107119,3,6
-65.47768,67.98711,0.14056352,0,0
-64.97203,68.46881,0.0,0,0
-64.465675,68.930214,0.0,0,0
-63.95878,69.37361,0.0,0,0
-63.451427,69.7991,0.0,0,0
-62.943745,70.20837,0.0,0,0
-62.435814,70.60183,0.0,0,0
-61.92775,70.98062,0.0,0,0
-61.419643,71.345406,0.0,0,0
-60.911564,71.696884,0.0,0,0
-60.4036,72.03589,0.0,0,0
-59.895832,72.36281,0.0,0,0
-59.38832,72.6786,0.0,0,0
-58.88115,72.983376,0.0,0,0
-58.374363,73.27818,0.0,0,0
-57.868042,73.56294,0.0,0,0
-57.362225,73.838715,0.0,0,0
-56.85699,74.10531,0.0,0,0
-56.352356,74.36373,0.0,0,0
-55.848415,74.61387,0.0,0,0
-55.34518,74.85648,0.0,0,0
-54.84272,75.09161,0.0,0,0
-54.341057,75.31981,0.0,0,0
-53.84025,75.54121,0.0,0,0
-53.971672,-76.43367,0.0,0,0
-54.474823,-76.22484,0.0,0,0
-54.97889,-76.00955,0.0,0,0
-55.48383,-75.78766,0.0,0,0
-55.989613,-75.55864,0.0,0,0
-56.496178,-75.32246,0.0,0,0
-57.0035,-75.078384,0.0,0,0
-57.51152,-74.82652,0.0,0,0
-58.02021,-74.56589,0.0,0,0
-58.52948,-74.2967,0.0,0,0
-59.039314,-74.01789,0.0,0,0
-59.54963,-73.72955,0.0,0,0
-60.060387,-73.43068,0.0,0,0
-60.571507,-73.12115,0.0,0,0
-61.08293,-72.80004,0.0,0,0
-61.59459,-72.466965,0.0,0,0
-62.106407,-72.121124,0.0,0,0
-62.618305,-71.76181,0.0,0,0
-63.13019,-71.3884,0.0,0,0
-63.64199,-70.99975,0.0,0,0
-64.1536,-70.59546,0.0,0,0
-64.66492,-70.173904,0.0,0,0
-65.17586,-69.734924,0.0,0,0
-65.68626,-69.276306,0.0,0,0
-66.19606,-68.798164,0.0,0,0
-66.705055,-68.297676,0.0,0,0
-67.213165,-67.775,0.0,0,0
-67.720184,-67.22718,0.0,0,0
-68.22601,-66.65386,0.0,0,0
-68.730385,-66.05214,0.0,0,0
-69.23318,-65.42097,0.0,0,0
-69.73414,-64.75758,0.0,0,0
-70.233055,-64.06004,0.0,0,0
-70.72968,-63.325855,0.0,0,0
-71.22371,-62.551895,0.0,0,0
-71.714905,-61.736046,0.07943564,0,0
-72.20283,-60.873722,0.25693458,1,0
-72.687256,-59.963356,0.34383333,1,0
-73.16762,-58.99849,0.76323855,3,2
-73.64371,-57.978363,0.99685293,3,14
-74.114716,-56.894146,0.97780013,3,27
-74.580475,-55.745678,0.752293,3,6
-75.04001,-54.522842,0.9641051,3,15
-75.49303,-53.224464,0.9130113,3,11
-75.93844,-51.840225,0.36773017,1,0
-76.37575,-50.36708,0.7900102,3,16
-76.8038,-48.7951,0.9977006,3,28
-77.221756,-47.11895,0.48999107,1,0
-77.62843,-45.32981,0.78871745,3,3
-78.02258,-43.419785,0.029399585,0,0
-78.40299,-41.38223,0.047768157,0,0
-78.76788,-39.20671,0.0,0,0
-79.11614,-36.89032,0.0,0,0
-79.4453,-34.42074,0.0,0,0
-79.754486,-31.80083,0.0,0,0
-80.04039,-29.018024,0.0,0,0
-80.30261,-26.082827,0.0,0,0
-80.53716,-22.986542,0.0,0,0
-80.74391,-19.746868,0.0,0,0
-80.91905,-16.366291,0.0,0,0
-81.06236,-12.867433,0.0,0,0
-81.17085,-9.266496,0.0,0,0
-81.24431,-5.591252,0.0,0,0
-81.28108,-1.8690262,0.0,0,0
-81.28108,1.8690262,0.0,0,0
-81.24431,5.591252,0.0,0,0
-81.17085,9.266496,0.0,0,0
-81.06236,12.867433,0.0,0,0
-80.91905,16.366291,0.0,0,0
-80.74391,19.746868,0.0,0,0
-80.53716,22.986542,0.0,0,0
-80.30261,26.082827,0.0,0,0
-80.04039,29.018024,0.0,0,0
-79.754486,31.80083,0.0,0,0
-79.4453,34.42074,0.0,0,0
-79.11614,36.89032,0.0,0,0
-78.76788,39.20671,0.0,0,0
-78.40299,41.38223,0.0,0,0
-78.02258,43.419785,0.0,0,0
-77.62843,45.32981,0.0,0,0
-77.221756,47.11895,0.0,0,0
-76.8038,48.7951,0.0,0,0
-76.37575,50.36708,0.0,0,0
-75.93844,51.840225,0.0,0,0
-75.49303,53.224464,0.0,0,0
-75.04001,54.522842,0.0,0,0
-74.580475,55.745678,0.0,0,0
-74.114716,56.894146,0.0,0,0
-73.64371,57.978363,0.0,0,0
-73.16762,58.99849,0.0,0,0
-72.687256,59.963356,0.0,0,0
-72.20283,60.873722,0.0,0,0
-71.714905,61.736046,0.0,0,0
-71.22371,62.551895,0.0,0,0
-70.72968,63.325855,0.0,0,0
-70.233055,64.06004,0.0,0,0
-69.73414,64.75758,0.0,0,0
-69.23318,65.42097,0.0,0,0
-68.730385,66.05214,0.0,0,0
-68.22601,66.65386,0.0,0,0
-67.720184,67.22718,0.032689385,0,0
-67.213165,67.775,0.74313736,2,6
-66.705055,68.297676,0.99783653,3,31
-66.19606,68.798164,0.7056717,2,3
-65.68626,69.276306,0.5680408,2,0
-65.17586,69.734924,0.030189814,0,0
-64.66492,70.173904,0.0,0,0
-64.1536,70.59546,0.0,0,0
-63.64199,70.99975,0.0,0,0
-63.13019,71.3884,0.0,0,0
-62.618305,71.76181,0.0,0,0
-62.106407,72.121124,0.0,0,0
-61.59459,72.466965,0.0,0,0
-61.08293,72.80004,0.0,0,0
-60.571507,73.12115,0.0,0,0
-60.060387,73.43068,0.0,0,0
-59.54963,73.72955,0.0,0,0
-59.039314,74.01789,0.0,0,0
-58.52948,74.2967,0.0,0,0
-58.02021,74.56589,0.0,0,0
-57.51152,74.82652,0.0,0,0
-57.0035,75.078384,0.0,0,0
-56.496178,75.32246,0.0,0,0
-55.989613,75.55864,0.0,0,0
-55.48383,75.78766,0.0,0,0
-54.97889,76.00955,0.0,0,0
-54.474823,76.22484,0.0,0,0
-53.971672,76.43367,0.0,0,0
-54.095024,-77.3328,0.0,0,0
-54.600388,-77.13683,0.0,0,0
-55.10673,-76.93477,0.0,0,0
-55.614006,-76.726456,0.0,0,0
-56.122208,-76.51139,0.0,0,0
-56.63125,-76.28954,0.0,0,0
-57.141136,-76.06022,0.0,0,0
-57.651783,-75.82351,0.0,0,0
-58.16319,-75.57849,0.0,0,0
-58.67526,-75.32535,0.0,0,0
-59.18798,-75.06306,0.0,0,0
-59.701283,-74.79172,0.0,0,0
-60.21512,-74.51036,0.0,0,0
-60.729424,-74.218864,0.0,0,0
-61.24414,-73.91632,0.0,0,0
-61.7592,-73.60238,0.0,0,0
-62.274544,-73.27626,0.0,0,0
-62.79009,-72.93727,0.0,0,0
-63.305763,-72.58479,0.0,0,0
-63.821484,-72.21774,0.0,0,0
-64.337166,-71.83571,0.0,0,0
-64.852715,-71.43709,0.0,0,0
-65.36803,-71.02176,0.0,0,0
-65.882996,-70.587524,0.0,0,0
-66.39753,-70.13449,0.0,0,0
-66.91146,-69.6599,0.0,0,0
-67.424706,-69.16388,0.0,0,0
-67.93708,-68.643524,0.0,0,0
-68.44849,-68.098434,0.0,0,0
-68.95869,-67.525764,0.0,0,0
-69.46757,-66.924416,0.0,0,0
-69.97488,-66.29165,0.0,0,0
-70.48044,-65.62547,0.0,0,0
-70.98402,-64.923355,0.0,0,0
-71.48532,-64.18214,0.0,0,0
-71.984116,-63.399605,0.0,0,0
-72.480034,-62.571087,0.0,0,0
-72.972824,-61.694878,0.0,0,0
-73.46195,-60.764355,0.031295437,0,0
-73.94724,-59.778538,0.13188301,0,0
-74.42792,-58.728317,0.18713626,0,0
-74.903786,-57.61322,0.6607024,2,2
-75.37395,-56.422638,0.97697955,3,3
-75.83809,-55.15497,0.70738167,2,3
-76.29517,-53.799137,0.85812336,3,45
-76.74468,-52.35143,0.13161775,0,0
-77.18548,-50.80085,0.08916085,0,0
-77.616745,-49.141052,0.017982528,0,0
-78.03726,-47.361786,0.02708663,0,0
-78.44575,-45.453583,0.0,0,0
-78.84096,-43.408054,0.0,0,0
-79.22104,-41.21246,0.0,0,0
-79.58479,-38.861996,0.0,0,0
-79.9296,-36.341183,0.0,0,0
-80.25444,-33.651245,0.0,0,0
-80.555786,-30.775772,0.0,0,0
-80.833015,-27.724579,0.0,0,0
-81.08174,-24.485325,0.0,0,0
-81.301636,-21.076637,0.0,0,0
-81.488434,-17.49955,0.0,0,0
-81.64164,-13.779629,0.0,0,0
-81.75787,-9.935343,0.0,0,0
-81.83668,-5.999878,0.0,0,0
-81.876175,-2.0064812,0.0,0,0
-81.876175,2.0064812,0.0,0,0
-81.83668,5.999878,0.0,0,0
-81.75787,9.935343,0.0,0,0
-81.64164,13.779629,0.0,0,0
-81.488434,17.49955,0.0,0,0
-81.301636,21.076637,0.0,0,0
-81.08174,24.485325,0.0,0,0
-80.833015,27.724579,0.0,0,0
-80.555786,30.775772,0.0,0,0
-80.25444,33.651245,0.0,0,0
-79.9296,36.341183,0.0,0,0
-79.58479,38.861996,0.0,0,0
-79.22104,41.21246,0.0,0,0
-78.84096,43.408054,0.0,0,0
-78.44575,45.453583,0.0,0,0
-78.03726,47.361786,0.0,0,0
-77.616745,49.141052,0.0,0,0
-77.18548,50.80085,0.0,0,0
-76.74468,52.35143,0.0,0,0
-76.29517,53.799137,0.0,0,0
-75.83809,55.15497,0.0,0,0
-75.37395,56.422638,0.0,0,0
-74.903786,57.61322,0.0,0,0
-74.42792,58.728317,0.0,0,0
-73.94724,59.778538,0.0,0,0
-73.46195,60.764355,0.0,0,0
-72.972824,61.694878,0.0,0,0
-72.480034,62.571087,0.0,0,0
-71.984116,63.399605,0.0,0,0
-71.48532,64.18214,0.0,0,0
-70.98402,64.923355,0.0,0,0
-70.48044,65.62547,0.0,0,0
-69.97488,66.29165,0.0,0,0
-69.46757,66.924416,0.0,0,0
-68.95869,67.525764,0.0,0,0
-68.44849,68.098434,0.0,0,0
-67.93708,68.643524,0.019279368,0,0
-67.424706,69.16388,0.32480708,1,0
-66.91146,69.6599,0.97167426,3,23
-66.39753,70.13449,0.99892455,3,21
-65.882996,70.587524,0.9909093,3,6
-65.36803,71.02176,0.18826999,0,0
-64.852715,71.43709,0.014633311,0,0
-64.337166,71.83571,0.15995659,0,0
-63.821484,72.21774,0.037448335,0,0
-63.305763,72.58479,0.0,0,0
-62.79009,72.93727,0.0,0,0
-62.274544,73.27626,0.0,0,0
-61.7592,73.60238,0.0,0,0
-61.24414,73.91632,0.0,0,0
-60.729424,74.218864,0.0,0,0
-60.21512,74.51036,0.0,0,0
-59.701283,74.79172,0.0,0,0
-59.18798,75.06306,0.0,0,0
-58.67526,75.32535,0.0,0,0
-58.16319,75.57849,0.0,0,0
-57.651783,75.82351,0.0,0,0
-57.141136,76.06022,0.0,0,0
-56.63125,76.28954,0.0,0,0
-56.122208,76.51139,0.0,0,0
-55.614006,76.726456,0.0,0,0
-55.10673,76.93477,0.0,0,0
-54.600388,77.13683,0.0,0,0
-54.095024,77.3328,0.0,0,0
-54.210136,-78.2383,0.0,0,0
-54.71757,-78.05549,0.0,0,0
-55.22606,-77.86694,0.0,0,0
-55.73554,-77.67253,0.0,0,0
-56.246,-77.47178,0.0,0,0
-56.757378,-77.26463,0.0,0,0
-57.26967,-77.05045,0.0,0,0
-57.782784,-76.82933,0.0,0,0
-58.296753,-76.60036,0.0,0,0
-58.811455,-76.36373,0.0,0,0
-59.326904,-76.11847,0.0,0,0
-59.843014,-75.864685,0.0,0,0
-60.359764,-75.6014,0.0,0,0
-60.87707,-75.32855,0.0,0,0
-61.3949,-75.04525,0.0,0,0
-61.913177,-74.75116,0.0,0,0
-62.43185,-74.44552,0.0,0,0
-62.95085,-74.12767,0.0,0,0
-63.470108,-73.79702,0.0,0,0
-63.98954,-73.452515,0.0,0,0
-64.50908,-73.09376,0.0,0,0
-65.02863,-72.7192,0.0,0,0
-65.54811,-72.32871,0.0,0,0
-66.06742,-71.92016,0.0,0,0
-66.58647,-71.493645,0.0,0,0
-67.10511,-71.04648,0.0,0,0
-67.62326,-70.57878,0.0,0,0
-68.140755,-70.087685,0.0,0,0
-68.65749,-69.5728,0.0,0,0
-69.17328,-69.03132,0.0,0,0
-69.687996,-68.46213,0.0,0,0
-70.201416,-67.862526,0.0,0,0
-70.71338,-67.2305,0.0,0,0
-71.22366,-66.5635,0.0,0,0
-71.732,-65.85837,0.0,0,0
-72.23818,-65.1128,0.0,0,0
-72.74185,-64.322105,0.0,0,0
-73.2428,-63.48444,0.0,0,0
-73.7405,-62.593082,0.0,0,0
-74.2348,-61.646843,0.0,0,0
-74.72497,-60.636406,0.0,0,0
-75.21084,-59.560986,0.014037871,0,0
-75.69153,-58.409573,0.07889809,0,0
-76.16674,-57.18009,0.015866728,0,0
-76.635506,-55.860813,0.048132643,0,0
-77.097275,-54.447315,0.0,0,0
-77.55097,-52.92755,0.0,0,0
-77.995766,-51.29406,0.0,0,0
-78.430435,-49.535103,0.0,0,0
-78.853714,-47.639473,0.0,0,0
-79.2643,-45.596783,0.0,0,0
-79.66031,-43.39165,0.0,0,0
-80.040405,-41.016888,0.0,0,0
-80.40191,-38.4532,0.0,0,0
-80.74361,-35.699467,0.0,0,0
-81.06172,-32.734352,0.0,0,0
-81.35539,-29.56619,0.0,0,0
-81.619865,-26.177574,0.0,0,0
-81.85447,-22.587498,0.0,0,0
-82.05443,-18.79448,0.0,0,0
-82.21892,-14.827173,0.0,0,0
-82.34402,-10.706463,0.0,0,0
-82.42899,-6.4723034,0.0,0,0
-82.471634,-2.1656241,0.0,0,0
-82.471634,2.1656241,0.0,0,0
-82.42899,6.4723034,0.0,0,0
-82.34402,10.706463,0.0,0,0
-82.21892,14.827173,0.0,0,0
-82.05443,18.79448,0.0,0,0
-81.85447,22.587498,0.0,0,0
-81.619865,26.177574,0.0,0,0
-81.35539,29.56619,0.0,0,0
-81.06172,32.734352,0.0,0,0
-80.74361,35.699467,0.0,0,0
-80.40191,38.4532,0.0,0,0
-80.040405,41.016888,0.0,0,0
-79.66031,43.39165,0.0,0,0
-79.2643,45.596783,0.0,0,0
-78.853714,47.639473,0.0,0,0
-78.430435,49.535103,0.0,0,0
-77.995766,51.29406,0.0,0,0
-77.55097,52.92755,0.0,0,0
-77.097275,54.447315,0.0,0,0
-76.635506,55.860813,0.0,0,0
-76.16674,57.18009,0.0,0,0
-75.69153,58.409573,0.0,0,0
-75.21084,59.560986,0.0,0,0
-74.72497,60.636406,0.0,0,0
-74.2348,61.646843,0.0,0,0
-73.7405,62.593082,0.0,0,0
-73.2428,63.48444,0.0,0,0
-72.74185,64.322105,0.0,0,0
-72.23818,65.1128,0.0,0,0
-71.732,65.85837,0.0,0,0
-71.22366,66.5635,0.0,0,0
-70.71338,67.2305,0.0,0,0
-70.201416,67.862526,0.0,0,0
-69.687996,68.46213,0.0,0,0
-69.17328,69.03132,0.0,0,0
-68.65749,69.5728,0.11543582,0,0
-68.140755,70.087685,0.7684445,3,5
-67.62326,70.57878,0.8085302,3,13
-67.10511,71.04648,0.98997426,3,22
-66.58647,71.493645,0.9505168,3,15
-66.06742,71.92016,0.70162207,2,7
-65.54811,72.32871,0.9872561,3,10
-65.02863,72.7192,0.55231524,2,0
-64.50908,73.09376,0.9862999,3,5
-63.98954,73.452515,0.5324803,2,0
-63.470108,73.79702,0.2645209,1,0
-62.95085,74.12767,0.016898103,0,0
-62.43185,74.44552,0.0,0,0
-61.913177,74.75116,0.0,0,0
-61.3949,75.04525,0.0,0,0
-60.87707,75.32855,0.0,0,0
-60.359764,75.6014,0.0,0,0
-59.843014,75.864685,0.0,0,0
-59.326904,76.11847,0.0,0,0
-58.811455,76.36373,0.0,0,0
-58.296753,76.60036,0.0,0,0
-57.782784,76.82933,0.0,0,0
-57.26967,77.05045,0.0,0,0
-56.757378,77.26463,0.0,0,0
-56.246,77.47178,0.0,0,0
-55.73554,77.67253,0.0,0,0
-55.22606,77.86694,0.0,0,0
-54.71757,78.05549,0.0,0,0
-54.210136,78.2383,0.0,0,0
-54.316742,-79.14987,0.0,0,0
-54.826115,-78.9805,0.0,0,0
-55.336594,-78.805786,0.0,0,0
-55.848118,-78.625595,0.0,0,0
-56.360695,-78.43947,0.0,0,0
-56.874245,-78.24739,0.0,0,0
-57.388786,-78.04875,0.0,0,0
-57.904213,-77.84359,0.0,0,0
-58.420567,-77.6311,0.0,0,0
-58.937737,-77.41145,0.0,0,0
-59.455734,-77.18373,0.0,0,0
-59.974472,-76.948,0.0,0,0
-60.493942,-76.703384,0.0,0,0
-61.01406,-76.449776,0.0,0,0
-61.5348,-76.18637,0.0,0,0
-62.05609,-75.91281,0.0,0,0
-62.577892,-75.6284,0.0,0,0
-63.100136,-75.332504,0.0,0,0
-63.62275,-75.02455,0.0,0,0
-64.14569,-74.70354,0.0,0,0
-64.668846,-74.369064,0.0,0,0
-65.192184,-74.019684,0.0,0,0
-65.71559,-73.65521,0.0,0,0
-66.23898,-73.27365,0.0,0,0
-66.76229,-72.87505,0.0,0,0
-67.285385,-72.45685,0.0,0,0
-67.80817,-72.019104,0.0,0,0
-68.33052,-71.5591,0.0,0,0
-68.85232,-71.0764,0.0,0,0
-69.37341,-70.56827,0.0,0,0
-69.893684,-70.033615,0.0,0,0
-70.41294,-69.469765,0.0,0,0
-70.93101,-68.87474,0.0,0,0
-71.44771,-68.246,0.0,0,0
-71.96279,-67.5804,0.0,0,0
-72.47606,-66.87561,0.0,0,0
-72.98721,-66.12693,0.0,0,0
-73.49602,-65.33243,0.0,0,0
-74.002045,-64.485344,0.0,0,0
-74.5051,-63.584312,0.0,0,0
-75.00453,-62.619896,0.0,0,0
-75.50018,-61.591015,0.0,0,0
-75.99123,-60.48635,0.0,0,0
-76.47737,-59.30342,0.0,0,0
-76.95771,-58.02987,0.0,0,0
-77.431725,-56.66059,0.0,0,0
-77.89836,-55.182556,0.0,0,0
-78.35681,-53.587166,0.0,0,0
-78.80588,-51.861137,0.0,0,0
-79.24431,-49.991383,0.0,0,0
-79.670784,-47.965332,0.0,0,0
-80.083374,-45.76458,0.0,0,0
-80.4807,-43.37905,0.0,0,0
-80.85996,-40.784897,0.0,0,0
-81.21976,-37.97775,0.0,0,0
-81.55614,-34.929955,0.0,0,0
-81.867905,-31.647182,0.0,0,0
-82.14992,-28.104961,0.0,0,0
-82.401085,-24.321598,0.0,0,0
-82.61606,-20.291307,0.0,0,0
-82.7935,-16.045677,0.0,0,0
-82.92889,-11.607946,0.0,0,0
-83.02108,-7.0265794,0.0,0,0
-83.067406,-2.3526845,0.0,0,0
-83.067406,2.3526845,0.0,0,0
-83.02108,7.0265794,0.0,0,0
-82.92889,11.607946,0.0,0,0
-82.7935,16.045677,0.0,0,0
-82.61606,20.291307,0.0,0,0
-82.401085,24.321598,0.0,0,0
-82.14992,28.104961,0.0,0,0
-81.867905,31.647182,0.0,0,0
-81.55614,34.929955,0.0,0,0
-81.21976,37.97775,0.0,0,0
-80.85996,40.784897,0.0,0,0
-80.4807,43.37905,0.0,0,0
-80.083374,45.76458,0.0,0,0
-79.670784,47.965332,0.0,0,0
-79.24431,49.991383,0.0,0,0
-78.80588,51.861137,0.0,0,0
-78.35681,53.587166,0.0,0,0
-77.89836,55.182556,0.0,0,0
-77.431725,56.66059,0.0,0,0
-76.95771,58.02987,0.0,0,0
-76.47737,59.30342,0.0,0,0
-75.99123,60.48635,0.0,0,0
-75.50018,61.591015,0.0,0,0
-75.00453,62.619896,0.0,0,0
-74.5051,63.584312,0.0,0,0
-74.002045,64.485344,0.0,0,0
-73.49602,65.33243,0.0,0,0
-72.98721,66.12693,0.0,0,0
-72.47606,66.87561,0.0,0,0
-71.96279,67.5804,0.0,0,0
-71.44771,68.246,0.0,0,0
-70.93101,68.87474,0.0,0,0
-70.41294,69.469765,0.0,0,0
-69.893684,70.033615,0.0,0,0
-69.37341,70.56827,0.0,0,0
-68.85232,71.0764,0.110540316,0,0
-68.33052,71.5591,0.6000936,2,0
-67.80817,72.019104,0.6406712,2,2
-67.285385,72.45685,0.9022722,3,7
-66.76229,72.87505,0.9517529,3,17
-66.23898,73.27365,0.7988366,3,5
-65.71559,73.65521,0.96944946,3,8
-65.192184,74.019684,0.99797636,3,32
-64.668846,74.369064,0.94753903,3,18
-64.14569,74.70354,0.9843322,3,13
-63.62275,75.02455,0.9430758,3,27
-63.100136,75.332504,0.1465696,0,0
-62.577892,75.6284,0.2936567,1,0
-62.05609,75.91281,0.118690625,0,0
-61.5348,76.18637,0.0,0,0
-61.01406,76.449776,0.0,0,0
-60.493942,76.703384,0.0,0,0
-59.974472,76.948,0.0,0,0
-59.455734,77.18373,0.0,0,0
-58.937737,77.41145,0.0,0,0
-58.420567,77.6311,0.0,0,0
-57.904213,77.84359,0.0,0,0
-57.388786,78.04875,0.0,0,0
-56.874245,78.24739,0.0,0,0
-56.360695,78.43947,0.0,0,0
-55.848118,78.625595,0.0,0,0
-55.336594,78.805786,0.0,0,0
-54.826115,78.9805,0.0,0,0
-54.316742,79.14987,0.0,0,0
-54.415073,-80.06692,0.0,0,0
-54.926247,-79.911224,0.0,0,0
-55.438576,-79.75061,0.0,0,0
-55.952003,-79.584915,0.0,0,0
-56.46654,-79.41375,0.0,0,0
-56.98211,-79.23705,0.0,0,0
-57.498734,-79.05426,0.0,0,0
-58.016315,-78.865456,0.0,0,0
-58.534885,-78.66985,0.0,0,0
-59.054348,-78.4676,0.0,0,0
-59.574715,-78.25785,0.0,0,0
-60.095898,-78.040665,0.0,0,0
-60.617897,-77.815216,0.0,0,0
-61.140633,-77.58141,0.0,0,0
-61.664093,-77.33849,0.0,0,0
-62.188198,-77.08612,0.0,0,0
-62.712914,-76.82363,0.0,0,0
-63.238182,-76.55042,0.0,0,0
-63.76394,-76.265976,0.0,0,0
-64.29014,-75.969315,0.0,0,0
-64.8167,-75.660065,0.0,0,0
-65.34357,-75.336876,0.0,0,0
-65.87065,-74.99953,0.0,0,0
-66.39788,-74.64616,0.0,0,0
-66.92519,-74.27678,0.0,0,0
-67.45246,-73.88897,0.0,0,0
-67.97961,-73.48275,0.0,0,0
-68.50652,-73.05554,0.0,0,0
-69.03311,-72.606865,0.0,0,0
-69.55922,-72.13414,0.0,0,0
-70.08474,-71.63625,0.0,0,0
-70.609505,-71.11065,0.0,0,0
-71.13337,-70.55536,0.0,0,0
-71.656166,-69.96789,0.0,0,0
-72.17768,-69.34513,0.0,0,0
-72.69772,-68.684784,0.0,0,0
-73.21601,-67.982216,0.0,0,0
-73.73237,-67.2354,0.0,0,0
-74.24638,-66.43764,0.0,0,0
-74.75788,-65.58742,0.0,0,0
-75.26629,-64.67528,0.0,0,0
-75.77142,-63.69988,0.0,0,0
-76.27256,-62.649734,0.0,0,0
-76.76942,-61.521946,0.0,0,0
-77.26115,-60.30371,0.0,0,0
-77.74725,-58.989285,0.0,0,0
-78.22676,-57.56473,0.0,0,0
-78.69888,-56.020344,0.0,0,0
-79.16247,-54.34133,0.0,0,0
-79.61629,-52.512688,0.0,0,0
-80.05902,-50.519463,0.0,0,0
-80.48877,-48.33999,0.0,0,0
-80.904076,-45.960808,0.0,0,0
-81.302086,-43.352745,0.0,0,0
-81.68122,-40.50717,0.0,0,0
-82.037346,-37.388523,0.0,0,0
-82.36893,-33.998238,0.0,0,0
-82.67041,-30.30211,0.0,0,0
-82.94022,-26.316034,0.0,0,0
-83.17231,-22.027208,0.0,0,0
-83.364716,-17.469404,0.0,0,0
-83.51211,-12.667647,0.0,0,0
-83.61276,-7.6809793,0.0,0,0
-83.66343,-2.574033,0.0,0,0
-83.66343,2.574033,0.0,0,0
-83.61276,7.6809793,0.0,0,0
-83.51211,12.667647,0.0,0,0
-83.364716,17.469404,0.0,0,0
-83.17231,22.027208,0.0,0,0
-82.94022,26.316034,0.0,0,0
-82.67041,30.30211,0.0,0,0
-82.36893,33.998238,0.0,0,0
-82.037346,37.388523,0.0,0,0
-81.68122,40.50717,0.0,0,0
-81.302086,43.352745,0.0,0,0
-80.904076,45.960808,0.0,0,0
-80.48877,48.33999,0.0,0,0
-80.05902,50.519463,0.0,0,0
-79.61629,52.512688,0.0,0,0
-79.16247,54.34133,0.0,0,0
-78.69888,56.020344,0.0,0,0
-78.22676,57.56473,0.0,0,0
-77.74725,58.989285,0.0,0,0
-77.26115,60.30371,0.0,0,0
-76.76942,61.521946,0.0,0,0
-76.27256,62.649734,0.0,0,0
-75.77142,63.69988,0.0,0,0
-75.26629,64.67528,0.0,0,0
-74.75788,65.58742,0.0,0,0
-74.24638,66.43764,0.0,0,0
-73.73237,67.2354,0.0,0,0
-73.21601,67.982216,0.0,0,0
-72.69772,68.684784,0.0,0,0
-72.17768,69.34513,0.0,0,0
-71.656166,69.96789,0.0,0,0
-71.13337,70.55536,0.0,0,0
-70.609505,71.11065,0.0,0,0
-70.08474,71.63625,0.0,0,0
-69.55922,72.13414,0.03709441,0,0
-69.03311,72.606865,0.12835751,0,0
-68.50652,73.05554,0.04838242,0,0
-67.97961,73.48275,0.89520097,3,3
-67.45246,73.88897,0.940793,3,11
-66.92519,74.27678,0.97799796,3,13
-66.39788,74.64616,0.99985975,3,12
-65.87065,74.99953,0.8627098,3,9
-65.34357,75.336876,0.99007714,3,43
-64.8167,75.660065,0.99223715,3,34
-64.29014,75.969315,0.453277,1,0
-63.76394,76.265976,0.78151834,3,10
-63.238182,76.55042,0.9872215,3,4
-62.712914,76.82363,0.8822581,3,7
-62.188198,77.08612,0.83175313,3,4
-61.664093,77.33849,0.102783665,0,0
-61.140633,77.58141,0.042208295,0,0
-60.617897,77.815216,0.027525675,0,0
-60.095898,78.040665,0.0,0,0
-59.574715,78.25785,0.0,0,0
-59.054348,78.4676,0.0,0,0
-58.534885,78.66985,0.0,0,0
-58.016315,78.865456,0.0,0,0
-57.498734,79.05426,0.0,0,0
-56.98211,79.23705,0.0,0,0
-56.46654,79.41375,0.0,0,0
-55.952003,79.584915,0.0,0,0
-55.438576,79.75061,0.0,0,0
-54.926247,79.911224,0.0,0,0
-54.415073,80.06692,0.0,0,0
-54.50461,-80.989265,0.0,0,0
-55.017426,-80.84753,0.0,0,0
-55.53144,-80.70126,0.0,0,0
-56.046608,-80.550354,0.0,0,0
-56.562946,-80.394424,0.0,0,0
-57.080368,-80.233444,0.0,0,0
-57.5989,-80.066864,0.0,0,0
-58.118446,-79.89476,0.0,0,0
-58.639053,-79.71642,0.0,0,0
-59.160614,-79.53198,0.0,0,0
-59.68316,-79.340645,0.0,0,0
-60.20659,-79.14249,0.0,0,0
-60.73092,-78.93673,0.0,0,0
-61.256065,-78.72328,0.0,0,0
-61.782013,-78.50143,0.0,0,0
-62.30871,-78.270874,0.0,0,0
-62.836105,-78.03099,0.0,0,0
-63.364162,-77.78123,0.0,0,0
-63.892815,-77.521065,0.0,0,0
-64.42203,-77.24964,0.0,0,0
-64.95172,-76.96656,0.0,0,0
-65.48185,-76.67056,0.0,0,0
-66.01234,-76.361465,0.0,0,0
-66.54312,-76.0375,0.0,0,0
-67.07413,-75.69867,0.0,0,0
-67.60527,-75.34268,0.0,0,0
-68.13647,-74.96957,0.0,0,0
-68.66763,-74.576866,0.0,0,0
-69.19866,-74.16414,0.0,0,0
-69.72943,-73.72892,0.0,0,0
-70.25986,-73.27012,0.0,0,0
-70.78979,-72.7853,0.0,0,0
-71.31908,-72.27255,0.0,0,0
-71.84758,-71.72946,0.0,0,0
-72.37513,-71.153046,0.0,0,0
-72.90155,-70.541016,0.0,0,0
-73.42658,-69.88887,0.0,0,0
-73.95007,-69.194534,0.0,0,0
-74.47167,-68.45151,0.0,0,0
-74.99121,-67.65811,0.0,0,0
-75.50818,-66.80504,0.0,0,0
-76.0224,-65.89072,0.0,0,0
-76.53326,-64.90366,0.0,0,0
-77.04046,-63.840645,0.0,0,0
-77.54326,-62.688576,0.0,0,0
-78.04118,-61.441177,0.0,0,0
-78.53334,-60.083786,0.0,0,0
-79.01899,-58.605705,0.0,0,0
-79.49704,-56.99073,0.0,0,0
-79.96634,-55.222015,0.0,0,0
-80.42558,-53.28219,0.0,0,0
-80.87293,-51.146145,0.0,0,0
-81.30688,-48.796604,0.0,0,0
-81.72458,-46.19832,0.0,0,0
-82.12431,-43.33725,0.0,0,0
-82.501785,-40.16794,0.0,0,0
-82.85515,-36.68538,0.0,0,0
-83.17841,-32.841908,0.0,0,0
-83.469406,-28.647945,0.0,0,0
-83.72125,-24.079056,0.0,0,0
-83.93123,-19.169136,0.0,0,0
-84.092896,-13.943208,0.0,0,0
-84.203735,-8.473409,0.0,0,0
-84.25967,-2.842908,0.0,0,0
-84.25967,2.842908,0.0,0,0
-84.203735,8.473409,0.0,0,0
-84.092896,13.943208,0.0,0,0
-83.93123,19.169136,0.0,0,0
-83.72125,24.079056,0.0,0,0
-83.469406,28.647945,0.0,0,0
-83.17841,32.841908,0.0,0,0
-82.85515,36.68538,0.0,0,0
-82.501785,40.16794,0.0,0,0
-82.12431,43.33725,0.0,0,0
-81.72458,46.19832,0.0,0,0
-81.30688,48.796604,0.0,0,0
-80.87293,51.146145,0.0,0,0
-80.42558,53.28219,0.0,0,0
-79.96634,55.222015,0.0,0,0
-79.49704,56.99073,0.0,0,0
-79.01899,58.605705,0.0,0,0
-78.53334,60.083786,0.0,0,0
-78.04118,61.441177,0.0,0,0
-77.54326,62.688576,0.0,0,0
-77.04046,63.840645,0.0,0,0
-76.53326,64.90366,0.0,0,0
-76.0224,65.89072,0.0,0,0
-75.50818,66.80504,0.0,0,0
-74.99121,67.65811,0.0,0,0
-74.47167,68.45151,0.0,0,0
-73.95007,69.194534,0.0,0,0
-73.42658,69.88887,0.0,0,0
-72.90155,70.541016,0.0,0,0
-72.37513,71.153046,0.0,0,0
-71.84758,71.72946,0.0,0,0
-71.31908,72.27255,0.0,0,0
-70.78979,72.7853,0.0,0,0
-70.25986,73.27012,0.030519838,0,0
-69.72943,73.72892,0.78978854,3,3
-69.19866,74.16414,0.99916923,3,167
-68.66763,74.576866,0.318763,1,0
-68.13647,74.96957,0.9973918,3,13
-67.60527,75.34268,0.99833125,3,36
-67.07413,75.69867,0.70251673,2,2
-66.54312,76.0375,0.9550332,3,30
-66.01234,76.361465,0.9927585,3,31
-65.48185,76.67056,0.9342715,3,19
-64.95172,76.96656,0.9706642,3,27
-64.42203,77.24964,0.21102801,0,0
-63.892815,77.521065,0.050702743,0,0
-63.364162,77.78123,0.15291525,0,0
-62.836105,78.03099,0.40149295,1,0
-62.30871,78.270874,0.99559504,3,11
-61.782013,78.50143,0.933741,3,16
-61.256065,78.72328,0.8304937,3,9
-60.73092,78.93673,0.55678815,2,0
-60.20659,79.14249,0.022622647,0,0
-59.68316,79.340645,0.0,0,0
-59.160614,79.53198,0.0,0,0
-58.639053,79.71642,0.0,0,0
-58.118446,79.89476,0.0,0,0
-57.5989,80.066864,0.0,0,0
-57.080368,80.233444,0.0,0,0
-56.562946,80.394424,0.0,0,0
-56.046608,80.550354,0.0,0,0
-55.53144,80.70126,0.0,0,0
-55.017426,80.84753,0.0,0,0
-54.50461,80.989265,0.0,0,0
-54.58564,-81.91627,0.0,0,0
-55.09995,-81.78869,0.0,0,0
-55.61551,-81.65701,0.0,0,0
-56.132263,-81.52113,0.0,0,0
-56.65023,-81.38072,0.0,0,0
-57.16934,-81.23571,0.0,0,0
-57.689606,-81.08565,0.0,0,0
-58.210953,-80.93057,0.0,0,0
-58.733418,-80.76984,0.0,0,0
-59.256886,-80.60358,0.0,0,0
-59.78141,-80.43106,0.0,0,0
-60.30689,-80.252335,0.0,0,0
-60.83334,-80.06673,0.0,0,0
-61.36068,-79.87411,0.0,0,0
-61.888912,-79.67385,0.0,0,0
-62.41797,-79.4657,0.0,0,0
-62.94782,-79.24904,0.0,0,0
-63.478424,-79.02338,0.0,0,0
-64.00973,-78.78822,0.0,0,0
-64.541695,-78.542786,0.0,0,0
-65.07426,-78.28673,0.0,0,0
-65.607376,-78.01885,0.0,0,0
-66.14098,-77.73899,0.0,0,0
-66.67503,-77.44552,0.0,0,0
-67.20944,-77.13841,0.0,0,0
-67.744156,-76.815575,0.0,0,0
-68.279076,-76.47699,0.0,0,0
-68.81415,-76.1204,0.0,0,0
-69.34927,-75.74534,0.0,0,0
-69.88436,-75.349525,0.0,0,0
-70.41931,-74.93194,0.0,0,0
-70.95401,-74.490234,0.0,0,0
-71.48833,-74.022644,0.0,0,0
-72.022156,-73.526855,0.0,0,0
-72.55531,-73.0,0.0,0,0
-73.08767,-72.4399,0.0,0,0
-73.61901,-71.84221,0.0,0,0
-74.149185,-71.20494,0.0,0,0
-74.67791,-70.52176,0.0,0,0
-75.204994,-69.79096,0.0,0,0
-75.73005,-69.0035,0.0,0,0
-76.2529,-68.15766,0.0,0,0
-76.772995,-67.24214,0.0,0,0
-77.29009,-66.25345,0.0,0,0
-77.8035,-65.178474,0.0,0,0
-78.312836,-64.010506,0.0,0,0
-78.81726,-62.734444,0.0,0,0
-79.316124,-61.33877,0.0,0,0
-79.80842,-59.806133,0.0,0,0
-80.29307,-58.118023,0.0,0,0
-80.768845,-56.25477,0.0,0,0
-81.234,-54.187912,0.0,0,0
-81.68704,-51.89608,0.0,0,0
-82.12519,-49.33751,0.0,0,0
-82.54659,-46.49157,0.0,0,0
-82.94693,-43.301056,0.0,0,0
-83.324005,-39.751778,0.0,0,0
-83.67142,-35.77797,0.0,0,0
-83.98638,-31.379997,0.0,0,0
-84.26107,-26.51474,0.0,0,0
-84.49171,-21.211802,0.0,0,0
-84.670456,-15.492052,0.0,0,0
-84.79364,-9.443014,0.0,0,0
-84.856026,-3.1732318,0.0,0,0
-84.856026,3.1732318,0.0,0,0
-84.79364,9.443014,0.0,0,0
-84.670456,15.492052,0.0,0,0
-84.49171,21.211802,0.0,0,0
-84.26107,26.51474,0.0,0,0
-83.98638,31.379997,0.0,0,0
-83.67142,35.77797,0.0,0,0
-83.324005,39.751778,0.0,0,0
-82.94693,43.301056,0.0,0,0
-82.54659,46.49157,0.0,0,0
-82.12519,49.33751,0.0,0,0
-81.68704,51.89608,0.0,0,0
-81.234,54.187912,0.0,0,0
-80.768845,56.25477,0.0,0,0
-80.29307,58.118023,0.0,0,0
-79.80842,59.806133,0.0,0,0
-79.316124,61.33877,0.0,0,0
-78.81726,62.734444,0.0,0,0
-78.312836,64.010506,0.0,0,0
-77.8035,65.178474,0.0,0,0
-77.29009,66.25345,0.0,0,0
-76.772995,67.24214,0.0,0,0
-76.2529,68.15766,0.0,0,0
-75.73005,69.0035,0.0,0,0
-75.204994,69.79096,0.0,0,0
-74.67791,70.52176,0.0,0,0
-74.149185,71.20494,0.0,0,0
-73.61901,71.84221,0.0,0,0
-73.08767,72.4399,0.0,0,0
-72.55531,73.0,0.0,0,0
-72.022156,73.526855,0.0,0,0
-71.48833,74.022644,0.0,0,0
-70.95401,74.490234,0.0,0,0
-70.41931,74.93194,0.0,0,0
-69.88436,75.349525,0.25302666,1,0
-69.34927,75.74534,0.95026517,3,15
-68.81415,76.1204,0.91798353,3,3
-68.279076,76.47699,0.6635902,2,4
-67.744156,76.815575,0.714856,2,10
-67.20944,77.13841,0.5595281,2,0
-66.67503,77.44552,0.9984269,3,62
-66.14098,77.73899,0.9866453,3,39
-65.607376,78.01885,0.44101125,1,0
-65.07426,78.28673,0.70985734,2,2
-64.541695,78.542786,0.08219147,0,0
-64.00973,78.78822,0.0,0,0
-63.478424,79.02338,0.0,0,0
-62.94782,79.24904,0.14314915,0,0
-62.41797,79.4657,0.850722,3,5
-61.888912,79.67385,0.52463776,2,0
-61.36068,79.87411,0.53380996,2,0
-60.83334,80.06673,0.67093307,2,1
-60.30689,80.252335,0.03924175,0,0
-59.78141,80.43106,0.0,0,0
-59.256886,80.60358,0.0,0,0
-58.733418,80.76984,0.0,0,0
-58.210953,80.93057,0.0,0,0
-57.689606,81.08565,0.0,0,0
-57.16934,81.23571,0.0,0,0
-56.65023,81.38072,0.0,0,0
-56.132263,81.52113,0.0,0,0
-55.61551,81.65701,0.0,0,0
-55.09995,81.78869,0.0,0,0
-54.58564,81.91627,0.0,0,0
-54.657948,-82.847565,0.0,0,0
-55.173595,-82.73434,0.0,0,0
-55.69053,-82.61747,0.0,0,0
-56.20871,-82.496864,0.0,0,0
-56.728134,-82.37219,0.0,0,0
-57.248756,-82.24344,0.0,0,0
-57.77059,-82.11016,0.0,0,0
-58.29354,-81.97241,0.0,0,0
-58.817665,-81.829605,0.0,0,0
-59.342857,-81.68186,0.0,0,0
-59.86916,-81.52852,0.0,0,0
-60.396477,-81.369644,0.0,0,0
-60.924835,-81.20459,0.0,0,0
-61.45415,-81.03328,0.0,0,0
-61.984436,-80.85511,0.0,0,0
-62.515617,-80.66987,0.0,0,0
-63.04768,-80.477005,0.0,0,0
-63.580578,-80.276054,0.0,0,0
-64.11427,-80.066605,0.0,0,0
-64.64873,-79.84791,0.0,0,0
-65.18387,-79.619644,0.0,0,0
-65.7197,-79.38077,0.0,0,0
-66.25613,-79.1311,0.0,0,0
-66.79312,-78.86914,0.0,0,0
-67.3306,-78.59491,0.0,0,0
-67.86854,-78.30645,0.0,0,0
-68.406845,-78.00378,0.0,0,0
-68.94546,-77.68478,0.0,0,0
-69.484314,-77.34907,0.0,0,0
-70.02332,-76.994514,0.0,0,0
-70.562386,-76.620155,0.0,0,0
-71.10143,-76.22386,0.0,0,0
-71.64035,-75.803955,0.0,0,0
-72.179016,-75.35827,0.0,0,0
-72.71732,-74.88416,0.0,0,0
-73.25513,-74.37952,0.0,0,0
-73.792274,-73.840324,0.0,0,0
-74.328606,-73.2646,0.0,0,0
-74.8639,-72.6464,0.0,0,0
-75.398,-71.983986,0.0,0,0
-75.93057,-71.26878,0.0,0,0
-76.46146,-70.49896,0.0,0,0
-76.99019,-69.66364,0.0,0,0
-77.516556,-68.75919,0.0,0,0
-78.04001,-67.77277,0.0,0,0
-78.560135,-66.69742,0.0,0,0
-79.076294,-65.517944,0.0,0,0
-79.587845,-64.2223,0.0,0,0
-80.093925,-62.79239,0.0,0,0
-80.59355,-61.208435,0.0,0,0
-81.08565,-59.448803,0.0,0,0
-81.56854,-57.482094,0.0,0,0
-82.04085,-55.28286,0.0,0,0
-82.499916,-52.802826,0.0,0,0
-82.94388,-50.01383,0.0,0,0
-83.36844,-46.845276,0.0,0,0
-83.77113,-43.27063,0.0,0,0
-84.145294,-39.20034,0.0,0,0
-84.48739,-34.617805,0.0,0,0
-84.78862,-29.450134,0.0,0,0
-85.04386,-23.713642,0.0,0,0
-85.243416,-17.415714,0.0,0,0
-85.38193,-10.660048,0.0,0,0
-85.4524,-3.5901952,0.0,0,0
-85.4524,3.5901952,0.0,0,0
-85.38193,10.660048,0.0,0,0
-85.243416,17.415714,0.0,0,0
-85.04386,23.713642,0.0,0,0
-84.78862,29.450134,0.0,0,0
-84.48739,34.617805,0.0,0,0
-84.145294,39.20034,0.0,0,0
-83.77113,43.27063,0.0,0,0
-83.36844,46.845276,0.0,0,0
-82.94388,50.01383,0.0,0,0
-82.499916,52.802826,0.0,0,0
-82.04085,55.28286,0.0,0,0
-81.56854,57.482094,0.0,0,0
-81.08565,59.448803,0.0,0,0
-80.59355,61.208435,0.0,0,0
-80.093925,62.79239,0.0,0,0
-79.587845,64.2223,0.0,0,0
-79.076294,65.517944,0.0,0,0
-78.560135,66.69742,0.0,0,0
-78.04001,67.77277,0.0,0,0
-77.516556,68.75919,0.0,0,0
-76.99019,69.66364,0.0,0,0
-76.46146,70.49896,0.0,0,0
-75.93057,71.26878,0.0,0,0
-75.398,71.983986,0.0,0,0
-74.8639,72.6464,0.0,0,0
-74.328606,73.2646,0.0,0,0
-73.792274,73.840324,0.0,0,0
-73.25513,74.37952,0.0,0,0
-72.71732,74.88416,0.0,0,0
-72.179016,75.35827,0.0,0,0
-71.64035,75.803955,0.0,0,0
-71.10143,76.22386,0.0,0,0
-70.562386,76.620155,0.0,0,0
-70.02332,76.994514,0.0,0,0
-69.484314,77.34907,0.096189655,0,0
-68.94546,77.68478,0.6100116,2,1
-68.406845,78.00378,0.74276865,2,1
-67.86854,78.30645,0.9704727,3,17
-67.3306,78.59491,0.36968398,1,0
-66.79312,78.86914,0.9829681,3,37
-66.25613,79.1311,0.99596906,3,61
-65.7197,79.38077,0.7582564,3,3
-65.18387,79.619644,0.083367996,0,0
-64.64873,79.84791,0.0,0,0
-64.11427,80.066605,0.0,0,0
-63.580578,80.276054,0.0,0,0
-63.04768,80.477005,0.0,0,0
-62.515617,80.66987,0.029163891,0,0
-61.984436,80.85511,0.013265448,0,0
-61.45415,81.03328,0.0,0,0
-60.924835,81.20459,0.015347439,0,0
-60.396477,81.369644,0.0,0,0
-59.86916,81.52852,0.0,0,0
-59.342857,81.68186,0.0,0,0
-58.817665,81.829605,0.0,0,0
-58.29354,81.97241,0.0,0,0
-57.77059,82.11016,0.0,0,0
-57.248756,82.24344,0.0,0,0
-56.728134,82.37219,0.0,0,0
-56.20871,82.496864,0.0,0,0
-55.69053,82.61747,0.0,0,0
-55.173595,82.73434,0.0,0,0
-54.657948,82.847565,0.0,0,0
-54.721375,-83.7827,0.0,0,0
-55.238197,-83.68403,0.0,0,0
-55.756348,-83.58217,0.0,0,0
-56.275772,-83.47702,0.0,0,0
-56.7965,-83.36833,0.0,0,0
-57.318443,-83.25606,0.0,0,0
-57.841652,-83.139824,0.0,0,0
-58.36602,-83.01967,0.0,0,0
-58.891617,-82.89508,0.0,0,0
-59.418327,-82.766174,0.0,0,0
-59.946198,-82.63235,0.0,0,0
-60.475143,-82.49367,0.0,0,0
-61.00518,-82.34956,0.0,0,0
-61.536247,-82.19995,0.0,0,0
-62.068336,-82.04434,0.0,0,0
-62.601402,-81.88249,0.0,0,0
-63.135418,-81.71394,0.0,0,0
-63.67035,-81.538284,0.0,0,0
-64.20615,-81.35515,0.0,0,0
-64.742805,-81.16385,0.0,0,0
-65.28026,-80.96414,0.0,0,0
-65.818474,-80.75505,0.0,0,0
-66.35739,-80.53643,0.0,0,0
-66.897,-80.30696,0.0,0,0
-67.43722,-80.066635,0.0,0,0
-67.97803,-79.81372,0.0,0,0
-68.51934,-79.5482,0.0,0,0
-69.06111,-79.26822,0.0,0,0
-69.60329,-78.97339,0.0,0,0
-70.14578,-78.661804,0.0,0,0
-70.68854,-78.332596,0.0,0,0
-71.231476,-77.98383,0.0,0,0
-71.7745,-77.61398,0.0,0,0
-72.31752,-77.221085,0.0,0,0
-72.86044,-76.802704,0.0,0,0
-73.40316,-76.35692,0.0,0,0
-73.945526,-75.88003,0.0,0,0
-74.48742,-75.37018,0.0,0,0
-75.028656,-74.82191,0.0,0,0
-75.569115,-74.23351,0.0,0,0
-76.10852,-73.59707,0.0,0,0
-76.646736,-72.91068,0.0,0,0
-77.183395,-72.16418,0.0,0,0
-77.71831,-71.353935,0.0,0,0
-78.25101,-70.46769,0.0,0,0
-78.78119,-69.49849,0.0,0,0
-79.30827,-68.431496,0.0,0,0
-79.83176,-67.25454,0.0,0,0
-80.35089,-65.94933,0.0,0,0
-80.86484,-64.495445,0.0,0,0
-81.37262,-62.86997,0.0,0,0
-81.87284,-61.03938,0.0,0,0
-82.36418,-58.974705,0.0,0,0
-82.84425,-56.621914,0.0,0,0
-83.31123,-53.945026,0.0,0,0
-83.761055,-50.859398,0.0,0,0
-84.19108,-47.323036,0.0,0,0
-84.59454,-43.21666,0.0,0,0
-84.96727,-38.49698,0.0,0,0
-85.29942,-33.04455,0.0,0,0
-85.58425,-26.844803,0.0,0,0
-85.80965,-19.870888,0.0,0,0
-85.96768,-12.237284,0.0,0,0
-86.04866,-4.1350946,0.0,0,0
-86.04866,4.1350946,0.0,0,0
-85.96768,12.237284,0.0,0,0
-85.80965,19.870888,0.0,0,0
-85.58425,26.844803,0.0,0,0
-85.29942,33.04455,0.0,0,0
-84.96727,38.49698,0.0,0,0
-84.59454,43.21666,0.0,0,0
-84.19108,47.323036,0.0,0,0
-83.761055,50.859398,0.0,0,0
-83.31123,53.945026,0.0,0,0
-82.84425,56.621914,0.0,0,0
-82.36418,58.974705,0.0,0,0
-81.87284,61.03938,0.0,0,0
-81.37262,62.86997,0.0,0,0
-80.86484,64.495445,0.0,0,0
-80.35089,65.94933,0.0,0,0
-79.83176,67.25454,0.0,0,0
-79.30827,68.431496,0.0,0,0
-78.78119,69.49849,0.0,0,0
-78.25101,70.46769,0.0,0,0
-77.71831,71.353935,0.0,0,0
-77.183395,72.16418,0.0,0,0
-76.646736,72.91068,0.0,0,0
-76.10852,73.59707,0.0,0,0
-75.569115,74.23351,0.0,0,0
-75.028656,74.82191,0.0,0,0
-74.48742,75.37018,0.0,0,0
-73.945526,75.88003,0.0,0,0
-73.40316,76.35692,0.0,0,0
-72.86044,76.802704,0.0,0,0
-72.31752,77.221085,0.0,0,0
-71.7745,77.61398,0.0,0,0
-71.231476,77.98383,0.0,0,0
-70.68854,78.332596,0.0,0,0
-70.14578,78.661804,0.0,0,0
-69.60329,78.97339,0.0,0,0
-69.06111,79.26822,0.0,0,0
-68.51934,79.5482,0.015675887,0,0
-67.97803,79.81372,0.28637338,1,0
-67.43722,80.066635,0.59637296,2,0
-66.897,80.30696,0.99724114,3,33
-66.35739,80.53643,0.77185607,3,1
-65.818474,80.75505,0.979768,3,58
-65.28026,80.96414,0.5520018,2,0
-64.742805,81.16385,0.020076305,0,0
-64.20615,81.35515,0.0,0,0
-63.67035,81.538284,0.0,0,0
-63.135418,81.71394,0.0,0,0
-62.601402,81.88249,0.0,0,0
-62.068336,82.04434,0.0,0,0
-61.536247,82.19995,0.0,0,0
-61.00518,82.34956,0.0,0,0
-60.475143,82.49367,0.0,0,0
-59.946198,82.63235,0.0,0,0
-59.418327,82.766174,0.0,0,0
-58.891617,82.89508,0.0,0,0
-58.36602,83.01967,0.0,0,0
-57.841652,83.139824,0.0,0,0
-57.318443,83.25606,0.0,0,0
-56.7965,83.36833,0.0,0,0
-56.275772,83.47702,0.0,0,0
-55.756348,83.58217,0.0,0,0
-55.238197,83.68403,0.0,0,0
-54.721375,83.7827,0.0,0,0
-54.77617,-84.72111,0.0,0,0
-55.294018,-84.63712,0.0,0,0
-55.813213,-84.55044,0.0,0,0
-56.33373,-84.46094,0.0,0,0
-56.85557,-84.36841,0.0,0,0
-57.378674,-84.27282,0.0,0,0
-57.90307,-84.17385,0.0,0,0
-58.428673,-84.071526,0.0,0,0
-58.955544,-83.96541,0.0,0,0
-59.48357,-83.85559,0.0,0,0
-60.012802,-83.74158,0.0,0,0
-60.543156,-83.62339,0.0,0,0
-61.07466,-83.50057,0.0,0,0
-61.607235,-83.37304,0.0,0,0
-62.140903,-83.24035,0.0,0,0
-62.675602,-83.10232,0.0,0,0
-63.211315,-82.95854,0.0,0,0
-63.748013,-82.80867,0.0,0,0
-64.28566,-82.65235,0.0,0,0
-64.824234,-82.489044,0.0,0,0
-65.36367,-82.3185,0.0,0,0
-65.903984,-82.139885,0.0,0,0
-66.445076,-81.95309,0.0,0,0
-66.98698,-81.75692,0.0,0,0
-67.52957,-81.55141,0.0,0,0
-68.0729,-81.33504,0.0,0,0
-68.61684,-81.10779,0.0,0,0
-69.16138,-80.86802,0.0,0,0
-69.70644,-80.61543,0.0,0,0
-70.25201,-80.34833,0.0,0,0
-70.798,-80.06594,0.0,0,0
-71.34434,-79.76657,0.0,0,0
-71.89099,-79.44888,0.0,0,0
-72.43784,-79.111115,0.0,0,0
-72.98484,-78.751144,0.0,0,0
-73.531876,-78.3672,0.0,0,0
-74.078865,-77.95604,0.0,0,0
-74.62568,-77.51596,0.0,0,0
-75.1722,-77.04209,0.0,0,0
-75.71832,-76.53283,0.0,0,0
-76.26382,-75.98103,0.0,0,0
-76.80859,-75.38492,0.0,0,0
-77.35236,-74.73522,0.0,0,0
-77.89496,-74.02846,0.0,0,0
-78.436035,-73.25335,0.0,0,0
-78.975334,-72.403206,0.0,0,0
-79.512405,-71.46402,0.0,0,0
-80.04683,-70.423996,0.0,0,0
-80.57804,-69.265366,0.0,0,0
-81.105316,-67.96786,0.0,0,0
-81.62788,-66.50823,0.0,0,0
-82.144554,-64.852135,0.0,0,0
-82.65422,-62.968243,0.0,0,0
-83.15482,-60.798542,0.0,0,0
-83.644714,-58.299984,0.0,0,0
-84.120224,-55.375137,0.0,0,0
-84.5787,-51.96472,0.0,0,0
-85.01364,-47.91548,0.0,0,0
-85.420334,-43.146347,0.0,0,0
-85.78818,-37.469353,0.0,0,0
-86.10856,-30.808846,0.0,0,0
-86.3663,-23.062252,0.0,0,0
-86.54965,-14.3319025,0.0,0,0
-86.6446,-4.8675017,0.0,0,0
-86.6446,4.8675017,0.0,0,0
-86.54965,14.3319025,0.0,0,0
-86.3663,23.062252,0.0,0,0
-86.10856,30.808846,0.0,0,0
-85.78818,37.469353,0.0,0,0
-85.420334,43.146347,0.0,0,0
-85.01364,47.91548,0.0,0,0
-84.5787,51.96472,0.0,0,0
-84.120224,55.375137,0.0,0,0
-83.644714,58.299984,0.0,0,0
-83.15482,60.798542,0.0,0,0
-82.65422,62.968243,0.0,0,0
-82.144554,64.852135,0.0,0,0
-81.62788,66.50823,0.0,0,0
-81.105316,67.96786,0.0,0,0
-80.57804,69.265366,0.0,0,0
-80.04683,70.423996,0.0,0,0
-79.512405,71.46402,0.0,0,0
-78.975334,72.403206,0.0,0,0
-78.436035,73.25335,0.0,0,0
-77.89496,74.02846,0.0,0,0
-77.35236,74.73522,0.0,0,0
-76.80859,75.38492,0.0,0,0
-76.26382,75.98103,0.0,0,0
-75.71832,76.53283,0.0,0,0
-75.1722,77.04209,0.0,0,0
-74.62568,77.51596,0.0,0,0
-74.078865,77.95604,0.0,0,0
-73.531876,78.3672,0.0,0,0
-72.98484,78.751144,0.0,0,0
-72.43784,79.111115,0.0,0,0
-71.89099,79.44888,0.0,0,0
-71.34434,79.76657,0.0,0,0
-70.798,80.06594,0.0,0,0
-70.25201,80.34833,0.0,0,0
-69.70644,80.61543,0.0,0,0
-69.16138,80.86802,0.0,0,0
-68.61684,81.10779,0.0,0,0
-68.0729,81.33504,0.0,0,0
-67.52957,81.55141,0.57160324,2,0
-66.98698,81.75692,0.9902923,3,504
-66.445076,81.95309,0.99615985,3,119
-65.903984,82.139885,0.8588593,3,93
-65.36367,82.3185,0.84125787,3,10
-64.824234,82.489044,0.041198395,0,0
-64.28566,82.65235,0.0,0,0
-63.748013,82.80867,0.0,0,0
-63.211315,82.95854,0.0,0,0
-62.675602,83.10232,0.0,0,0
-62.140903,83.24035,0.0,0,0
-61.607235,83.37304,0.0,0,0
-61.07466,83.50057,0.0,0,0
-60.543156,83.62339,0.0,0,0
-60.012802,83.74158,0.0,0,0
-59.48357,83.85559,0.0,0,0
-58.955544,83.96541,0.0,0,0
-58.428673,84.071526,0.0,0,0
-57.90307,84.17385,0.0,0,0
-57.378674,84.27282,0.0,0,0
-56.85557,84.36841,0.0,0,0
-56.33373,84.46094,0.0,0,0
-55.813213,84.55044,0.0,0,0
-55.294018,84.63712,0.0,0,0
-54.77617,84.72111,0.0,0,0
-54.82177,-85.662445,0.0,0,0
-55.34046,-85.59332,0.0,0,0
-55.860542,-85.52194,0.0,0,0
-56.381958,-85.44826,0.0,0,0
-56.904743,-85.37206,0.0,0,0
-57.428802,-85.29335,0.0,0,0
-57.9542,-85.21182,0.0,0,0
-58.480827,-85.12754,0.0,0,0
-59.008766,-85.04013,0.0,0,0
-59.53788,-84.949646,0.0,0,0
-60.06826,-84.85569,0.0,0,0
-60.599796,-84.758286,0.0,0,0
-61.13252,-84.65704,0.0,0,0
-61.666367,-84.55191,0.0,0,0
-62.20135,-84.442505,0.0,0,0
-62.73742,-84.32867,0.0,0,0
-63.274555,-84.21008,0.0,0,0
-63.812733,-84.086426,0.0,0,0
-64.35191,-83.957436,0.0,0,0
-64.8921,-83.82265,0.0,0,0
-65.43321,-83.68184,0.0,0,0
-65.97528,-83.53435,0.0,0,0
-66.5182,-83.380035,0.0,0,0
-67.06201,-83.21796,0.0,0,0
-67.60662,-83.04808,0.0,0,0
-68.15205,-82.86919,0.0,0,0
-68.69819,-82.68121,0.0,0,0
-69.24506,-82.48282,0.0,0,0
-69.79258,-82.2737,0.0,0,0
-70.34073,-82.05247,0.0,0,0
-70.889435,-81.81847,0.0,0,0
-71.438675,-81.57025,0.0,0,0
-71.98837,-81.30668,0.0,0,0
-72.538475,-81.02627,0.0,0,0
-73.08892,-80.72719,0.0,0,0
-73.63963,-80.40796,0.0,0,0
-74.19054,-80.065765,0.0,0,0
-74.741554,-79.69915,0.0,0,0
-75.29259,-79.30393,0.0,0,0
-75.84353,-78.87869,0.0,0,0
-76.39427,-78.41728,0.0,0,0
-76.944664,-77.91806,0.0,0,0
-77.49456,-77.372986,0.0,0,0
-78.0438,-76.778885,0.0,0,0
-78.59214,-76.12581,0.0,0,0
-79.13938,-75.40767,0.0,0,0
-79.685196,-74.611916,0.0,0,0
-80.22928,-73.72766,0.0,0,0
-80.77118,-72.738525,0.0,0,0
-81.31038,-71.62548,0.0,0,0
-81.846275,-70.366264,0.0,0,0
-82.37796,-68.92769,0.0,0,0
-82.90456,-67.27797,0.0,0,0
-83.42445,-65.35849,0.0,0,0
-83.93624,-63.12163,0.0,0,0
-84.43692,-60.461815,0.0,0,0
-84.92406,-57.30365,0.0,0,0
-85.39186,-53.461052,0.0,0,0
-85.83551,-48.805286,0.0,0,0
-86.24422,-43.05423,0.0,0,0
-86.60763,-36.019623,0.0,0,0
-86.90706,-27.433638,0.0,0,0
-87.12496,-17.305231,0.0,0,0
-87.23979,-5.929227,0.0,0,0
-87.23979,5.929227,0.0,0,0
-87.12496,17.305231,0.0,0,0
-86.90706,27.433638,0.0,0,0
-86.60763,36.019623,0.0,0,0
-86.24422,43.05423,0.0,0,0
-85.83551,48.805286,0.0,0,0
-85.39186,53.461052,0.0,0,0
-84.92406,57.30365,0.0,0,0
-84.43692,60.461815,0.0,0,0
-83.93624,63.12163,0.0,0,0
-83.42445,65.35849,0.0,0,0
-82.90456,67.27797,0.0,0,0
-82.37796,68.92769,0.0,0,0
-81.846275,70.366264,0.0,0,0
-81.31038,71.62548,0.0,0,0
-80.77118,72.738525,0.0,0,0
-80.22928,73.72766,0.0,0,0
-79.685196,74.611916,0.0,0,0
-79.13938,75.40767,0.0,0,0
-78.59214,76.12581,0.0,0,0
-78.0438,76.778885,0.0,0,0
-77.49456,77.372986,0.0,0,0
-76.944664,77.91806,0.0,0,0
-76.39427,78.41728,0.0,0,0
-75.84353,78.87869,0.0,0,0
-75.29259,79.30393,0.0,0,0
-74.741554,79.69915,0.0,0,0
-74.19054,80.065765,0.0,0,0
-73.63963,80.40796,0.0,0,0
-73.08892,80.72719,0.0,0,0
-72.538475,81.02627,0.0,0,0
-71.98837,81.30668,0.0,0,0
-71.438675,81.57025,0.0,0,0
-70.889435,81.81847,0.0,0,0
-70.34073,82.05247,0.0,0,0
-69.79258,82.2737,0.0,0,0
-69.24506,82.48282,0.0,0,0
-68.69819,82.68121,0.0,0,0
-68.15205,82.86919,0.0,0,0
-67.60662,83.04808,0.123393,0,0
-67.06201,83.21796,0.18398085,0,0
-66.5182,83.380035,0.9970101,3,54
-65.97528,83.53435,0.7592851,3,9
-65.43321,83.68184,0.73211414,2,5
-64.8921,83.82265,0.023298588,0,0
-64.35191,83.957436,0.0,0,0
-63.812733,84.086426,0.0,0,0
-63.274555,84.21008,0.0,0,0
-62.73742,84.32867,0.0,0,0
-62.20135,84.442505,0.0,0,0
-61.666367,84.55191,0.0,0,0
-61.13252,84.65704,0.0,0,0
-60.599796,84.758286,0.0,0,0
-60.06826,84.85569,0.0,0,0
-59.53788,84.949646,0.0,0,0
-59.008766,85.04013,0.0,0,0
-58.480827,85.12754,0.0,0,0
-57.9542,85.21182,0.0,0,0
-57.428802,85.29335,0.0,0,0
-56.904743,85.37206,0.0,0,0
-56.381958,85.44826,0.0,0,0
-55.860542,85.52194,0.0,0,0
-55.34046,85.59332,0.0,0,0
-54.82177,85.662445,0.0,0,0
-54.858624,-86.60609,0.0,0,0
-55.37801,-86.55192,0.0,0,0
-55.8988,-86.49598,0.0,0,0
-56.42095,-86.43822,0.0,0,0
-56.944485,-86.3785,0.0,0,0
-57.46933,-86.316795,0.0,0,0
-57.99553,-86.252884,0.0,0,0
-58.522995,-86.186806,0.0,0,0
-59.05179,-86.11825,0.0,0,0
-59.581806,-86.0473,0.0,0,0
-60.113106,-85.97362,0.0,0,0
-60.645596,-85.89723,0.0,0,0
-61.179314,-85.817795,0.0,0,0
-61.714195,-85.735306,0.0,0,0
-62.250237,-85.64946,0.0,0,0
-62.78742,-85.56013,0.0,0,0
-63.32571,-85.46704,0.0,0,0
-63.86509,-85.36996,0.0,0,0
-64.40553,-85.268684,0.0,0,0
-64.947014,-85.16283,0.0,0,0
-65.489494,-85.05223,0.0,0,0
-66.03298,-84.93634,0.0,0,0
-66.57739,-84.81509,0.0,0,0
-67.12277,-84.687675,0.0,0,0
-67.66901,-84.554115,0.0,0,0
-68.21615,-84.413414,0.0,0,0
-68.76409,-84.26553,0.0,0,0
-69.31287,-84.10939,0.0,0,0
-69.86238,-83.94476,0.0,0,0
-70.412636,-83.77052,0.0,0,0
-70.96358,-83.58616,0.0,0,0
-71.51517,-83.390495,0.0,0,0
-72.067375,-83.18261,0.0,0,0
-72.620125,-82.961334,0.0,0,0
-73.1734,-82.725174,0.0,0,0
-73.72713,-82.47293,0.0,0,0
-74.281265,-82.20235,0.0,0,0
-74.83573,-81.91221,0.0,0,0
-75.39048,-81.59914,0.0,0,0
-75.94541,-81.261955,0.0,0,0
-76.50047,-80.89565,0.0,0,0
-77.05554,-80.49881,0.0,0,0
-77.61052,-80.06488,0.0,0,0
-78.16528,-79.59114,0.0,0,0
-78.7197,-79.06932,0.0,0,0
-79.273605,-78.49428,0.0,0,0
-79.82678,-77.85541,0.0,0,0
-80.37901,-77.14337,0.0,0,0
-80.930016,-76.344025,0.0,0,0
-81.47943,-75.44076,0.0,0,0
-82.02683,-74.41374,0.0,0,0
-82.57161,-73.23319,0.0,0,0
-83.11311,-71.86944,0.0,0,0
-83.650246,-70.267654,0.0,0,0
-84.18195,-68.38002,0.0,0,0
-84.706024,-66.101265,0.0,0,0
-85.220535,-63.34616,0.0,0,0
-85.720894,-59.90756,0.0,0,0
-86.20274,-55.609947,0.0,0,0
-86.656265,-50.06553,0.0,0,0
-87.070274,-42.91324,0.0,0,0
-87.42303,-33.56745,0.0,0,0
-87.68901,-21.719246,0.0,0,0
-87.8335,-7.56307,0.0,0,0
-87.8335,7.56307,0.0,0,0
-87.68901,21.719246,0.0,0,0
-87.42303,33.56745,0.0,0,0
-87.070274,42.91324,0.0,0,0
-86.656265,50.06553,0.0,0,0
-86.20274,55.609947,0.0,0,0
-85.720894,59.90756,0.0,0,0
-85.220535,63.34616,0.0,0,0
-84.706024,66.101265,0.0,0,0
-84.18195,68.38002,0.0,0,0
-83.650246,70.267654,0.0,0,0
-83.11311,71.86944,0.0,0,0
-82.57161,73.23319,0.0,0,0
-82.02683,74.41374,0.0,0,0
-81.47943,75.44076,0.0,0,0
-80.930016,76.344025,0.0,0,0
-80.37901,77.14337,0.0,0,0
-79.82678,77.85541,0.0,0,0
-79.273605,78.49428,0.0,0,0
-78.7197,79.06932,0.0,0,0
-78.16528,79.59114,0.0,0,0
-77.61052,80.06488,0.0,0,0
-77.05554,80.49881,0.0,0,0
-76.50047,80.89565,0.0,0,0
-75.94541,81.261955,0.0,0,0
-75.39048,81.59914,0.0,0,0
-74.83573,81.91221,0.0,0,0
-74.281265,82.20235,0.0,0,0
-73.72713,82.47293,0.0,0,0
-73.1734,82.725174,0.0,0,0
-72.620125,82.961334,0.0,0,0
-72.067375,83.18261,0.0,0,0
-71.51517,83.390495,0.0,0,0
-70.96358,83.58616,0.0,0,0
-70.412636,83.77052,0.0,0,0
-69.86238,83.94476,0.0,0,0
-69.31287,84.10939,0.0,0,0
-68.76409,84.26553,0.0,0,0
-68.21615,84.413414,0.0,0,0
-67.66901,84.554115,0.0,0,0
-67.12277,84.687675,0.08404677,0,0
-66.57739,84.81509,0.76610035,3,2
-66.03298,84.93634,0.97142315,3,299
-65.489494,85.05223,0.9700819,3,13
-64.947014,85.16283,0.081528865,0,0
-64.40553,85.268684,0.0,0,0
-63.86509,85.36996,0.0,0,0
-63.32571,85.46704,0.0,0,0
-62.78742,85.56013,0.0,0,0
-62.250237,85.64946,0.0,0,0
-61.714195,85.735306,0.0,0,0
-61.179314,85.817795,0.0,0,0
-60.645596,85.89723,0.0,0,0
-60.113106,85.97362,0.0,0,0
-59.581806,86.0473,0.0,0,0
-59.05179,86.11825,0.0,0,0
-58.522995,86.186806,0.0,0,0
-57.99553,86.252884,0.0,0,0
-57.46933,86.316795,0.0,0,0
-56.944485,86.3785,0.0,0,0
-56.42095,86.43822,0.0,0,0
-55.8988,86.49598,0.0,0,0
-55.37801,86.55192,0.0,0,0
-54.858624,86.60609,0.0,0,0
-54.88644,-87.55159,0.0,0,0
-55.406357,-87.51246,0.0,0,0
-55.92768,-87.47206,0.0,0,0
-56.45039,-87.43034,0.0,0,0
-56.974495,-87.3872,0.0,0,0
-57.49993,-87.34263,0.0,0,0
-58.026745,-87.29645,0.0,0,0
-58.55484,-87.24871,0.0,0,0
-59.084286,-87.19918,0.0,0,0
-59.614975,-87.147896,0.0,0,0
-60.146976,-87.09465,0.0,0,0
-60.68019,-87.03943,0.0,0,0
-61.214664,-86.982025,0.0,0,0
-61.750313,-86.92239,0.0,0,0
-62.287174,-86.86033,0.0,0,0
-62.8252,-86.79573,0.0,0,0
-63.364365,-86.728424,0.0,0,0
-63.904655,-86.65822,0.0,0,0
-64.446045,-86.58495,0.0,0,0
-64.98852,-86.508385,0.0,0,0
-65.53203,-86.42835,0.0,0,0
-66.0766,-86.3445,0.0,0,0
-66.62215,-86.25673,0.0,0,0
-67.16871,-86.1645,0.0,0,0
-67.71619,-86.067795,0.0,0,0
-68.264626,-85.96589,0.0,0,0
-68.81394,-85.858765,0.0,0,0
-69.36416,-85.745636,0.0,0,0
-69.91519,-85.62632,0.0,0,0
-70.46706,-85.49999,0.0,0,0
-71.01969,-85.36629,0.0,0,0
-71.57308,-85.22433,0.0,0,0
-72.12718,-85.07346,0.0,0,0
-72.68198,-84.912796,0.0,0,0
-73.23741,-84.74124,0.0,0,0
-73.79344,-84.55791,0.0,0,0
-74.350044,-84.36113,0.0,0,0
-74.90716,-84.15001,0.0,0,0
-75.46475,-83.92204,0.0,0,0
-76.022766,-83.676315,0.0,0,0
-76.58114,-83.4091,0.0,0,0
-77.13979,-83.11937,0.0,0,0
-77.69871,-82.80215,0.0,0,0
-78.25777,-82.45538,0.0,0,0
-78.816895,-82.07286,0.0,0,0
-79.37598,-81.65057,0.0,0,0
-79.934906,-81.180466,0.0,0,0
-80.493546,-80.655266,0.0,0,0
-81.05173,-80.064,0.0,0,0
-81.60923,-79.393616,0.0,0,0
-82.1658,-78.62829,0.0,0,0
-82.7211,-77.744125,0.0,0,0
-83.27474,-76.716545,0.0,0,0
-83.82608,-75.50001,0.0,0,0
-84.37445,-74.05259,0.0,0,0
-84.91853,-72.28185,0.0,0,0
-85.45706,-70.10553,0.0,0,0
-85.987076,-67.32293,0.0,0,0
-86.50541,-63.73511,0.0,0,0
-87.004715,-58.88231,0.0,0,0
-87.475174,-52.206913,0.0,0,0
-87.895,-42.613907,0.0,0,0
-88.230515,-28.91412,0.0,0,0
-88.42383,-10.42848,0.0,0,0
-88.42383,10.42848,0.0,0,0
-88.230515,28.91412,0.0,0,0
-87.895,42.613907,0.0,0,0
-87.475174,52.206913,0.0,0,0
-87.004715,58.88231,0.0,0,0
-86.50541,63.73511,0.0,0,0
-85.987076,67.32293,0.0,0,0
-85.45706,70.10553,0.0,0,0
-84.91853,72.28185,0.0,0,0
-84.37445,74.05259,0.0,0,0
-83.82608,75.50001,0.0,0,0
-83.27474,76.716545,0.0,0,0
-82.7211,77.744125,0.0,0,0
-82.1658,78.62829,0.0,0,0
-81.60923,79.393616,0.0,0,0
-81.05173,80.064,0.0,0,0
-80.493546,80.655266,0.0,0,0
-79.934906,81.180466,0.0,0,0
-79.37598,81.65057,0.0,0,0
-78.816895,82.07286,0.0,0,0
-78.25777,82.45538,0.0,0,0
-77.69871,82.80215,0.0,0,0
-77.13979,83.11937,0.0,0,0
-76.58114,83.4091,0.0,0,0
-76.022766,83.676315,0.0,0,0
-75.46475,83.92204,0.0,0,0
-74.90716,84.15001,0.0,0,0
-74.350044,84.36113,0.0,0,0
-73.79344,84.55791,0.0,0,0
-73.23741,84.74124,0.0,0,0
-72.68198,84.912796,0.0,0,0
-72.12718,85.07346,0.0,0,0
-71.57308,85.22433,0.0,0,0
-71.01969,85.36629,0.0,0,0
-70.46706,85.49999,0.0,0,0
-69.91519,85.62632,0.0,0,0
-69.36416,85.745636,0.0,0,0
-68.81394,85.858765,0.0,0,0
-68.264626,85.96589,0.0,0,0
-67.71619,86.067795,0.0,0,0
-67.16871,86.1645,0.0,0,0
-66.62215,86.25673,0.10031626,0,0
-66.0766,86.3445,0.7762588,3,24
-65.53203,86.42835,0.97116107,3,22
-64.98852,86.508385,0.111979455,0,0
-64.446045,86.58495,0.0,0,0
-63.904655,86.65822,0.0,0,0
-63.364365,86.728424,0.0,0,0
-62.8252,86.79573,0.0,0,0
-62.287174,86.86033,0.0,0,0
-61.750313,86.92239,0.0,0,0
-61.214664,86.982025,0.0,0,0
-60.68019,87.03943,0.0,0,0
-60.146976,87.09465,0.0,0,0
-59.614975,87.147896,0.0,0,0
-59.084286,87.19918,0.0,0,0
-58.55484,87.24871,0.0,0,0
-58.026745,87.29645,0.0,0,0
-57.49993,87.34263,0.0,0,0
-56.974495,87.3872,0.0,0,0
-56.45039,87.43034,0.0,0,0
-55.92768,87.47206,0.0,0,0
-55.406357,87.51246,0.0,0,0
-54.88644,87.55159,0.0,0,0
-54.905212,-88.49843,0.0,0,0
-55.42547,-88.47441,0.0,0,0
-55.947166,-88.449615,0.0,0,0
-56.47025,-88.42401,0.0,0,0
-56.994736,-88.39752,0.0,0,0
-57.520576,-88.370155,0.0,0,0
-58.0478,-88.34183,0.0,0,0
-58.57632,-88.3125,0.0,0,0
-59.10621,-88.2821,0.0,0,0
-59.63736,-88.25061,0.0,0,0
-60.16983,-88.21791,0.0,0,0
-60.70353,-88.184006,0.0,0,0
-61.23851,-88.14876,0.0,0,0
-61.774693,-88.11214,0.0,0,0
-62.312103,-88.07402,0.0,0,0
-62.850693,-88.03435,0.0,0,0
-63.39045,-87.993,0.0,0,0
-63.93136,-87.94987,0.0,0,0
-64.47339,-87.90486,0.0,0,0
-65.01654,-87.85781,0.0,0,0
-65.56075,-87.80864,0.0,0,0
-66.10605,-87.757095,0.0,0,0
-66.65236,-87.703156,0.0,0,0
-67.19972,-87.646454,0.0,0,0
-67.74805,-87.587,0.0,0,0
-68.29736,-87.52434,0.0,0,0
-68.84761,-87.45846,0.0,0,0
-69.3988,-87.38887,0.0,0,0
-69.95087,-87.31547,0.0,0,0
-70.50382,-87.23773,0.0,0,0
-71.0576,-87.15544,0.0,0,0
-71.61222,-87.068054,0.0,0,0
-72.167625,-86.97514,0.0,0,0
-72.723785,-86.87618,0.0,0,0
-73.2807,-86.77048,0.0,0,0
-73.8383,-86.657486,0.0,0,0
-74.39659,-86.53615,0.0,0,0
-74.955505,-86.40591,0.0,0,0
-75.515045,-86.265205,0.0,0,0
-76.075134,-86.113464,0.0,0,0
-76.63579,-85.948364,0.0,0,0
-77.196915,-85.76921,0.0,0,0
-77.758514,-85.57291,0.0,0,0
-78.32051,-85.35814,0.0,0,0
-78.88288,-85.12096,0.0,0,0
-79.44555,-84.858826,0.0,0,0
-80.00845,-84.566574,0.0,0,0
-80.57153,-84.23956,0.0,0,0
-81.1347,-83.87067,0.0,0,0
-81.69785,-83.451416,0.0,0,0
-82.26088,-82.971436,0.0,0,0
-82.82363,-82.4149,0.0,0,0
-83.385925,-81.7653,0.0,0,0
-83.94748,-80.991806,0.0,0,0
-84.50801,-80.06495,0.0,0,0
-85.06694,-78.91963,0.0,0,0
-85.623695,-77.49396,0.0,0,0
-86.17694,-75.635376,0.0,0,0
-86.72514,-73.17492,0.0,0,0
-87.264595,-69.69983,0.0,0,0
-87.789566,-64.594864,0.0,0,0
-88.28526,-56.34949,0.0,0,0
-88.71944,-42.10546,0.0,0,0
-89.00427,-16.774523,0.0,0,0
-89.00427,16.774523,0.0,0,0
-88.71944,42.10546,0.0,0,0
-88.28526,56.34949,0.0,0,0
-87.789566,64.594864,0.0,0,0
-87.264595,69.69983,0.0,0,0
-86.72514,73.17492,0.0,0,0
-86.17694,75.635376,0.0,0,0
-85.623695,77.49396,0.0,0,0
-85.06694,78.91963,0.0,0,0
-84.50801,80.06495,0.0,0,0
-83.94748,80.991806,0.0,0,0
-83.385925,81.7653,0.0,0,0
-82.82363,82.4149,0.0,0,0
-82.26088,82.971436,0.0,0,0
-81.69785,83.451416,0.0,0,0
-81.1347,83.87067,0.0,0,0
-80.57153,84.23956,0.0,0,0
-80.00845,84.566574,0.0,0,0
-79.44555,84.858826,0.0,0,0
-78.88288,85.12096,0.0,0,0
-78.32051,85.35814,0.0,0,0
-77.758514,85.57291,0.0,0,0
-77.196915,85.76921,0.0,0,0
-76.63579,85.948364,0.0,0,0
-76.075134,86.113464,0.0,0,0
-75.515045,86.265205,0.0,0,0
-74.955505,86.40591,0.0,0,0
-74.39659,86.53615,0.0,0,0
-73.8383,86.657486,0.0,0,0
-73.2807,86.77048,0.0,0,0
-72.723785,86.87618,0.0,0,0
-72.167625,86.97514,0.0,0,0
-71.61222,87.068054,0.0,0,0
-71.0576,87.15544,0.0,0,0
-70.50382,87.23773,0.0,0,0
-69.95087,87.31547,0.0,0,0
-69.3988,87.38887,0.0,0,0
-68.84761,87.45846,0.0,0,0
-68.29736,87.52434,0.0,0,0
-67.74805,87.587,0.0,0,0
-67.19972,87.646454,0.0,0,0
-66.65236,87.703156,0.0242457,0,0
-66.10605,87.757095,0.52317727,2,0
-65.56075,87.80864,0.97161317,3,27
-65.01654,87.85781,0.2058102,0,0
-64.47339,87.90486,0.0,0,0
-63.93136,87.94987,0.0,0,0
-63.39045,87.993,0.0,0,0
-62.850693,88.03435,0.0,0,0
-62.312103,88.07402,0.0,0,0
-61.774693,88.11214,0.0,0,0
-61.23851,88.14876,0.0,0,0
-60.70353,88.184006,0.0,0,0
-60.16983,88.21791,0.0,0,0
-59.63736,88.25061,0.0,0,0
-59.10621,88.2821,0.0,0,0
-58.57632,88.3125,0.0,0,0
-58.0478,88.34183,0.0,0,0
-57.520576,88.370155,0.0,0,0
-56.994736,88.39752,0.0,0,0
-56.47025,88.42401,0.0,0,0
-55.947166,88.449615,0.0,0,0
-55.42547,88.47441,0.0,0,0
-54.905212,88.49843,0.0,0,0
-54.915154,-89.446075,0.0,0,0
-55.435608,-89.43722,0.0,0,0
-55.957493,-89.428055,0.0,0,0
-56.48077,-89.41861,0.0,0,0
-57.00547,-89.40884,0.0,0,0
-57.53151,-89.398735,0.0,0,0
-58.058956,-89.388275,0.0,0,0
-58.587708,-89.37746,0.0,0,0
-59.11783,-89.36623,0.0,0,0
-59.64922,-89.35461,0.0,0,0
-60.181942,-89.342545,0.0,0,0
-60.7159,-89.330025,0.0,0,0
-61.251152,-89.31701,0.0,0,0
-61.787617,-89.30349,0.0,0,0
-62.325314,-89.28941,0.0,0,0
-62.864204,-89.274765,0.0,0,0
-63.40428,-89.25951,0.0,0,0
-63.94552,-89.243576,0.0,0,0
-64.487885,-89.22696,0.0,0,0
-65.031395,-89.20958,0.0,0,0
-65.575966,-89.19143,0.0,0,0
-66.121666,-89.172386,0.0,0,0
-66.66837,-89.15246,0.0,0,0
-67.21616,-89.13152,0.0,0,0
-67.76492,-89.10956,0.0,0,0
-68.31473,-89.08641,0.0,0,0
-68.86546,-89.062065,0.0,0,0
-69.41717,-89.036354,0.0,0,0
-69.969795,-89.00923,0.0,0,0
-70.52332,-88.98051,0.0,0,0
-71.07772,-88.95009,0.0,0,0
-71.63298,-88.91779,0.0,0,0
-72.18909,-88.88343,0.0,0,0
-72.74598,-88.84683,0.0,0,0
-73.303665,-88.80775,0.0,0,0
-73.86211,-88.765945,0.0,0,0
-74.42129,-88.721054,0.0,0,0
-74.981155,-88.67285,0.0,0,0
-75.54174,-88.620766,0.0,0,0
-76.10296,-88.564575,0.0,0,0
-76.664825,-88.50341,0.0,0,0
-77.22727,-88.43703,0.0,0,0
-77.79031,-88.364265,0.0,0,0
-78.3539,-88.2846,0.0,0,0
-78.918,-88.19657,0.0,0,0
-79.48257,-88.09922,0.0,0,0
-80.04762,-87.99061,0.0,0,0
-80.6131,-87.86895,0.0,0,0
-81.178955,-87.73157,0.0,0,0
-81.74518,-87.57521,0.0,0,0
-82.31172,-87.39593,0.0,0,0
-82.87853,-87.18762,0.0,0,0
-83.44557,-86.94388,0.0,0,0
-84.012764,-86.65267,0.0,0,0
-84.58007,-86.30229,0.0,0,0
-85.14737,-85.86676,0.0,0,0
-85.71455,-85.32045,0.0,0,0
-86.2814,-84.59966,0.0,0,0
-86.84765,-83.62919,0.0,0,0
-87.4127,-82.21752,0.0,0,0
-87.975464,-80.039246,0.0,0,0
-88.532936,-76.13211,0.0,0,0
-89.07568,-67.58168,0.0,0,0
-89.540535,-37.753025,0.0,0,0
-89.540535,37.753025,0.0,0,0
-89.07568,67.58168,0.0,0,0
-88.532936,76.13211,0.0,0,0
-87.975464,80.039246,0.0,0,0
-87.4127,82.21752,0.0,0,0
-86.84765,83.62919,0.0,0,0
-86.2814,84.59966,0.0,0,0
-85.71455,85.32045,0.0,0,0
-85.14737,85.86676,0.0,0,0
-84.58007,86.30229,0.0,0,0
-84.012764,86.65267,0.0,0,0
-83.44557,86.94388,0.0,0,0
-82.87853,87.18762,0.0,0,0
-82.31172,87.39593,0.0,0,0
-81.74518,87.57521,0.0,0,0
-81.178955,87.73157,0.0,0,0
-80.6131,87.86895,0.0,0,0
-80.04762,87.99061,0.0,0,0
-79.48257,88.09922,0.0,0,0
-78.918,88.19657,0.0,0,0
-78.3539,88.2846,0.0,0,0
-77.79031,88.364265,0.0,0,0
-77.22727,88.43703,0.0,0,0
-76.664825,88.50341,0.0,0,0
-76.10296,88.564575,0.0,0,0
-75.54174,88.620766,0.0,0,0
-74.981155,88.67285,0.0,0,0
-74.42129,88.721054,0.0,0,0
-73.86211,88.765945,0.0,0,0
-73.303665,88.80775,0.0,0,0
-72.74598,88.84683,0.0,0,0
-72.18909,88.88343,0.0,0,0
-71.63298,88.91779,0.0,0,0
-71.07772,88.95009,0.0,0,0
-70.52332,88.98051,0.0,0,0
-69.969795,89.00923,0.0,0,0
-69.41717,89.036354,0.0,0,0
-68.86546,89.062065,0.0,0,0
-68.31473,89.08641,0.0,0,0
-67.76492,89.10956,0.0,0,0
-67.21616,89.13152,0.0,0,0
-66.66837,89.15246,0.0,0,0
-66.121666,89.172386,0.4825168,1,0
-65.575966,89.19143,0.9931474,3,19
-65.031395,89.20958,0.19356021,0,0
-64.487885,89.22696,0.022856995,0,0
-63.94552,89.243576,0.0,0,0
-63.40428,89.25951,0.0,0,0
-62.864204,89.274765,0.0,0,0
-62.325314,89.28941,0.0,0,0
-61.787617,89.30349,0.0,0,0
-61.251152,89.31701,0.0,0,0
-60.7159,89.330025,0.0,0,0
-60.181942,89.342545,0.0,0,0
-59.64922,89.35461,0.0,0,0
-59.11783,89.36623,0.0,0,0
-58.587708,89.37746,0.0,0,0
-58.058956,89.388275,0.0,0,0
-57.53151,89.398735,0.0,0,0
-57.00547,89.40884,0.0,0,0
-56.48077,89.41861,0.0,0,0
-55.957493,89.428055,0.0,0,0
-55.435608,89.43722,0.0,0,0
-54.915154,89.446075,0.0,0,0
-54.915764,-90.394035,0.0,0,0
-55.436226,-90.40034,0.0,0,0
-55.958122,-90.40685,0.0,0,0
-56.481415,-90.413574,0.0,0,0
-57.006126,-90.42052,0.0,0,0
-57.53218,-90.42771,0.0,0,0
-58.05964,-90.43515,0.0,0,0
-58.5884,-90.44284,0.0,0,0
-59.11854,-90.450836,0.0,0,0
-59.649944,-90.45909,0.0,0,0
-60.18268,-90.46768,0.0,0,0
-60.71666,-90.47659,0.0,0,0
-61.25193,-90.48584,0.0,0,0
-61.788406,-90.49546,0.0,0,0
-62.326126,-90.50548,0.0,0,0
-62.865036,-90.51589,0.0,0,0
-63.405125,-90.52675,0.0,0,0
-63.94638,-90.538086,0.0,0,0
-64.48877,-90.549904,0.0,0,0
-65.0323,-90.56226,0.0,0,0
-65.576904,-90.57518,0.0,0,0
-66.12262,-90.58872,0.0,0,0
-66.66936,-90.6029,0.0,0,0
-67.21716,-90.6178,0.0,0,0
-67.76596,-90.633415,0.0,0,0
-68.315796,-90.64989,0.0,0,0
-68.866554,-90.667206,0.0,0,0
-69.418304,-90.68549,0.0,0,0
-69.97095,-90.70479,0.0,0,0
-70.52451,-90.72522,0.0,0,0
-71.07895,-90.746864,0.0,0,0
-71.634254,-90.76984,0.0,0,0
-72.19039,-90.79428,0.0,0,0
-72.74734,-90.82031,0.0,0,0
-73.30508,-90.84813,0.0,0,0
-73.86356,-90.87785,0.0,0,0
-74.422806,-90.909805,0.0,0,0
-74.982735,-90.94409,0.0,0,0
-75.54338,-90.98115,0.0,0,0
-76.10466,-91.02112,0.0,0,0
-76.6666,-91.06464,0.0,0,0
-77.229126,-91.11186,0.0,0,0
-77.79227,-91.163635,0.0,0,0
-78.35594,-91.220314,0.0,0,0
-78.92015,-91.28294,0.0,0,0
-79.48485,-91.3522,0.0,0,0
-80.05003,-91.42949,0.0,0,0
-80.61565,-91.51605,0.0,0,0
-81.18167,-91.613815,0.0,0,0
-81.74809,-91.72507,0.0,0,0
-82.314835,-91.852646,0.0,0,0
-82.88191,-92.00091,0.0,0,0
-83.449234,-92.17439,0.0,0,0
-84.01679,-92.38167,0.0,0,0
-84.58451,-92.63111,0.0,0,0
-85.15233,-92.94124,0.0,0,0
-85.72017,-93.330345,0.0,0,0
-86.287895,-93.84393,0.0,0,0
-86.855316,-94.53584,0.0,0,0
-87.42206,-95.543365,0.0,0,0
-87.98746,-97.10094,0.0,0,0
-88.54965,-99.90718,0.0,0,0
-89.10278,-106.12879,0.0,0,0
-89.60479,-130.84921,0.0,0,0
-89.60479,130.84921,0.0,0,0
-89.10278,106.12879,0.0,0,0
-88.54965,99.90718,0.0,0,0
-87.98746,97.10094,0.0,0,0
-87.42206,95.543365,0.0,0,0
-86.855316,94.53584,0.0,0,0
-86.287895,93.84393,0.0,0,0
-85.72017,93.330345,0.0,0,0
-85.15233,92.94124,0.0,0,0
-84.58451,92.63111,0.0,0,0
-84.01679,92.38167,0.0,0,0
-83.449234,92.17439,0.0,0,0
-82.88191,92.00091,0.0,0,0
-82.314835,91.852646,0.0,0,0
-81.74809,91.72507,0.0,0,0
-81.18167,91.613815,0.0,0,0
-80.61565,91.51605,0.0,0,0
-80.05003,91.42949,0.0,0,0
-79.48485,91.3522,0.0,0,0
-78.92015,91.28294,0.0,0,0
-78.35594,91.220314,0.0,0,0
-77.79227,91.163635,0.0,0,0
-77.229126,91.11186,0.0,0,0
-76.6666,91.06464,0.0,0,0
-76.10466,91.02112,0.0,0,0
-75.54338,90.98115,0.0,0,0
-74.982735,90.94409,0.0,0,0
-74.422806,90.909805,0.0,0,0
-73.86356,90.87785,0.0,0,0
-73.30508,90.84813,0.0,0,0
-72.74734,90.82031,0.0,0,0
-72.19039,90.79428,0.0,0,0
-71.634254,90.76984,0.0,0,0
-71.07895,90.746864,0.0,0,0
-70.52451,90.72522,0.0,0,0
-69.97095,90.70479,0.0,0,0
-69.418304,90.68549,0.0,0,0
-68.866554,90.667206,0.0,0,0
-68.315796,90.64989,0.0,0,0
-67.76596,90.633415,0.0,0,0
-67.21716,90.6178,0.0,0,0
-66.66936,90.6029,0.0,0,0
-66.12262,90.58872,0.23097694,0,0
-65.576904,90.57518,0.9986434,3,12
-65.0323,90.56226,0.9605574,3,8
-64.48877,90.549904,0.1362282,0,0
-63.94638,90.538086,0.0,0,0
-63.405125,90.52675,0.0,0,0
-62.865036,90.51589,0.0,0,0
-62.326126,90.50548,0.0,0,0
-61.788406,90.49546,0.0,0,0
-61.25193,90.48584,0.0,0,0
-60.71666,90.47659,0.0,0,0
-60.18268,90.46768,0.0,0,0
-59.649944,90.45909,0.0,0,0
-59.11854,90.450836,0.0,0,0
-58.5884,90.44284,0.0,0,0
-58.05964,90.43515,0.0,0,0
-57.53218,90.42771,0.0,0,0
-57.006126,90.42052,0.0,0,0
-56.481415,90.413574,0.0,0,0
-55.958122,90.40685,0.0,0,0
-55.436226,90.40034,0.0,0,0
-54.915764,90.394035,0.0,0,0
-54.907562,-91.34178,0.0,0,0
-55.427864,-91.363235,0.0,0,0
-55.949608,-91.38541,0.0,0,0
-56.472733,-91.40828,0.0,0,0
-56.997272,-91.431946,0.0,0,0
-57.52316,-91.456406,0.0,0,0
-58.050434,-91.481735,0.0,0,0
-58.57901,-91.507935,0.0,0,0
-59.108955,-91.53511,0.0,0,0
-59.64016,-91.56325,0.0,0,0
-60.17269,-91.59247,0.0,0,0
-60.706455,-91.622765,0.0,0,0
-61.241493,-91.65428,0.0,0,0
-61.77775,-91.687004,0.0,0,0
-62.315228,-91.72107,0.0,0,0
-62.853886,-91.75653,0.0,0,0
-63.39372,-91.793495,0.0,0,0
-63.934708,-91.83204,0.0,0,0
-64.476814,-91.87226,0.0,0,0
-65.02005,-91.91432,0.0,0,0
-65.56435,-91.95827,0.0,0,0
-66.10974,-92.00434,0.0,0,0
-66.65614,-92.05255,0.0,0,0
-67.203606,-92.10324,0.0,0,0
-67.75203,-92.15638,0.0,0,0
-68.30147,-92.21239,0.0,0,0
-68.85183,-92.27128,0.0,0,0
-69.40314,-92.33348,0.0,0,0
-69.95534,-92.3991,0.0,0,0
-70.50843,-92.4686,0.0,0,0
-71.062355,-92.54216,0.0,0,0
-71.61713,-92.6203,0.0,0,0
-72.17269,-92.703354,0.0,0,0
-72.729034,-92.79184,0.0,0,0
-73.28612,-92.886345,0.0,0,0
-73.84392,-92.9874,0.0,0,0
-74.40242,-93.095894,0.0,0,0
-74.96156,-93.212364,0.0,0,0
-75.52135,-93.338196,0.0,0,0
-76.08171,-93.47391,0.0,0,0
-76.64264,-93.6216,0.0,0,0
-77.20408,-93.78185,0.0,0,0
-77.76603,-93.95747,0.0,0,0
-78.328384,-94.149635,0.0,0,0
-78.89117,-94.36188,0.0,0,0
-79.454285,-94.5965,0.0,0,0
-80.0177,-94.8581,0.0,0,0
-80.58134,-95.15091,0.0,0,0
-81.145134,-95.48129,0.0,0,0
-81.709015,-95.8569,0.0,0,0
-82.272865,-96.28709,0.0,0,0
-82.83656,-96.78611,0.0,0,0
-83.39997,-97.36894,0.0,0,0
-83.96284,-98.06346,0.0,0,0
-84.52494,-98.896515,0.0,0,0
-85.085815,-99.927345,0.0,0,0
-85.64497,-101.21278,0.0,0,0
-86.20135,-102.89322,0.0,0,0
-86.75365,-105.12646,0.0,0,0
-87.298805,-108.301544,0.0,0,0
-87.831955,-113.01574,0.0,0,0
-88.340195,-120.79212,0.0,0,0
-88.793465,-134.77734,0.0,0,0
-89.100235,-161.48695,0.0,0,0
-89.100235,161.48695,0.0,0,0
-88.793465,134.77734,0.0,0,0
-88.340195,120.79212,0.0,0,0
-87.831955,113.01574,0.0,0,0
-87.298805,108.301544,0.0,0,0
-86.75365,105.12646,0.0,0,0
-86.20135,102.89322,0.0,0,0
-85.64497,101.21278,0.0,0,0
-85.085815,99.927345,0.0,0,0
-84.52494,98.896515,0.0,0,0
-83.96284,98.06346,0.0,0,0
-83.39997,97.36894,0.0,0,0
-82.83656,96.78611,0.0,0,0
-82.272865,96.28709,0.0,0,0
-81.709015,95.8569,0.0,0,0
-81.145134,95.48129,0.0,0,0
-80.58134,95.15091,0.0,0,0
-80.0177,94.8581,0.0,0,0
-79.454285,94.5965,0.0,0,0
-78.89117,94.36188,0.0,0,0
-78.328384,94.149635,0.0,0,0
-77.76603,93.95747,0.0,0,0
-77.20408,93.78185,0.0,0,0
-76.64264,93.6216,0.0,0,0
-76.08171,93.47391,0.0,0,0
-75.52135,93.338196,0.0,0,0
-74.96156,93.212364,0.0,0,0
-74.40242,93.095894,0.0,0,0
-73.84392,92.9874,0.0,0,0
-73.28612,92.886345,0.0,0,0
-72.729034,92.79184,0.0,0,0
-72.17269,92.703354,0.0,0,0
-71.61713,92.6203,0.0,0,0
-71.062355,92.54216,0.0,0,0
-70.50843,92.4686,0.0,0,0
-69.95534,92.3991,0.0,0,0
-69.40314,92.33348,0.0,0,0
-68.85183,92.27128,0.0,0,0
-68.30147,92.21239,0.0,0,0
-67.75203,92.15638,0.0,0,0
-67.203606,92.10324,0.0,0,0
-66.65614,92.05255,0.0,0,0
-66.10974,92.00434,0.037727077,0,0
-65.56435,91.95827,0.8185056,3,6
-65.02005,91.91432,0.9850197,3,19
-64.476814,91.87226,0.27051938,1,0
-63.934708,91.83204,0.0,0,0
-63.39372,91.793495,0.0,0,0
-62.853886,91.75653,0.0,0,0
-62.315228,91.72107,0.0,0,0
-61.77775,91.687004,0.0,0,0
-61.241493,91.65428,0.0,0,0
-60.706455,91.622765,0.0,0,0
-60.17269,91.59247,0.0,0,0
-59.64016,91.56325,0.0,0,0
-59.108955,91.53511,0.0,0,0
-58.57901,91.507935,0.0,0,0
-58.050434,91.481735,0.0,0,0
-57.52316,91.456406,0.0,0,0
-56.997272,91.431946,0.0,0,0
-56.472733,91.40828,0.0,0,0
-55.949608,91.38541,0.0,0,0
-55.427864,91.363235,0.0,0,0
-54.907562,91.34178,0.0,0,0
-54.890236,-92.28879,0.0,0,0
-55.41022,-92.32536,0.0,0,0
-55.93162,-92.363144,0.0,0,0
-56.454403,-92.402145,0.0,0,0
-56.97859,-92.44248,0.0,0,0
-57.504105,-92.48416,0.0,0,0
-58.031002,-92.52733,0.0,0,0
-58.55918,-92.57196,0.0,0,0
-59.08872,-92.61828,0.0,0,0
-59.6195,-92.66623,0.0,0,0
-60.151596,-92.71602,0.0,0,0
-60.68491,-92.76765,0.0,0,0
-61.219482,-92.82132,0.0,0,0
-61.75524,-92.87708,0.0,0,0
-62.292217,-92.93512,0.0,0,0
-62.830353,-92.99553,0.0,0,0
-63.36964,-93.05847,0.0,0,0
-63.910057,-93.124115,0.0,0,0
-64.45157,-93.19262,0.0,0,0
-64.99419,-93.26424,0.0,0,0
-65.537834,-93.33907,0.0,0,0
-66.08255,-93.417496,0.0,0,0
-66.62826,-93.49958,0.0,0,0
-67.17497,-93.58584,0.01194514,0,0
-67.722626,-93.67628,0.1989613,0,0
-68.27124,-93.77159,0.056248847,0,0
-68.82074,-93.87179,0.0,0,0
-69.371155,-93.97761,0.0,0,0
-69.9224,-94.08922,0.0,0,0
-70.47449,-94.20739,0.0,0,0
-71.02735,-94.332466,0.0,0,0
-71.58099,-94.46527,0.30303803,1,0
-72.13535,-94.60642,0.4685108,1,0
-72.69042,-94.75675,0.0,0,0
-73.246155,-94.91727,0.0,0,0
-73.802505,-95.08881,0.0,0,0
-74.35944,-95.272964,0.0,0,0
-74.91692,-95.47056,0.0,0,0
-75.474915,-95.68394,0.0,0,0
-76.03334,-95.91397,0.0,0,0
-76.59217,-96.16412,0.0,0,0
-77.15132,-96.43543,0.0,0,0
-77.710785,-96.732506,0.0,0,0
-78.270424,-97.057304,0.0,0,0
-78.83021,-97.41568,0.0,0,0
-79.39001,-97.81139,0.0,0,0
-79.94974,-98.25206,0.0,0,0
-80.50926,-98.74452,0.0,0,0
-81.06844,-99.29915,0.0,0,0
-81.627075,-99.92829,0.0,0,0
-82.18494,-100.64696,0.0,0,0
-82.741714,-101.4778,0.0,0,0
-83.29707,-102.44423,0.0,0,0
-83.85043,-103.589676,0.0,0,0
-84.4012,-104.954414,0.0,0,0
-84.9482,-106.62724,0.0,0,0
-85.49026,-108.688286,0.0,0,0
-86.02473,-111.33322,0.0,0,0
-86.548706,-114.760315,0.0,0,0
-87.055405,-119.43204,0.0,0,0
-87.53549,-125.93146,0.0,0,0
-87.96783,-135.4466,0.0,0,0
-88.31789,-149.40277,0.0,0,0
-88.52274,-168.85005,0.0,0,0
-88.52274,168.85005,0.0,0,0
-88.31789,149.40277,0.0,0,0
-87.96783,135.4466,0.0,0,0
-87.53549,125.93146,0.0,0,0
-87.055405,119.43204,0.0,0,0
-86.548706,114.760315,0.0,0,0
-86.02473,111.33322,0.0,0,0
-85.49026,108.688286,0.0,0,0
-84.9482,106.62724,0.0,0,0
-84.4012,104.954414,0.0,0,0
-83.85043,103.589676,0.0,0,0
-83.29707,102.44423,0.0,0,0
-82.741714,101.4778,0.0,0,0
-82.18494,100.64696,0.0,0,0
-81.627075,99.92829,0.0,0,0
-81.06844,99.29915,0.0,0,0
-80.50926,98.74452,0.0,0,0
-79.94974,98.25206,0.0,0,0
-79.39001,97.81139,0.0,0,0
-78.83021,97.41568,0.0,0,0
-78.270424,97.057304,0.0,0,0
-77.710785,96.732506,0.0,0,0
-77.15132,96.43543,0.0,0,0
-76.59217,96.16412,0.0,0,0
-76.03334,95.91397,0.0,0,0
-75.474915,95.68394,0.0,0,0
-74.91692,95.47056,0.0,0,0
-74.35944,95.272964,0.0,0,0
-73.802505,95.08881,0.0,0,0
-73.246155,94.91727,0.0,0,0
-72.69042,94.75675,0.0,0,0
-72.13535,94.60642,0.0,0,0
-71.58099,94.46527,0.0,0,0
-71.02735,94.332466,0.0,0,0
-70.47449,94.20739,0.0,0,0
-69.9224,94.08922,0.0,0,0
-69.371155,93.97761,0.0,0,0
-68.82074,93.87179,0.0,0,0
-68.27124,93.77159,0.0,0,0
-67.722626,93.67628,0.0,0,0
-67.17497,93.58584,0.0,0,0
-66.62826,93.49958,0.0,0,0
-66.08255,93.417496,0.017511757,0,0
-65.537834,93.33907,0.65118057,2,3
-64.99419,93.26424,0.9936481,3,28
-64.45157,93.19262,0.607067,2,1
-63.910057,93.124115,0.0,0,0
-63.36964,93.05847,0.0,0,0
-62.830353,92.99553,0.0,0,0
-62.292217,92.93512,0.0,0,0
-61.75524,92.87708,0.0,0,0
-61.219482,92.82132,0.0,0,0
-60.68491,92.76765,0.0,0,0
-60.151596,92.71602,0.0,0,0
-59.6195,92.66623,0.0,0,0
-59.08872,92.61828,0.0,0,0
-58.55918,92.57196,0.0,0,0
-58.031002,92.52733,0.0,0,0
-57.504105,92.48416,0.0,0,0
-56.97859,92.44248,0.0,0,0
-56.454403,92.402145,0.0,0,0
-55.93162,92.363144,0.0,0,0
-55.41022,92.32536,0.0,0,0
-54.890236,92.28879,0.0,0,0
-54.8639,-93.23454,0.0,0,0
-55.383385,-93.28618,0.0,0,0
-55.90428,-93.33949,0.0,0,0
-56.426537,-93.394554,0.0,0,0
-56.950176,-93.45148,0.0,0,0
-57.475136,-93.51031,0.0,0,0
-58.00145,-93.57123,0.0,0,0
-58.529034,-93.63423,0.0,0,0
-59.057953,-93.69958,0.0,0,0
-59.588097,-93.76722,0.0,0,0
-60.11953,-93.83747,0.0,0,0
-60.652157,-93.9103,0.0,0,0
-61.18602,-93.98602,0.0,0,0
-61.721043,-94.06467,0.0,0,0
-62.257244,-94.146515,0.0,0,0
-62.79458,-94.23169,0.0,0,0
-63.333042,-94.32045,0.0,0,0
-63.872593,-94.41302,0.0,0,0
-64.41321,-94.50958,0.0,0,0
-64.95488,-94.61051,0.0,0,0
-65.49756,-94.71599,0.0,0,0
-66.04125,-94.826485,0.0,0,0
-66.58588,-94.94212,0.0,0,0
-67.131485,-95.06363,0.076159544,0,0
-67.67795,-95.191,0.9694129,3,5
-68.22534,-95.32519,0.24314155,0,0
-68.773544,-95.46624,0.0,0,0
-69.322586,-95.615166,0.0,0,0
-69.87239,-95.7722,0.0,0,0
-70.42295,-95.93841,0.0,0,0
-70.97421,-96.114296,0.0,0,0
-71.52615,-96.300964,0.30827305,1,0
-72.078705,-96.499306,0.38280997,1,0
-72.63185,-96.71045,0.0,0,0
-73.18553,-96.9358,0.0,0,0
-73.7397,-97.17653,0.0,0,0
-74.2943,-97.4348,0.0,0,0
-74.84926,-97.711754,0.0,0,0
-75.40455,-98.01064,0.0,0,0
-75.96005,-98.332596,0.0,0,0
-76.51574,-98.68242,0.0,0,0
-77.07149,-99.061455,0.0,0,0
-77.627205,-99.47603,0.0,0,0
-78.18278,-99.92874,0.0,0,0
-78.73808,-100.42753,0.0,0,0
-79.29296,-100.97738,0.0,0,0
-79.84722,-101.588486,0.0,0,0
-80.40065,-102.269875,0.0,0,0
-80.953,-103.0352,0.0,0,0
-81.50392,-103.90057,0.0,0,0
-82.05303,-104.88522,0.0,0,0
-82.59976,-106.01811,0.0,0,0
-83.143524,-107.32825,0.0,0,0
-83.68327,-108.869255,0.0,0,0
-84.21803,-110.688385,0.0,0,0
-84.74575,-112.889656,0.0,0,0
-85.26459,-115.5588,0.0,0,0
-85.770226,-118.904106,0.0,0,0
-86.25845,-123.10741,0.0,0,0
-86.71977,-128.5728,0.0,0,0
-87.143036,-135.69559,0.0,0,0
-87.506226,-145.13614,0.0,0,0
-87.78229,-157.30264,0.0,0,0
-87.93338,-172.06319,0.0,0,0
-87.93338,172.06319,0.0,0,0
-87.78229,157.30264,0.0,0,0
-87.506226,145.13614,0.0,0,0
-87.143036,135.69559,0.0,0,0
-86.71977,128.5728,0.0,0,0
-86.25845,123.10741,0.0,0,0
-85.770226,118.904106,0.0,0,0
-85.26459,115.5588,0.0,0,0
-84.74575,112.889656,0.0,0,0
-84.21803,110.688385,0.0,0,0
-83.68327,108.869255,0.0,0,0
-83.143524,107.32825,0.0,0,0
-82.59976,106.01811,0.0,0,0
-82.05303,104.88522,0.0,0,0
-81.50392,103.90057,0.0,0,0
-80.953,103.0352,0.0,0,0
-80.40065,102.269875,0.0,0,0
-79.84722,101.588486,0.0,0,0
-79.29296,100.97738,0.0,0,0
-78.73808,100.42753,0.0,0,0
-78.18278,99.92874,0.0,0,0
-77.627205,99.47603,0.0,0,0
-77.07149,99.061455,0.0,0,0
-76.51574,98.68242,0.0,0,0
-75.96005,98.332596,0.0,0,0
-75.40455,98.01064,0.0,0,0
-74.84926,97.711754,0.0,0,0
-74.2943,97.4348,0.0,0,0
-73.7397,97.17653,0.0,0,0
-73.18553,96.9358,0.0,0,0
-72.63185,96.71045,0.0,0,0
-72.078705,96.499306,0.0,0,0
-71.52615,96.300964,0.0,0,0
-70.97421,96.114296,0.0,0,0
-70.42295,95.93841,0.0,0,0
-69.87239,95.7722,0.0,0,0
-69.322586,95.615166,0.0,0,0
-68.773544,95.46624,0.0,0,0
-68.22534,95.32519,0.0,0,0
-67.67795,95.191,0.0,0,0
-67.131485,95.06363,0.0,0,0
-66.58588,94.94212,0.0,0,0
-66.04125,94.826485,0.0,0,0
-65.49756,94.71599,0.3354614,1,0
-64.95488,94.61051,0.7755484,3,9
-64.41321,94.50958,0.89451426,3,5
-63.872593,94.41302,0.07488636,0,0
-63.333042,94.32045,0.0,0,0
-62.79458,94.23169,0.0,0,0
-62.257244,94.146515,0.0,0,0
-61.721043,94.06467,0.0,0,0
-61.18602,93.98602,0.0,0,0
-60.652157,93.9103,0.0,0,0
-60.11953,93.83747,0.0,0,0
-59.588097,93.76722,0.0,0,0
-59.057953,93.69958,0.0,0,0
-58.529034,93.63423,0.0,0,0
-58.00145,93.57123,0.0,0,0
-57.475136,93.51031,0.0,0,0
-56.950176,93.45148,0.0,0,0
-56.426537,93.394554,0.0,0,0
-55.90428,93.33949,0.0,0,0
-55.383385,93.28618,0.0,0,0
-54.8639,93.23454,0.0,0,0
-54.82873,-94.178566,0.0,0,0
-55.347557,-94.24518,0.0,0,0
-55.867775,-94.313965,0.0,0,0
-56.38933,-94.38497,0.0,0,0
-56.91225,-94.4584,0.0,0,0
-57.43646,-94.534256,0.0,0,0
-57.96201,-94.612816,0.0,0,0
-58.488796,-94.694046,0.0,0,0
-59.01689,-94.7783,0.0,0,0
-59.54618,-94.86549,0.0,0,0
-60.076736,-94.95605,0.0,0,0
-60.608448,-95.04993,0.0,0,0
-61.141357,-95.14751,0.0,0,0
-61.675404,-95.24884,0.0,0,0
-62.210587,-95.35429,0.0,0,0
-62.746864,-95.46402,0.0,0,0
-63.284218,-95.57833,0.0,0,0
-63.822624,-95.69754,0.0,0,0
-64.362045,-95.821884,0.0,0,0
-64.90247,-95.95182,0.0,0,0
-65.44384,-96.08757,0.0,0,0
-65.986176,-96.22978,0.0,0,0
-66.52939,-96.37855,0.0,0,0
-67.07349,-96.53483,0.10585823,0,0
-67.6184,-96.69863,0.890774,3,6
-68.164154,-96.87115,0.43126374,1,0
-68.710625,-97.05242,0.023945177,0,0
-69.257866,-97.24377,0.0,0,0
-69.805756,-97.44546,0.0,0,0
-70.354294,-97.658844,0.0,0,0
-70.90343,-97.884575,0.012603226,0,0
-71.45311,-98.12403,0.6651698,2,1
-72.00327,-98.37835,0.5075471,2,0
-72.55388,-98.648926,0.0,0,0
-73.10486,-98.93756,0.0,0,0
-73.656136,-99.24568,0.0,0,0
-74.20765,-99.576,0.0,0,0
-74.75931,-99.929955,0.0,0,0
-75.311035,-100.3116,0.0,0,0
-75.862724,-100.722305,0.0,0,0
-76.414276,-101.16807,0.0,0,0
-76.96554,-101.65047,0.0,0,0
-77.51639,-102.17732,0.0,0,0
-78.06666,-102.75174,0.0,0,0
-78.61613,-103.38343,0.0,0,0
-79.164604,-104.07834,0.0,0,0
-79.711784,-104.84874,0.0,0,0
-80.25738,-105.7053,0.0,0,0
-80.80095,-106.6641,0.0,0,0
-81.34203,-107.743866,0.0,0,0
-81.880035,-108.966576,0.0,0,0
-82.414116,-110.36505,0.0,0,0
-82.94342,-111.970924,0.0,0,0
-83.466415,-113.84263,0.0,0,0
-83.981766,-116.02821,0.0,0,0
-84.48658,-118.63404,0.0,0,0
-84.9785,-121.737885,0.0,0,0
-85.45187,-125.53076,0.0,0,0
-85.90192,-130.14977,0.0,0,0
-86.317894,-135.89464,0.0,0,0
-86.68921,-142.9776,0.0,0,0
-86.99656,-151.70502,0.0,0,0
-87.22126,-162.09627,0.0,0,0
-87.34009,-173.85428,0.0,0,0
-87.34009,173.85428,0.0,0,0
-87.22126,162.09627,0.0,0,0
-86.99656,151.70502,0.0,0,0
-86.68921,142.9776,0.0,0,0
-86.317894,135.89464,0.0,0,0
-85.90192,130.14977,0.0,0,0
-85.45187,125.53076,0.0,0,0
-84.9785,121.737885,0.0,0,0
-84.48658,118.63404,0.0,0,0
-83.981766,116.02821,0.0,0,0
-83.466415,113.84263,0.0,0,0
-82.94342,111.970924,0.0,0,0
-82.414116,110.36505,0.0,0,0
-81.880035,108.966576,0.0,0,0
-81.34203,107.743866,0.0,0,0
-80.80095,106.6641,0.0,0,0
-80.25738,105.7053,0.0,0,0
-79.711784,104.84874,0.0,0,0
-79.164604,104.07834,0.0,0,0
-78.61613,103.38343,0.0,0,0
-78.06666,102.75174,0.0,0,0
-77.51639,102.17732,0.0,0,0
-76.96554,101.65047,0.0,0,0
-76.414276,101.16807,0.0,0,0
-75.862724,100.722305,0.0,0,0
-75.311035,100.3116,0.0,0,0
-74.75931,99.929955,0.0,0,0
-74.20765,99.576,0.0,0,0
-73.656136,99.24568,0.0,0,0
-73.10486,98.93756,0.0,0,0
-72.55388,98.648926,0.0,0,0
-72.00327,98.37835,0.0,0,0
-71.45311,98.12403,0.0,0,0
-70.90343,97.884575,0.0,0,0
-70.354294,97.658844,0.0,0,0
-69.805756,97.44546,0.0,0,0
-69.257866,97.24377,0.0,0,0
-68.710625,97.05242,0.0,0,0
-68.164154,96.87115,0.0,0,0
-67.6184,96.69863,0.0,0,0
-67.07349,96.53483,0.0,0,0
-66.52939,96.37855,0.0,0,0
-65.986176,96.22978,0.0,0,0
-65.44384,96.08757,0.4454967,1,0
-64.90247,95.95182,0.887705,3,464
-64.362045,95.821884,0.9890217,3,17
-63.822624,95.69754,0.35829005,1,0
-63.284218,95.57833,0.0,0,0
-62.746864,95.46402,0.0,0,0
-62.210587,95.35429,0.0,0,0
-61.675404,95.24884,0.0,0,0
-61.141357,95.14751,0.0,0,0
-60.608448,95.04993,0.0,0,0
-60.076736,94.95605,0.0,0,0
-59.54618,94.86549,0.0,0,0
-59.01689,94.7783,0.0,0,0
-58.488796,94.694046,0.0,0,0
-57.96201,94.612816,0.0,0,0
-57.43646,94.534256,0.0,0,0
-56.91225,94.4584,0.0,0,0
-56.38933,94.38497,0.0,0,0
-55.867775,94.313965,0.0,0,0
-55.347557,94.24518,0.0,0,0
-54.82873,94.178566,0.0,0,0
-54.784355,-95.12027,0.0,0,0
-55.302357,-95.20174,0.0,0,0
-55.821712,-95.28586,0.0,0,0
-56.342392,-95.372696,0.0,0,0
-56.8644,-95.46248,0.0,0,0
-57.387672,-95.55523,0.0,0,0
-57.91225,-95.65126,0.0,0,0
-58.438038,-95.750565,0.0,0,0
-58.965096,-95.85352,0.0,0,0
-59.493317,-95.9601,0.0,0,0
-60.02276,-96.07075,0.0,0,0
-60.55332,-96.18544,0.0,0,0
-61.085045,-96.304634,0.0,0,0
-61.61785,-96.428406,0.0,0,0
-62.151756,-96.557175,0.0,0,0
-62.6867,-96.69115,0.0,0,0
-63.222664,-96.8307,0.0,0,0
-63.75963,-96.97618,0.0,0,0
-64.29755,-97.1279,0.0,0,0
-64.83641,-97.28642,0.0,0,0
-65.37615,-97.45198,0.0,0,0
-65.91678,-97.62538,0.0,0,0
-66.458206,-97.80674,0.0,0,0
-67.00044,-97.99719,0.0,0,0
-67.5434,-98.19673,0.28775674,1,0
-68.0871,-98.40683,0.98123187,3,5
-68.631424,-98.62751,0.33445987,1,0
-69.176384,-98.86034,0.018672563,0,0
-69.72189,-99.10567,0.0,0,0
-70.26792,-99.365105,0.0,0,0
-70.8144,-99.63941,0.013034005,0,0
-71.36127,-99.93022,0.67270774,2,1
-71.908455,-100.23889,0.5031048,2,0
-72.45589,-100.56709,0.016987829,0,0
-73.0035,-100.91693,0.01203648,0,0
-73.55119,-101.290085,0.0,0,0
-74.09888,-101.68978,0.21428005,0,0
-74.64645,-102.11766,0.073806286,0,0
-75.19377,-102.57849,0.0,0,0
-75.74075,-103.07382,0.0,0,0
-76.287186,-103.61066,0.0,0,0
-76.832954,-104.190765,0.0,0,0
-77.377815,-104.82322,0.0,0,0
-77.921585,-105.511444,0.0,0,0
-78.46396,-106.26653,0.0,0,0
-79.004654,-107.09509,0.0,0,0
-79.54328,-108.010895,0.0,0,0
-80.07942,-109.02562,0.0,0,0
-80.6125,-110.156876,0.0,0,0
-81.141884,-111.42476,0.0,0,0
-81.66678,-112.85245,0.0,0,0
-82.18609,-114.47419,0.0,0,0
-82.6987,-116.32153,0.0,0,0
-83.20265,-118.452805,0.0,0,0
-83.69632,-120.911995,0.0,0,0
-84.17612,-123.79828,0.0,0,0
-84.63946,-127.17386,0.0,0,0
-85.07991,-131.19778,0.0,0,0
-85.4927,-135.9588,0.0,0,0
-85.86716,-141.65945,0.0,0,0
-86.19437,-148.39111,0.0,0,0
-86.45857,-156.27777,0.0,0,0
-86.64715,-165.22595,0.0,0,0
-86.74505,-174.97606,0.0,0,0
-86.74505,174.97606,0.0,0,0
-86.64715,165.22595,0.0,0,0
-86.45857,156.27777,0.0,0,0
-86.19437,148.39111,0.0,0,0
-85.86716,141.65945,0.0,0,0
-85.4927,135.9588,0.0,0,0
-85.07991,131.19778,0.0,0,0
-84.63946,127.17386,0.0,0,0
-84.17612,123.79828,0.0,0,0
-83.69632,120.911995,0.0,0,0
-83.20265,118.452805,0.0,0,0
-82.6987,116.32153,0.0,0,0
-82.18609,114.47419,0.0,0,0
-81.66678,112.85245,0.0,0,0
-81.141884,111.42476,0.0,0,0
-80.6125,110.156876,0.0,0,0
-80.07942,109.02562,0.0,0,0
-79.54328,108.010895,0.0,0,0
-79.004654,107.09509,0.0,0,0
-78.46396,106.26653,0.0,0,0
-77.921585,105.511444,0.0,0,0
-77.377815,104.82322,0.0,0,0
-76.832954,104.190765,0.0,0,0
-76.287186,103.61066,0.0,0,0
-75.74075,103.07382,0.0,0,0
-75.19377,102.57849,0.0,0,0
-74.64645,102.11766,0.0,0,0
-74.09888,101.68978,0.0,0,0
-73.55119,101.290085,0.0,0,0
-73.0035,100.91693,0.0,0,0
-72.45589,100.56709,0.0,0,0
-71.908455,100.23889,0.0,0,0
-71.36127,99.93022,0.0,0,0
-70.8144,99.63941,0.0,0,0
-70.26792,99.365105,0.0,0,0
-69.72189,99.10567,0.0,0,0
-69.176384,98.86034,0.0,0,0
-68.631424,98.62751,0.0,0,0
-68.0871,98.40683,0.0,0,0
-67.5434,98.19673,0.0,0,0
-67.00044,97.99719,0.0,0,0
-66.458206,97.80674,0.0,0,0
-65.91678,97.62538,0.0,0,0
-65.37615,97.45198,0.22155441,0,0
-64.83641,97.28642,0.9112956,3,814
-64.29755,97.1279,0.95720667,3,14
-63.75963,96.97618,0.44221875,1,0
-63.222664,96.8307,0.0,0,0
-62.6867,96.69115,0.0,0,0
-62.151756,96.557175,0.0,0,0
-61.61785,96.428406,0.0,0,0
-61.085045,96.304634,0.0,0,0
-60.55332,96.18544,0.0,0,0
-60.02276,96.07075,0.0,0,0
-59.493317,95.9601,0.0,0,0
-58.965096,95.85352,0.0,0,0
-58.438038,95.750565,0.0,0,0
-57.91225,95.65126,0.0,0,0
-57.387672,95.55523,0.0,0,0
-56.8644,95.46248,0.0,0,0
-56.342392,95.372696,0.0,0,0
-55.821712,95.28586,0.0,0,0
-55.302357,95.20174,0.0,0,0
-54.784355,95.12027,0.0,0,0
-54.731297,-96.05925,0.0,0,0
-55.248302,-96.155464,0.0,0,0
-55.766644,-96.25478,0.0,0,0
-56.286266,-96.3573,0.0,0,0
-56.807194,-96.46328,0.0,0,0
-57.329346,-96.57275,0.0,0,0
-57.852768,-96.68609,0.0,0,0
-58.377365,-96.80326,0.0,0,0
-58.903187,-96.924736,0.020033196,0,0
-59.430138,-97.050446,0.014200323,0,0
-59.958252,-97.180954,0.0,0,0
-60.487453,-97.3162,0.0,0,0
-61.017754,-97.45674,0.0,0,0
-61.549095,-97.60265,0.0,0,0
-62.081467,-97.754425,0.0,0,0
-62.614826,-97.912285,0.0,0,0
-63.14915,-98.07669,0.0,0,0
-63.684402,-98.24803,0.0,0,0
-64.220535,-98.4267,0.0,0,0
-64.75754,-98.61331,0.0,0,0
-65.29534,-98.80814,0.0,0,0
-65.83394,-99.012146,0.0,0,0
-66.37325,-99.225464,0.0,0,0
-66.913284,-99.44937,0.0,0,0
-67.45392,-99.68389,0.016173396,0,0
-67.99518,-99.93072,0.39926732,1,0
-68.536964,-100.189865,0.98666745,3,11
-69.07924,-100.463165,0.19259694,0,0
-69.621925,-100.75097,0.0,0,0
-70.16498,-101.05516,0.0,0,0
-70.70831,-101.37659,0.0,0,0
-71.25187,-101.71717,0.25983584,1,0
-71.79554,-102.07838,0.9480039,3,3
-72.33925,-102.46215,0.5896849,2,0
-72.882904,-102.87088,0.5785907,2,0
-73.42639,-103.30646,0.5745825,2,0
-73.96959,-103.77252,0.860792,3,70
-74.51237,-104.2709,0.973172,3,131
-75.05455,-104.80696,0.17905603,0,0
-75.59602,-105.3824,0.0,0,0
-76.13652,-106.00501,0.0,0,0
-76.675896,-106.67669,0.0,0,0
-77.21382,-107.40748,0.0,0,0
-77.750114,-108.20098,0.0,0,0
-78.284294,-109.06932,0.0,0,0
-78.816086,-110.01945,0.0,0,0
-79.34494,-111.06607,0.0,0,0
-79.87035,-112.22136,0.0,0,0
-80.39161,-113.50357,0.0,0,0
-80.90788,-114.93315,0.0,0,0
-81.41825,-116.53319,0.0,0,0
-81.921326,-118.33743,0.0,0,0
-82.41583,-120.37538,0.0,0,0
-82.899414,-122.70191,0.0,0,0
-83.37029,-125.354294,0.0,0,0
-83.82443,-128.41948,0.0,0,0
-84.259186,-131.94232,0.0,0,0
-84.667816,-136.04756,0.0,0,0
-85.046005,-140.78397,0.0,0,0
-85.3838,-146.28067,0.0,0,0
-85.67412,-152.55972,0.0,0,0
-85.90441,-159.65663,0.0,0,0
-86.066185,-167.4563,0.0,0,0
-86.149216,-175.75851,0.0,0,0
-86.149216,175.75851,0.0,0,0
-86.066185,167.4563,0.0,0,0
-85.90441,159.65663,0.0,0,0
-85.67412,152.55972,0.0,0,0
-85.3838,146.28067,0.0,0,0
-85.046005,140.78397,0.0,0,0
-84.667816,136.04756,0.0,0,0
-84.259186,131.94232,0.0,0,0
-83.82443,128.41948,0.0,0,0
-83.37029,125.354294,0.0,0,0
-82.899414,122.70191,0.0,0,0
-82.41583,120.37538,0.0,0,0
-81.921326,118.33743,0.0,0,0
-81.41825,116.53319,0.0,0,0
-80.90788,114.93315,0.0,0,0
-80.39161,113.50357,0.0,0,0
-79.87035,112.22136,0.0,0,0
-79.34494,111.06607,0.0,0,0
-78.816086,110.01945,0.0,0,0
-78.284294,109.06932,0.0,0,0
-77.750114,108.20098,0.0,0,0
-77.21382,107.40748,0.0,0,0
-76.675896,106.67669,0.0,0,0
-76.13652,106.00501,0.0,0,0
-75.59602,105.3824,0.0,0,0
-75.05455,104.80696,0.0,0,0
-74.51237,104.2709,0.0,0,0
-73.96959,103.77252,0.0,0,0
-73.42639,103.30646,0.0,0,0
-72.882904,102.87088,0.0,0,0
-72.33925,102.46215,0.0,0,0
-71.79554,102.07838,0.0,0,0
-71.25187,101.71717,0.0,0,0
-70.70831,101.37659,0.0,0,0
-70.16498,101.05516,0.0,0,0
-69.621925,100.75097,0.0,0,0
-69.07924,100.463165,0.0,0,0
-68.536964,100.189865,0.0,0,0
-67.99518,99.93072,0.0,0,0
-67.45392,99.68389,0.0,0,0
-66.913284,99.44937,0.0,0,0
-66.37325,99.225464,0.03028896,0,0
-65.83394,99.012146,0.42655846,1,0
-65.29534,98.80814,0.9624213,3,146
-64.75754,98.61331,0.81701744,3,173
-64.220535,98.4267,0.98801476,3,23
-63.684402,98.24803,0.38172004,1,0
-63.14915,98.07669,0.0,0,0
-62.614826,97.912285,0.0,0,0
-62.081467,97.754425,0.0,0,0
-61.549095,97.60265,0.0,0,0
-61.017754,97.45674,0.0,0,0
-60.487453,97.3162,0.0,0,0
-59.958252,97.180954,0.0,0,0
-59.430138,97.050446,0.0,0,0
-58.903187,96.924736,0.0,0,0
-58.377365,96.80326,0.0,0,0
-57.852768,96.68609,0.0,0,0
-57.329346,96.57275,0.0,0,0
-56.807194,96.46328,0.0,0,0
-56.286266,96.3573,0.0,0,0
-55.766644,96.25478,0.0,0,0
-55.248302,96.155464,0.0,0,0
-54.731297,96.05925,0.0,0,0
-54.66924,-96.99496,0.0,0,0
-55.185097,-97.10573,0.0,0,0
-55.702248,-97.22008,0.0,0,0
-56.22065,-97.3381,0.0,0,0
-56.740303,-97.460075,0.0,0,0
-57.26116,-97.586075,0.0,0,0
-57.78324,-97.71649,0.0,0,0
-58.306442,-97.85129,0.023470305,0,0
-58.830826,-97.99104,0.59453815,2,0
-59.356293,-98.13563,0.46536684,1,0
-59.882874,-98.2857,0.43483403,1,0
-60.410477,-98.44119,0.020830229,0,0
-60.93914,-98.60274,0.0,0,0
-61.468765,-98.77042,0.0,0,0
-61.999367,-98.9448,0.0,0,0
-62.530884,-99.12614,0.0,0,0
-63.063293,-99.314926,0.0,0,0
-63.59655,-99.51164,0.0,0,0
-64.130615,-99.7167,0.0,0,0
-64.66547,-99.93082,0.0,0,0
-65.20102,-100.154305,0.0,0,0
-65.737274,-100.388214,0.0,0,0
-66.27414,-100.6327,0.0,0,0
-66.8116,-100.88924,0.0,0,0
-67.34956,-101.15782,0.0,0,0
-67.88801,-101.44035,0.0818661,0,0
-68.42685,-101.736855,0.97244203,3,5
-68.96602,-102.049355,0.50713474,2,0
-69.50546,-102.37827,0.0,0,0
-70.04509,-102.725685,0.0,0,0
-70.58481,-103.09255,0.0,0,0
-71.12454,-103.48096,0.0,0,0
-71.66418,-103.89259,0.16226389,0,0
-72.20362,-104.32953,0.7706642,3,1
-72.742744,-104.79444,0.883398,3,6
-73.28141,-105.289375,0.7372998,2,3
-73.81947,-105.818306,0.99690545,3,20
-74.35679,-106.3832,0.8254733,3,131
-74.89313,-106.98993,0.30434725,1,0
-75.42835,-107.64023,0.052354008,0,0
-75.96212,-108.342575,0.0,0,0
-76.49428,-109.09881,0.0,0,0
-77.02441,-109.91972,0.0,0,0
-77.55228,-110.808945,0.0,0,0
-78.07733,-111.779236,0.0,0,0
-78.59922,-112.837585,0.0,0,0
-79.11728,-113.99915,0.0,0,0
-79.6309,-115.27604,0.0,0,0
-80.13924,-116.68641,0.0,0,0
-80.641335,-118.2502,0.0,0,0
-81.13612,-119.98932,0.0,0,0
-81.62198,-121.93558,0.0,0,0
-82.09752,-124.11508,0.0,0,0
-82.56014,-126.57715,0.0,0,0
-83.007965,-129.35127,0.0,0,0
-83.43674,-132.51038,0.0,0,0
-83.84393,-136.08347,0.0,0,0
-84.22286,-140.16469,0.0,0,0
-84.5699,-144.77443,0.0,0,0
-84.87604,-149.99217,0.0,0,0
-85.1359,-155.80534,0.0,0,0
-85.33945,-162.21051,0.0,0,0
-85.48093,-169.10156,0.0,0,0
-85.55299,-176.32776,0.0,0,0
-85.55299,176.32776,0.0,0,0
-85.48093,169.10156,0.0,0,0
-85.33945,162.21051,0.0,0,0
-85.1359,155.80534,0.0,0,0
-84.87604,149.99217,0.0,0,0
-84.5699,144.77443,0.0,0,0
-84.22286,140.16469,0.0,0,0
-83.84393,136.08347,0.0,0,0
-83.43674,132.51038,0.0,0,0
-83.007965,129.35127,0.0,0,0
-82.56014,126.57715,0.0,0,0
-82.09752,124.11508,0.0,0,0
-81.62198,121.93558,0.0,0,0
-81.13612,119.98932,0.0,0,0
-80.641335,118.2502,0.0,0,0
-80.13924,116.68641,0.0,0,0
-79.6309,115.27604,0.0,0,0
-79.11728,113.99915,0.0,0,0
-78.59922,112.837585,0.0,0,0
-78.07733,111.779236,0.0,0,0
-77.55228,110.808945,0.0,0,0
-77.02441,109.91972,0.0,0,0
-76.49428,109.09881,0.0,0,0
-75.96212,108.342575,0.0,0,0
-75.42835,107.64023,0.0,0,0
-74.89313,106.98993,0.0,0,0
-74.35679,106.3832,0.0,0,0
-73.81947,105.818306,0.0,0,0
-73.28141,105.289375,0.0,0,0
-72.742744,104.79444,0.0,0,0
-72.20362,104.32953,0.0,0,0
-71.66418,103.89259,0.0,0,0
-71.12454,103.48096,0.0,0,0
-70.58481,103.09255,0.0,0,0
-70.04509,102.725685,0.0,0,0
-69.50546,102.37827,0.0,0,0
-68.96602,102.049355,0.0,0,0
-68.42685,101.736855,0.0,0,0
-67.88801,101.44035,0.0,0,0
-67.34956,101.15782,0.0,0,0
-66.8116,100.88924,0.0,0,0
-66.27414,100.6327,0.07987502,0,0
-65.737274,100.388214,0.90172523,3,21
-65.20102,100.154305,0.94990146,3,14
-64.66547,99.93082,0.99283826,3,20
-64.130615,99.7167,0.9948448,3,19
-63.59655,99.51164,0.49138016,1,0
-63.063293,99.314926,0.0,0,0
-62.530884,99.12614,0.0,0,0
-61.999367,98.9448,0.0,0,0
-61.468765,98.77042,0.0,0,0
-60.93914,98.60274,0.0,0,0
-60.410477,98.44119,0.0,0,0
-59.882874,98.2857,0.0,0,0
-59.356293,98.13563,0.0,0,0
-58.830826,97.99104,0.0,0,0
-58.306442,97.85129,0.0,0,0
-57.78324,97.71649,0.0,0,0
-57.26116,97.586075,0.0,0,0
-56.740303,97.460075,0.0,0,0
-56.22065,97.3381,0.0,0,0
-55.702248,97.22008,0.0,0,0
-55.185097,97.10573,0.0,0,0
-54.66924,96.99496,0.0,0,0
-54.59842,-97.92692,0.0,0,0
-55.11297,-98.05209,0.0,0,0
-55.62877,-98.181274,0.0,0,0
-56.14577,-98.31459,0.0,0,0
-56.663994,-98.45238,0.0,0,0
-57.18337,-98.59466,0.0,0,0
-57.70392,-98.74191,0.0,0,0
-58.225544,-98.89408,0.030917514,0,0
-58.748306,-99.05181,0.5852404,2,0
-59.27207,-99.21497,0.8756935,3,3
-59.796913,-99.38428,0.6720601,2,1
-60.322712,-99.55967,0.5106323,2,0
-60.849503,-99.74185,0.042056054,0,0
-61.37719,-99.9309,0.0,0,0
-61.905785,-100.12746,0.0,0,0
-62.43522,-100.33179,0.0,0,0
-62.965458,-100.54448,0.0,0,0
-63.49647,-100.76601,0.0,0,0
-64.02819,-100.996864,0.0,0,0
-64.5606,-101.23784,0.0,0,0
-65.09361,-101.48926,0.0,0,0
-65.62721,-101.7523,0.0,0,0
-66.161316,-102.02712,0.0,0,0
-66.69588,-102.31535,0.0,0,0
-67.23082,-102.616974,0.0,0,0
-67.766106,-102.9341,0.22677775,0,0
-68.30162,-103.26671,0.95698595,3,21
-68.83732,-103.617065,0.7062711,2,2
-69.3731,-103.985596,0.19709785,0,0
-69.908875,-104.37456,0.0,0,0
-70.44454,-104.785,0.0,0,0
-70.979996,-105.21918,0.0,0,0
-71.51513,-105.678894,0.0,0,0
-72.049805,-106.16642,0.15287729,0,0
-72.58386,-106.68457,0.8686088,3,6
-73.11717,-107.235565,0.9578317,3,21
-73.649536,-107.82364,0.9997225,3,63
-74.180786,-108.45083,0.94656885,3,295
-74.71065,-109.12338,0.99915665,3,1297
-75.23896,-109.843025,0.29372805,1,0
-75.76532,-110.61874,0.0,0,0
-76.28957,-111.452255,0.0,0,0
-76.81117,-112.35483,0.0,0,0
-77.329865,-113.32997,0.0,0,0
-77.84502,-114.39078,0.0,0,0
-78.35622,-115.54401,0.0,0,0
-78.86266,-116.80482,0.0,0,0
-79.36371,-118.18482,0.0,0,0
-79.85837,-119.70154,0.0,0,0
-80.34558,-121.3737,0.0,0,0
-80.82413,-123.221375,0.0,0,0
-81.29229,-125.27353,0.0,0,0
-81.74857,-127.552246,0.0,0,0
-82.19023,-130.1004,0.0,0,0
-82.61539,-132.93988,0.0,0,0
-83.01973,-136.12999,0.0,0,0
-83.40099,-139.68683,0.0,0,0
-83.752754,-143.67975,0.0,0,0
-84.07207,-148.11073,0.0,0,0
-84.350975,-153.02707,0.0,0,0
-84.585464,-158.40056,0.0,0,0
-84.76745,-164.21184,0.0,0,0
-84.89299,-170.37057,0.0,0,0
-84.95661,-176.76309,0.0,0,0
-84.95661,176.76309,0.0,0,0
-84.89299,170.37057,0.0,0,0
-84.76745,164.21184,0.0,0,0
-84.585464,158.40056,0.0,0,0
-84.350975,153.02707,0.0,0,0
-84.07207,148.11073,0.0,0,0
-83.752754,143.67975,0.0,0,0
-83.40099,139.68683,0.0,0,0
-83.01973,136.12999,0.0,0,0
-82.61539,132.93988,0.0,0,0
-82.19023,130.1004,0.0,0,0
-81.74857,127.552246,0.0,0,0
-81.29229,125.27353,0.0,0,0
-80.82413,123.221375,0.0,0,0
-80.34558,121.3737,0.0,0,0
-79.85837,119.70154,0.0,0,0
-79.36371,118.18482,0.0,0,0
-78.86266,116.80482,0.0,0,0
-78.35622,115.54401,0.0,0,0
-77.84502,114.39078,0.0,0,0
-77.329865,113.32997,0.0,0,0
-76.81117,112.35483,0.0,0,0
-76.28957,111.452255,0.0,0,0
-75.76532,110.61874,0.0,0,0
-75.23896,109.843025,0.0,0,0
-74.71065,109.12338,0.0,0,0
-74.180786,108.45083,0.0,0,0
-73.649536,107.82364,0.0,0,0
-73.11717,107.235565,0.0,0,0
-72.58386,106.68457,0.0,0,0
-72.049805,106.16642,0.0,0,0
-71.51513,105.678894,0.0,0,0
-70.979996,105.21918,0.0,0,0
-70.44454,104.785,0.0,0,0
-69.908875,104.37456,0.0,0,0
-69.3731,103.985596,0.0,0,0
-68.83732,103.617065,0.0,0,0
-68.30162,103.26671,0.0,0,0
-67.766106,102.9341,0.0,0,0
-67.23082,102.616974,0.0,0,0
-66.69588,102.31535,0.0,0,0
-66.161316,102.02712,0.02178559,0,0
-65.62721,101.7523,0.75511557,3,2
-65.09361,101.48926,0.8884183,3,99
-64.5606,101.23784,0.99113727,3,44
-64.02819,100.996864,0.86798656,3,9
-63.49647,100.76601,0.16636483,0,0
-62.965458,100.54448,0.0,0,0
-62.43522,100.33179,0.0,0,0
-61.905785,100.12746,0.0,0,0
-61.37719,99.9309,0.0,0,0
-60.849503,99.74185,0.0,0,0
-60.322712,99.55967,0.0,0,0
-59.796913,99.38428,0.0,0,0
-59.27207,99.21497,0.0,0,0
-58.748306,99.05181,0.0,0,0
-58.225544,98.89408,0.0,0,0
-57.70392,98.74191,0.0,0,0
-57.18337,98.59466,0.0,0,0
-56.663994,98.45238,0.0,0,0
-56.14577,98.31459,0.0,0,0
-55.62877,98.181274,0.0,0,0
-55.11297,98.05209,0.0,0,0
-54.59842,97.92692,0.0,0,0
-54.51898,-98.854744,0.0,0,0
-55.03206,-98.99411,0.0,0,0
-55.546352,-99.13793,0.0,0,0
-56.0618,-99.28633,0.0,0,0
-56.578426,-99.43966,0.0,0,0
-57.096146,-99.59798,0.0,0,0
-57.614986,-99.76179,0.0,0,0
-58.13485,-99.93105,0.0,0,0
-58.655785,-100.10644,0.0,0,0
-59.177685,-100.28785,0.037219957,0,0
-59.70058,-100.47604,0.22692092,0,0
-60.224365,-100.67096,0.96050787,3,2
-60.74907,-100.87335,0.12108716,0,0
-61.27461,-101.08333,0.0,0,0
-61.800957,-101.301575,0.0,0,0
-62.32807,-101.528404,0.0,0,0
-62.8559,-101.76441,0.0,0,0
-63.384407,-102.01017,0.0,0,0
-63.913532,-102.26617,0.0,0,0
-64.44323,-102.53327,0.0,0,0
-64.97343,-102.81187,0.0,0,0
-65.50408,-103.10319,0.0,0,0
-66.03512,-103.40744,0.0,0,0
-66.56648,-103.72635,0.0,0,0
-67.09808,-104.05992,0.0,0,0
-67.62986,-104.41042,0.0435296,0,0
-68.16171,-104.77783,0.5340083,2,0
-68.69356,-105.164566,0.85656995,3,7
-69.22531,-105.57108,0.86863613,3,8
-69.75684,-105.99982,0.24933723,0,0
-70.288055,-106.451836,0.065411,0,0
-70.818825,-106.92957,0.0,0,0
-71.34899,-107.43491,0.06059602,0,0
-71.87843,-107.97026,0.9265049,3,8
-72.40696,-108.53858,0.79042524,3,11
-72.934425,-109.14215,0.99760413,3,53
-73.460556,-109.785446,0.7067166,2,2
-73.98522,-110.47052,0.4195185,1,0
-74.50806,-111.20388,0.35100892,1,0
-75.02891,-111.9872,0.02542364,0,0
-75.54728,-112.82975,0.0,0,0
-76.063,-113.73312,0.0,0,0
-76.57546,-114.708824,0.0,0,0
-77.08437,-115.76009,0.0,0,0
-77.589005,-116.90008,0.0,0,0
-78.08888,-118.13513,0.0,0,0
-78.583145,-119.479996,0.0,0,0
-79.07106,-120.94554,0.0,0,0
-79.551544,-122.54819,0.0,0,0
-80.02344,-124.305084,0.0,0,0
-80.48548,-126.234024,0.0,0,0
-80.93582,-128.36066,0.0,0,0
-81.372955,-130.70296,0.0,0,0
-81.79405,-133.29721,0.0,0,0
-82.19736,-136.15854,0.0,0,0
-82.57857,-139.33417,0.0,0,0
-82.93576,-142.83044,0.0,0,0
-83.2629,-146.69766,0.0,0,0
-83.557686,-150.92667,0.0,0,0
-83.81313,-155.54439,0.0,0,0
-84.02632,-160.5172,0.0,0,0
-84.190605,-165.8203,0.0,0,0
-84.30334,-171.37917,0.0,0,0
-84.360245,-177.10698,0.0,0,0
-84.360245,177.10698,0.0,0,0
-84.30334,171.37917,0.0,0,0
-84.190605,165.8203,0.0,0,0
-84.02632,160.5172,0.0,0,0
-83.81313,155.54439,0.0,0,0
-83.557686,150.92667,0.0,0,0
-83.2629,146.69766,0.0,0,0
-82.93576,142.83044,0.0,0,0
-82.57857,139.33417,0.0,0,0
-82.19736,136.15854,0.0,0,0
-81.79405,133.29721,0.0,0,0
-81.372955,130.70296,0.0,0,0
-80.93582,128.36066,0.0,0,0
-80.48548,126.234024,0.0,0,0
-80.02344,124.305084,0.0,0,0
-79.551544,122.54819,0.0,0,0
-79.07106,120.94554,0.0,0,0
-78.583145,119.479996,0.0,0,0
-78.08888,118.13513,0.0,0,0
-77.589005,116.90008,0.0,0,0
-77.08437,115.76009,0.0,0,0
-76.57546,114.708824,0.0,0,0
-76.063,113.73312,0.0,0,0
-75.54728,112.82975,0.0,0,0
-75.02891,111.9872,0.0,0,0
-74.50806,111.20388,0.0,0,0
-73.98522,110.47052,0.0,0,0
-73.460556,109.785446,0.0,0,0
-72.934425,109.14215,0.0,0,0
-72.40696,108.53858,0.0,0,0
-71.87843,107.97026,0.0,0,0
-71.34899,107.43491,0.0,0,0
-70.818825,106.92957,0.0,0,0
-70.288055,106.451836,0.0,0,0
-69.75684,105.99982,0.0,0,0
-69.22531,105.57108,0.0,0,0
-68.69356,105.164566,0.0,0,0
-68.16171,104.77783,0.0,0,0
-67.62986,104.41042,0.0,0,0
-67.09808,104.05992,0.0,0,0
-66.56648,103.72635,0.0,0,0
-66.03512,103.40744,0.0,0,0
-65.50408,103.10319,0.56349635,2,0
-64.97343,102.81187,0.95940983,3,46
-64.44323,102.53327,0.87841576,3,26
-63.913532,102.26617,0.14157183,0,0
-63.384407,102.01017,0.0,0,0
-62.8559,101.76441,0.0,0,0
-62.32807,101.528404,0.0,0,0
-61.800957,101.301575,0.0,0,0
-61.27461,101.08333,0.0,0,0
-60.74907,100.87335,0.0,0,0
-60.224365,100.67096,0.0,0,0
-59.70058,100.47604,0.0,0,0
-59.177685,100.28785,0.0,0,0
-58.655785,100.10644,0.0,0,0
-58.13485,99.93105,0.0,0,0
-57.614986,99.76179,0.0,0,0
-57.096146,99.59798,0.0,0,0
-56.578426,99.43966,0.0,0,0
-56.0618,99.28633,0.0,0,0
-55.546352,99.13793,0.0,0,0
-55.03206,98.99411,0.0,0,0
-54.51898,98.854744,0.0,0,0
-54.43067,-99.7778,0.0,0,0
-54.942127,-99.93114,0.0,0,0
-55.45475,-100.089355,0.0,0,0
-55.968483,-100.25256,0.0,0,0
-56.48333,-100.42118,0.0,0,0
-56.99922,-100.595245,0.0,0,0
-57.516174,-100.775314,0.0,0,0
-58.0341,-100.96133,0.0,0,0
-58.553024,-101.15404,0.0,0,0
-59.072853,-101.3533,0.014733883,0,0
-59.593597,-101.55998,0.23761901,0,0
-60.115166,-101.77399,0.929028,3,2
-60.637573,-101.99613,0.34656292,1,0
-61.16073,-102.22653,0.0,0,0
-61.684616,-102.46593,0.0,0,0
-62.209175,-102.71466,0.0,0,0
-62.73436,-102.97337,0.0,0,0
-63.26011,-103.24266,0.0,0,0
-63.78637,-103.523056,0.0,0,0
-64.313095,-103.815506,0.0,0,0
-64.840195,-104.12039,0.0,0,0
-65.36763,-104.43906,0.0,0,0
-65.895294,-104.77169,0.0,0,0
-66.42315,-105.12018,0.0,0,0
-66.951096,-105.48447,0.0,0,0
-67.479034,-105.86699,0.0,0,0
-68.00688,-106.2677,0.018400317,0,0
-68.53454,-106.68919,0.12099458,0,0
-69.06189,-107.131905,0.6144568,2,1
-69.588806,-107.59843,0.99941087,3,7
-70.11517,-108.08983,0.98154634,3,7
-70.64083,-108.6087,0.3822801,1,0
-71.165634,-109.15698,0.23288262,0,0
-71.68942,-109.73714,0.94674635,3,12
-72.211975,-110.352264,0.96240216,3,54
-72.73311,-111.00467,0.98016137,3,122
-73.25256,-111.698975,0.5021255,2,0
-73.77015,-112.43721,0.8252515,3,7
-74.28546,-113.22604,0.40345377,1,0
-74.79835,-114.06702,0.0,0,0
-75.30822,-114.969574,0.0,0,0
-75.81491,-115.93509,0.0,0,0
-76.31772,-116.975075,0.0,0,0
-76.816345,-118.09248,0.0,0,0
-77.30995,-119.300186,0.0,0,0
-77.79808,-120.604004,0.0,0,0
-78.27974,-122.01802,0.0,0,0
-78.75415,-123.55212,0.0,0,0
-79.220184,-125.22133,0.0,0,0
-79.67661,-127.040985,0.0,0,0
-80.12212,-129.02646,0.0,0,0
-80.554825,-131.19995,0.0,0,0
-80.97324,-133.57558,0.0,0,0
-81.37451,-136.1835,0.0,0,0
-81.75706,-139.03317,0.0,0,0
-82.1167,-142.16174,0.0,0,0
-82.45184,-145.5687,0.0,0,0
-82.75687,-149.29028,0.0,0,0
-83.030106,-153.31133,0.0,0,0
-83.26536,-157.64624,0.0,0,0
-83.46058,-162.26111,0.0,0,0
-83.61023,-167.13077,0.0,0,0
-83.712494,-172.19408,0.0,0,0
-83.76399,-177.38364,0.0,0,0
-83.76399,177.38364,0.0,0,0
-83.712494,172.19408,0.0,0,0
-83.61023,167.13077,0.0,0,0
-83.46058,162.26111,0.0,0,0
-83.26536,157.64624,0.0,0,0
-83.030106,153.31133,0.0,0,0
-82.75687,149.29028,0.0,0,0
-82.45184,145.5687,0.0,0,0
-82.1167,142.16174,0.0,0,0
-81.75706,139.03317,0.0,0,0
-81.37451,136.1835,0.0,0,0
-80.97324,133.57558,0.0,0,0
-80.554825,131.19995,0.0,0,0
-80.12212,129.02646,0.0,0,0
-79.67661,127.040985,0.0,0,0
-79.220184,125.22133,0.0,0,0
-78.75415,123.55212,0.0,0,0
-78.27974,122.01802,0.0,0,0
-77.79808,120.604004,0.0,0,0
-77.30995,119.300186,0.0,0,0
-76.816345,118.09248,0.0,0,0
-76.31772,116.975075,0.0,0,0
-75.81491,115.93509,0.0,0,0
-75.30822,114.969574,0.0,0,0
-74.79835,114.06702,0.0,0,0
-74.28546,113.22604,0.0,0,0
-73.77015,112.43721,0.0,0,0
-73.25256,111.698975,0.0,0,0
-72.73311,111.00467,0.0,0,0
-72.211975,110.352264,0.0,0,0
-71.68942,109.73714,0.0,0,0
-71.165634,109.15698,0.0,0,0
-70.64083,108.6087,0.0,0,0
-70.11517,108.08983,0.0,0,0
-69.588806,107.59843,0.0,0,0
-69.06189,107.131905,0.0,0,0
-68.53454,106.68919,0.0,0,0
-68.00688,106.2677,0.0,0,0
-67.479034,105.86699,0.0,0,0
-66.951096,105.48447,0.0,0,0
-66.42315,105.12018,0.3878505,1,0
-65.895294,104.77169,0.26217443,1,0
-65.36763,104.43906,0.31748304,1,0
-64.840195,104.12039,0.9735806,3,26
-64.313095,103.815506,0.20141695,0,0
-63.78637,103.523056,0.0,0,0
-63.26011,103.24266,0.0,0,0
-62.73436,102.97337,0.0,0,0
-62.209175,102.71466,0.0,0,0
-61.684616,102.46593,0.0,0,0
-61.16073,102.22653,0.0,0,0
-60.637573,101.99613,0.0,0,0
-60.115166,101.77399,0.0,0,0
-59.593597,101.55998,0.0,0,0
-59.072853,101.3533,0.0,0,0
-58.553024,101.15404,0.0,0,0
-58.0341,100.96133,0.0,0,0
-57.516174,100.775314,0.0,0,0
-56.99922,100.595245,0.0,0,0
-56.48333,100.42118,0.0,0,0
-55.968483,100.25256,0.0,0,0
-55.45475,100.089355,0.0,0,0
-54.942127,99.93114,0.0,0,0
-54.43067,99.7778,0.0,0,0
-54.333996,-100.695885,0.0,0,0
-54.84369,-100.86296,0.0,0,0
-55.354492,-101.03531,0.0,0,0
-55.866344,-101.21309,0.0,0,0
-56.379265,-101.396706,0.0,0,0
-56.89317,-101.58621,0.0,0,0
-57.40807,-101.78222,0.0,0,0
-57.92388,-101.98465,0.0,0,0
-58.44062,-102.19432,0.0,0,0
-58.95819,-102.41107,0.3666833,1,0
-59.4766,-102.635796,0.7038822,2,2
-59.99577,-102.86843,0.54093385,2,0
-60.515682,-103.109856,0.019497927,0,0
-61.03625,-103.36017,0.0,0,0
-61.557476,-103.62018,0.0,0,0
-62.079254,-103.890205,0.0,0,0
-62.601562,-104.17097,0.0,0,0
-63.124336,-104.46309,0.0,0,0
-63.647503,-104.76715,0.0,0,0
-64.171005,-105.08412,0.0,0,0
-64.694756,-105.41441,0.0,0,0
-65.218704,-105.75947,0.0,0,0
-65.74276,-106.11944,0.0,0,0
-66.26682,-106.496346,0.0,0,0
-66.79082,-106.890114,0.0,0,0
-67.31464,-107.30331,0.0,0,0
-67.83818,-107.735855,0.0,0,0
-68.36133,-108.19046,0.0,0,0
-68.88396,-108.66757,0.011132828,0,0
-69.40593,-109.16991,0.17835602,0,0
-69.92711,-109.69853,0.5003784,2,0
-70.44731,-110.25613,0.98779637,3,23
-70.96639,-110.844666,0.637338,2,2
-71.484146,-111.46669,0.84880114,3,15
-72.00034,-112.12534,0.71320534,2,5
-72.51478,-112.82292,0.97445756,3,23
-73.02716,-113.56416,0.8632517,3,14
-73.53728,-114.35099,0.97250015,3,43
-74.04468,-115.19016,0.85066247,3,20
-74.54918,-116.08308,0.07789612,0,0
-75.050156,-117.039185,0.0,0,0
-75.547424,-118.059616,0.0,0,0
-76.040184,-119.155716,0.0,0,0
-76.52817,-120.33006,0.0,0,0
-77.010445,-121.59509,0.0,0,0
-77.48652,-122.95599,0.0,0,0
-77.95533,-124.42599,0.0,0,0
-78.41609,-126.01387,0.0,0,0
-78.867615,-127.73317,0.0,0,0
-79.30861,-129.59727,0.0,0,0
-79.7378,-131.6192,0.0,0,0
-80.15326,-133.81784,0.0,0,0
-80.55355,-136.2038,0.0,0,0
-80.93589,-138.80179,0.0,0,0
-81.29885,-141.6168,0.0,0,0
-81.63844,-144.67769,0.0,0,0
-81.95341,-147.97932,0.0,0,0
-82.23854,-151.54762,0.0,0,0
-82.492676,-155.36452,0.0,0,0
-82.71035,-159.43668,0.0,0,0
-82.89015,-163.73212,0.0,0,0
-83.02742,-168.2272,0.0,0,0
-83.12093,-172.87186,0.0,0,0
-83.167915,-177.613,0.0,0,0
-83.167915,177.613,0.0,0,0
-83.12093,172.87186,0.0,0,0
-83.02742,168.2272,0.0,0,0
-82.89015,163.73212,0.0,0,0
-82.71035,159.43668,0.0,0,0
-82.492676,155.36452,0.0,0,0
-82.23854,151.54762,0.0,0,0
-81.95341,147.97932,0.0,0,0
-81.63844,144.67769,0.0,0,0
-81.29885,141.6168,0.0,0,0
-80.93589,138.80179,0.0,0,0
-80.55355,136.2038,0.0,0,0
-80.15326,133.81784,0.0,0,0
-79.7378,131.6192,0.0,0,0
-79.30861,129.59727,0.0,0,0
-78.867615,127.73317,0.0,0,0
-78.41609,126.01387,0.0,0,0
-77.95533,124.42599,0.0,0,0
-77.48652,122.95599,0.0,0,0
-77.010445,121.59509,0.0,0,0
-76.52817,120.33006,0.0,0,0
-76.040184,119.155716,0.0,0,0
-75.547424,118.059616,0.0,0,0
-75.050156,117.039185,0.0,0,0
-74.54918,116.08308,0.0,0,0
-74.04468,115.19016,0.0,0,0
-73.53728,114.35099,0.0,0,0
-73.02716,113.56416,0.0,0,0
-72.51478,112.82292,0.0,0,0
-72.00034,112.12534,0.0,0,0
-71.484146,111.46669,0.0,0,0
-70.96639,110.844666,0.0,0,0
-70.44731,110.25613,0.0,0,0
-69.92711,109.69853,0.0,0,0
-69.40593,109.16991,0.0,0,0
-68.88396,108.66757,0.0,0,0
-68.36133,108.19046,0.0,0,0
-67.83818,107.735855,0.0,0,0
-67.31464,107.30331,0.0,0,0
-66.79082,106.890114,0.107122235,0,0
-66.26682,106.496346,0.7684969,3,7
-65.74276,106.11944,0.8853472,3,7
-65.218704,105.75947,0.9803138,3,33
-64.694756,105.41441,0.882927,3,4
-64.171005,105.08412,0.06744484,0,0
-63.647503,104.76715,0.0,0,0
-63.124336,104.46309,0.0,0,0
-62.601562,104.17097,0.0,0,0
-62.079254,103.890205,0.0,0,0
-61.557476,103.62018,0.0,0,0
-61.03625,103.36017,0.0,0,0
-60.515682,103.109856,0.0,0,0
-59.99577,102.86843,0.0,0,0
-59.4766,102.635796,0.0,0,0
-58.95819,102.41107,0.0,0,0
-58.44062,102.19432,0.0,0,0
-57.92388,101.98465,0.0,0,0
-57.40807,101.78222,0.0,0,0
-56.89317,101.58621,0.0,0,0
-56.379265,101.396706,0.0,0,0
-55.866344,101.21309,0.0,0,0
-55.354492,101.03531,0.0,0,0
-54.84369,100.86296,0.0,0,0
-54.333996,100.695885,0.0,0,0
-54.22867,-101.60832,0.0,0,0
-54.736435,-101.78888,0.0,0,0
-55.24527,-101.97511,0.0,0,0
-55.755104,-102.167145,0.0,0,0
-56.265934,-102.365456,0.0,0,0
-56.777687,-102.57008,0.0,0,0
-57.290363,-102.78166,0.0,0,0
-57.803886,-103.00012,0.0,0,0
-58.318264,-103.22634,0.0,0,0
-58.833397,-103.46013,0.5099836,2,0
-59.34929,-103.70246,0.553351,2,0
-59.865852,-103.95324,0.06006228,0,0
-60.383068,-104.2134,0.0,0,0
-60.900864,-104.483055,0.0,0,0
-61.4192,-104.76303,0.0,0,0
-61.938,-105.0537,0.0,0,0
-62.457214,-105.35581,0.0,0,0
-62.976772,-105.670006,0.0,0,0
-63.496613,-105.99689,0.0,0,0
-64.01665,-106.337494,0.0,0,0
-64.53681,-106.69222,0.0,0,0
-65.05702,-107.0626,0.0,0,0
-65.57718,-107.44877,0.0,0,0
-66.09719,-107.85286,0.0,0,0
-66.616974,-108.27475,0.0,0,0
-67.13638,-108.71712,0.0,0,0
-67.655334,-109.17988,0.0,0,0
-68.17367,-109.66585,0.0,0,0
-68.69128,-110.17543,0.0,0,0
-69.207985,-110.71142,0.0,0,0
-69.72365,-111.27494,0.06133951,0,0
-70.238075,-111.86868,0.38633353,1,0
-70.75109,-112.494644,0.8681807,3,14
-71.262474,-113.15538,0.99502116,3,61
-71.77197,-113.85408,0.8261804,3,9
-72.279366,-114.59302,0.47391757,1,0
-72.78432,-115.37689,0.990548,3,33
-73.286606,-116.20758,0.9592168,3,28
-73.785736,-117.091805,0.99991214,3,53
-74.281525,-118.03078,0.18715547,0,0
-74.77327,-119.033875,0.0,0,0
-75.26081,-120.10188,0.0,0,0
-75.743256,-121.245926,0.0,0,0
-76.22033,-122.468094,0.0,0,0
-76.69105,-123.78027,0.0,0,0
-77.15489,-125.18698,0.0,0,0
-77.61077,-126.70044,0.0,0,0
-78.05786,-128.3283,0.0,0,0
-78.49495,-130.08258,0.0,0,0
-78.92076,-131.97475,0.0,0,0
-79.33399,-134.0156,0.0,0,0
-79.73276,-136.22096,0.0,0,0
-80.115715,-138.59851,0.0,0,0
-80.48014,-141.16827,0.0,0,0
-80.82481,-143.93176,0.0,0,0
-81.14592,-146.91142,0.0,0,0
-81.44252,-150.09915,0.0,0,0
-81.70983,-153.5135,0.0,0,0
-81.947105,-157.13545,0.0,0,0
-82.149475,-160.96709,0.0,0,0
-82.316025,-164.97925,0.0,0,0
-82.44276,-169.15062,0.0,0,0
-82.528885,-173.43997,0.0,0,0
-82.572105,-177.8048,0.0,0,0
-82.572105,177.8048,0.0,0,0
-82.528885,173.43997,0.0,0,0
-82.44276,169.15062,0.0,0,0
-82.316025,164.97925,0.0,0,0
-82.149475,160.96709,0.0,0,0
-81.947105,157.13545,0.0,0,0
-81.70983,153.5135,0.0,0,0
-81.44252,150.09915,0.0,0,0
-81.14592,146.91142,0.0,0,0
-80.82481,143.93176,0.0,0,0
-80.48014,141.16827,0.0,0,0
-80.115715,138.59851,0.0,0,0
-79.73276,136.22096,0.0,0,0
-79.33399,134.0156,0.0,0,0
-78.92076,131.97475,0.0,0,0
-78.49495,130.08258,0.0,0,0
-78.05786,128.3283,0.0,0,0
-77.61077,126.70044,0.0,0,0
-77.15489,125.18698,0.0,0,0
-76.69105,123.78027,0.0,0,0
-76.22033,122.468094,0.0,0,0
-75.743256,121.245926,0.0,0,0
-75.26081,120.10188,0.0,0,0
-74.77327,119.033875,0.0,0,0
-74.281525,118.03078,0.0,0,0
-73.785736,117.091805,0.0,0,0
-73.286606,116.20758,0.0,0,0
-72.78432,115.37689,0.0,0,0
-72.279366,114.59302,0.0,0,0
-71.77197,113.85408,0.0,0,0
-71.262474,113.15538,0.0,0,0
-70.75109,112.494644,0.0,0,0
-70.238075,111.86868,0.0,0,0
-69.72365,111.27494,0.0,0,0
-69.207985,110.71142,0.0,0,0
-68.69128,110.17543,0.0,0,0
-68.17367,109.66585,0.0,0,0
-67.655334,109.17988,0.0,0,0
-67.13638,108.71712,0.13135678,0,0
-66.616974,108.27475,0.8530759,3,10
-66.09719,107.85286,0.9584148,3,83
-65.57718,107.44877,0.99526286,3,21
-65.05702,107.0626,0.818886,3,14
-64.53681,106.69222,0.23092818,0,0
-64.01665,106.337494,0.39894825,1,0
-63.496613,105.99689,0.06522833,0,0
-62.976772,105.670006,0.0,0,0
-62.457214,105.35581,0.0,0,0
-61.938,105.0537,0.0,0,0
-61.4192,104.76303,0.0,0,0
-60.900864,104.483055,0.0,0,0
-60.383068,104.2134,0.0,0,0
-59.865852,103.95324,0.0,0,0
-59.34929,103.70246,0.0,0,0
-58.833397,103.46013,0.0,0,0
-58.318264,103.22634,0.0,0,0
-57.803886,103.00012,0.0,0,0
-57.290363,102.78166,0.0,0,0
-56.777687,102.57008,0.0,0,0
-56.265934,102.365456,0.0,0,0
-55.755104,102.167145,0.0,0,0
-55.24527,101.97511,0.0,0,0
-54.736435,101.78888,0.0,0,0
-54.22867,101.60832,0.0,0,0
-54.115005,-102.51489,0.0,0,0
-54.620728,-102.70866,0.0,0,0
-55.12745,-102.90846,0.0,0,0
-55.635105,-103.11445,0.0,0,0
-56.143692,-103.32713,0.0,0,0
-56.653137,-103.54652,0.0,0,0
-57.163445,-103.773315,0.0,0,0
-57.674515,-104.00742,0.0,0,0
-58.186367,-104.24977,0.0,0,0
-58.69889,-104.50016,0.20942451,0,0
-59.21209,-104.759605,0.9605677,3,4
-59.725876,-105.028015,0.17108418,0,0
-60.24021,-105.306366,0.0,0,0
-60.755035,-105.59477,0.0,0,0
-61.270294,-105.894104,0.0,0,0
-61.78591,-106.20475,0.0,0,0
-62.301823,-106.52746,0.0,0,0
-62.817963,-106.862946,0.0,0,0
-63.33426,-107.2118,0.0,0,0
-63.850624,-107.5751,0.0,0,0
-64.36697,-107.95329,0.0,0,0
-64.88321,-108.34792,0.0,0,0
-65.39924,-108.75914,0.0,0,0
-65.914955,-109.18914,0.0,0,0
-66.43027,-109.63779,0.0,0,0
-66.94501,-110.107864,0.0,0,0
-67.45909,-110.59921,0.0,0,0
-67.97235,-111.11477,0.0,0,0
-68.484665,-111.65489,0.0,0,0
-68.995834,-112.22245,0.0,0,0
-69.50572,-112.81853,0.0,0,0
-70.014084,-113.44588,0.0,0,0
-70.52074,-114.106476,0.07642967,0,0
-71.02547,-114.80289,0.24178669,0,0
-71.52797,-115.53825,0.84292156,3,15
-72.02803,-116.314804,0.55369985,2,0
-72.52527,-117.13721,0.5208662,2,0
-73.019455,-118.00723,0.96417,3,27
-73.51005,-118.93149,0.9984632,3,30
-73.996864,-119.910995,0.38705602,1,0
-74.47915,-120.954895,0.0,0,0
-74.956726,-122.06375,0.0,0,0
-75.42866,-123.248215,0.0,0,0
-75.894684,-124.50999,0.0,0,0
-76.35374,-125.86022,0.0,0,0
-76.80531,-127.302795,0.0,0,0
-77.24828,-128.84885,0.0,0,0
-77.68181,-130.50494,0.0,0,0
-78.10469,-132.28154,0.0,0,0
-78.51565,-134.18843,0.0,0,0
-78.91341,-136.23428,0.0,0,0
-79.29614,-138.43228,0.0,0,0
-79.66258,-140.78761,0.0,0,0
-80.01014,-143.31631,0.0,0,0
-80.33773,-146.01755,0.0,0,0
-80.64183,-148.90845,0.0,0,0
-80.921715,-151.97935,0.0,0,0
-81.17299,-155.24342,0.0,0,0
-81.39525,-158.68187,0.0,0,0
-81.58415,-162.29399,0.0,0,0
-81.73917,-166.05373,0.0,0,0
-81.856804,-169.9422,0.0,0,0
-81.9366,-173.9252,0.0,0,0
-81.97659,-177.96829,0.0,0,0
-81.97659,177.96829,0.0,0,0
-81.9366,173.9252,0.0,0,0
-81.856804,169.9422,0.0,0,0
-81.73917,166.05373,0.0,0,0
-81.58415,162.29399,0.0,0,0
-81.39525,158.68187,0.0,0,0
-81.17299,155.24342,0.0,0,0
-80.921715,151.97935,0.0,0,0
-80.64183,148.90845,0.0,0,0
-80.33773,146.01755,0.0,0,0
-80.01014,143.31631,0.0,0,0
-79.66258,140.78761,0.0,0,0
-79.29614,138.43228,0.0,0,0
-78.91341,136.23428,0.0,0,0
-78.51565,134.18843,0.0,0,0
-78.10469,132.28154,0.0,0,0
-77.68181,130.50494,0.0,0,0
-77.24828,128.84885,0.0,0,0
-76.80531,127.302795,0.0,0,0
-76.35374,125.86022,0.0,0,0
-75.894684,124.50999,0.0,0,0
-75.42866,123.248215,0.0,0,0
-74.956726,122.06375,0.0,0,0
-74.47915,120.954895,0.0,0,0
-73.996864,119.910995,0.0,0,0
-73.51005,118.93149,0.0,0,0
-73.019455,118.00723,0.0,0,0
-72.52527,117.13721,0.0,0,0
-72.02803,116.314804,0.0,0,0
-71.52797,115.53825,0.0,0,0
-71.02547,114.80289,0.0,0,0
-70.52074,114.106476,0.0,0,0
-70.014084,113.44588,0.0,0,0
-69.50572,112.81853,0.0,0,0
-68.995834,112.22245,0.0,0,0
-68.484665,111.65489,0.0,0,0
-67.97235,111.11477,0.0,0,0
-67.45909,110.59921,0.0,0,0
-66.94501,110.107864,0.4123034,1,0
-66.43027,109.63779,0.9627978,3,47
-65.914955,109.18914,0.9647989,3,8
-65.39924,108.75914,0.998437,3,35
-64.88321,108.34792,0.4399988,1,0
-64.36697,107.95329,0.99671966,3,26
-63.850624,107.5751,0.95272297,3,19
-63.33426,107.2118,0.21875505,0,0
-62.817963,106.862946,0.0,0,0
-62.301823,106.52746,0.0,0,0
-61.78591,106.20475,0.0,0,0
-61.270294,105.894104,0.0,0,0
-60.755035,105.59477,0.0,0,0
-60.24021,105.306366,0.0,0,0
-59.725876,105.028015,0.0,0,0
-59.21209,104.759605,0.0,0,0
-58.69889,104.50016,0.0,0,0
-58.186367,104.24977,0.0,0,0
-57.674515,104.00742,0.0,0,0
-57.163445,103.773315,0.0,0,0
-56.653137,103.54652,0.0,0,0
-56.143692,103.32713,0.0,0,0
-55.635105,103.11445,0.0,0,0
-55.12745,102.90846,0.0,0,0
-54.620728,102.70866,0.0,0,0
-54.115005,102.51489,0.0,0,0
-53.993126,-103.41519,0.0,0,0
-54.49666,-103.62188,0.0,0,0
-55.00112,-103.83496,0.0,0,0
-55.506466,-104.054596,0.0,0,0
-56.01267,-104.28128,0.0,0,0
-56.51966,-104.515076,0.0,0,0
-57.027435,-104.75669,0.0,0,0
-57.535908,-105.00604,0.0,0,0
-58.045063,-105.26407,0.0,0,0
-58.55482,-105.530594,0.037255965,0,0
-59.065155,-105.80665,0.481985,1,0
-59.57599,-106.09217,0.9207417,3,2
-60.087276,-106.38814,0.20173113,0,0
-60.598946,-106.69468,0.0,0,0
-61.11094,-107.0127,0.0,0,0
-61.623184,-107.34262,0.0,0,0
-62.135612,-107.68518,0.0,0,0
-62.648144,-108.04114,0.0,0,0
-63.160686,-108.41109,0.0,0,0
-63.67316,-108.79618,0.0,0,0
-64.18547,-109.19679,0.0,0,0
-64.69752,-109.61457,0.0,0,0
-65.20921,-110.049644,0.0,0,0
-65.7204,-110.50427,0.0,0,0
-66.23102,-110.97829,0.0,0,0
-66.74086,-111.474525,0.0,0,0
-67.249855,-111.99284,0.0,0,0
-67.7578,-112.53616,0.0,0,0
-68.26458,-113.10488,0.0,0,0
-68.76995,-113.70187,0.0,0,0
-69.27379,-114.32821,0.0,0,0
-69.77585,-114.98662,0.0,0,0
-70.2759,-115.67909,0.0,0,0
-70.77371,-116.408104,0.0,0,0
-71.26898,-117.17682,0.38768303,1,0
-71.76148,-117.98732,0.86264867,3,5
-72.25076,-118.84425,0.9479135,3,6
-72.73662,-119.74919,0.94938475,3,60
-73.218475,-120.70863,0.8216631,3,21
-73.69613,-121.72338,0.7556826,3,3
-74.16877,-122.8023,0.048266087,0,0
-74.636246,-123.94562,0.0,0,0
-75.09757,-125.16353,0.0,0,0
-75.55246,-126.45729,0.0,0,0
-75.99985,-127.83733,0.0,0,0
-76.43919,-129.30682,0.0,0,0
-76.869385,-130.87589,0.0,0,0
-77.289566,-132.55,0.0,0,0
-77.69855,-134.3382,0.0,0,0
-78.09508,-136.24867,0.0,0,0
-78.477936,-138.2883,0.0,0,0
-78.84533,-140.46791,0.0,0,0
-79.19614,-142.79066,0.0,0,0
-79.52785,-145.2694,0.0,0,0
-79.83958,-147.90144,0.0,0,0
-80.128,-150.69998,0.0,0,0
-80.39265,-153.65454,0.0,0,0
-80.62947,-156.77437,0.0,0,0
-80.838326,-160.04158,0.0,0,0
-81.01532,-163.45384,0.0,0,0
-81.1602,-166.98811,0.0,0,0
-81.26992,-170.62776,0.0,0,0
-81.34422,-174.34422,0.0,0,0
-81.38143,-178.10928,0.0,0,0
-81.38143,178.10928,0.0,0,0
-81.34422,174.34422,0.0,0,0
-81.26992,170.62776,0.0,0,0
-81.1602,166.98811,0.0,0,0
-81.01532,163.45384,0.0,0,0
-80.838326,160.04158,0.0,0,0
-80.62947,156.77437,0.0,0,0
-80.39265,153.65454,0.0,0,0
-80.128,150.69998,0.0,0,0
-79.83958,147.90144,0.0,0,0
-79.52785,145.2694,0.0,0,0
-79.19614,142.79066,0.0,0,0
-78.84533,140.46791,0.0,0,0
-78.477936,138.2883,0.0,0,0
-78.09508,136.24867,0.0,0,0
-77.69855,134.3382,0.0,0,0
-77.289566,132.55,0.0,0,0
-76.869385,130.87589,0.0,0,0
-76.43919,129.30682,0.0,0,0
-75.99985,127.83733,0.0,0,0
-75.55246,126.45729,0.0,0,0
-75.09757,125.16353,0.0,0,0
-74.636246,123.94562,0.0,0,0
-74.16877,122.8023,0.0,0,0
-73.69613,121.72338,0.0,0,0
-73.218475,120.70863,0.0,0,0
-72.73662,119.74919,0.0,0,0
-72.25076,118.84425,0.0,0,0
-71.76148,117.98732,0.0,0,0
-71.26898,117.17682,0.0,0,0
-70.77371,116.408104,0.0,0,0
-70.2759,115.67909,0.0,0,0
-69.77585,114.98662,0.0,0,0
-69.27379,114.32821,0.0,0,0
-68.76995,113.70187,0.0,0,0
-68.26458,113.10488,0.0,0,0
-67.7578,112.53616,0.0,0,0
-67.249855,111.99284,0.0,0,0
-66.74086,111.474525,0.09926651,0,0
-66.23102,110.97829,0.4002297,1,0
-65.7204,110.50427,0.97206914,3,553
-65.20921,110.049644,0.9685626,3,7
-64.69752,109.61457,0.19532454,0,0
-64.18547,109.19679,0.34796527,1,0
-63.67316,108.79618,0.37301904,1,0
-63.160686,108.41109,0.03590708,0,0
-62.648144,108.04114,0.0,0,0
-62.135612,107.68518,0.0,0,0
-61.623184,107.34262,0.0,0,0
-61.11094,107.0127,0.0,0,0
-60.598946,106.69468,0.0,0,0
-60.087276,106.38814,0.0,0,0
-59.57599,106.09217,0.0,0,0
-59.065155,105.80665,0.0,0,0
-58.55482,105.530594,0.0,0,0
-58.045063,105.26407,0.0,0,0
-57.535908,105.00604,0.0,0,0
-57.027435,104.75669,0.0,0,0
-56.51966,104.515076,0.0,0,0
-56.01267,104.28128,0.0,0,0
-55.506466,104.054596,0.0,0,0
-55.00112,103.83496,0.0,0,0
-54.49666,103.62188,0.0,0,0
-53.993126,103.41519,0.0,0,0
-53.862896,-104.308655,0.0,0,0
-54.364105,-104.52797,0.0,0,0
-54.86618,-104.75399,0.0,0,0
-55.369064,-104.986916,0.0,0,0
-55.87274,-105.22725,0.0,0,0
-56.377132,-105.47507,0.0,0,0
-56.88223,-105.731094,0.0,0,0
-57.38794,-105.995224,0.0,0,0
-57.89425,-106.26848,0.0,0,0
-58.401077,-106.55063,0.0,0,0
-58.908386,-106.84278,0.05598887,0,0
-59.4161,-107.14481,0.9084563,3,1
-59.924168,-107.457794,0.4278075,1,0
-60.43251,-107.78182,0.0,0,0
-60.94107,-108.11784,0.0,0,0
-61.44976,-108.46628,0.0,0,0
-61.958504,-108.827896,0.0,0,0
-62.467224,-109.20345,0.0,0,0
-62.975834,-109.59358,0.0,0,0
-63.484222,-109.999435,0.0,0,0
-63.992302,-110.42142,0.0,0,0
-64.499954,-110.86119,0.0,0,0
-65.007095,-111.31888,0.0,0,0
-65.51355,-111.796776,0.0,0,0
-66.01925,-112.2947,0.0,0,0
-66.52398,-112.815544,0.0,0,0
-67.027664,-113.35909,0.0,0,0
-67.53006,-113.928345,0.0,0,0
-68.031075,-114.523636,0.0,0,0
-68.53046,-115.14788,0.0,0,0
-69.02803,-115.80208,0.0,0,0
-69.52354,-116.48897,0.0,0,0
-70.01677,-117.21048,0.0,0,0
-70.50746,-117.96905,0.0,0,0
-70.9953,-118.76772,0.0,0,0
-71.48001,-119.60857,0.08830858,0,0
-71.96117,-120.496025,0.28508505,1,0
-72.43852,-121.431564,0.9486003,3,3
-72.91147,-122.42146,0.7919416,3,4
-73.37982,-123.46629,0.9633871,3,4
-73.84273,-124.574615,0.06743474,0,0
-74.30003,-125.74632,0.0,0,0
-74.75071,-126.991104,0.0,0,0
-75.19449,-128.30978,0.0,0,0
-75.630264,-129.71202,0.0,0,0
-76.05754,-131.20035,0.0,0,0
-76.47514,-132.78384,0.0,0,0
-76.88228,-134.46701,0.0,0,0
-77.27774,-136.25764,0.0,0,0
-77.660355,-138.16241,0.0,0,0
-78.02893,-140.18672,0.0,0,0
-78.38176,-142.33932,0.0,0,0
-78.717804,-144.6219,0.0,0,0
-79.034706,-147.04459,0.0,0,0
-79.33174,-149.60355,0.0,0,0
-79.605774,-152.30887,0.0,0,0
-79.85655,-155.14986,0.0,0,0
-80.08034,-158.13297,0.0,0,0
-80.2772,-161.24152,0.0,0,0
-80.443634,-164.47232,0.0,0,0
-80.57959,-167.80501,0.0,0,0
-80.68237,-171.22507,0.0,0,0
-80.75189,-174.70844,0.0,0,0
-80.78667,-178.23169,0.0,0,0
-80.78667,178.23169,0.0,0,0
-80.75189,174.70844,0.0,0,0
-80.68237,171.22507,0.0,0,0
-80.57959,167.80501,0.0,0,0
-80.443634,164.47232,0.0,0,0
-80.2772,161.24152,0.0,0,0
-80.08034,158.13297,0.0,0,0
-79.85655,155.14986,0.0,0,0
-79.605774,152.30887,0.0,0,0
-79.33174,149.60355,0.0,0,0
-79.034706,147.04459,0.0,0,0
-78.717804,144.6219,0.0,0,0
-78.38176,142.33932,0.0,0,0
-78.02893,140.18672,0.0,0,0
-77.660355,138.16241,0.0,0,0
-77.27774,136.25764,0.0,0,0
-76.88228,134.46701,0.0,0,0
-76.47514,132.78384,0.0,0,0
-76.05754,131.20035,0.0,0,0
-75.630264,129.71202,0.0,0,0
-75.19449,128.30978,0.0,0,0
-74.75071,126.991104,0.0,0,0
-74.30003,125.74632,0.0,0,0
-73.84273,124.574615,0.0,0,0
-73.37982,123.46629,0.0,0,0
-72.91147,122.42146,0.0,0,0
-72.43852,121.431564,0.0,0,0
-71.96117,120.496025,0.0,0,0
-71.48001,119.60857,0.0,0,0
-70.9953,118.76772,0.0,0,0
-70.50746,117.96905,0.0,0,0
-70.01677,117.21048,0.0,0,0
-69.52354,116.48897,0.0,0,0
-69.02803,115.80208,0.0,0,0
-68.53046,115.14788,0.0,0,0
-68.031075,114.523636,0.0,0,0
-67.53006,113.928345,0.0,0,0
-67.027664,113.35909,0.0,0,0
-66.52398,112.815544,0.0,0,0
-66.01925,112.2947,0.041140992,0,0
-65.51355,111.796776,0.84348905,3,1
-65.007095,111.31888,0.77697283,3,1
-64.499954,110.86119,0.029313304,0,0
-63.992302,110.42142,0.0,0,0
-63.484222,109.999435,0.0,0,0
-62.975834,109.59358,0.0,0,0
-62.467224,109.20345,0.0,0,0
-61.958504,108.827896,0.0,0,0
-61.44976,108.46628,0.0,0,0
-60.94107,108.11784,0.0,0,0
-60.43251,107.78182,0.0,0,0
-59.924168,107.457794,0.0,0,0
-59.4161,107.14481,0.0,0,0
-58.908386,106.84278,0.0,0,0
-58.401077,106.55063,0.0,0,0
-57.89425,106.26848,0.0,0,0
-57.38794,105.995224,0.0,0,0
-56.88223,105.731094,0.0,0,0
-56.377132,105.47507,0.0,0,0
-55.87274,105.22725,0.0,0,0
-55.369064,104.986916,0.0,0,0
-54.86618,104.75399,0.0,0,0
-54.364105,104.52797,0.0,0,0
-53.862896,104.308655,0.0,0,0
-53.724796,-105.19525,0.0,0,0
-54.223557,-105.426865,0.0,0,0
-54.723114,-105.66552,0.0,0,0
-55.22341,-105.91138,0.0,0,0
-55.72443,-106.165016,0.0,0,0
-56.22608,-106.42645,0.0,0,0
-56.728363,-106.69648,0.0,0,0
-57.23117,-106.97496,0.0,0,0
-57.734497,-107.26297,0.0,0,0
-58.238243,-107.56024,0.0,0,0
-58.742386,-107.86795,0.0,0,0
-59.246826,-108.18594,0.5236611,2,0
-59.751514,-108.515335,0.63767517,2,1
-60.256374,-108.8562,0.07136911,0,0
-60.76133,-109.20955,0.0,0,0
-61.266304,-109.57575,0.0,0,0
-61.771202,-109.95564,0.0,0,0
-62.27595,-110.34997,0.0,0,0
-62.78044,-110.75938,0.0,0,0
-63.28457,-111.18503,0.0,0,0
-63.78824,-111.62732,0.0,0,0
-64.29132,-112.08797,0.0,0,0
-64.79372,-112.56707,0.0,0,0
-65.29526,-113.06693,0.0,0,0
-65.79585,-113.58736,0.0,0,0
-66.29529,-114.13129,0.0,0,0
-66.79346,-114.69844,0.0,0,0
-67.29014,-115.29186,0.0,0,0
-67.785194,-115.91182,0.0,0,0
-68.27837,-116.56122,0.0,0,0
-68.769516,-117.24104,0.0,0,0
-69.258316,-117.95399,0.0,0,0
-69.74455,-118.70189,0.0,0,0
-70.22796,-119.48716,0.0,0,0
-70.70818,-120.31271,0.0,0,0
-71.18497,-121.180504,0.0,0,0
-71.65785,-122.09486,0.018118277,0,0
-72.12661,-123.05704,0.6152462,2,1
-72.59055,-124.07313,0.65100175,2,2
-73.04953,-125.14345,0.936247,3,312
-73.50265,-126.27618,0.23104699,0,0
-73.94977,-127.47095,0.253825,1,0
-74.38982,-128.73688,0.6491753,2,1
-74.822556,-130.07437,0.06561957,0,0
-75.246864,-131.49234,0.0,0,0
-75.66223,-132.99274,0.0,0,0
-76.06752,-134.58363,0.0,0,0
-76.461945,-136.26866,0.0,0,0
-76.84434,-138.05441,0.0,0,0
-77.21354,-139.94635,0.0,0,0
-77.56847,-141.94855,0.0,0,0
-77.90744,-144.06807,0.0,0,0
-78.22957,-146.30534,0.0,0,0
-78.53261,-148.6684,0.0,0,0
-78.81599,-151.15263,0.0,0,0
-79.076744,-153.7657,0.0,0,0
-79.314835,-156.49707,0.0,0,0
-79.52678,-159.35117,0.0,0,0
-79.71282,-162.31258,0.0,0,0
-79.86979,-165.37775,0.0,0,0
-79.99779,-168.52873,0.0,0,0
-80.09442,-171.75282,0.0,0,0
-80.1597,-175.02962,0.0,0,0
-80.19234,-178.33951,0.0,0,0
-80.19234,178.33951,0.0,0,0
-80.1597,175.02962,0.0,0,0
-80.09442,171.75282,0.0,0,0
-79.99779,168.52873,0.0,0,0
-79.86979,165.37775,0.0,0,0
-79.71282,162.31258,0.0,0,0
-79.52678,159.35117,0.0,0,0
-79.314835,156.49707,0.0,0,0
-79.076744,153.7657,0.0,0,0
-78.81599,151.15263,0.0,0,0
-78.53261,148.6684,0.0,0,0
-78.22957,146.30534,0.0,0,0
-77.90744,144.06807,0.0,0,0
-77.56847,141.94855,0.0,0,0
-77.21354,139.94635,0.0,0,0
-76.84434,138.05441,0.0,0,0
-76.461945,136.26866,0.0,0,0
-76.06752,134.58363,0.0,0,0
-75.66223,132.99274,0.0,0,0
-75.246864,131.49234,0.0,0,0
-74.822556,130.07437,0.0,0,0
-74.38982,128.73688,0.0,0,0
-73.94977,127.47095,0.0,0,0
-73.50265,126.27618,0.0,0,0
-73.04953,125.14345,0.0,0,0
-72.59055,124.07313,0.0,0,0
-72.12661,123.05704,0.0,0,0
-71.65785,122.09486,0.0,0,0
-71.18497,121.180504,0.0,0,0
-70.70818,120.31271,0.0,0,0
-70.22796,119.48716,0.0,0,0
-69.74455,118.70189,0.0,0,0
-69.258316,117.95399,0.0,0,0
-68.769516,117.24104,0.0,0,0
-68.27837,116.56122,0.0,0,0
-67.785194,115.91182,0.0,0,0
-67.29014,115.29186,0.0,0,0
-66.79346,114.69844,0.020538073,0,0
-66.29529,114.13129,0.014611857,0,0
-65.79585,113.58736,0.29904658,1,0
-65.29526,113.06693,0.9864036,3,11
-64.79372,112.56707,0.9146722,3,4
-64.29132,112.08797,0.06682393,0,0
-63.78824,111.62732,0.0,0,0
-63.28457,111.18503,0.0,0,0
-62.78044,110.75938,0.0,0,0
-62.27595,110.34997,0.0,0,0
-61.771202,109.95564,0.0,0,0
-61.266304,109.57575,0.0,0,0
-60.76133,109.20955,0.0,0,0
-60.256374,108.8562,0.0,0,0
-59.751514,108.515335,0.0,0,0
-59.246826,108.18594,0.0,0,0
-58.742386,107.86795,0.0,0,0
-58.238243,107.56024,0.0,0,0
-57.734497,107.26297,0.0,0,0
-57.23117,106.97496,0.0,0,0
-56.728363,106.69648,0.0,0,0
-56.22608,106.42645,0.0,0,0
-55.72443,106.165016,0.0,0,0
-55.22341,105.91138,0.0,0,0
-54.723114,105.66552,0.0,0,0
-54.223557,105.426865,0.0,0,0
-53.724796,105.19525,0.0,0,0
-53.578545,-106.07427,0.0,0,0
-54.074726,-106.317856,0.0,0,0
-54.571644,-106.56879,0.0,0,0
-55.06923,-106.827225,0.0,0,0
-55.56745,-107.09375,0.0,0,0
-56.066235,-107.36838,0.0,0,0
-56.56556,-107.65196,0.0,0,0
-57.06533,-107.944336,0.0,0,0
-57.565525,-108.24659,0.0,0,0
-58.06605,-108.55847,0.0,0,0
-58.566864,-108.881165,0.0,0,0
-59.067886,-109.214516,0.16015063,0,0
-59.569046,-109.55966,0.8555058,3,2
-60.070263,-109.91669,0.75836265,3,5
-60.57146,-110.28661,0.10085007,0,0
-61.07255,-110.66981,0.0,0,0
-61.57345,-111.06713,0.0,0,0
-62.074047,-111.479324,0.0,0,0
-62.57426,-111.907036,0.0,0,0
-63.073956,-112.35145,0.0,0,0
-63.573044,-112.81297,0.0,0,0
-64.07139,-113.293304,0.0,0,0
-64.56887,-113.79253,0.0,0,0
-65.065315,-114.313,0.0,0,0
-65.56064,-114.85446,0.0,0,0
-66.05458,-115.419876,0.0,0,0
-66.54708,-116.00894,0.0,0,0
-67.037865,-116.62467,0.0,0,0
-67.52681,-117.26731,0.0,0,0
-68.013626,-117.93976,0.0,0,0
-68.49814,-118.64291,0.0,0,0
-68.98008,-119.3794,0.0,0,0
-69.459175,-120.151024,0.0,0,0
-69.93515,-120.960075,0.0,0,0
-70.407646,-121.80939,0.0,0,0
-70.876396,-122.70076,0.0,0,0
-71.34091,-123.63837,0.0,0,0
-71.800964,-124.6233,0.24930637,0,0
-72.25586,-125.66137,0.90304124,3,5
-72.705444,-126.752686,0.9912595,3,223
-73.14877,-127.905045,0.9072883,3,5
-73.585754,-129.11777,0.8561851,3,6
-74.015274,-130.39941,0.9889177,3,35
-74.4371,-131.75003,0.14521633,0,0
-74.85012,-133.17781,0.020446429,0,0
-75.25385,-134.6841,0.0,0,0
-75.64714,-136.2761,0.0,0,0
-76.02925,-137.95667,0.0,0,0
-76.39904,-139.73134,0.0,0,0
-76.75541,-141.60449,0.0,0,0
-77.09733,-143.57915,0.0,0,0
-77.42323,-145.66096,0.0,0,0
-77.732285,-147.84943,0.0,0,0
-78.0224,-150.15085,0.0,0,0
-78.293106,-152.56018,0.0,0,0
-78.54168,-155.08325,0.0,0,0
-78.76817,-157.7099,0.0,0,0
-78.96936,-160.4431,0.0,0,0
-79.14567,-163.26878,0.0,0,0
-79.29414,-166.18323,0.0,0,0
-79.41505,-169.1706,0.0,0,0
-79.50621,-172.21979,0.0,0,0
-79.56774,-175.31332,0.0,0,0
-79.59849,-178.4347,0.0,0,0
-79.59849,178.4347,0.0,0,0
-79.56774,175.31332,0.0,0,0
-79.50621,172.21979,0.0,0,0
-79.41505,169.1706,0.0,0,0
-79.29414,166.18323,0.0,0,0
-79.14567,163.26878,0.0,0,0
-78.96936,160.4431,0.0,0,0
-78.76817,157.7099,0.0,0,0
-78.54168,155.08325,0.0,0,0
-78.293106,152.56018,0.0,0,0
-78.0224,150.15085,0.0,0,0
-77.732285,147.84943,0.0,0,0
-77.42323,145.66096,0.0,0,0
-77.09733,143.57915,0.0,0,0
-76.75541,141.60449,0.0,0,0
-76.39904,139.73134,0.0,0,0
-76.02925,137.95667,0.0,0,0
-75.64714,136.2761,0.0,0,0
-75.25385,134.6841,0.0,0,0
-74.85012,133.17781,0.0,0,0
-74.4371,131.75003,0.0,0,0
-74.015274,130.39941,0.0,0,0
-73.585754,129.11777,0.0,0,0
-73.14877,127.905045,0.0,0,0
-72.705444,126.752686,0.0,0,0
-72.25586,125.66137,0.0,0,0
-71.800964,124.6233,0.0,0,0
-71.34091,123.63837,0.0,0,0
-70.876396,122.70076,0.0,0,0
-70.407646,121.80939,0.0,0,0
-69.93515,120.960075,0.0,0,0
-69.459175,120.151024,0.0,0,0
-68.98008,119.3794,0.0,0,0
-68.49814,118.64291,0.0,0,0
-68.013626,117.93976,0.0,0,0
-67.52681,117.26731,0.0,0,0
-67.037865,116.62467,0.05227824,0,0
-66.54708,116.00894,0.7533475,3,5
-66.05458,115.419876,0.3626972,1,0
-65.56064,114.85446,0.7305357,2,28
-65.065315,114.313,0.998468,3,9
-64.56887,113.79253,0.963031,3,10
-64.07139,113.293304,0.08793984,0,0
-63.573044,112.81297,0.0,0,0
-63.073956,112.35145,0.0,0,0
-62.57426,111.907036,0.0,0,0
-62.074047,111.479324,0.0,0,0
-61.57345,111.06713,0.0,0,0
-61.07255,110.66981,0.0,0,0
-60.57146,110.28661,0.0,0,0
-60.070263,109.91669,0.0,0,0
-59.569046,109.55966,0.0,0,0
-59.067886,109.214516,0.0,0,0
-58.566864,108.881165,0.0,0,0
-58.06605,108.55847,0.0,0,0
-57.565525,108.24659,0.0,0,0
-57.06533,107.944336,0.0,0,0
-56.56556,107.65196,0.0,0,0
-56.066235,107.36838,0.0,0,0
-55.56745,107.09375,0.0,0,0
-55.06923,106.827225,0.0,0,0
-54.571644,106.56879,0.0,0,0
-54.074726,106.317856,0.0,0,0
-53.578545,106.07427,0.0,0,0
-53.424557,-106.945694,0.0,0,0
-53.91806,-107.20092,0.0,0,0
-54.412212,-107.46376,0.0,0,0
-54.90696,-107.734406,0.0,0,0
-55.402267,-108.01343,0.0,0,0
-55.89806,-108.30086,0.0,0,0
-56.394302,-108.59754,0.0,0,0
-56.890907,-108.90333,0.0,0,0
-57.38784,-109.21934,0.0,0,0
-57.885014,-109.54529,0.0,0,0
-58.38237,-109.8824,0.0,0,0
-58.87983,-110.23053,0.0,0,0
-59.37732,-110.5908,0.40710217,1,0
-59.874756,-110.96331,0.9981688,3,13
-60.372055,-111.34909,0.2969669,1,0
-60.869125,-111.74851,0.0,0,0
-61.365864,-112.162445,0.0,0,0
-61.862175,-112.59163,0.0,0,0
-62.357956,-113.03673,0.0,0,0
-62.853073,-113.49892,0.0,0,0
-63.34744,-113.97858,0.0,0,0
-63.840874,-114.477455,0.0,0,0
-64.3333,-114.995575,0.0,0,0
-64.8245,-115.53535,0.0,0,0
-65.31439,-116.096436,0.0,0,0
-65.80272,-116.68182,0.0,0,0
-66.28939,-117.291176,0.0,0,0
-66.77413,-117.92749,0.0,0,0
-67.25681,-118.59095,0.0,0,0
-67.73714,-119.28442,0.0,0,0
-68.21492,-120.008705,0.0,0,0
-68.689865,-120.76645,0.0,0,0
-69.16171,-121.559296,0.0,0,0
-69.63015,-122.389465,0.0,0,0
-70.09483,-123.259674,0.0,0,0
-70.55548,-124.17155,0.0,0,0
-71.011566,-125.129135,0.0,0,0
-71.46289,-126.133316,0.014295193,0,0
-71.90872,-127.189606,0.37525684,1,0
-72.34892,-128.29796,0.91020083,3,3
-72.78252,-129.4657,0.7785848,3,1
-73.20944,-130.69196,0.7959181,3,3
-73.628555,-131.9847,0.9965256,3,23
-74.03966,-133.34363,0.7148504,2,107
-74.441605,-134.77618,0.80186075,3,5
-74.83397,-136.28333,0.37235922,1,0
-75.2156,-137.87134,0.17772812,0,0
-75.58581,-139.54245,0.0,0,0
-75.94348,-141.30124,0.0,0,0
-76.28757,-143.15121,0.0,0,0
-76.61711,-145.09445,0.0,0,0
-76.93063,-147.1355,0.0,0,0
-77.2274,-149.27307,0.0,0,0
-77.505424,-151.5122,0.0,0,0
-77.76438,-153.84756,0.020319689,0,0
-78.00168,-156.28362,0.0,0,0
-78.217514,-158.81061,0.0,0,0
-78.408905,-161.43057,0.0,0,0
-78.57634,-164.13063,0.0,0,0
-78.71715,-166.9071,0.0,0,0
-78.831665,-169.746,0.0,0,0
-78.91791,-172.63759,0.0,0,0
-78.97608,-175.56685,0.0,0,0
-79.00515,-178.51965,0.0,0,0
-79.00515,178.51965,0.0,0,0
-78.97608,175.56685,0.0,0,0
-78.91791,172.63759,0.0,0,0
-78.831665,169.746,0.0,0,0
-78.71715,166.9071,0.0,0,0
-78.57634,164.13063,0.0,0,0
-78.408905,161.43057,0.0,0,0
-78.217514,158.81061,0.0,0,0
-78.00168,156.28362,0.0,0,0
-77.76438,153.84756,0.0,0,0
-77.505424,151.5122,0.0,0,0
-77.2274,149.27307,0.0,0,0
-76.93063,147.1355,0.0,0,0
-76.61711,145.09445,0.0,0,0
-76.28757,143.15121,0.0,0,0
-75.94348,141.30124,0.0,0,0
-75.58581,139.54245,0.0,0,0
-75.2156,137.87134,0.0,0,0
-74.83397,136.28333,0.0,0,0
-74.441605,134.77618,0.0,0,0
-74.03966,133.34363,0.0,0,0
-73.628555,131.9847,0.0,0,0
-73.20944,130.69196,0.0,0,0
-72.78252,129.4657,0.0,0,0
-72.34892,128.29796,0.0,0,0
-71.90872,127.189606,0.0,0,0
-71.46289,126.133316,0.0,0,0
-71.011566,125.129135,0.0,0,0
-70.55548,124.17155,0.0,0,0
-70.09483,123.259674,0.0,0,0
-69.63015,122.389465,0.0,0,0
-69.16171,121.559296,0.0,0,0
-68.689865,120.76645,0.0,0,0
-68.21492,120.008705,0.0,0,0
-67.73714,119.28442,0.0,0,0
-67.25681,118.59095,0.013073553,0,0
-66.77413,117.92749,0.47596198,1,0
-66.28939,117.291176,0.99989694,3,135
-65.80272,116.68182,0.9278374,3,52
-65.31439,116.096436,0.823506,3,5
-64.8245,115.53535,0.99101067,3,35
-64.3333,114.995575,0.68300796,2,5
-63.840874,114.477455,0.020868009,0,0
-63.34744,113.97858,0.0,0,0
-62.853073,113.49892,0.0,0,0
-62.357956,113.03673,0.0,0,0
-61.862175,112.59163,0.0,0,0
-61.365864,112.162445,0.0,0,0
-60.869125,111.74851,0.0,0,0
-60.372055,111.34909,0.0,0,0
-59.874756,110.96331,0.0,0,0
-59.37732,110.5908,0.0,0,0
-58.87983,110.23053,0.0,0,0
-58.38237,109.8824,0.0,0,0
-57.885014,109.54529,0.0,0,0
-57.38784,109.21934,0.0,0,0
-56.890907,108.90333,0.0,0,0
-56.394302,108.59754,0.0,0,0
-55.89806,108.30086,0.0,0,0
-55.402267,108.01343,0.0,0,0
-54.90696,107.734406,0.0,0,0
-54.412212,107.46376,0.0,0,0
-53.91806,107.20092,0.0,0,0
-53.424557,106.945694,0.0,0,0
-53.262897,-107.809135,0.0,0,0
-53.753597,-108.07566,0.0,0,0
-54.244877,-108.350075,0.0,0,0
-54.736675,-108.63252,0.0,0,0
-55.228947,-108.92363,0.0,0,0
-55.72163,-109.223434,0.0,0,0
-56.214672,-109.53278,0.0,0,0
-56.707985,-109.8515,0.0,0,0
-57.20153,-110.180756,0.0,0,0
-57.695225,-110.52023,0.0,0,0
-58.189003,-110.8712,0.0,0,0
-58.68277,-111.23348,0.02447312,0,0
-59.17646,-111.60824,0.44269705,1,0
-59.669983,-111.99555,0.905875,3,3
-60.163242,-112.396454,0.060830247,0,0
-60.65616,-112.811325,0.0,0,0
-61.148613,-113.24104,0.0,0,0
-61.640495,-113.68633,0.0,0,0
-62.13171,-114.147865,0.0,0,0
-62.622112,-114.62682,0.0,0,0
-63.111607,-115.12356,0.0,0,0
-63.60001,-115.63982,0.0,0,0
-64.087234,-116.17564,0.0,0,0
-64.57305,-116.73337,0.0,0,0
-65.057396,-117.31269,0.0,0,0
-65.53996,-117.91657,0.0,0,0
-66.0207,-118.5446,0.0,0,0
-66.49927,-119.19976,0.0,0,0
-66.97557,-119.8822,0.0,0,0
-67.449295,-120.59471,0.0,0,0
-67.92023,-121.33808,0.0,0,0
-68.38809,-122.114784,0.0,0,0
-68.85259,-122.92647,0.0,0,0
-69.313446,-123.77518,0.0,0,0
-69.77025,-124.66351,0.0,0,0
-70.22274,-125.59301,0.0,0,0
-70.670395,-126.567444,0.0,0,0
-71.11298,-127.58757,0.0,0,0
-71.54978,-128.65862,0.043124277,0,0
-71.98065,-129.78033,0.23770875,0,0
-72.4046,-130.95963,0.88245666,3,9
-72.82158,-132.19539,0.98916763,3,37
-73.230446,-133.49504,0.98607683,3,43
-73.63103,-134.858,0.9853581,3,78
-74.02217,-136.29105,0.9824982,3,19
-74.40348,-137.79463,0.9409236,3,54
-74.77383,-139.3744,0.5436027,2,0
-75.132545,-141.0319,0.06973621,0,0
-75.478584,-142.77098,0.0,0,0
-75.81097,-144.59433,0.044291835,0,0
-76.12876,-146.50333,0.0,0,0
-76.43058,-148.50153,0.0,0,0
-76.715805,-150.58722,0.0,0,0
-76.98254,-152.7643,0.1714591,0,0
-77.230545,-155.02734,0.83615065,3,221
-77.45743,-157.37973,0.1136621,0,0
-77.663475,-159.81236,0.0,0,0
-77.84589,-162.32642,0.0,0,0
-78.00525,-164.91022,0.0,0,0
-78.139084,-167.56023,0.0,0,0
-78.24782,-170.26404,0.0,0,0
-78.32964,-173.01312,0.075379,0,0
-78.3848,-175.79446,0.0,0,0
-78.41233,-178.5959,0.0,0,0
-78.41233,178.5959,0.0,0,0
-78.3848,175.79446,0.0,0,0
-78.32964,173.01312,0.0,0,0
-78.24782,170.26404,0.0,0,0
-78.139084,167.56023,0.0,0,0
-78.00525,164.91022,0.0,0,0
-77.84589,162.32642,0.0,0,0
-77.663475,159.81236,0.0,0,0
-77.45743,157.37973,0.0,0,0
-77.230545,155.02734,0.0,0,0
-76.98254,152.7643,0.0,0,0
-76.715805,150.58722,0.0,0,0
-76.43058,148.50153,0.0,0,0
-76.12876,146.50333,0.0,0,0
-75.81097,144.59433,0.0,0,0
-75.478584,142.77098,0.0,0,0
-75.132545,141.0319,0.0,0,0
-74.77383,139.3744,0.0,0,0
-74.40348,137.79463,0.0,0,0
-74.02217,136.29105,0.0,0,0
-73.63103,134.858,0.0,0,0
-73.230446,133.49504,0.0,0,0
-72.82158,132.19539,0.0,0,0
-72.4046,130.95963,0.0,0,0
-71.98065,129.78033,0.0,0,0
-71.54978,128.65862,0.0,0,0
-71.11298,127.58757,0.0,0,0
-70.670395,126.567444,0.0,0,0
-70.22274,125.59301,0.0,0,0
-69.77025,124.66351,0.0,0,0
-69.313446,123.77518,0.0,0,0
-68.85259,122.92647,0.0,0,0
-68.38809,122.114784,0.0,0,0
-67.92023,121.33808,0.0,0,0
-67.449295,120.59471,0.0,0,0
-66.97557,119.8822,0.25258574,1,0
-66.49927,119.19976,0.9723075,3,36
-66.0207,118.5446,0.5030234,2,0
-65.53996,117.91657,0.8725545,3,8
-65.057396,117.31269,0.99100226,3,45
-64.57305,116.73337,0.5921542,2,0
-64.087234,116.17564,0.16734917,0,0
-63.60001,115.63982,0.0,0,0
-63.111607,115.12356,0.0,0,0
-62.622112,114.62682,0.0,0,0
-62.13171,114.147865,0.0,0,0
-61.640495,113.68633,0.0,0,0
-61.148613,113.24104,0.0,0,0
-60.65616,112.811325,0.0,0,0
-60.163242,112.396454,0.0,0,0
-59.669983,111.99555,0.0,0,0
-59.17646,111.60824,0.0,0,0
-58.68277,111.23348,0.0,0,0
-58.189003,110.8712,0.0,0,0
-57.695225,110.52023,0.0,0,0
-57.20153,110.180756,0.0,0,0
-56.707985,109.8515,0.0,0,0
-56.214672,109.53278,0.0,0,0
-55.72163,109.223434,0.0,0,0
-55.228947,108.92363,0.0,0,0
-54.736675,108.63252,0.0,0,0
-54.244877,108.350075,0.0,0,0
-53.753597,108.07566,0.0,0,0
-53.262897,107.809135,0.0,0,0
-53.09355,-108.66417,0.0,0,0
-53.581345,-108.94164,0.0,0,0
-54.06964,-109.22723,0.0,0,0
-54.558376,-109.52111,0.0,0,0
-55.04751,-109.8239,0.0,0,0
-55.536957,-110.13562,0.0,0,0
-56.02668,-110.45715,0.0,0,0
-56.51659,-110.78831,0.0,0,0
-57.006634,-111.13028,0.0,0,0
-57.496727,-111.48274,0.0,0,0
-57.98679,-111.84697,0.06549964,0,0
-58.476753,-112.22278,0.6011774,2,0
-58.96652,-112.61134,0.94069666,3,4
-59.45601,-113.01275,0.65704244,2,1
-59.945114,-113.428024,0.015942236,0,0
-60.43374,-113.85757,0.0,0,0
-60.921776,-114.302216,0.0,0,0
-61.409107,-114.762726,0.0,0,0
-61.89563,-115.23972,0.0,0,0
-62.381195,-115.73442,0.0,0,0
-62.865692,-116.24716,0.0,0,0
-63.34894,-116.77966,0.0,0,0
-63.83085,-117.331924,0.0,0,0
-64.311165,-117.90633,0.0,0,0
-64.78983,-118.50248,0.0,0,0
-65.26653,-119.12333,0.0,0,0
-65.74121,-119.76844,0.0,0,0
-66.21351,-120.440765,0.0,0,0
-66.68335,-121.14038,0.0,0,0
-67.15037,-121.87001,0.0,0,0
-67.6144,-122.63037,0.0,0,0
-68.075096,-123.42389,0.0,0,0
-68.5322,-124.25205,0.0,0,0
-68.98541,-125.11684,0.0,0,0
-69.43431,-126.0207,0.0,0,0
-69.87865,-126.96501,0.0,0,0
-70.31786,-127.953384,0.0,0,0
-70.75176,-128.98636,0.0,0,0
-71.17958,-130.06891,0.0,0,0
-71.60121,-131.20062,0.0,0,0
-72.01565,-132.38794,0.30472153,1,0
-72.422844,-133.6296,0.9077869,3,25
-72.821655,-134.93243,0.9787835,3,23
-73.21196,-136.29564,0.29355222,1,0
-73.592575,-137.72539,0.2428707,0,0
-73.96316,-139.22174,0.65203255,2,2
-74.3226,-140.78963,0.9484041,3,30
-74.67029,-142.43018,0.72508246,2,26
-75.0052,-144.14648,0.6308067,2,1
-75.3264,-145.94064,0.95100963,3,17
-75.63306,-147.81345,0.57373166,2,0
-75.92386,-149.76764,0.047038056,0,0
-76.19823,-151.8012,0.0,0,0
-76.45441,-153.91708,0.10961281,0,0
-76.69226,-156.11,0.55358547,2,0
-76.909515,-158.38248,0.03929169,0,0
-77.10652,-160.72595,0.0,0,0
-77.28071,-163.14113,0.0,0,0
-77.43271,-165.6174,0.0,0,0
-77.56021,-168.15137,0.0,0,0
-77.663704,-170.73206,0.24343313,0,0
-77.741516,-173.3519,0.9946151,3,11
-77.793945,-175.9996,0.15057121,0,0
-77.820114,-178.6646,0.0,0,0
-77.820114,178.6646,0.0,0,0
-77.793945,175.9996,0.0,0,0
-77.741516,173.3519,0.0,0,0
-77.663704,170.73206,0.0,0,0
-77.56021,168.15137,0.0,0,0
-77.43271,165.6174,0.0,0,0
-77.28071,163.14113,0.0,0,0
-77.10652,160.72595,0.0,0,0
-76.909515,158.38248,0.0,0,0
-76.69226,156.11,0.0,0,0
-76.45441,153.91708,0.0,0,0
-76.19823,151.8012,0.0,0,0
-75.92386,149.76764,0.0,0,0
-75.63306,147.81345,0.0,0,0
-75.3264,145.94064,0.0,0,0
-75.0052,144.14648,0.0,0,0
-74.67029,142.43018,0.0,0,0
-74.3226,140.78963,0.0,0,0
-73.96316,139.22174,0.0,0,0
-73.592575,137.72539,0.0,0,0
-73.21196,136.29564,0.0,0,0
-72.821655,134.93243,0.0,0,0
-72.422844,133.6296,0.0,0,0
-72.01565,132.38794,0.0,0,0
-71.60121,131.20062,0.0,0,0
-71.17958,130.06891,0.0,0,0
-70.75176,128.98636,0.0,0,0
-70.31786,127.953384,0.0,0,0
-69.87865,126.96501,0.0,0,0
-69.43431,126.0207,0.0,0,0
-68.98541,125.11684,0.0,0,0
-68.5322,124.25205,0.0,0,0
-68.075096,123.42389,0.0,0,0
-67.6144,122.63037,0.0,0,0
-67.15037,121.87001,0.0,0,0
-66.68335,121.14038,0.34576502,1,0
-66.21351,120.440765,0.99810743,3,24
-65.74121,119.76844,0.9182644,3,25
-65.26653,119.12333,0.9090692,3,10
-64.78983,118.50248,0.40076873,1,0
-64.311165,117.90633,0.03830863,0,0
-63.83085,117.331924,0.0,0,0
-63.34894,116.77966,0.0,0,0
-62.865692,116.24716,0.0,0,0
-62.381195,115.73442,0.0,0,0
-61.89563,115.23972,0.0,0,0
-61.409107,114.762726,0.0,0,0
-60.921776,114.302216,0.0,0,0
-60.43374,113.85757,0.0,0,0
-59.945114,113.428024,0.0,0,0
-59.45601,113.01275,0.0,0,0
-58.96652,112.61134,0.0,0,0
-58.476753,112.22278,0.0,0,0
-57.98679,111.84697,0.0,0,0
-57.496727,111.48274,0.0,0,0
-57.006634,111.13028,0.0,0,0
-56.51659,110.78831,0.0,0,0
-56.02668,110.45715,0.0,0,0
-55.536957,110.13562,0.0,0,0
-55.04751,109.8239,0.0,0,0
-54.558376,109.52111,0.0,0,0
-54.06964,109.22723,0.0,0,0
-53.581345,108.94164,0.0,0,0
-53.09355,108.66417,0.0,0,0
-52.91695,-109.510895,0.0,0,0
-53.40173,-109.79896,0.0,0,0
-53.886944,-110.09536,0.0,0,0
-54.372524,-110.400276,0.0,0,0
-54.858402,-110.714325,0.0,0,0
-55.344524,-111.03753,0.0,0,0
-55.83082,-111.37079,0.0,0,0
-56.31722,-111.713905,0.0,0,0
-56.803646,-112.06809,0.0,0,0
-57.29004,-112.43299,0.0,0,0
-57.77629,-112.80991,0.16243602,0,0
-58.262333,-113.19865,0.8346701,3,2
-58.748066,-113.600395,0.19449188,0,0
-59.233402,-114.01521,0.11204026,0,0
-59.718235,-114.44415,0.028030884,0,0
-60.202465,-114.88758,0.025372582,0,0
-60.68598,-115.34635,0.028977187,0,0
-61.16865,-115.82121,0.0,0,0
-61.650375,-116.31279,0.0,0,0
-62.13099,-116.82226,0.0,0,0
-62.610386,-117.34997,0.0,0,0
-63.088375,-117.897606,0.0,0,0
-63.56486,-118.465164,0.0,0,0
-64.03959,-119.05499,0.0,0,0
-64.51249,-119.66665,0.0,0,0
-64.98323,-120.30311,0.0,0,0
-65.45177,-120.96381,0.0,0,0
-65.917725,-121.65171,0.0,0,0
-66.38101,-122.36682,0.0,0,0
-66.84127,-123.11179,0.0,0,0
-67.29833,-123.88727,0.0,0,0
-67.75183,-124.69559,0.0,0,0
-68.201515,-125.538124,0.0,0,0
-68.64706,-126.41675,0.0,0,0
-69.08806,-127.33377,0.0,0,0
-69.52425,-128.29042,0.0,0,0
-69.95507,-129.29012,0.0,0,0
-70.380325,-130.33324,0.0,0,0
-70.79925,-131.42448,0.0,0,0
-71.211754,-132.56322,0.0,0,0
-71.6168,-133.75555,0.020020673,0,0
-72.0144,-135.0,0.056156892,0,0
-72.40338,-136.30292,0.2132797,0,0
-72.78364,-137.66327,0.0278764,0,0
-73.154015,-139.0866,0.0,0,0
-73.51421,-140.57274,0.179891,0,0
-73.86314,-142.12593,0.6242659,2,2
-74.2002,-143.74695,0.8973487,3,9
-74.52447,-145.43828,0.8608959,3,6
-74.83502,-147.20145,0.588687,2,0
-75.131096,-149.03685,0.8993306,3,8
-75.41146,-150.94653,0.2550732,1,0
-75.67564,-152.92824,0.035206217,0,0
-75.921906,-154.98428,0.48735657,1,0
-76.150276,-157.10944,0.08895109,0,0
-76.35858,-159.30565,0.0,0,0
-76.54725,-161.5649,0.0,0,0
-76.713844,-163.88753,0.0,0,0
-76.859055,-166.26385,0.0,0,0
-76.98077,-168.69073,0.0,0,0
-77.07946,-171.15842,0.5047014,2,0
-77.153625,-173.66016,0.8801096,3,10
-77.203575,-176.18608,0.03965773,0,0
-77.22849,-178.72702,0.0,0,0
-77.22849,178.72702,0.0,0,0
-77.203575,176.18608,0.0,0,0
-77.153625,173.66016,0.0,0,0
-77.07946,171.15842,0.0,0,0
-76.98077,168.69073,0.028145522,0,0
-76.859055,166.26385,0.10011686,0,0
-76.713844,163.88753,0.0,0,0
-76.54725,161.5649,0.0,0,0
-76.35858,159.30565,0.0,0,0
-76.150276,157.10944,0.0,0,0
-75.921906,154.98428,0.0,0,0
-75.67564,152.92824,0.0,0,0
-75.41146,150.94653,0.0,0,0
-75.131096,149.03685,0.0,0,0
-74.83502,147.20145,0.0,0,0
-74.52447,145.43828,0.0,0,0
-74.2002,143.74695,0.0,0,0
-73.86314,142.12593,0.0,0,0
-73.51421,140.57274,0.0,0,0
-73.154015,139.0866,0.0,0,0
-72.78364,137.66327,0.0,0,0
-72.40338,136.30292,0.0,0,0
-72.0144,135.0,0.0,0,0
-71.6168,133.75555,0.0,0,0
-71.211754,132.56322,0.0,0,0
-70.79925,131.42448,0.0,0,0
-70.380325,130.33324,0.0,0,0
-69.95507,129.29012,0.0,0,0
-69.52425,128.29042,0.0,0,0
-69.08806,127.33377,0.0,0,0
-68.64706,126.41675,0.0,0,0
-68.201515,125.538124,0.0,0,0
-67.75183,124.69559,0.0,0,0
-67.29833,123.88727,0.0,0,0
-66.84127,123.11179,0.0,0,0
-66.38101,122.36682,0.026257103,0,0
-65.917725,121.65171,0.30306396,1,0
-65.45177,120.96381,0.9988912,3,14
-64.98323,120.30311,0.48230574,1,0
-64.51249,119.66665,0.043492105,0,0
-64.03959,119.05499,0.0,0,0
-63.56486,118.465164,0.0,0,0
-63.088375,117.897606,0.0,0,0
-62.610386,117.34997,0.0,0,0
-62.13099,116.82226,0.0,0,0
-61.650375,116.31279,0.0,0,0
-61.16865,115.82121,0.0,0,0
-60.68598,115.34635,0.0,0,0
-60.202465,114.88758,0.0,0,0
-59.718235,114.44415,0.0,0,0
-59.233402,114.01521,0.0,0,0
-58.748066,113.600395,0.0,0,0
-58.262333,113.19865,0.0,0,0
-57.77629,112.80991,0.0,0,0
-57.29004,112.43299,0.0,0,0
-56.803646,112.06809,0.0,0,0
-56.31722,111.713905,0.0,0,0
-55.83082,111.37079,0.0,0,0
-55.344524,111.03753,0.0,0,0
-54.858402,110.714325,0.0,0,0
-54.372524,110.400276,0.0,0,0
-53.886944,110.09536,0.0,0,0
-53.40173,109.79896,0.0,0,0
-52.91695,109.510895,0.0,0,0
-52.73284,-110.348595,0.0,0,0
-53.21452,-110.64687,0.0,0,0
-53.69655,-110.95369,0.0,0,0
-54.178856,-111.269226,0.0,0,0
-54.661392,-111.59411,0.0,0,0
-55.144073,-111.92835,0.0,0,0
-55.626846,-112.27285,0.0,0,0
-56.109627,-112.62742,0.0,0,0
-56.592346,-112.99327,0.0,0,0
-57.074917,-113.37004,0.0,0,0
-57.557247,-113.75905,0.12569655,0,0
-58.039265,-114.16008,0.691972,2,2
-58.52086,-114.574326,0.8605891,3,5
-59.001945,-115.001854,0.63093525,2,6
-59.482403,-115.443695,0.6163113,2,1
-59.962128,-115.900215,0.8122379,3,2
-60.441017,-116.37227,0.8247287,3,1
-60.918922,-116.860596,0.18632798,0,0
-61.39574,-117.36579,0.0,0,0
-61.871307,-117.88904,0.0,0,0
-62.345512,-118.43063,0.0,0,0
-62.818146,-118.99228,0.0,0,0
-63.28912,-119.57394,0.0,0,0
-63.75816,-120.17791,0.0,0,0
-64.22521,-120.80376,0.0,0,0
-64.68991,-121.45435,0.0,0,0
-65.15223,-122.129166,0.0,0,0
-65.611786,-122.83105,0.0,0,0
-66.06848,-123.55996,0.0,0,0
-66.521935,-124.31848,0.0,0,0
-66.971985,-125.107185,0.0,0,0
-67.41826,-125.9283,0.0,0,0
-67.860504,-126.78313,0.0,0,0
-68.29839,-127.673386,0.0,0,0
-68.731514,-128.60126,0.0,0,0
-69.1596,-129.56784,0.0,0,0
-69.58209,-130.57634,0.0,0,0
-69.998795,-131.62701,0.0,0,0
-70.40894,-132.72421,0.0,0,0
-70.812454,-133.86725,0.0,0,0
-71.20829,-135.06174,0.0,0,0
-71.59648,-136.30612,0.0,0,0
-71.97586,-137.60628,0.0,0,0
-72.34636,-138.96092,0.0,0,0
-72.70683,-140.37512,0.0,0,0
-73.05699,-141.84845,0.0,0,0
-73.3958,-143.38458,0.04729534,0,0
-73.722694,-144.98395,0.51529366,2,0
-74.03677,-146.64856,0.834449,3,2
-74.337204,-148.37949,0.9605222,3,7
-74.623276,-150.17676,0.9353514,3,26
-74.8938,-152.04192,0.70177275,2,1
-75.148384,-153.97256,0.042504836,0,0
-75.38544,-155.97046,0.72957826,2,1
-75.604965,-158.0306,0.3815423,1,0
-75.80496,-160.15434,0.0,0,0
-75.985916,-162.3343,0.0,0,0
-76.145515,-164.57051,0.0,0,0
-76.284515,-166.85422,0.0,0,0
-76.400894,-169.18246,0.0,0,0
-76.495224,-171.54654,0.10017992,0,0
-76.566055,-173.94046,0.11607826,0,0
-76.61374,-176.35553,0.0,0,0
-76.63753,-178.78372,0.0,0,0
-76.63753,178.78372,0.0,0,0
-76.61374,176.35553,0.0,0,0
-76.566055,173.94046,0.0,0,0
-76.495224,171.54654,0.0,0,0
-76.400894,169.18246,0.25531608,1,0
-76.284515,166.85422,0.9853045,3,42
-76.145515,164.57051,0.09742962,0,0
-75.985916,162.3343,0.0,0,0
-75.80496,160.15434,0.0,0,0
-75.604965,158.0306,0.0,0,0
-75.38544,155.97046,0.0,0,0
-75.148384,153.97256,0.0,0,0
-74.8938,152.04192,0.0,0,0
-74.623276,150.17676,0.0,0,0
-74.337204,148.37949,0.0,0,0
-74.03677,146.64856,0.0,0,0
-73.722694,144.98395,0.0,0,0
-73.3958,143.38458,0.0,0,0
-73.05699,141.84845,0.0,0,0
-72.70683,140.37512,0.0,0,0
-72.34636,138.96092,0.0,0,0
-71.97586,137.60628,0.0,0,0
-71.59648,136.30612,0.0,0,0
-71.20829,135.06174,0.0,0,0
-70.812454,133.86725,0.0,0,0
-70.40894,132.72421,0.0,0,0
-69.998795,131.62701,0.0,0,0
-69.58209,130.57634,0.0,0,0
-69.1596,129.56784,0.0,0,0
-68.731514,128.60126,0.0,0,0
-68.29839,127.673386,0.0,0,0
-67.860504,126.78313,0.0,0,0
-67.41826,125.9283,0.0,0,0
-66.971985,125.107185,0.0,0,0
-66.521935,124.31848,0.024538757,0,0
-66.06848,123.55996,0.5972555,2,0
-65.611786,122.83105,0.94595987,3,22
-65.15223,122.129166,0.87979466,3,5
-64.68991,121.45435,0.046035677,0,0
-64.22521,120.80376,0.0,0,0
-63.75816,120.17791,0.0,0,0
-63.28912,119.57394,0.0,0,0
-62.818146,118.99228,0.0,0,0
-62.345512,118.43063,0.0,0,0
-61.871307,117.88904,0.0,0,0
-61.39574,117.36579,0.0,0,0
-60.918922,116.860596,0.0,0,0
-60.441017,116.37227,0.0,0,0
-59.962128,115.900215,0.0,0,0
-59.482403,115.443695,0.0,0,0
-59.001945,115.001854,0.0,0,0
-58.52086,114.574326,0.0,0,0
-58.039265,114.16008,0.0,0,0
-57.557247,113.75905,0.0,0,0
-57.074917,113.37004,0.0,0,0
-56.592346,112.99327,0.0,0,0
-56.109627,112.62742,0.0,0,0
-55.626846,112.27285,0.0,0,0
-55.144073,111.92835,0.0,0,0
-54.661392,111.59411,0.0,0,0
-54.178856,111.269226,0.0,0,0
-53.69655,110.95369,0.0,0,0
-53.21452,110.64687,0.0,0,0
-52.73284,110.348595,0.0,0,0
-52.5417,-111.17745,0.0,0,0
-53.020184,-111.485596,0.0,0,0
-53.49894,-111.80246,0.0,0,0
-53.97789,-112.12822,0.0,0,0
-54.456985,-112.46352,0.0,0,0
-54.936142,-112.80835,0.0,0,0
-55.4153,-113.16363,0.0,0,0
-55.894375,-113.52916,0.0,0,0
-56.37328,-113.90616,0.0,0,0
-56.85194,-114.29425,0.0,0,0
-57.330257,-114.69478,0.0,0,0
-57.808163,-115.10749,0.15292546,0,0
-58.285522,-115.53361,0.4061511,1,0
-58.76226,-115.97316,0.99648565,3,7
-59.23825,-116.42719,0.9079139,3,12
-59.713394,-116.896065,0.498887,1,0
-60.187557,-117.3806,0.8690045,3,3
-60.660618,-117.88154,0.3443359,1,0
-61.132446,-118.39947,0.0,0,0
-61.60288,-118.93553,0.0,0,0
-62.071808,-119.490036,0.0,0,0
-62.539005,-120.06465,0.0,0,0
-63.004395,-120.659294,0.0,0,0
-63.467686,-121.276245,0.0,0,0
-63.928818,-121.915016,0.0,0,0
-64.38743,-122.578476,0.0,0,0
-64.84348,-123.266,0.0,0,0
-65.296585,-123.98039,0.0,0,0
-65.74664,-124.721565,0.0,0,0
-66.19327,-125.49202,0.0,0,0
-66.6363,-126.29225,0.0,0,0
-67.075356,-127.12439,0.0,0,0
-67.51017,-127.98962,0.0,0,0
-67.94042,-128.88956,0.0,0,0
-68.36571,-129.82626,0.0,0,0
-68.78575,-130.80064,0.0,0,0
-69.200005,-131.81573,0.0,0,0
-69.608246,-132.8717,0.0,0,0
-70.00974,-133.97258,0.0,0,0
-70.4044,-135.11752,0.0,0,0
-70.79122,-136.31183,0.0,0,0
-71.17021,-137.5538,0.0,0,0
-71.540245,-138.84882,0.0,0,0
-71.90125,-140.19553,0.0,0,0
-72.25212,-141.59842,0.0,0,0
-72.59259,-143.05688,0.0,0,0
-72.92165,-144.57416,0.0,0,0
-73.2388,-146.15036,0.019943668,0,0
-73.54315,-147.78706,0.7642756,3,5
-73.83394,-149.48502,0.8392033,3,5
-74.110504,-151.24393,0.5822344,2,0
-74.371735,-153.06496,0.6574457,2,2
-74.61729,-154.9456,0.57274544,2,0
-74.84565,-156.88718,0.4358058,1,0
-75.05691,-158.88489,0.5847916,2,0
-75.249176,-160.93973,0.0,0,0
-75.42294,-163.04486,0.2426054,0,0
-75.57607,-165.20012,0.25252852,1,0
-75.70931,-167.39752,0.098113164,0,0
-75.82079,-169.63434,0.01696534,0,0
-75.91109,-171.90282,0.0,0,0
-75.97887,-174.19754,0.0,0,0
-76.02447,-176.51083,0.0,0,0
-76.04721,-178.83566,0.0,0,0
-76.04721,178.83566,0.0,0,0
-76.02447,176.51083,0.0,0,0
-75.97887,174.19754,0.0,0,0
-75.91109,171.90282,0.01527778,0,0
-75.82079,169.63434,0.71760064,2,2
-75.70931,167.39752,0.87438285,3,48
-75.57607,165.20012,0.109076,0,0
-75.42294,163.04486,0.0,0,0
-75.249176,160.93973,0.0,0,0
-75.05691,158.88489,0.0,0,0
-74.84565,156.88718,0.0,0,0
-74.61729,154.9456,0.0,0,0
-74.371735,153.06496,0.0,0,0
-74.110504,151.24393,0.0,0,0
-73.83394,149.48502,0.0,0,0
-73.54315,147.78706,0.0,0,0
-73.2388,146.15036,0.0,0,0
-72.92165,144.57416,0.0,0,0
-72.59259,143.05688,0.0,0,0
-72.25212,141.59842,0.0,0,0
-71.90125,140.19553,0.0,0,0
-71.540245,138.84882,0.0,0,0
-71.17021,137.5538,0.0,0,0
-70.79122,136.31183,0.0,0,0
-70.4044,135.11752,0.0,0,0
-70.00974,133.97258,0.0,0,0
-69.608246,132.8717,0.0,0,0
-69.200005,131.81573,0.0,0,0
-68.78575,130.80064,0.0,0,0
-68.36571,129.82626,0.0,0,0
-67.94042,128.88956,0.0,0,0
-67.51017,127.98962,0.0,0,0
-67.075356,127.12439,0.0,0,0
-66.6363,126.29225,0.040978473,0,0
-66.19327,125.49202,0.37957048,1,0
-65.74664,124.721565,0.9023039,3,221
-65.296585,123.98039,0.9632514,3,6
-64.84348,123.266,0.30270088,1,0
-64.38743,122.578476,0.0,0,0
-63.928818,121.915016,0.0,0,0
-63.467686,121.276245,0.0,0,0
-63.004395,120.659294,0.0,0,0
-62.539005,120.06465,0.0,0,0
-62.071808,119.490036,0.0,0,0
-61.60288,118.93553,0.0,0,0
-61.132446,118.39947,0.0,0,0
-60.660618,117.88154,0.0,0,0
-60.187557,117.3806,0.0,0,0
-59.713394,116.896065,0.0,0,0
-59.23825,116.42719,0.0,0,0
-58.76226,115.97316,0.0,0,0
-58.285522,115.53361,0.0,0,0
-57.808163,115.10749,0.0,0,0
-57.330257,114.69478,0.0,0,0
-56.85194,114.29425,0.0,0,0
-56.37328,113.90616,0.0,0,0
-55.894375,113.52916,0.0,0,0
-55.4153,113.16363,0.0,0,0
-54.936142,112.80835,0.0,0,0
-54.456985,112.46352,0.0,0,0
-53.97789,112.12822,0.0,0,0
-53.49894,111.80246,0.0,0,0
-53.020184,111.485596,0.0,0,0
-52.5417,111.17745,0.0,0,0
-52.343536,-111.997116,0.0,0,0
-52.818737,-112.31475,0.0,0,0
-53.294136,-112.64128,0.0,0,0
-53.76965,-112.97685,0.0,0,0
-54.245216,-113.32213,0.0,0,0
-54.720764,-113.67711,0.0,0,0
-55.196213,-114.0427,0.0,0,0
-55.67149,-114.418686,0.0,0,0
-56.146496,-114.806305,0.0,0,0
-56.62117,-115.205185,0.0,0,0
-57.095383,-115.616646,0.0,0,0
-57.569077,-116.040436,0.0,0,0
-58.04212,-116.477776,0.024219748,0,0
-58.514435,-116.928665,0.35182267,1,0
-58.985874,-117.39419,0.28845483,1,0
-59.45634,-117.87463,0.14965771,0,0
-59.925705,-118.370865,0.98023814,3,3
-60.39383,-118.883575,0.3289174,1,0
-60.8606,-119.41335,0.0,0,0
-61.32583,-119.9613,0.0,0,0
-61.78941,-120.52773,0.0,0,0
-62.251114,-121.11426,0.0,0,0
-62.71086,-121.72079,0.0,0,0
-63.16834,-122.34956,0.0,0,0
-63.62351,-123.00006,0.0,0,0
-64.07599,-123.675064,0.0,0,0
-64.525734,-124.373955,0.0,0,0
-64.97236,-125.09944,0.0,0,0
-65.41576,-125.851395,0.0,0,0
-65.85555,-126.632225,0.0,0,0
-66.29156,-127.44235,0.0,0,0
-66.723404,-128.28378,0.0,0,0
-67.15082,-129.15764,0.0,0,0
-67.57349,-130.06543,0.0,0,0
-67.991,-131.00902,0.0,0,0
-68.40309,-131.98926,0.0,0,0
-68.80917,-133.00893,0.0,0,0
-69.20911,-134.0681,0.0,0,0
-69.60208,-135.17052,0.0,0,0
-69.988075,-136.31528,0.0,0,0
-70.36605,-137.50726,0.0,0,0
-70.73608,-138.74469,0.0,0,0
-71.097,-140.03256,0.0,0,0
-71.44881,-141.36931,0.0,0,0
-71.79038,-142.7591,0.0,0,0
-72.12152,-144.20108,0.0,0,0
-72.44121,-145.69807,0.0,0,0
-72.74901,-147.24994,0.021599177,0,0
-73.04408,-148.85796,0.3940602,1,0
-73.3257,-150.52255,0.9993949,3,6
-73.593254,-152.2432,0.77909166,3,4
-73.845695,-154.02072,0.8901041,3,15
-74.082726,-155.85262,0.951013,3,10
-74.302956,-157.73987,0.53368044,2,0
-74.506485,-159.67784,0.19567116,0,0
-74.691505,-161.6673,0.0,0,0
-74.858604,-163.70189,0.39037862,1,0
-75.005714,-165.78128,0.96808225,3,5
-75.13363,-167.8983,0.9899013,3,10
-75.24059,-170.05032,0.6434041,2,1
-75.32717,-172.2304,0.23555213,0,0
-75.39213,-174.43372,0.024605809,0,0
-75.43583,-176.65344,0.0,0,0
-75.45761,-178.88335,0.0,0,0
-75.45761,178.88335,0.0,0,0
-75.43583,176.65344,0.0,0,0
-75.39213,174.43372,0.0,0,0
-75.32717,172.2304,0.0,0,0
-75.24059,170.05032,0.4526934,1,0
-75.13363,167.8983,0.8278057,3,23
-75.005714,165.78128,0.16050458,0,0
-74.858604,163.70189,0.0,0,0
-74.691505,161.6673,0.0,0,0
-74.506485,159.67784,0.0,0,0
-74.302956,157.73987,0.0,0,0
-74.082726,155.85262,0.0,0,0
-73.845695,154.02072,0.0,0,0
-73.593254,152.2432,0.0,0,0
-73.3257,150.52255,0.0,0,0
-73.04408,148.85796,0.0,0,0
-72.74901,147.24994,0.0,0,0
-72.44121,145.69807,0.0,0,0
-72.12152,144.20108,0.0,0,0
-71.79038,142.7591,0.0,0,0
-71.44881,141.36931,0.0,0,0
-71.097,140.03256,0.0,0,0
-70.73608,138.74469,0.0,0,0
-70.36605,137.50726,0.0,0,0
-69.988075,136.31528,0.0,0,0
-69.60208,135.17052,0.0,0,0
-69.20911,134.0681,0.0,0,0
-68.80917,133.00893,0.0,0,0
-68.40309,131.98926,0.0,0,0
-67.991,131.00902,0.0,0,0
-67.57349,130.06543,0.0,0,0
-67.15082,129.15764,0.0,0,0
-66.723404,128.28378,0.03427932,0,0
-66.29156,127.44235,0.32119063,1,0
-65.85555,126.632225,0.99569446,3,24
-65.41576,125.851395,0.93879265,3,201
-64.97236,125.09944,0.78621686,3,9
-64.525734,124.373955,0.02712482,0,0
-64.07599,123.675064,0.0,0,0
-63.62351,123.00006,0.0,0,0
-63.16834,122.34956,0.0,0,0
-62.71086,121.72079,0.0,0,0
-62.251114,121.11426,0.0,0,0
-61.78941,120.52773,0.0,0,0
-61.32583,119.9613,0.0,0,0
-60.8606,119.41335,0.0,0,0
-60.39383,118.883575,0.0,0,0
-59.925705,118.370865,0.0,0,0
-59.45634,117.87463,0.0,0,0
-58.985874,117.39419,0.0,0,0
-58.514435,116.928665,0.0,0,0
-58.04212,116.477776,0.0,0,0
-57.569077,116.040436,0.0,0,0
-57.095383,115.616646,0.0,0,0
-56.62117,115.205185,0.0,0,0
-56.146496,114.806305,0.0,0,0
-55.67149,114.418686,0.0,0,0
-55.196213,114.0427,0.0,0,0
-54.720764,113.67711,0.0,0,0
-54.245216,113.32213,0.0,0,0
-53.76965,112.97685,0.0,0,0
-53.294136,112.64128,0.0,0,0
-52.818737,112.31475,0.0,0,0
-52.343536,111.997116,0.0,0,0
-52.13844,-112.80731,0.0,0,0
-52.610283,-113.13408,0.0,0,0
-53.082237,-113.469864,0.0,0,0
-53.55423,-113.81485,0.0,0,0
-54.026188,-114.16968,0.0,0,0
-54.49804,-114.53435,0.0,0,0
-54.9697,-114.90977,0.0,0,0
-55.441097,-115.29573,0.0,0,0
-55.91213,-115.69345,0.0,0,0
-56.382725,-116.10256,0.0,0,0
-56.852768,-116.52437,0.0,0,0
-57.322178,-116.95863,0.0,0,0
-57.790825,-117.40653,0.0,0,0
-58.25862,-117.8681,0.02612106,0,0
-58.72544,-118.344376,0.20066594,0,0
-59.191162,-118.83568,0.7831014,3,1
-59.655663,-119.342804,0.91963845,3,1
-60.11879,-119.866455,0.0867904,0,0
-60.58043,-120.407196,0.0,0,0
-61.04039,-120.96613,0.0,0,0
-61.498566,-121.543495,0.0,0,0
-61.95472,-122.14093,0.0,0,0
-62.408768,-122.75827,0.0,0,0
-62.860397,-123.39774,0.0,0,0
-63.309566,-124.05879,0.0,0,0
-63.75588,-124.74411,0.0,0,0
-64.19931,-125.45307,0.0,0,0
-64.639435,-126.1883,0.0,0,0
-65.07619,-126.949615,0.0,0,0
-65.50914,-127.739334,0.0,0,0
-65.93814,-128.55782,0.0,0,0
-66.362816,-129.40697,0.0,0,0
-66.78289,-130.2878,0.0,0,0
-67.19802,-131.20168,0.0,0,0
-67.60784,-132.15039,0.0,0,0
-68.012054,-133.13466,0.0,0,0
-68.41011,-134.15706,0.0,0,0
-68.80184,-135.21756,0.0,0,0
-69.18646,-136.31964,0.0,0,0
-69.56398,-137.46231,0.0,0,0
-69.93333,-138.65012,0.0,0,0
-70.29461,-139.8812,0.0,0,0
-70.6467,-141.16013,0.0,0,0
-70.98958,-142.48534,0.0,0,0
-71.32219,-143.86049,0.0,0,0
-71.644325,-145.28467,0.024604298,0,0
-71.95503,-146.76028,0.18859063,0,0
-72.25389,-148.28702,0.34334552,1,0
-72.54009,-149.86588,0.98459935,3,7
-72.81299,-151.49701,0.5498422,2,0
-73.07199,-153.17978,0.10704467,0,0
-73.316124,-154.91469,0.20382564,0,0
-73.54514,-156.69928,0.34046707,1,0
-73.757706,-158.5342,0.7560485,3,4
-73.95399,-160.41515,0.9982023,3,3
-74.13226,-162.34262,0.54158026,2,0
-74.29314,-164.3107,0.031842403,0,0
-74.43466,-166.319,0.0674086,0,0
-74.55764,-168.36096,0.1520787,0,0
-74.66041,-170.43419,0.5794397,2,0
-74.74355,-172.53241,0.9881745,3,9
-74.805916,-174.65129,0.19215643,0,0
-74.84784,-176.78476,0.0,0,0
-74.868744,-178.92726,0.0,0,0
-74.868744,178.92726,0.0,0,0
-74.84784,176.78476,0.0,0,0
-74.805916,174.65129,0.0,0,0
-74.74355,172.53241,0.0,0,0
-74.66041,170.43419,0.030774051,0,0
-74.55764,168.36096,0.04788997,0,0
-74.43466,166.319,0.0,0,0
-74.29314,164.3107,0.0,0,0
-74.13226,162.34262,0.0,0,0
-73.95399,160.41515,0.0,0,0
-73.757706,158.5342,0.0,0,0
-73.54514,156.69928,0.0,0,0
-73.316124,154.91469,0.0,0,0
-73.07199,153.17978,0.0,0,0
-72.81299,151.49701,0.0,0,0
-72.54009,149.86588,0.0,0,0
-72.25389,148.28702,0.0,0,0
-71.95503,146.76028,0.0,0,0
-71.644325,145.28467,0.0,0,0
-71.32219,143.86049,0.0,0,0
-70.98958,142.48534,0.0,0,0
-70.6467,141.16013,0.0,0,0
-70.29461,139.8812,0.0,0,0
-69.93333,138.65012,0.0,0,0
-69.56398,137.46231,0.0,0,0
-69.18646,136.31964,0.0,0,0
-68.80184,135.21756,0.0,0,0
-68.41011,134.15706,0.0,0,0
-68.012054,133.13466,0.0,0,0
-67.60784,132.15039,0.0,0,0
-67.19802,131.20168,0.0,0,0
-66.78289,130.2878,0.0,0,0
-66.362816,129.40697,0.37167272,1,0
-65.93814,128.55782,0.9914702,3,41
-65.50914,127.739334,0.747526,2,10
-65.07619,126.949615,0.94441825,3,14
-64.639435,126.1883,0.29797938,1,0
-64.19931,125.45307,0.0,0,0
-63.75588,124.74411,0.0,0,0
-63.309566,124.05879,0.0,0,0
-62.860397,123.39774,0.0,0,0
-62.408768,122.75827,0.0,0,0
-61.95472,122.14093,0.0,0,0
-61.498566,121.543495,0.0,0,0
-61.04039,120.96613,0.0,0,0
-60.58043,120.407196,0.0,0,0
-60.11879,119.866455,0.0,0,0
-59.655663,119.342804,0.0,0,0
-59.191162,118.83568,0.0,0,0
-58.72544,118.344376,0.0,0,0
-58.25862,117.8681,0.0,0,0
-57.790825,117.40653,0.0,0,0
-57.322178,116.95863,0.0,0,0
-56.852768,116.52437,0.0,0,0
-56.382725,116.10256,0.0,0,0
-55.91213,115.69345,0.0,0,0
-55.441097,115.29573,0.0,0,0
-54.9697,114.90977,0.0,0,0
-54.49804,114.53435,0.0,0,0
-54.026188,114.16968,0.0,0,0
-53.55423,113.81485,0.0,0,0
-53.082237,113.469864,0.0,0,0
-52.610283,113.13408,0.0,0,0
-52.13844,112.80731,0.0,0,0
-51.926792,-113.60823,0.0,0,0
-52.3952,-113.943756,0.0,0,0
-52.863636,-114.28844,0.0,0,0
-53.332035,-114.642426,0.0,0,0
-53.800312,-115.00639,0.0,0,0
-54.268402,-115.380325,0.0,0,0
-54.736202,-115.76512,0.0,0,0
-55.203648,-116.16057,0.0,0,0
-55.67063,-116.5679,0.0,0,0
-56.137085,-116.986694,0.0,0,0
-56.60287,-117.418304,0.0,0,0
-57.067932,-117.86244,0.0,0,0
-57.532116,-118.32031,0.014293498,0,0
-57.995342,-118.791916,0.34467354,1,0
-58.45747,-119.27829,0.85275465,3,3
-58.91839,-119.77971,0.6704943,2,2
-59.377956,-120.29698,0.053971022,0,0
-59.83603,-120.83081,0.0,0,0
-60.292492,-121.38168,0.0,0,0
-60.747135,-121.950745,0.0,0,0
-61.199867,-122.53816,0.0,0,0
-61.650425,-123.145546,0.0,0,0
-62.098747,-123.77271,0.0,0,0
-62.544495,-124.42183,0.0,0,0
-62.98764,-125.09232,0.0,0,0
-63.42777,-125.786835,0.0,0,0
-63.86487,-126.50468,0.0,0,0
-64.29851,-127.248405,0.0,0,0
-64.72861,-128.01778,0.0,0,0
-65.154755,-128.81506,0.0,0,0
-65.576775,-129.64049,0.0,0,0
-65.99432,-130.49593,0.0,0,0
-66.4071,-131.38223,0.0,0,0
-66.8148,-132.30072,0.0,0,0
-67.21698,-133.253,0.0,0,0
-67.61344,-134.23969,0.0,0,0
-68.00358,-135.2632,0.0,0,0
-68.38727,-136.3234,0.0,0,0
-68.76371,-137.42352,0.0,0,0
-69.132904,-138.56252,0.0,0,0
-69.49384,-139.74455,0.0,0,0
-69.84661,-140.96779,0.0,0,0
-70.19011,-142.23639,0.0,0,0
-70.52435,-143.5487,0.0,0,0
-70.84829,-144.90808,0.0,0,0
-71.16175,-146.31343,0.195115,0,0
-71.46383,-147.76694,0.9912343,3,40
-71.754105,-149.26804,0.9861405,3,44
-72.031845,-150.8175,0.90724534,3,5
-72.29643,-152.41536,0.045036536,0,0
-72.5473,-154.06078,0.0,0,0
-72.78356,-155.75406,0.41110834,1,0
-73.005,-157.49278,0.9125261,3,8
-73.21034,-159.2774,0.07599758,0,0
-73.39981,-161.10385,0.33340034,1,0
-73.571754,-162.97241,0.7821301,3,2
-73.72681,-164.87762,0.075506166,0,0
-73.8631,-166.81908,0.0,0,0
-73.98148,-168.79074,0.0,0,0
-74.080345,-170.79044,0.12532595,0,0
-74.1603,-172.81245,0.97293997,3,7
-74.220245,-174.85294,0.21858013,0,0
-74.260544,-176.9064,0.0,0,0
-74.280624,-178.96791,0.0,0,0
-74.280624,178.96791,0.0,0,0
-74.260544,176.9064,0.0,0,0
-74.220245,174.85294,0.0,0,0
-74.1603,172.81245,0.14685139,0,0
-74.080345,170.79044,0.7765203,3,5
-73.98148,168.79074,0.17776875,0,0
-73.8631,166.81908,0.0,0,0
-73.72681,164.87762,0.0,0,0
-73.571754,162.97241,0.0,0,0
-73.39981,161.10385,0.0,0,0
-73.21034,159.2774,0.0,0,0
-73.005,157.49278,0.0,0,0
-72.78356,155.75406,0.0,0,0
-72.5473,154.06078,0.0,0,0
-72.29643,152.41536,0.0,0,0
-72.031845,150.8175,0.0,0,0
-71.754105,149.26804,0.0,0,0
-71.46383,147.76694,0.0,0,0
-71.16175,146.31343,0.0,0,0
-70.84829,144.90808,0.0,0,0
-70.52435,143.5487,0.0,0,0
-70.19011,142.23639,0.0,0,0
-69.84661,140.96779,0.0,0,0
-69.49384,139.74455,0.0,0,0
-69.132904,138.56252,0.0,0,0
-68.76371,137.42352,0.0,0,0
-68.38727,136.3234,0.0,0,0
-68.00358,135.2632,0.0,0,0
-67.61344,134.23969,0.0,0,0
-67.21698,133.253,0.0,0,0
-66.8148,132.30072,0.019931039,0,0
-66.4071,131.38223,0.094218664,0,0
-65.99432,130.49593,0.22689681,0,0
-65.576775,129.64049,0.8713794,3,425
-65.154755,128.81506,0.99842894,3,24
-64.72861,128.01778,0.3715176,1,0
-64.29851,127.248405,0.0,0,0
-63.86487,126.50468,0.0,0,0
-63.42777,125.786835,0.0,0,0
-62.98764,125.09232,0.0,0,0
-62.544495,124.42183,0.0,0,0
-62.098747,123.77271,0.0,0,0
-61.650425,123.145546,0.0,0,0
-61.199867,122.53816,0.0,0,0
-60.747135,121.950745,0.0,0,0
-60.292492,121.38168,0.0,0,0
-59.83603,120.83081,0.0,0,0
-59.377956,120.29698,0.0,0,0
-58.91839,119.77971,0.0,0,0
-58.45747,119.27829,0.0,0,0
-57.995342,118.791916,0.0,0,0
-57.532116,118.32031,0.0,0,0
-57.067932,117.86244,0.0,0,0
-56.60287,117.418304,0.0,0,0
-56.137085,116.986694,0.0,0,0
-55.67063,116.5679,0.0,0,0
-55.203648,116.16057,0.0,0,0
-54.736202,115.76512,0.0,0,0
-54.268402,115.380325,0.0,0,0
-53.800312,115.00639,0.0,0,0
-53.332035,114.642426,0.0,0,0
-52.863636,114.28844,0.0,0,0
-52.3952,113.943756,0.0,0,0
-51.926792,113.60823,0.0,0,0
-51.708355,-114.399155,0.0,0,0
-52.173256,-114.74307,0.0,0,0
-52.638107,-115.09624,0.0,0,0
-53.102837,-115.45883,0.0,0,0
-53.567368,-115.831505,0.0,0,0
-54.031612,-116.214226,0.0,0,0
-54.495483,-116.607925,0.0,0,0
-54.958916,-117.012344,0.0,0,0
-55.42178,-117.42876,0.0,0,0
-55.884026,-117.856705,0.0,0,0
-56.345493,-118.29753,0.0,0,0
-56.80614,-118.750946,0.0,0,0
-57.265793,-119.218155,0.062228203,0,0
-57.72439,-119.69912,0.9209118,3,3
-58.18177,-120.19487,0.8276349,3,2
-58.63783,-120.70569,0.8849779,3,1
-59.092415,-121.23236,0.52840835,2,0
-59.545387,-121.77554,0.02920451,0,0
-59.99662,-122.33574,0.0,0,0
-60.445908,-122.914,0.0,0,0
-60.893154,-123.51056,0.0,0,0
-61.338093,-124.12694,0.0,0,0
-61.780663,-124.76292,0.0,0,0
-62.220505,-125.42064,0.0,0,0
-62.657616,-126.09949,0.0,0,0
-63.09156,-126.80203,0.0,0,0
-63.52233,-127.52757,0.0,0,0
-63.949486,-128.27856,0.0,0,0
-64.37297,-129.05473,0.0,0,0
-64.792336,-129.85822,0.0,0,0
-65.20744,-130.68925,0.0,0,0
-65.617905,-131.54953,0.0,0,0
-66.02347,-132.43988,0.0,0,0
-66.42379,-133.36148,0.0,0,0
-66.81848,-134.31581,0.0,0,0
-67.207306,-135.30342,0.0,0,0
-67.58967,-136.32654,0.0,0,0
-67.965454,-137.38489,0.0,0,0
-68.33389,-138.48157,0.0,0,0
-68.69499,-139.61539,0.0,0,0
-69.04772,-140.79025,0.0,0,0
-69.392235,-142.00427,0.0,0,0
-69.72742,-143.26129,0.0,0,0
-70.053314,-144.5596,0.0,0,0
-70.36889,-145.9022,0.0,0,0
-70.67403,-147.28796,0.10947774,0,0
-70.96781,-148.71875,0.9166188,3,9
-71.24989,-150.19392,0.3934293,1,0
-71.51957,-151.71405,0.11890775,0,0
-71.77623,-153.27893,0.07279335,0,0
-72.01941,-154.88773,0.013449569,0,0
-72.24822,-156.54056,0.24985217,0,0
-72.46252,-158.23502,0.64911896,2,2
-72.661064,-159.97144,0.043918226,0,0
-72.84413,-161.74594,0.0,0,0
-73.01015,-163.5587,0.017977372,0,0
-73.15976,-165.4047,0.0,0,0
-73.29119,-167.28339,0.0,0,0
-73.40528,-169.18933,0.0,0,0
-73.50052,-171.12048,0.27851772,1,0
-73.577515,-173.07172,0.9657859,3,6
-73.635216,-175.03946,0.15192963,0,0
-73.673996,-177.01889,0.19956256,0,0
-73.69332,-179.0055,0.16492538,0,0
-73.69332,179.0055,0.55499613,2,0
-73.673996,177.01889,0.25700608,1,0
-73.635216,175.03946,0.027158514,0,0
-73.577515,173.07172,0.65122294,2,2
-73.50052,171.12048,0.58734375,2,0
-73.40528,169.18933,0.06631512,0,0
-73.29119,167.28339,0.0,0,0
-73.15976,165.4047,0.0,0,0
-73.01015,163.5587,0.0,0,0
-72.84413,161.74594,0.0,0,0
-72.661064,159.97144,0.0,0,0
-72.46252,158.23502,0.0,0,0
-72.24822,156.54056,0.0,0,0
-72.01941,154.88773,0.0,0,0
-71.77623,153.27893,0.0,0,0
-71.51957,151.71405,0.0,0,0
-71.24989,150.19392,0.0,0,0
-70.96781,148.71875,0.0,0,0
-70.67403,147.28796,0.0,0,0
-70.36889,145.9022,0.0,0,0
-70.053314,144.5596,0.0,0,0
-69.72742,143.26129,0.0,0,0
-69.392235,142.00427,0.0,0,0
-69.04772,140.79025,0.0,0,0
-68.69499,139.61539,0.0,0,0
-68.33389,138.48157,0.0,0,0
-67.965454,137.38489,0.0,0,0
-67.58967,136.32654,0.0,0,0
-67.207306,135.30342,0.0,0,0
-66.81848,134.31581,0.0,0,0
-66.42379,133.36148,0.32335383,1,0
-66.02347,132.43988,0.9866513,3,218
-65.617905,131.54953,0.7319189,2,14
-65.20744,130.68925,0.9331882,3,218
-64.792336,129.85822,0.94305545,3,21
-64.37297,129.05473,0.095049985,0,0
-63.949486,128.27856,0.0,0,0
-63.52233,127.52757,0.0,0,0
-63.09156,126.80203,0.0,0,0
-62.657616,126.09949,0.0,0,0
-62.220505,125.42064,0.0,0,0
-61.780663,124.76292,0.0,0,0
-61.338093,124.12694,0.0,0,0
-60.893154,123.51056,0.0,0,0
-60.445908,122.914,0.0,0,0
-59.99662,122.33574,0.0,0,0
-59.545387,121.77554,0.0,0,0
-59.092415,121.23236,0.0,0,0
-58.63783,120.70569,0.0,0,0
-58.18177,120.19487,0.0,0,0
-57.72439,119.69912,0.0,0,0
-57.265793,119.218155,0.0,0,0
-56.80614,118.750946,0.0,0,0
-56.345493,118.29753,0.0,0,0
-55.884026,117.856705,0.0,0,0
-55.42178,117.42876,0.0,0,0
-54.958916,117.012344,0.0,0,0
-54.495483,116.607925,0.0,0,0
-54.031612,116.214226,0.0,0,0
-53.567368,115.831505,0.0,0,0
-53.102837,115.45883,0.0,0,0
-52.638107,115.09624,0.0,0,0
-52.173256,114.74307,0.0,0,0
-51.708355,114.399155,0.0,0,0
-51.483646,-115.18051,0.0,0,0
-51.944984,-115.532455,0.0,0,0
-52.40619,-115.89374,0.0,0,0
-52.867188,-116.26454,0.0,0,0
-53.3279,-116.64551,0.0,0,0
-53.788246,-117.036606,0.0,0,0
-54.24813,-117.43876,0.0,0,0
-54.707485,-117.8517,0.0,0,0
-55.166172,-118.27667,0.0,0,0
-55.624146,-118.71326,0.0,0,0
-56.08125,-119.16278,0.0,0,0
-56.537422,-119.62491,0.0,0,0
-56.992504,-120.100845,0.0,0,0
-57.446415,-120.590576,0.23813838,0,0
-57.899002,-121.095055,0.27007884,1,0
-58.35016,-121.61462,0.34462902,1,0
-58.79972,-122.14998,0.92778003,3,2
-59.247555,-122.70178,0.08337162,0,0
-59.693527,-123.27051,0.0,0,0
-60.137432,-123.85721,0.0,0,0
-60.579163,-124.46205,0.0,0,0
-61.018456,-125.08654,0.0,0,0
-61.455254,-125.73043,0.0,0,0
-61.889194,-126.395805,0.0,0,0
-62.320267,-127.08202,0.0,0,0
-62.748035,-127.79159,0.0,0,0
-63.172497,-128.52374,0.0,0,0
-63.593193,-129.2809,0.0,0,0
-64.010086,-130.06274,0.0,0,0
-64.42272,-130.87128,0.0,0,0
-64.83096,-131.7067,0.0,0,0
-65.23443,-132.57059,0.0,0,0
-65.63284,-133.46373,0.0,0,0
-66.0259,-134.38718,0.0,0,0
-66.4132,-135.3423,0.0,0,0
-66.794495,-136.32951,0.0,0,0
-67.169235,-137.35092,0.0,0,0
-67.537285,-138.40619,0.0,0,0
-67.89789,-139.49815,0.0,0,0
-68.251076,-140.62558,0.0,0,0
-68.595825,-141.79213,0.0,0,0
-68.932304,-142.99586,0.0,0,0
-69.259415,-144.24031,0.0,0,0
-69.57724,-145.52376,0.0,0,0
-69.88475,-146.84889,0.0,0,0
-70.181854,-148.21454,0.022646673,0,0
-70.46769,-149.62228,0.60315424,2,0
-70.74192,-151.07143,0.845653,3,3
-71.003876,-152.56236,0.9587809,3,13
-71.253,-154.09477,0.97972673,3,11
-71.488846,-155.66774,0.55945295,2,0
-71.71059,-157.28125,0.15313938,0,0
-71.9181,-158.933,0.034180317,0,0
-72.110245,-160.62314,0.0,0,0
-72.28727,-162.34805,0.0,0,0
-72.44771,-164.10779,0.0,0,0
-72.5922,-165.8977,0.0,0,0
-72.71908,-167.71725,0.0,0,0
-72.829155,-169.56145,0.0,0,0
-72.92099,-171.42836,0.56357,2,0
-72.995224,-173.31339,0.7127022,2,4
-73.050835,-175.21329,0.8057368,3,7
-73.0882,-177.12366,0.87461066,3,51
-73.10683,-179.0405,0.24410577,0,0
-73.10683,179.0405,0.613038,2,1
-73.0882,177.12366,0.9836243,3,9
-73.050835,175.21329,0.37132695,1,0
-72.995224,173.31339,0.2653998,1,0
-72.92099,171.42836,0.9462556,3,2
-72.829155,169.56145,0.104728274,0,0
-72.71908,167.71725,0.0,0,0
-72.5922,165.8977,0.0,0,0
-72.44771,164.10779,0.0,0,0
-72.28727,162.34805,0.0,0,0
-72.110245,160.62314,0.0,0,0
-71.9181,158.933,0.0,0,0
-71.71059,157.28125,0.0,0,0
-71.488846,155.66774,0.0,0,0
-71.253,154.09477,0.0,0,0
-71.003876,152.56236,0.0,0,0
-70.74192,151.07143,0.0,0,0
-70.46769,149.62228,0.0,0,0
-70.181854,148.21454,0.0,0,0
-69.88475,146.84889,0.0,0,0
-69.57724,145.52376,0.0,0,0
-69.259415,144.24031,0.0,0,0
-68.932304,142.99586,0.0,0,0
-68.595825,141.79213,0.0,0,0
-68.251076,140.62558,0.0,0,0
-67.89789,139.49815,0.0,0,0
-67.537285,138.40619,0.0,0,0
-67.169235,137.35092,0.0,0,0
-66.794495,136.32951,0.0,0,0
-66.4132,135.3423,0.0,0,0
-66.0259,134.38718,0.0648408,0,0
-65.63284,133.46373,0.6648272,2,3
-65.23443,132.57059,0.9950338,3,92
-64.83096,131.7067,0.99994123,3,62
-64.42272,130.87128,0.6745111,2,1
-64.010086,130.06274,0.14042649,0,0
-63.593193,129.2809,0.0,0,0
-63.172497,128.52374,0.0,0,0
-62.748035,127.79159,0.0,0,0
-62.320267,127.08202,0.0,0,0
-61.889194,126.395805,0.0,0,0
-61.455254,125.73043,0.0,0,0
-61.018456,125.08654,0.0,0,0
-60.579163,124.46205,0.0,0,0
-60.137432,123.85721,0.0,0,0
-59.693527,123.27051,0.0,0,0
-59.247555,122.70178,0.0,0,0
-58.79972,122.14998,0.0,0,0
-58.35016,121.61462,0.0,0,0
-57.899002,121.095055,0.0,0,0
-57.446415,120.590576,0.0,0,0
-56.992504,120.100845,0.0,0,0
-56.537422,119.62491,0.0,0,0
-56.08125,119.16278,0.0,0,0
-55.624146,118.71326,0.0,0,0
-55.166172,118.27667,0.0,0,0
-54.707485,117.8517,0.0,0,0
-54.24813,117.43876,0.0,0,0
-53.788246,117.036606,0.0,0,0
-53.3279,116.64551,0.0,0,0
-52.867188,116.26454,0.0,0,0
-52.40619,115.89374,0.0,0,0
-51.944984,115.532455,0.0,0,0
-51.483646,115.18051,0.0,0,0
-51.252644,-115.95193,0.0,0,0
-51.71035,-116.31152,0.0,0,0
-52.167847,-116.68056,0.0,0,0
-52.62506,-117.05916,0.0,0,0
-53.081894,-117.448006,0.0,0,0
-53.538296,-117.84704,0.0,0,0
-53.994133,-118.25719,0.0,0,0
-54.449352,-118.67818,0.0,0,0
-54.903812,-119.11125,0.0,0,0
-55.357464,-119.55595,0.0,0,0
-55.810146,-120.0136,0.0,0,0
-56.261803,-120.48388,0.0,0,0
-56.712257,-120.96797,0.0,0,0
-57.16145,-121.465836,0.0,0,0
-57.609203,-121.97845,0.0,0,0
-58.055412,-122.506035,0.18885183,0,0
-58.49992,-123.04938,0.9910519,3,1
-58.94258,-123.60907,0.11128578,0,0
-59.38327,-124.18559,0.0,0,0
-59.821762,-124.779915,0.0,0,0
-60.257973,-125.39221,0.0,0,0
-60.691616,-126.02395,0.0,0,0
-61.122646,-126.674866,0.0,0,0
-61.550674,-127.34697,0.0,0,0
-61.975727,-128.0396,0.0,0,0
-62.397327,-128.75517,0.0,0,0
-62.815506,-129.49295,0.0,0,0
-63.229786,-130.25522,0.0,0,0
-63.640125,-131.04161,0.0,0,0
-64.04608,-131.85408,0.0,0,0
-64.447525,-132.69275,0.0,0,0
-64.84406,-133.55913,0.0,0,0
-65.235435,-134.45387,0.0,0,0
-65.62132,-135.37794,0.0,0,0
-66.00134,-136.33266,0.0,0,0
-66.37526,-137.3183,0.0,0,0
-66.742516,-138.33682,0.0,0,0
-67.103004,-139.38783,0.0,0,0
-67.45596,-140.47395,0.0,0,0
-67.80144,-141.59393,0.0,0,0
-68.13843,-142.75116,0.0,0,0
-68.46711,-143.94368,0.0,0,0
-68.786415,-145.17473,0.0,0,0
-69.09642,-146.44261,0.0,0,0
-69.396164,-147.74976,0.0,0,0
-69.68556,-149.09488,0.0,0,0
-69.96375,-150.47943,0.41707733,1,0
-70.23046,-151.9026,0.887554,3,11
-70.48504,-153.36464,0.9999799,3,13
-70.726974,-154.86517,0.99756354,3,17
-70.95586,-156.4032,0.9979585,3,17
-71.17088,-157.9786,0.9637625,3,10
-71.371994,-159.58922,0.56138957,2,0
-71.558075,-161.23502,0.27027738,1,0
-71.729416,-162.91264,0.043501988,0,0
-71.88459,-164.62204,0.0,0,0
-72.024284,-166.35893,0.0,0,0
-72.14688,-168.12274,0.0,0,0
-72.2532,-169.9089,0.0,0,0
-72.341866,-171.71564,0.015132624,0,0
-72.413506,-173.53874,0.4953388,1,0
-72.46716,-175.3753,0.9102249,3,12
-72.50322,-177.22128,0.2698024,1,0
-72.52118,-179.07312,0.12734772,0,0
-72.52118,179.07312,0.07809982,0,0
-72.50322,177.22128,0.42702836,1,0
-72.46716,175.3753,0.9983157,3,9
-72.413506,173.53874,0.6579853,2,1
-72.341866,171.71564,0.75148165,3,6
-72.2532,169.9089,0.53294873,2,0
-72.14688,168.12274,0.0,0,0
-72.024284,166.35893,0.0,0,0
-71.88459,164.62204,0.0,0,0
-71.729416,162.91264,0.0,0,0
-71.558075,161.23502,0.0,0,0
-71.371994,159.58922,0.0,0,0
-71.17088,157.9786,0.0,0,0
-70.95586,156.4032,0.0,0,0
-70.726974,154.86517,0.0,0,0
-70.48504,153.36464,0.0,0,0
-70.23046,151.9026,0.0,0,0
-69.96375,150.47943,0.0,0,0
-69.68556,149.09488,0.0,0,0
-69.396164,147.74976,0.0,0,0
-69.09642,146.44261,0.0,0,0
-68.786415,145.17473,0.0,0,0
-68.46711,143.94368,0.0,0,0
-68.13843,142.75116,0.0,0,0
-67.80144,141.59393,0.0,0,0
-67.45596,140.47395,0.0,0,0
-67.103004,139.38783,0.0,0,0
-66.742516,138.33682,0.0,0,0
-66.37526,137.3183,0.0,0,0
-66.00134,136.33266,0.2502943,1,0
-65.62132,135.37794,0.7850468,3,3
-65.235435,134.45387,0.9171562,3,47
-64.84406,133.55913,0.89836305,3,15
-64.447525,132.69275,0.5586891,2,0
-64.04608,131.85408,0.03927546,0,0
-63.640125,131.04161,0.0,0,0
-63.229786,130.25522,0.0,0,0
-62.815506,129.49295,0.0,0,0
-62.397327,128.75517,0.0,0,0
-61.975727,128.0396,0.0,0,0
-61.550674,127.34697,0.0,0,0
-61.122646,126.674866,0.0,0,0
-60.691616,126.02395,0.0,0,0
-60.257973,125.39221,0.0,0,0
-59.821762,124.779915,0.0,0,0
-59.38327,124.18559,0.0,0,0
-58.94258,123.60907,0.0,0,0
-58.49992,123.04938,0.0,0,0
-58.055412,122.506035,0.0,0,0
-57.609203,121.97845,0.0,0,0
-57.16145,121.465836,0.0,0,0
-56.712257,120.96797,0.0,0,0
-56.261803,120.48388,0.0,0,0
-55.810146,120.0136,0.0,0,0
-55.357464,119.55595,0.0,0,0
-54.903812,119.11125,0.0,0,0
-54.449352,118.67818,0.0,0,0
-53.994133,118.25719,0.0,0,0
-53.538296,117.84704,0.0,0,0
-53.081894,117.448006,0.0,0,0
-52.62506,117.05916,0.0,0,0
-52.167847,116.68056,0.0,0,0
-51.71035,116.31152,0.0,0,0
-51.252644,115.95193,0.0,0,0
-51.015495,-116.7133,0.0,0,0
-51.46952,-117.0802,0.0,0,0
-51.92326,-117.45659,0.0,0,0
-52.376633,-117.84262,0.0,0,0
-52.829544,-118.23894,0.0,0,0
-53.281933,-118.645485,0.0,0,0
-53.733673,-119.06318,0.0,0,0
-54.184715,-119.491745,0.0,0,0
-54.634895,-119.93241,0.0,0,0
-55.08419,-120.384735,0.0,0,0
-55.532402,-120.84999,0.0,0,0
-55.9795,-121.32789,0.0,0,0
-56.4253,-121.81955,0.0,0,0
-56.869728,-122.32494,0.0,0,0
-57.312614,-122.84502,0.0,0,0
-57.75385,-123.380035,0.27572614,1,0
-58.19328,-123.93067,0.9262131,3,3
-58.63075,-124.49756,0.3094568,1,0
-59.06613,-125.081116,0.35619432,1,0
-59.499207,-125.68232,0.3731949,1,0
-59.929886,-126.3013,0.039430846,0,0
-60.35788,-126.93947,0.0,0,0
-60.78313,-127.59656,0.0,0,0
-61.205276,-128.2745,0.0,0,0
-61.624313,-128.97263,0.0,0,0
-62.039783,-129.69331,0.0,0,0
-62.451706,-130.43571,0.0,0,0
-62.859615,-131.2021,0.0,0,0
-63.263466,-131.99203,0.0,0,0
-63.66281,-132.80742,0.0,0,0
-64.05753,-133.6483,0.0,0,0
-64.44722,-134.51608,0.0,0,0
-64.83164,-135.41135,0.0,0,0
-65.21048,-136.33499,0.0,0,0
-65.58335,-137.28821,0.0,0,0
-65.95003,-138.27121,0.0,0,0
-66.30995,-139.28583,0.0,0,0
-66.66304,-140.33156,0.0,0,0
-67.008545,-141.41087,0.0,0,0
-67.34651,-142.52248,0.0,0,0
-67.67596,-143.66953,0.0,0,0
-67.99708,-144.85007,0.0,0,0
-68.30882,-146.0671,0.0,0,0
-68.6113,-147.31888,0.0,0,0
-68.90354,-148.6076,0.0,0,0
-69.18551,-149.93202,0.10978892,0,0
-69.456375,-151.29333,0.92149216,3,5
-69.71588,-152.69073,0.78662086,3,13
-69.963425,-154.12428,0.16914986,0,0
-70.198494,-155.5936,0.8937453,3,6
-70.420746,-157.09763,0.84904706,3,11
-70.62941,-158.6362,0.4266854,1,0
-70.82444,-160.20718,0.99866563,3,14
-71.00478,-161.81053,0.9464094,3,26
-71.17075,-163.44305,0.36226758,1,0
-71.320984,-165.10464,0.0,0,0
-71.45616,-166.79132,0.0,0,0
-71.574715,-168.50253,0.0,0,0
-71.677505,-170.23407,0.0,0,0
-71.76321,-171.98431,0.0,0,0
-71.83242,-173.74937,0.38915968,1,0
-71.88425,-175.52666,0.99956125,3,60
-71.91907,-177.31247,0.840194,3,9
-71.936424,-179.10358,0.99548155,3,21
-71.936424,179.10358,0.941924,3,4
-71.91907,177.31247,0.081932485,0,0
-71.88425,175.52666,0.17280833,0,0
-71.83242,173.74937,0.5964494,2,0
-71.76321,171.98431,0.9896363,3,4
-71.677505,170.23407,0.14469293,0,0
-71.574715,168.50253,0.0,0,0
-71.45616,166.79132,0.0,0,0
-71.320984,165.10464,0.0,0,0
-71.17075,163.44305,0.0,0,0
-71.00478,161.81053,0.03200607,0,0
-70.82444,160.20718,0.0,0,0
-70.62941,158.6362,0.0,0,0
-70.420746,157.09763,0.0,0,0
-70.198494,155.5936,0.0,0,0
-69.963425,154.12428,0.0,0,0
-69.71588,152.69073,0.0,0,0
-69.456375,151.29333,0.0,0,0
-69.18551,149.93202,0.0,0,0
-68.90354,148.6076,0.0,0,0
-68.6113,147.31888,0.18186097,0,0
-68.30882,146.0671,0.10012642,0,0
-67.99708,144.85007,0.02330839,0,0
-67.67596,143.66953,0.018907785,0,0
-67.34651,142.52248,0.12815404,0,0
-67.008545,141.41087,0.014835637,0,0
-66.66304,140.33156,0.04466498,0,0
-66.30995,139.28583,0.01162478,0,0
-65.95003,138.27121,0.18536672,0,0
-65.58335,137.28821,0.6529016,2,1
-65.21048,136.33499,0.85128915,3,26
-64.83164,135.41135,0.9578372,3,10
-64.44722,134.51608,0.8012632,3,3
-64.05753,133.6483,0.13634688,0,0
-63.66281,132.80742,0.0,0,0
-63.263466,131.99203,0.0,0,0
-62.859615,131.2021,0.0,0,0
-62.451706,130.43571,0.0,0,0
-62.039783,129.69331,0.0,0,0
-61.624313,128.97263,0.0,0,0
-61.205276,128.2745,0.0,0,0
-60.78313,127.59656,0.0,0,0
-60.35788,126.93947,0.0,0,0
-59.929886,126.3013,0.0,0,0
-59.499207,125.68232,0.0,0,0
-59.06613,125.081116,0.0,0,0
-58.63075,124.49756,0.0,0,0
-58.19328,123.93067,0.0,0,0
-57.75385,123.380035,0.0,0,0
-57.312614,122.84502,0.0,0,0
-56.869728,122.32494,0.0,0,0
-56.4253,121.81955,0.0,0,0
-55.9795,121.32789,0.0,0,0
-55.532402,120.84999,0.0,0,0
-55.08419,120.384735,0.0,0,0
-54.634895,119.93241,0.0,0,0
-54.184715,119.491745,0.0,0,0
-53.733673,119.06318,0.0,0,0
-53.281933,118.645485,0.0,0,0
-52.829544,118.23894,0.0,0,0
-52.376633,117.84262,0.0,0,0
-51.92326,117.45659,0.0,0,0
-51.46952,117.0802,0.0,0,0
-51.015495,116.7133,0.0,0,0
-50.77253,-117.46486,0.0,0,0
-51.222816,-117.83871,0.0,0,0
-51.67275,-118.2221,0.0,0,0
-52.122234,-118.615166,0.0,0,0
-52.57118,-119.01856,0.0,0,0
-53.019516,-119.432205,0.0,0,0
-53.467117,-119.857025,0.0,0,0
-53.913933,-120.29274,0.0,0,0
-54.359802,-120.74055,0.0,0,0
-54.804684,-121.19999,0.0,0,0
-55.248405,-121.67236,0.0,0,0
-55.690907,-122.15733,0.0,0,0
-56.132015,-122.65604,0.0,0,0
-56.57166,-123.168396,0.0,0,0
-57.00965,-123.69537,0.0,0,0
-57.445892,-124.237175,0.024257906,0,0
-57.880222,-124.794495,0.31638363,1,0
-58.312492,-125.36791,0.7934534,3,2
-58.74256,-125.95783,0.82975286,3,2
-59.170216,-126.56521,0.9788849,3,11
-59.595364,-127.190125,0.25062692,1,0
-60.017704,-127.83396,0.0,0,0
-60.437202,-128.49644,0.0,0,0
-60.853474,-129.17944,0.0,0,0
-61.266525,-129.88225,0.0,0,0
-61.6759,-130.60715,0.0,0,0
-62.08161,-131.35333,0.0,0,0
-62.4832,-132.12291,0.0,0,0
-62.88061,-132.91554,0.0,0,0
-63.273422,-133.73288,0.0,0,0
-63.661488,-134.57501,0.0,0,0
-64.04443,-135.44324,0.0,0,0
-64.42201,-136.33812,0.0,0,0
-64.793915,-137.26039,0.0,0,0
-65.15975,-138.21117,0.0,0,0
-65.51933,-139.1906,0.0,0,0
-65.87209,-140.2004,0.0,0,0
-66.21795,-141.23999,0.0,0,0
-66.556175,-142.31169,0.0,0,0
-66.886826,-143.41415,0.0,0,0
-67.20894,-144.55034,0.0,0,0
-67.52272,-145.7183,0.0,0,0
-67.82714,-146.9208,0.0,0,0
-68.12234,-148.15608,0.0,0,0
-68.40736,-149.42618,0.0,0,0
-68.68217,-150.72978,0.034299303,0,0
-68.94599,-152.06793,0.2702892,1,0
-69.1986,-153.4398,0.037437715,0,0
-69.4394,-154.84537,0.0,0,0
-69.66792,-156.28416,0.059991106,0,0
-69.88384,-157.75516,0.03394709,0,0
-70.08643,-159.2581,0.012424359,0,0
-70.27569,-160.79094,0.33805948,1,0
-70.4506,-162.35358,0.47647634,1,0
-70.61147,-163.943,0.05366418,0,0
-70.757034,-165.55907,0.0,0,0
-70.88793,-167.1981,0.0,0,0
-71.0027,-168.85956,0.0,0,0
-71.10216,-170.53955,0.0,0,0
-71.18506,-172.23654,0.01711042,0,0
-71.252,-173.94707,0.122849055,0,0
-71.30211,-175.66864,0.55520093,2,0
-71.33578,-177.398,0.70398575,2,6
-71.35255,-179.13214,0.30141643,1,0
-71.35255,179.13214,0.9894866,3,7
-71.33578,177.398,0.49255574,1,0
-71.30211,175.66864,0.25212538,1,0
-71.252,173.94707,0.062397107,0,0
-71.18506,172.23654,0.74326456,2,3
-71.10216,170.53955,0.9825209,3,7
-71.0027,168.85956,0.24647166,0,0
-70.88793,167.1981,0.052651238,0,0
-70.757034,165.55907,0.0,0,0
-70.61147,163.943,0.050216526,0,0
-70.4506,162.35358,0.8372791,3,12
-70.27569,160.79094,0.25194365,1,0
-70.08643,159.2581,0.027475668,0,0
-69.88384,157.75516,0.0,0,0
-69.66792,156.28416,0.0,0,0
-69.4394,154.84537,0.0,0,0
-69.1986,153.4398,0.0,0,0
-68.94599,152.06793,0.14725913,0,0
-68.68217,150.72978,0.12615503,0,0
-68.40736,149.42618,0.52602386,2,0
-68.12234,148.15608,0.90063965,3,69
-67.82714,146.9208,0.9267827,3,272
-67.52272,145.7183,0.4167543,1,0
-67.20894,144.55034,0.18729407,0,0
-66.886826,143.41415,0.99664575,3,40
-66.556175,142.31169,0.48089886,1,0
-66.21795,141.23999,0.933562,3,5
-65.87209,140.2004,0.5763921,2,0
-65.51933,139.1906,0.94488466,3,12
-65.15975,138.21117,0.92067647,3,12
-64.793915,137.26039,0.50688475,2,0
-64.42201,136.33812,0.37290865,1,0
-64.04443,135.44324,0.09219216,0,0
-63.661488,134.57501,0.0,0,0
-63.273422,133.73288,0.0,0,0
-62.88061,132.91554,0.0,0,0
-62.4832,132.12291,0.0,0,0
-62.08161,131.35333,0.0,0,0
-61.6759,130.60715,0.0,0,0
-61.266525,129.88225,0.0,0,0
-60.853474,129.17944,0.0,0,0
-60.437202,128.49644,0.0,0,0
-60.017704,127.83396,0.0,0,0
-59.595364,127.190125,0.0,0,0
-59.170216,126.56521,0.0,0,0
-58.74256,125.95783,0.0,0,0
-58.312492,125.36791,0.0,0,0
-57.880222,124.794495,0.0,0,0
-57.445892,124.237175,0.0,0,0
-57.00965,123.69537,0.0,0,0
-56.57166,123.168396,0.0,0,0
-56.132015,122.65604,0.0,0,0
-55.690907,122.15733,0.0,0,0
-55.248405,121.67236,0.0,0,0
-54.804684,121.19999,0.0,0,0
-54.359802,120.74055,0.0,0,0
-53.913933,120.29274,0.0,0,0
-53.467117,119.857025,0.0,0,0
-53.019516,119.432205,0.0,0,0
-52.57118,119.01856,0.0,0,0
-52.122234,118.615166,0.0,0,0
-51.67275,118.2221,0.0,0,0
-51.222816,117.83871,0.0,0,0
-50.77253,117.46486,0.0,0,0
-50.523563,-118.20596,0.0,0,0
-50.970078,-118.58641,0.0,0,0
-51.416153,-118.976425,0.0,0,0
-51.861702,-119.376144,0.0,0,0
-52.306633,-119.78622,0.0,0,0
-52.75088,-120.206535,0.0,0,0
-53.194305,-120.638054,0.0,0,0
-53.636856,-121.080444,0.0,0,0
-54.078377,-121.534904,0.0,0,0
-54.51882,-122.001,0.0,0,0
-54.95801,-122.479965,0.0,0,0
-55.395897,-122.97148,0.0,0,0
-55.83229,-123.476654,0.0,0,0
-56.267113,-123.99542,0.0,0,0
-56.700195,-124.52868,0.0,0,0
-57.13143,-125.07666,0.0,0,0
-57.560654,-125.64001,0.0,0,0
-57.98771,-126.219284,0.03981924,0,0
-58.41246,-126.81489,0.08165475,0,0
-58.834698,-127.42772,0.96231514,3,3
-59.25432,-128.05783,0.24533674,0,0
-59.671032,-128.7066,0.0,0,0
-60.0848,-129.37369,0.0,0,0
-60.495224,-130.06091,0.0,0,0
-60.902336,-130.76758,0.0,0,0
-61.30565,-131.49588,0.0,0,0
-61.7052,-132.24496,0.0,0,0
-62.100525,-133.0169,0.0,0,0
-62.491577,-133.81126,0.0,0,0
-62.877922,-134.6297,0.0,0,0
-63.25943,-135.47218,0.0,0,0
-63.635735,-136.33997,0.0,0,0
-64.00658,-137.2335,0.0,0,0
-64.371666,-138.15352,0.0,0,0
-64.73062,-139.10097,0.0,0,0
-65.08325,-140.076,0.0,0,0
-65.429,-141.08012,0.0,0,0
-65.76781,-142.11281,0.0,0,0
-66.098946,-143.17615,0.0,0,0
-66.422485,-144.26881,0.0,0,0
-66.73749,-145.39355,0.0,0,0
-67.044174,-146.54843,0.0,0,0
-67.341515,-147.73598,0.0,0,0
-67.629684,-148.95451,0.0,0,0
-67.90774,-150.20581,0.0,0,0
-68.17569,-151.48859,0.0,0,0
-68.432755,-152.80377,0.0,0,0
-68.67875,-154.15047,0.0,0,0
-68.91309,-155.52861,0.0,0,0
-69.135376,-156.93768,0.0,0,0
-69.345276,-158.37665,0.0,0,0
-69.54213,-159.84521,0.0,0,0
-69.72591,-161.34143,0.0,0,0
-69.89565,-162.86511,0.0,0,0
-70.05172,-164.41347,0.0,0,0
-70.19285,-165.98633,0.0,0,0
-70.319725,-167.58023,0.0,0,0
-70.43092,-169.19467,0.0,0,0
-70.52726,-170.82607,0.20777623,0,0
-70.60753,-172.47302,0.738413,2,1
-70.67233,-174.13226,0.2350596,0,0
-70.72083,-175.80164,0.33379614,1,0
-70.7534,-177.47809,0.78429574,3,5
-70.76964,-179.15887,0.03504698,0,0
-70.76964,179.15887,0.23435251,0,0
-70.7534,177.47809,0.70732385,2,3
-70.72083,175.80164,0.9237012,3,6
-70.67233,174.13226,0.7685298,3,11
-70.60753,172.47302,0.22855645,0,0
-70.52726,170.82607,0.45140812,1,0
-70.43092,169.19467,0.98256963,3,12
-70.319725,167.58023,0.9362622,3,4
-70.19285,165.98633,0.5383221,2,0
-70.05172,164.41347,0.46267727,1,0
-69.89565,162.86511,0.8665278,3,262
-69.72591,161.34143,0.7628007,3,4
-69.54213,159.84521,0.7336298,2,1
-69.345276,158.37665,0.19036283,0,0
-69.135376,156.93768,0.044018064,0,0
-68.91309,155.52861,0.24542339,0,0
-68.67875,154.15047,0.13465275,0,0
-68.432755,152.80377,0.92740196,3,47
-68.17569,151.48859,0.98163533,3,1013
-67.90774,150.20581,0.86333495,3,342
-67.629684,148.95451,0.16211848,0,0
-67.341515,147.73598,0.69545484,2,3
-67.044174,146.54843,0.96784633,3,20
-66.73749,145.39355,0.9944235,3,33
-66.422485,144.26881,0.91071194,3,36
-66.098946,143.17615,0.96090484,3,952
-65.76781,142.11281,0.996784,3,18
-65.429,141.08012,0.97672135,3,26
-65.08325,140.076,0.6118507,2,1
-64.73062,139.10097,0.12228579,0,0
-64.371666,138.15352,0.0,0,0
-64.00658,137.2335,0.0,0,0
-63.635735,136.33997,0.0,0,0
-63.25943,135.47218,0.0,0,0
-62.877922,134.6297,0.0,0,0
-62.491577,133.81126,0.0,0,0
-62.100525,133.0169,0.0,0,0
-61.7052,132.24496,0.0,0,0
-61.30565,131.49588,0.0,0,0
-60.902336,130.76758,0.0,0,0
-60.495224,130.06091,0.0,0,0
-60.0848,129.37369,0.0,0,0
-59.671032,128.7066,0.0,0,0
-59.25432,128.05783,0.0,0,0
-58.834698,127.42772,0.0,0,0
-58.41246,126.81489,0.0,0,0
-57.98771,126.219284,0.0,0,0
-57.560654,125.64001,0.0,0,0
-57.13143,125.07666,0.0,0,0
-56.700195,124.52868,0.0,0,0
-56.267113,123.99542,0.0,0,0
-55.83229,123.476654,0.0,0,0
-55.395897,122.97148,0.0,0,0
-54.95801,122.479965,0.0,0,0
-54.51882,122.001,0.0,0,0
-54.078377,121.534904,0.0,0,0
-53.636856,121.080444,0.0,0,0
-53.194305,120.638054,0.0,0,0
-52.75088,120.206535,0.0,0,0
-52.306633,119.78622,0.0,0,0
-51.861702,119.376144,0.0,0,0
-51.416153,118.976425,0.0,0,0
-50.970078,118.58641,0.0,0,0
-50.523563,118.20596,0.0,0,0
-50.269096,-118.937164,0.0,0,0
-50.711792,-119.32388,0.0,0,0
-51.153973,-119.72017,0.0,0,0
-51.59556,-120.126175,0.0,0,0
-52.03644,-120.542534,0.0,0,0
-52.476555,-120.96917,0.0,0,0
-52.91577,-121.40695,0.0,0,0
-53.35403,-121.8556,0.0,0,0
-53.791172,-122.31629,0.0,0,0
-54.227154,-122.78857,0.0,0,0
-54.66179,-123.27366,0.0,0,0
-55.095028,-123.77124,0.0,0,0
-55.52668,-124.282394,0.0,0,0
-55.956688,-124.80703,0.0,0,0
-56.384853,-125.34604,0.0,0,0
-56.811066,-125.89962,0.0,0,0
-57.235172,-126.46843,0.0,0,0
-57.65702,-127.05296,0.0,0,0
-58.076466,-127.65361,0.0777498,0,0
-58.493286,-128.27126,0.8752199,3,2
-58.9074,-128.90593,0.2546212,1,0
-59.3185,-129.55894,0.17185536,0,0
-59.726555,-130.22993,0.125735,0,0
-60.131172,-130.92068,0.0,0,0
-60.53238,-131.63048,0.0,0,0
-60.92968,-132.36142,0.0,0,0
-61.323135,-133.11267,0.0,0,0
-61.712254,-133.88622,0.0,0,0
-62.09702,-134.68153,0.0,0,0
-62.476986,-135.50026,0.0,0,0
-62.852036,-136.34233,0.0,0,0
-63.221786,-137.2089,0.0,0,0
-63.58601,-138.10033,0.0,0,0
-63.94441,-139.0173,0.0,0,0
-64.296616,-139.96071,0.0,0,0
-64.64243,-140.9306,0.0,0,0
-64.98133,-141.9284,0.0,0,0
-65.31326,-142.95352,0.0,0,0
-65.637474,-144.00789,0.0,0,0
-65.95412,-145.09026,0.0,0,0
-66.26221,-146.20306,0.0,0,0
-66.562,-147.34448,0.0,0,0
-66.8525,-148.51683,0.0,0,0
-67.13386,-149.71841,0.0,0,0
-67.40521,-150.95088,0.0,0,0
-67.66654,-152.21295,0.0,0,0
-67.917114,-153.50539,0.0,0,0
-68.15675,-154.82733,0.0,0,0
-68.38493,-156.17863,0.0,0,0
-68.60124,-157.55875,0.0,0,0
-68.80539,-158.96664,0.0,0,0
-68.99674,-160.40201,0.0,0,0
-69.17529,-161.86296,0.0,0,0
-69.34016,-163.3493,0.0,0,0
-69.49165,-164.8584,0.0,0,0
-69.62859,-166.39005,0.0,0,0
-69.751656,-167.94104,0.0,0,0
-69.85947,-169.51088,0.021744704,0,0
-69.95285,-171.09625,0.7465564,2,1
-70.03063,-172.69589,0.97210354,3,11
-70.09341,-174.3068,0.83199847,3,3
-70.140396,-175.9269,0.93026835,3,3
-70.17194,-177.5535,0.9865203,3,6
-70.18765,-179.18405,0.65135473,2,1
-70.18765,179.18405,0.035779197,0,0
-70.17194,177.5535,0.014545324,0,0
-70.140396,175.9269,0.11301986,0,0
-70.09341,174.3068,0.5214741,2,0
-70.03063,172.69589,0.8454441,3,2
-69.95285,171.09625,0.98047554,3,5
-69.85947,169.51088,0.7797939,3,3
-69.751656,167.94104,0.4607341,1,0
-69.62859,166.39005,0.5755361,2,0
-69.49165,164.8584,0.7380892,2,2
-69.34016,163.3493,0.94886744,3,12
-69.17529,161.86296,0.9456802,3,10
-68.99674,160.40201,0.99650705,3,27
-68.80539,158.96664,0.9400413,3,17
-68.60124,157.55875,0.75290424,3,10
-68.38493,156.17863,0.9459828,3,42
-68.15675,154.82733,0.99519795,3,137
-67.917114,153.50539,0.9384934,3,90
-67.66654,152.21295,0.98942,3,559
-67.40521,150.95088,0.95724434,3,239
-67.13386,149.71841,0.77361226,3,5
-66.8525,148.51683,0.94662464,3,17
-66.562,147.34448,0.85776573,3,8
-66.26221,146.20306,0.41916844,1,0
-65.95412,145.09026,0.95208526,3,7
-65.637474,144.00789,0.98258096,3,22
-65.31326,142.95352,0.88427204,3,48
-64.98133,141.9284,0.5195196,2,0
-64.64243,140.9306,0.070484616,0,0
-64.296616,139.96071,0.0,0,0
-63.94441,139.0173,0.0,0,0
-63.58601,138.10033,0.0,0,0
-63.221786,137.2089,0.0,0,0
-62.852036,136.34233,0.0,0,0
-62.476986,135.50026,0.0,0,0
-62.09702,134.68153,0.0,0,0
-61.712254,133.88622,0.0,0,0
-61.323135,133.11267,0.0,0,0
-60.92968,132.36142,0.0,0,0
-60.53238,131.63048,0.0,0,0
-60.131172,130.92068,0.0,0,0
-59.726555,130.22993,0.0,0,0
-59.3185,129.55894,0.0,0,0
-58.9074,128.90593,0.0,0,0
-58.493286,128.27126,0.0,0,0
-58.076466,127.65361,0.0,0,0
-57.65702,127.05296,0.0,0,0
-57.235172,126.46843,0.0,0,0
-56.811066,125.89962,0.0,0,0
-56.384853,125.34604,0.0,0,0
-55.956688,124.80703,0.0,0,0
-55.52668,124.282394,0.0,0,0
-55.095028,123.77124,0.0,0,0
-54.66179,123.27366,0.0,0,0
-54.227154,122.78857,0.0,0,0
-53.791172,122.31629,0.0,0,0
-53.35403,121.8556,0.0,0,0
-52.91577,121.40695,0.0,0,0
-52.476555,120.96917,0.0,0,0
-52.03644,120.542534,0.0,0,0
-51.59556,120.126175,0.0,0,0
-51.153973,119.72017,0.0,0,0
-50.711792,119.32388,0.0,0,0
-50.269096,118.937164,0.0,0,0
-50.00908,-119.6581,0.0,0,0
-50.44792,-120.05073,0.0,0,0
-50.88617,-120.45295,0.0,0,0
-51.323753,-120.86488,0.0,0,0
-51.76055,-121.287155,0.0,0,0
-52.196518,-121.71967,0.0,0,0
-52.631485,-122.16334,0.0,0,0
-53.065437,-122.61781,0.0,0,0
-53.49817,-123.084305,0.0,0,0
-53.929672,-123.5623,0.0,0,0
-54.359726,-124.05305,0.0,0,0
-54.78831,-124.5562,0.0,0,0
-55.215218,-125.07281,0.0,0,0
-55.64038,-125.6028,0.0,0,0
-56.063614,-126.14702,0.0,0,0
-56.484818,-126.70565,0.0,0,0
-56.90381,-127.27932,0.0,0,0
-57.32045,-127.868546,0.0,0,0
-57.734592,-128.47363,0.024100712,0,0
-58.146027,-129.09546,0.52617794,2,0
-58.55465,-129.73404,0.8410837,3,4
-58.960167,-130.39062,0.90739805,3,2
-59.362556,-131.06487,0.9413452,3,7
-59.7614,-131.75845,0.18097357,0,0
-60.15674,-132.47066,0.0,0,0
-60.548088,-133.20352,0.0,0,0
-60.935505,-133.9562,0.0,0,0
-61.318497,-134.73059,0.0,0,0
-61.697052,-135.52618,0.0,0,0
-62.070724,-136.34447,0.0,0,0
-62.439407,-137.18536,0.0,0,0
-62.802723,-138.04996,0.0,0,0
-63.160442,-138.9386,0.0,0,0
-63.512283,-139.85184,0.0,0,0
-63.857876,-140.79051,0.0,0,0
-64.19704,-141.75461,0.0,0,0
-64.52925,-142.74545,0.0,0,0
-64.85448,-143.76245,0.0,0,0
-65.17197,-144.80737,0.0,0,0
-65.48188,-145.87894,0.0,0,0
-65.783264,-146.97946,0.0,0,0
-66.076385,-148.10712,0.0,0,0
-66.36026,-149.26405,0.0,0,0
-66.63507,-150.44862,0.0,0,0
-66.89994,-151.6623,0.0,0,0
-67.1549,-152.90381,0.0,0,0
-67.39925,-154.17381,0.0,0,0
-67.6328,-155.47147,0.0,0,0
-67.855064,-156.79657,0.0,0,0
-68.06565,-158.14853,0.0,0,0
-68.26431,-159.52634,0.0,0,0
-68.45043,-160.92969,0.0,0,0
-68.62402,-162.35677,0.0,0,0
-68.78423,-163.80733,0.0,0,0
-68.93139,-165.27892,0.0,0,0
-69.064354,-166.77133,0.0,0,0
-69.18381,-168.28156,0.0,0,0
-69.28843,-169.80913,0.0,0,0
-69.37901,-171.35097,0.113669895,0,0
-69.454445,-172.9059,0.13592075,0,0
-69.51531,-174.47113,0.15685697,0,0
-69.56087,-176.04486,0.20286861,0,0
-69.59145,-177.62448,0.50891227,2,0
-69.60669,-179.20776,0.6706421,2,1
-69.60669,179.20776,0.028433625,0,0
-69.59145,177.62448,0.0,0,0
-69.56087,176.04486,0.0,0,0
-69.51531,174.47113,0.0,0,0
-69.454445,172.9059,0.061113495,0,0
-69.37901,171.35097,0.13922665,0,0
-69.28843,169.80913,0.53666735,2,0
-69.18381,168.28156,0.9387628,3,3
-69.064354,166.77133,0.9671417,3,6
-68.93139,165.27892,0.99637604,3,7
-68.78423,163.80733,0.9244477,3,8
-68.62402,162.35677,0.8543569,3,2
-68.45043,160.92969,0.94171983,3,1
-68.26431,159.52634,0.9432987,3,1
-68.06565,158.14853,0.9970613,3,29
-67.855064,156.79657,0.92298645,3,15
-67.6328,155.47147,0.7090193,2,5
-67.39925,154.17381,0.78119713,3,7
-67.1549,152.90381,0.5590388,2,0
-66.89994,151.6623,0.7733647,3,54
-66.63507,150.44862,0.99957836,3,308
-66.36026,149.26405,0.943974,3,1184
-66.076385,148.10712,0.9542519,3,19
-65.783264,146.97946,0.9355717,3,8
-65.48188,145.87894,0.8041693,3,30
-65.17197,144.80737,0.090894714,0,0
-64.85448,143.76245,0.07314228,0,0
-64.52925,142.74545,0.017091565,0,0
-64.19704,141.75461,0.0,0,0
-63.857876,140.79051,0.0,0,0
-63.512283,139.85184,0.0,0,0
-63.160442,138.9386,0.0,0,0
-62.802723,138.04996,0.0,0,0
-62.439407,137.18536,0.0,0,0
-62.070724,136.34447,0.0,0,0
-61.697052,135.52618,0.0,0,0
-61.318497,134.73059,0.0,0,0
-60.935505,133.9562,0.0,0,0
-60.548088,133.20352,0.0,0,0
-60.15674,132.47066,0.0,0,0
-59.7614,131.75845,0.0,0,0
-59.362556,131.06487,0.0,0,0
-58.960167,130.39062,0.0,0,0
-58.55465,129.73404,0.0,0,0
-58.146027,129.09546,0.0,0,0
-57.734592,128.47363,0.0,0,0
-57.32045,127.868546,0.0,0,0
-56.90381,127.27932,0.0,0,0
-56.484818,126.70565,0.0,0,0
-56.063614,126.14702,0.0,0,0
-55.64038,125.6028,0.0,0,0
-55.215218,125.07281,0.0,0,0
-54.78831,124.5562,0.0,0,0
-54.359726,124.05305,0.0,0,0
-53.929672,123.5623,0.0,0,0
-53.49817,123.084305,0.0,0,0
-53.065437,122.61781,0.0,0,0
-52.631485,122.16334,0.0,0,0
-52.196518,121.71967,0.0,0,0
-51.76055,121.287155,0.0,0,0
-51.323753,120.86488,0.0,0,0
-50.88617,120.45295,0.0,0,0
-50.44792,120.05073,0.0,0,0
-50.00908,119.6581,0.0,0,0
-49.743717,-120.368835,0.0,0,0
-50.178673,-120.76705,0.0,0,0
-50.61297,-121.17486,0.0,0,0
-51.046516,-121.592354,0.0,0,0
-51.479214,-122.02018,0.0,0,0
-51.910988,-122.458206,0.0,0,0
-52.3417,-122.907364,0.0,0,0
-52.771305,-123.367256,0.0,0,0
-53.199615,-123.839096,0.0,0,0
-53.626614,-124.3224,0.0,0,0
-54.052086,-124.818344,0.0,0,0
-54.475998,-125.326584,0.0,0,0
-54.898148,-125.84819,0.0,0,0
-55.318478,-126.383026,0.0,0,0
-55.73678,-126.93194,0.0,0,0
-56.152966,-127.49511,0.0,0,0
-56.566853,-128.07312,0.0,0,0
-56.978302,-128.66644,0.0,0,0
-57.38716,-129.27539,0.0,0,0
-57.79322,-129.90083,0.15571074,0,0
-58.196392,-130.54271,0.6364926,2,1
-58.59636,-131.20226,0.22019164,0,0
-58.993103,-131.8791,0.85312337,3,9
-59.386223,-132.57487,0.44756338,1,0
-59.775764,-133.28886,0.0,0,0
-60.16122,-134.02301,0.0,0,0
-60.542664,-134.77646,0.0,0,0
-60.9196,-135.55101,0.0,0,0
-61.29203,-136.34616,0.0,0,0
-61.659504,-137.16335,0.0,0,0
-62.02192,-138.00244,0.0,0,0
-62.37891,-138.86443,0.0,0,0
-62.730247,-139.7496,0.0,0,0
-63.075657,-140.6585,0.0,0,0
-63.414776,-141.59183,0.0,0,0
-63.747437,-142.54959,0.0,0,0
-64.07312,-143.53299,0.0,0,0
-64.391785,-144.54135,0.0,0,0
-64.70275,-145.5764,0.0,0,0
-65.006134,-146.63681,0.0,0,0
-65.30101,-147.72476,0.0,0,0
-65.58767,-148.83847,0.0,0,0
-65.865135,-149.97987,0.0,0,0
-66.133606,-151.1474,0.0,0,0
-66.39224,-152.34236,0.0,0,0
-66.64107,-153.56354,0.0,0,0
-66.879425,-154.8115,0.0,0,0
-67.107124,-156.08536,0.0,0,0
-67.32372,-157.38487,0.0,0,0
-67.52885,-158.70949,0.0,0,0
-67.72227,-160.0582,0.0,0,0
-67.90338,-161.43066,0.0,0,0
-68.07225,-162.82516,0.0,0,0
-68.22802,-164.24142,0.0,0,0
-68.371056,-165.67719,0.0,0,0
-68.500244,-167.13217,0.0,0,0
-68.61627,-168.6036,0.0,0,0
-68.717865,-170.09103,0.0,0,0
-68.8058,-171.59161,0.0,0,0
-68.87901,-173.10422,0.0,0,0
-68.93808,-174.6263,0.0,0,0
-68.98228,-176.15617,0.2248835,0,0
-69.01195,-177.69148,0.8866315,3,3
-69.026726,-179.23012,0.6108431,2,1
-69.026726,179.23012,0.10320701,0,0
-69.01195,177.69148,0.01700258,0,0
-68.98228,176.15617,0.0,0,0
-68.93808,174.6263,0.0,0,0
-68.87901,173.10422,0.0,0,0
-68.8058,171.59161,0.0,0,0
-68.717865,170.09103,0.013104567,0,0
-68.61627,168.6036,0.04453226,0,0
-68.500244,167.13217,0.09554208,0,0
-68.371056,165.67719,0.10116645,0,0
-68.22802,164.24142,0.2284095,0,0
-68.07225,162.82516,0.22656484,0,0
-67.90338,161.43066,0.19885363,0,0
-67.72227,160.0582,0.11942161,0,0
-67.52885,158.70949,0.09234066,0,0
-67.32372,157.38487,0.44064933,1,0
-67.107124,156.08536,0.591809,2,0
-66.879425,154.8115,0.9029563,3,5
-66.64107,153.56354,0.94249606,3,4
-66.39224,152.34236,0.968944,3,15
-66.133606,151.1474,0.5279968,2,0
-65.865135,149.97987,0.92106336,3,14
-65.58767,148.83847,0.7745064,3,19
-65.30101,147.72476,0.29553354,1,0
-65.006134,146.63681,0.07202591,0,0
-64.70275,145.5764,0.0,0,0
-64.391785,144.54135,0.0,0,0
-64.07312,143.53299,0.0,0,0
-63.747437,142.54959,0.0,0,0
-63.414776,141.59183,0.0,0,0
-63.075657,140.6585,0.0,0,0
-62.730247,139.7496,0.0,0,0
-62.37891,138.86443,0.0,0,0
-62.02192,138.00244,0.0,0,0
-61.659504,137.16335,0.0,0,0
-61.29203,136.34616,0.0,0,0
-60.9196,135.55101,0.0,0,0
-60.542664,134.77646,0.0,0,0
-60.16122,134.02301,0.0,0,0
-59.775764,133.28886,0.0,0,0
-59.386223,132.57487,0.0,0,0
-58.993103,131.8791,0.0,0,0
-58.59636,131.20226,0.0,0,0
-58.196392,130.54271,0.0,0,0
-57.79322,129.90083,0.0,0,0
-57.38716,129.27539,0.0,0,0
-56.978302,128.66644,0.0,0,0
-56.566853,128.07312,0.0,0,0
-56.152966,127.49511,0.0,0,0
-55.73678,126.93194,0.0,0,0
-55.318478,126.383026,0.0,0,0
-54.898148,125.84819,0.0,0,0
-54.475998,125.326584,0.0,0,0
-54.052086,124.818344,0.0,0,0
-53.626614,124.3224,0.0,0,0
-53.199615,123.839096,0.0,0,0
-52.771305,123.367256,0.0,0,0
-52.3417,122.907364,0.0,0,0
-51.910988,122.458206,0.0,0,0
-51.479214,122.02018,0.0,0,0
-51.046516,121.592354,0.0,0,0
-50.61297,121.17486,0.0,0,0
-50.178673,120.76705,0.0,0,0
-49.743717,120.368835,0.0,0,0
-49.47326,-121.069565,0.0,0,0
-49.9043,-121.47305,0.0,0,0
-50.33461,-121.886116,0.0,0,0
-50.764107,-122.30885,0.0,0,0
-51.19267,-122.74187,0.0,0,0
-51.62024,-123.18504,0.0,0,0
-52.04667,-123.63928,0.0,0,0
-52.471924,-124.104225,0.0,0,0
-52.895798,-124.58103,0.0,0,0
-53.31828,-125.0692,0.0,0,0
-53.739155,-125.56992,0.0,0,0
-54.158398,-126.08284,0.0,0,0
-54.57579,-126.60896,0.0,0,0
-54.99127,-127.148186,0.0,0,0
-55.404655,-127.70131,0.0,0,0
-55.81583,-128.2685,0.0,0,0
-56.224632,-128.85033,0.0,0,0
-56.630898,-129.44724,0.0,0,0
-57.0345,-130.05954,0.0,0,0
-57.43521,-130.688,0.0,0,0
-57.832954,-131.33261,0.013563914,0,0
-58.227417,-131.99455,0.15058818,0,0
-58.618572,-132.67345,0.9854842,3,4
-59.006012,-133.37083,0.1499006,0,0
-59.389797,-134.08598,0.0,0,0
-59.769424,-134.8208,0.0,0,0
-60.144966,-135.57442,0.0,0,0
-60.515938,-136.34854,0.0,0,0
-60.88232,-137.14268,0.0,0,0
-61.243687,-137.95816,0.0,0,0
-61.59994,-138.79485,0.0,0,0
-61.950714,-139.65364,0.0,0,0
-62.29579,-140.53479,0.0,0,0
-62.6349,-141.4388,0.0,0,0
-62.967678,-142.3663,0.0,0,0
-63.29398,-143.31723,0.0,0,0
-63.61329,-144.29271,0.0,0,0
-63.925583,-145.29211,0.0,0,0
-64.23018,-146.31691,0.0,0,0
-64.527214,-147.36592,0.0,0,0
-64.81577,-148.44107,0.0,0,0
-65.09617,-149.54068,0.0,0,0
-65.367424,-150.6665,0.0,0,0
-65.629776,-151.81705,0.0,0,0
-65.88239,-152.99347,0.0,0,0
-66.12531,-154.19456,0.0,0,0
-66.35789,-155.42085,0.0,0,0
-66.57999,-156.67139,0.0,0,0
-66.79114,-157.94598,0.0,0,0
-66.99103,-159.24403,0.0,0,0
-67.17941,-160.56459,0.0,0,0
-67.35576,-161.90726,0.0,0,0
-67.52011,-163.27042,0.0,0,0
-67.671646,-164.6538,0.0,0,0
-67.81075,-166.05524,0.0,0,0
-67.93636,-167.47447,0.0,0,0
-68.04913,-168.90892,0.0,0,0
-68.14784,-170.35814,0.0,0,0
-68.23325,-171.8195,0.0,0,0
-68.304375,-173.29196,0.0,0,0
-68.36173,-174.77315,0.0,0,0
-68.404625,-176.2615,0.0,0,0
-68.43343,-177.75485,0.24204707,0,0
-68.447784,-179.25128,0.94095904,3,10
-68.447784,179.25128,0.89598304,3,3
-68.43343,177.75485,0.3581013,1,0
-68.404625,176.2615,0.012215491,0,0
-68.36173,174.77315,0.0,0,0
-68.304375,173.29196,0.0,0,0
-68.23325,171.8195,0.0,0,0
-68.14784,170.35814,0.0,0,0
-68.04913,168.90892,0.0,0,0
-67.93636,167.47447,0.0,0,0
-67.81075,166.05524,0.0,0,0
-67.671646,164.6538,0.0,0,0
-67.52011,163.27042,0.0,0,0
-67.35576,161.90726,0.0,0,0
-67.17941,160.56459,0.0,0,0
-66.99103,159.24403,0.0,0,0
-66.79114,157.94598,0.09323192,0,0
-66.57999,156.67139,0.13871951,0,0
-66.35789,155.42085,0.09403279,0,0
-66.12531,154.19456,0.076770164,0,0
-65.88239,152.99347,0.48676747,1,0
-65.629776,151.81705,0.92963505,3,11
-65.367424,150.6665,0.9774923,3,17
-65.09617,149.54068,0.86196244,3,8
-64.81577,148.44107,0.042354368,0,0
-64.527214,147.36592,0.0,0,0
-64.23018,146.31691,0.0,0,0
-63.925583,145.29211,0.0,0,0
-63.61329,144.29271,0.0,0,0
-63.29398,143.31723,0.0,0,0
-62.967678,142.3663,0.0,0,0
-62.6349,141.4388,0.0,0,0
-62.29579,140.53479,0.0,0,0
-61.950714,139.65364,0.0,0,0
-61.59994,138.79485,0.0,0,0
-61.243687,137.95816,0.0,0,0
-60.88232,137.14268,0.0,0,0
-60.515938,136.34854,0.0,0,0
-60.144966,135.57442,0.0,0,0
-59.769424,134.8208,0.0,0,0
-59.389797,134.08598,0.0,0,0
-59.006012,133.37083,0.0,0,0
-58.618572,132.67345,0.0,0,0
-58.227417,131.99455,0.0,0,0
-57.832954,131.33261,0.0,0,0
-57.43521,130.688,0.0,0,0
-57.0345,130.05954,0.0,0,0
-56.630898,129.44724,0.0,0,0
-56.224632,128.85033,0.0,0,0
-55.81583,128.2685,0.0,0,0
-55.404655,127.70131,0.0,0,0
-54.99127,127.148186,0.0,0,0
-54.57579,126.60896,0.0,0,0
-54.158398,126.08284,0.0,0,0
-53.739155,125.56992,0.0,0,0
-53.31828,125.0692,0.0,0,0
-52.895798,124.58103,0.0,0,0
-52.471924,124.104225,0.0,0,0
-52.04667,123.63928,0.0,0,0
-51.62024,123.18504,0.0,0,0
-51.19267,122.74187,0.0,0,0
-50.764107,122.30885,0.0,0,0
-50.33461,121.886116,0.0,0,0
-49.9043,121.47305,0.0,0,0
-49.47326,121.069565,0.0,0,0
-49.197617,-121.75983,0.0,0,0
-49.624725,-122.168274,0.0,0,0
-50.051025,-122.58624,0.0,0,0
-50.47644,-123.01386,0.0,0,0
-50.900856,-123.451706,0.0,0,0
-51.32421,-123.89968,0.0,0,0
-51.746346,-124.35863,0.0,0,0
-52.16723,-124.82822,0.0,0,0
-52.586655,-125.309586,0.0,0,0
-53.00462,-125.8022,0.0,0,0
-53.420895,-126.307274,0.0,0,0
-53.835457,-126.8244,0.0,0,0
-54.248096,-127.3546,0.0,0,0
-54.658745,-127.897736,0.0,0,0
-55.067215,-128.45459,0.0,0,0
-55.473396,-129.0253,0.0,0,0
-55.877125,-129.61044,0.0,0,0
-56.278244,-130.21043,0.0,0,0
-56.676613,-130.82553,0.0,0,0
-57.072014,-131.45651,0.0,0,0
-57.464363,-132.10332,0.0,0,0
-57.853355,-132.76709,0.21485265,0,0
-58.238968,-133.44743,0.9798599,3,2
-58.620792,-134.14584,0.1367876,0,0
-58.998894,-134.8616,0.0,0,0
-59.372757,-135.59651,0.0,0,0
-59.742477,-136.34972,0.0,0,0
-60.107544,-137.12286,0.0,0,0
-60.467987,-137.91537,0.0,0,0
-60.823353,-138.72858,0.0,0,0
-61.17355,-139.56229,0.0,0,0
-61.518223,-140.41736,0.0,0,0
-61.857162,-141.294,0.0,0,0
-62.190098,-142.19263,0.0,0,0
-62.516685,-143.11383,0.0,0,0
-62.83678,-144.0575,0.0,0,0
-63.14988,-145.02467,0.0,0,0
-63.45597,-146.01471,0.0,0,0
-63.754368,-147.02902,0.0,0,0
-64.045235,-148.06635,0.0,0,0
-64.32768,-149.12859,0.0,0,0
-64.602005,-150.214,0.0,0,0
-64.86727,-151.32428,0.0,0,0
-65.12372,-152.45793,0.0,0,0
-65.370514,-153.61601,0.0,0,0
-65.60776,-154.79733,0.0,0,0
-65.834785,-156.00235,0.0,0,0
-66.05149,-157.23016,0.0,0,0
-66.25744,-158.48053,0.0,0,0
-66.4523,-159.75285,0.0,0,0
-66.6359,-161.04617,0.0,0,0
-66.807686,-162.36014,0.0,0,0
-66.96772,-163.69318,0.0,0,0
-67.11524,-165.04504,0.0,0,0
-67.2506,-166.41367,0.0,0,0
-67.37279,-167.79881,0.0,0,0
-67.482475,-169.19809,0.0,0,0
-67.578445,-170.611,0.0,0,0
-67.66148,-172.03514,0.0,0,0
-67.73059,-173.46954,0.0,0,0
-67.78633,-174.91199,0.0,0,0
-67.82802,-176.36105,0.0,0,0
-67.856,-177.81474,0.047086608,0,0
-67.86994,-179.27127,0.17217624,0,0
-67.86994,179.27127,0.485112,1,0
-67.856,177.81474,0.934692,3,4
-67.82802,176.36105,0.18411988,0,0
-67.78633,174.91199,0.0,0,0
-67.73059,173.46954,0.0,0,0
-67.66148,172.03514,0.0,0,0
-67.578445,170.611,0.0,0,0
-67.482475,169.19809,0.0,0,0
-67.37279,167.79881,0.0,0,0
-67.2506,166.41367,0.0,0,0
-67.11524,165.04504,0.0,0,0
-66.96772,163.69318,0.0,0,0
-66.807686,162.36014,0.0,0,0
-66.6359,161.04617,0.0,0,0
-66.4523,159.75285,0.072286636,0,0
-66.25744,158.48053,0.9640039,3,3
-66.05149,157.23016,0.8153452,3,11
-65.834785,156.00235,0.88492525,3,11
-65.60776,154.79733,0.97387356,3,14
-65.370514,153.61601,0.9988543,3,3
-65.12372,152.45793,0.9948897,3,11
-64.86727,151.32428,0.9150958,3,9
-64.602005,150.214,0.15228784,0,0
-64.32768,149.12859,0.0,0,0
-64.045235,148.06635,0.0,0,0
-63.754368,147.02902,0.0,0,0
-63.45597,146.01471,0.0,0,0
-63.14988,145.02467,0.0,0,0
-62.83678,144.0575,0.0,0,0
-62.516685,143.11383,0.0,0,0
-62.190098,142.19263,0.0,0,0
-61.857162,141.294,0.0,0,0
-61.518223,140.41736,0.0,0,0
-61.17355,139.56229,0.0,0,0
-60.823353,138.72858,0.0,0,0
-60.467987,137.91537,0.0,0,0
-60.107544,137.12286,0.0,0,0
-59.742477,136.34972,0.0,0,0
-59.372757,135.59651,0.0,0,0
-58.998894,134.8616,0.0,0,0
-58.620792,134.14584,0.0,0,0
-58.238968,133.44743,0.0,0,0
-57.853355,132.76709,0.0,0,0
-57.464363,132.10332,0.0,0,0
-57.072014,131.45651,0.0,0,0
-56.676613,130.82553,0.0,0,0
-56.278244,130.21043,0.0,0,0
-55.877125,129.61044,0.0,0,0
-55.473396,129.0253,0.0,0,0
-55.067215,128.45459,0.0,0,0
-54.658745,127.897736,0.0,0,0
-54.248096,127.3546,0.0,0,0
-53.835457,126.8244,0.0,0,0
-53.420895,126.307274,0.0,0,0
-53.00462,125.8022,0.0,0,0
-52.586655,125.309586,0.0,0,0
-52.16723,124.82822,0.0,0,0
-51.746346,124.35863,0.0,0,0
-51.32421,123.89968,0.0,0,0
-50.900856,123.451706,0.0,0,0
-50.47644,123.01386,0.0,0,0
-50.051025,122.58624,0.0,0,0
-49.624725,122.168274,0.0,0,0
-49.197617,121.75983,0.0,0,0
-48.917213,-122.4402,0.0,0,0
-49.340363,-122.85328,0.0,0,0
-49.76264,-123.27587,0.0,0,0
-50.183964,-123.70804,0.0,0,0
-50.604214,-124.150406,0.0,0,0
-51.023335,-124.60282,0.0,0,0
-51.441166,-125.06614,0.0,0,0
-51.85767,-125.54001,0.0,0,0
-52.272644,-126.02555,0.0,0,0
-52.68609,-126.52226,0.0,0,0
-53.097767,-127.031265,0.0,0,0
-53.50766,-127.552216,0.0,0,0
-53.915546,-128.08606,0.0,0,0
-54.321373,-128.63266,0.0,0,0
-54.72494,-129.19283,0.0,0,0
-55.12615,-129.76665,0.0,0,0
-55.524822,-130.35463,0.0,0,0
-55.92081,-130.95721,0.0,0,0
-56.31398,-131.57466,0.0,0,0
-56.704105,-132.20766,0.0,0,0
-57.091106,-132.85617,0.0,0,0
-57.474678,-133.52129,0.07768619,0,0
-57.854797,-134.20258,0.952901,3,3
-58.231064,-134.90152,0.8481062,3,1
-58.60354,-135.61737,0.25577682,1,0
-58.971714,-136.35187,0.029032372,0,0
-59.335682,-137.10413,0.0,0,0
-59.694954,-137.87578,0.0,0,0
-60.04953,-138.6662,0.0,0,0
-60.398987,-139.47665,0.0,0,0
-60.74324,-140.30692,0.0,0,0
-61.081917,-141.15779,0.0,0,0
-61.414845,-142.0295,0.0,0,0
-61.741737,-142.9223,0.0,0,0
-62.06227,-143.8368,0.0,0,0
-62.376297,-144.77289,0.0,0,0
-62.68333,-145.73148,0.0,0,0
-62.983376,-146.71188,0.0,0,0
-63.275745,-147.71547,0.0,0,0
-63.560627,-148.74101,0.0,0,0
-63.83713,-149.79019,0.0,0,0
-64.10556,-150.8614,0.0,0,0
-64.365036,-151.9562,0.0,0,0
-64.61575,-153.07307,0.0,0,0
-64.85696,-154.21304,0.0,0,0
-65.08871,-155.37492,0.0,0,0
-65.310394,-156.55913,0.0,0,0
-65.52191,-157.76472,0.0,0,0
-65.72284,-158.99149,0.0,0,0
-65.9129,-160.23883,0.0,0,0
-66.09189,-161.5058,0.0,0,0
-66.2593,-162.79207,0.0,0,0
-66.415215,-164.09612,0.0,0,0
-66.55889,-165.41771,0.0,0,0
-66.69069,-166.75488,0.0,0,0
-66.809616,-168.1074,0.0,0,0
-66.916336,-169.47304,0.0,0,0
-67.009705,-170.85132,0.0,0,0
-67.09048,-172.24,0.0,0,0
-67.15768,-173.63818,0.0,0,0
-67.211876,-175.04384,0.0,0,0
-67.25241,-176.4556,0.0,0,0
-67.27962,-177.87161,0.0,0,0
-67.29317,-179.29024,0.04670654,0,0
-67.29317,179.29024,0.73852026,2,3
-67.27962,177.87161,0.5125399,2,0
-67.25241,176.4556,0.10972746,0,0
-67.211876,175.04384,0.0,0,0
-67.15768,173.63818,0.0,0,0
-67.09048,172.24,0.0,0,0
-67.009705,170.85132,0.0,0,0
-66.916336,169.47304,0.0,0,0
-66.809616,168.1074,0.0,0,0
-66.69069,166.75488,0.0,0,0
-66.55889,165.41771,0.0,0,0
-66.415215,164.09612,0.0,0,0
-66.2593,162.79207,0.0,0,0
-66.09189,161.5058,0.0,0,0
-65.9129,160.23883,0.045722947,0,0
-65.72284,158.99149,0.6463077,2,1
-65.52191,157.76472,0.78677976,3,9
-65.310394,156.55913,0.60414046,2,0
-65.08871,155.37492,0.30151412,1,0
-64.85696,154.21304,0.16500661,0,0
-64.61575,153.07307,0.12494017,0,0
-64.365036,151.9562,0.13580906,0,0
-64.10556,150.8614,0.0,0,0
-63.83713,149.79019,0.0,0,0
-63.560627,148.74101,0.0,0,0
-63.275745,147.71547,0.0,0,0
-62.983376,146.71188,0.0,0,0
-62.68333,145.73148,0.0,0,0
-62.376297,144.77289,0.0,0,0
-62.06227,143.8368,0.0,0,0
-61.741737,142.9223,0.0,0,0
-61.414845,142.0295,0.0,0,0
-61.081917,141.15779,0.0,0,0
-60.74324,140.30692,0.0,0,0
-60.398987,139.47665,0.0,0,0
-60.04953,138.6662,0.0,0,0
-59.694954,137.87578,0.0,0,0
-59.335682,137.10413,0.0,0,0
-58.971714,136.35187,0.0,0,0
-58.60354,135.61737,0.0,0,0
-58.231064,134.90152,0.0,0,0
-57.854797,134.20258,0.0,0,0
-57.474678,133.52129,0.0,0,0
-57.091106,132.85617,0.0,0,0
-56.704105,132.20766,0.0,0,0
-56.31398,131.57466,0.0,0,0
-55.92081,130.95721,0.0,0,0
-55.524822,130.35463,0.0,0,0
-55.12615,129.76665,0.0,0,0
-54.72494,129.19283,0.0,0,0
-54.321373,128.63266,0.0,0,0
-53.915546,128.08606,0.0,0,0
-53.50766,127.552216,0.0,0,0
-53.097767,127.031265,0.0,0,0
-52.68609,126.52226,0.0,0,0
-52.272644,126.02555,0.0,0,0
-51.85767,125.54001,0.0,0,0
-51.441166,125.06614,0.0,0,0
-51.023335,124.60282,0.0,0,0
-50.604214,124.150406,0.0,0,0
-50.183964,123.70804,0.0,0,0
-49.76264,123.27587,0.0,0,0
-49.340363,122.85328,0.0,0,0
-48.917213,122.4402,0.0,0,0
-48.632004,-123.11029,0.0,0,0
-49.051178,-123.52772,0.0,0,0
-49.469414,-123.95462,0.0,0,0
-49.886635,-124.39102,0.0,0,0
-50.302708,-124.837555,0.0,0,0
-50.71759,-125.294075,0.0,0,0
-51.131104,-125.76141,0.0,0,0
-51.543232,-126.239204,0.0,0,0
-51.95376,-126.72855,0.0,0,0
-52.36268,-127.22895,0.0,0,0
-52.76976,-127.74152,0.0,0,0
-53.174988,-128.26587,0.0,0,0
-53.578136,-128.80296,0.0,0,0
-53.979156,-129.35263,0.0,0,0
-54.377842,-129.91566,0.0,0,0
-54.774094,-130.49211,0.0,0,0
-55.167747,-131.0825,0.0,0,0
-55.55864,-131.68724,0.0,0,0
-55.94664,-132.30653,0.13151124,0,0
-56.33153,-132.94107,0.4785954,1,0
-56.713234,-133.59082,0.23462075,0,0
-57.09143,-134.2568,0.07829268,0,0
-57.466118,-134.93857,0.3563238,1,0
-57.83689,-135.63756,0.5722793,2,0
-58.203804,-136.35301,0.9160669,3,5
-58.56637,-137.0866,0.4487286,1,0
-58.924667,-137.83746,0.0,0,0
-59.278214,-138.60712,0.0,0,0
-59.62703,-139.39499,0.0,0,0
-59.970684,-140.20222,0.0,0,0
-60.309097,-141.02861,0.0,0,0
-60.641914,-141.87488,0.0,0,0
-60.968937,-142.7412,0.0,0,0
-61.289925,-143.62784,0.0,0,0
-61.604538,-144.53534,0.0,0,0
-61.91265,-145.46347,0.0,0,0
-62.213776,-146.41321,0.0,0,0
-62.507927,-147.38376,0.0,0,0
-62.79444,-148.37646,0.0,0,0
-63.0735,-149.39008,0.0,0,0
-63.344246,-150.42621,0.0,0,0
-63.606983,-151.48323,0.0,0,0
-63.86083,-152.5626,0.0,0,0
-64.10603,-153.6629,0.0,0,0
-64.34183,-154.78502,0.0,0,0
-64.56828,-155.92783,0.0,0,0
-64.78483,-157.09164,0.0,0,0
-64.99136,-158.2756,0.0,0,0
-65.187485,-159.47943,0.0,0,0
-65.37292,-160.70256,0.0,0,0
-65.5475,-161.94409,0.0,0,0
-65.710724,-163.20364,0.0,0,0
-65.8627,-164.47981,0.0,0,0
-66.0027,-165.77235,0.0,0,0
-66.13109,-167.07942,0.0,0,0
-66.24691,-168.40076,0.0,0,0
-66.35082,-169.7343,0.0,0,0
-66.44171,-171.07957,0.0,0,0
-66.52032,-172.43454,0.0,0,0
-66.58572,-173.79826,0.0,0,0
-66.63845,-175.16895,0.0,0,0
-66.67789,-176.54526,0.0,0,0
-66.70435,-177.92554,0.0,0,0
-66.71753,-179.30824,0.0,0,0
-66.71753,179.30824,0.27362496,1,0
-66.70435,177.92554,0.4319008,1,0
-66.67789,176.54526,0.011551954,0,0
-66.63845,175.16895,0.0,0,0
-66.58572,173.79826,0.0,0,0
-66.52032,172.43454,0.0,0,0
-66.44171,171.07957,0.0,0,0
-66.35082,169.7343,0.0,0,0
-66.24691,168.40076,0.0,0,0
-66.13109,167.07942,0.0,0,0
-66.0027,165.77235,0.0,0,0
-65.8627,164.47981,0.0,0,0
-65.710724,163.20364,0.0,0,0
-65.5475,161.94409,0.0,0,0
-65.37292,160.70256,0.22947274,0,0
-65.187485,159.47943,0.98817354,3,18
-64.99136,158.2756,0.62338763,2,1
-64.78483,157.09164,0.01637765,0,0
-64.56828,155.92783,0.0,0,0
-64.34183,154.78502,0.0,0,0
-64.10603,153.6629,0.0,0,0
-63.86083,152.5626,0.0,0,0
-63.606983,151.48323,0.0,0,0
-63.344246,150.42621,0.0,0,0
-63.0735,149.39008,0.0,0,0
-62.79444,148.37646,0.0,0,0
-62.507927,147.38376,0.0,0,0
-62.213776,146.41321,0.0,0,0
-61.91265,145.46347,0.0,0,0
-61.604538,144.53534,0.0,0,0
-61.289925,143.62784,0.0,0,0
-60.968937,142.7412,0.0,0,0
-60.641914,141.87488,0.0,0,0
-60.309097,141.02861,0.0,0,0
-59.970684,140.20222,0.0,0,0
-59.62703,139.39499,0.0,0,0
-59.278214,138.60712,0.0,0,0
-58.924667,137.83746,0.0,0,0
-58.56637,137.0866,0.0,0,0
-58.203804,136.35301,0.0,0,0
-57.83689,135.63756,0.0,0,0
-57.466118,134.93857,0.0,0,0
-57.09143,134.2568,0.0,0,0
-56.713234,133.59082,0.0,0,0
-56.33153,132.94107,0.0,0,0
-55.94664,132.30653,0.0,0,0
-55.55864,131.68724,0.0,0,0
-55.167747,131.0825,0.0,0,0
-54.774094,130.49211,0.0,0,0
-54.377842,129.91566,0.0,0,0
-53.979156,129.35263,0.0,0,0
-53.578136,128.80296,0.0,0,0
-53.174988,128.26587,0.0,0,0
-52.76976,127.74152,0.0,0,0
-52.36268,127.22895,0.0,0,0
-51.95376,126.72855,0.0,0,0
-51.543232,126.239204,0.0,0,0
-51.131104,125.76141,0.0,0,0
-50.71759,125.294075,0.0,0,0
-50.302708,124.837555,0.0,0,0
-49.886635,124.39102,0.0,0,0
-49.469414,123.95462,0.0,0,0
-49.051178,123.52772,0.0,0,0
-48.632004,123.11029,0.0,0,0
-48.342216,-123.77037,0.0,0,0
-48.75741,-124.19185,0.0,0,0
-49.171593,-124.622734,0.0,0,0
-49.584698,-125.06309,0.0,0,0
-49.996597,-125.51347,0.0,0,0
-50.407227,-125.97377,0.0,0,0
-50.81643,-126.44478,0.0,0,0
-51.224182,-126.92616,0.0,0,0
-51.630253,-127.41896,0.0,0,0
-52.034653,-127.92268,0.0,0,0
-52.43715,-128.43845,0.0,0,0
-52.837727,-128.96582,0.0,0,0
-53.236153,-129.50578,0.0,0,0
-53.63238,-130.05812,0.0,0,0
-54.026207,-130.6236,0.0,0,0
-54.417534,-131.20229,0.0,0,0
-54.80619,-131.79468,0.0,0,0
-55.192024,-132.40112,0.084201954,0,0
-55.5749,-133.02185,0.9517258,3,2
-55.9546,-133.65752,0.89740837,3,3
-56.331043,-134.30804,0.8020214,3,2
-56.703926,-134.97443,0.85856485,3,1
-57.073242,-135.65622,0.16725013,0,0
-57.438576,-136.35481,0.7647849,3,1
-57.80001,-137.06943,0.8128759,3,2
-58.157036,-137.80167,0.7538863,3,2
-58.509747,-138.5507,0.027072953,0,0
-58.857666,-139.31795,0.0,0,0
-59.200817,-140.10283,0.0,0,0
-59.538765,-140.90646,0.0,0,0
-59.871445,-141.72858,0.0,0,0
-60.198505,-142.56989,0.0,0,0
-60.51976,-143.43048,0.0,0,0
-60.83496,-144.31064,0.0,0,0
-61.1438,-145.21082,0.0,0,0
-61.446133,-146.1308,0.0,0,0
-61.741497,-147.07143,0.0,0,0
-62.029915,-148.03198,0.0,0,0
-62.31073,-149.01369,0.0,0,0
-62.584133,-150.0153,0.0,0,0
-62.84929,-151.03835,0.0,0,0
-63.1065,-152.08125,0.0,0,0
-63.354916,-153.14536,0.0,0,0
-63.59478,-154.22928,0.0,0,0
-63.825348,-155.33382,0.0,0,0
-64.04671,-156.45792,0.0,0,0
-64.258286,-157.6018,0.0,0,0
-64.460014,-158.76468,0.0,0,0
-64.65151,-159.94623,0.0,0,0
-64.83251,-161.14589,0.0,0,0
-65.00286,-162.36281,0.0,0,0
-65.162094,-163.5966,0.0,0,0
-65.31029,-164.84595,0.0,0,0
-65.44676,-166.11057,0.0,0,0
-65.57189,-167.38873,0.0,0,0
-65.68475,-168.68025,0.0,0,0
-65.78598,-169.98308,0.0,0,0
-65.8745,-171.29684,0.0,0,0
-65.95104,-172.61963,0.0,0,0
-66.014725,-173.95056,0.0,0,0
-66.066055,-175.2879,0.0,0,0
-66.10445,-176.63054,0.0,0,0
-66.1302,-177.97682,0.0,0,0
-66.14303,-179.32536,0.016698604,0,0
-66.14303,179.32536,0.6244136,2,1
-66.1302,177.97682,0.71325743,2,1
-66.10445,176.63054,0.028207833,0,0
-66.066055,175.2879,0.0,0,0
-66.014725,173.95056,0.0,0,0
-65.95104,172.61963,0.0,0,0
-65.8745,171.29684,0.0,0,0
-65.78598,169.98308,0.0,0,0
-65.68475,168.68025,0.0,0,0
-65.57189,167.38873,0.0,0,0
-65.44676,166.11057,0.0,0,0
-65.31029,164.84595,0.0,0,0
-65.162094,163.5966,0.0,0,0
-65.00286,162.36281,0.0,0,0
-64.83251,161.14589,0.43382722,1,0
-64.65151,159.94623,0.9998806,3,39
-64.460014,158.76468,0.22464861,0,0
-64.258286,157.6018,0.0,0,0
-64.04671,156.45792,0.0,0,0
-63.825348,155.33382,0.0,0,0
-63.59478,154.22928,0.0,0,0
-63.354916,153.14536,0.0,0,0
-63.1065,152.08125,0.0,0,0
-62.84929,151.03835,0.0,0,0
-62.584133,150.0153,0.0,0,0
-62.31073,149.01369,0.0,0,0
-62.029915,148.03198,0.0,0,0
-61.741497,147.07143,0.0,0,0
-61.446133,146.1308,0.0,0,0
-61.1438,145.21082,0.0,0,0
-60.83496,144.31064,0.0,0,0
-60.51976,143.43048,0.0,0,0
-60.198505,142.56989,0.0,0,0
-59.871445,141.72858,0.0,0,0
-59.538765,140.90646,0.0,0,0
-59.200817,140.10283,0.0,0,0
-58.857666,139.31795,0.0,0,0
-58.509747,138.5507,0.0,0,0
-58.157036,137.80167,0.0,0,0
-57.80001,137.06943,0.0,0,0
-57.438576,136.35481,0.0,0,0
-57.073242,135.65622,0.0,0,0
-56.703926,134.97443,0.0,0,0
-56.331043,134.30804,0.0,0,0
-55.9546,133.65752,0.0,0,0
-55.5749,133.02185,0.0,0,0
-55.192024,132.40112,0.0,0,0
-54.80619,131.79468,0.0,0,0
-54.417534,131.20229,0.0,0,0
-54.026207,130.6236,0.0,0,0
-53.63238,130.05812,0.0,0,0
-53.236153,129.50578,0.0,0,0
-52.837727,128.96582,0.0,0,0
-52.43715,128.43845,0.0,0,0
-52.034653,127.92268,0.0,0,0
-51.630253,127.41896,0.0,0,0
-51.224182,126.92616,0.0,0,0
-50.81643,126.44478,0.0,0,0
-50.407227,125.97377,0.0,0,0
-49.996597,125.51347,0.0,0,0
-49.584698,125.06309,0.0,0,0
-49.171593,124.622734,0.0,0,0
-48.75741,124.19185,0.0,0,0
-48.342216,123.77037,0.0,0,0
-48.048042,-124.42054,0.0,0,0
-48.459244,-124.845795,0.0,0,0
-48.86937,-125.280396,0.0,0,0
-49.278355,-125.72439,0.0,0,0
-49.68606,-126.178345,0.0,0,0
-50.092453,-126.6421,0.0,0,0
-50.497334,-127.11647,0.0,0,0
-50.90071,-127.6011,0.0,0,0
-51.30234,-128.09702,0.0,0,0
-51.70224,-128.60374,0.0,0,0
-52.100163,-129.12233,0.0,0,0
-52.4961,-129.65239,0.0,0,0
-52.889816,-130.19481,0.0,0,0
-53.28128,-130.74948,0.0,0,0
-53.670273,-131.31702,0.0,0,0
-54.0567,-131.89757,0.0,0,0
-54.4404,-132.49155,0.0,0,0
-54.8212,-133.0993,0.013633268,0,0
-55.198994,-133.72108,0.15402123,0,0
-55.573547,-134.35745,0.8719396,3,3
-55.94479,-135.00836,0.48520428,1,0
-56.312412,-135.67474,0.64936656,2,1
-56.67642,-136.35619,0.95026433,3,1
-57.036385,-137.05396,0.88414454,3,6
-57.392403,-137.76733,0.82234085,3,1
-57.74396,-138.49785,0.23333092,0,0
-58.09118,-139.24464,0.022488495,0,0
-58.433556,-140.0091,0.0,0,0
-58.771133,-140.79063,0.0,0,0
-59.103477,-141.59027,0.0,0,0
-59.430534,-142.40779,0.0,0,0
-59.751953,-143.24379,0.0,0,0
-60.06756,-144.09839,0.0,0,0
-60.377106,-144.97179,0.0,0,0
-60.680286,-145.8644,0.0,0,0
-60.976986,-146.77602,0.0,0,0
-61.26674,-147.70737,0.0,0,0
-61.54957,-148.65784,0.0,0,0
-61.82484,-149.62843,0.0,0,0
-62.09275,-150.61803,0.0,0,0
-62.352467,-151.628,0.0,0,0
-62.604332,-152.65688,0.0,0,0
-62.847485,-153.70589,0.0,0,0
-63.082176,-154.77364,0.0,0,0
-63.30769,-155.86092,0.0,0,0
-63.524124,-156.96667,0.0,0,0
-63.73093,-158.09111,0.0,0,0
-63.92804,-159.23343,0.0,0,0
-64.115074,-160.39331,0.0,0,0
-64.29182,-161.57024,0.0,0,0
-64.4581,-162.76337,0.0,0,0
-64.61348,-163.97227,0.0,0,0
-64.75806,-165.19579,0.0,0,0
-64.89116,-166.43353,0.0,0,0
-65.01317,-167.68399,0.0,0,0
-65.123184,-168.94688,0.0,0,0
-65.22184,-170.22034,0.0,0,0
-65.308105,-171.504,0.0,0,0
-65.382675,-172.79604,0.0,0,0
-65.44471,-174.09564,0.02106516,0,0
-65.49471,-175.40126,0.24346353,0,0
-65.5321,-176.71176,0.3947275,1,0
-65.55719,-178.02565,0.67540973,2,5
-65.56969,-179.34164,0.18236592,0,0
-65.56969,179.34164,0.15844598,0,0
-65.55719,178.02565,0.046868674,0,0
-65.5321,176.71176,0.0,0,0
-65.49471,175.40126,0.0,0,0
-65.44471,174.09564,0.0,0,0
-65.382675,172.79604,0.0,0,0
-65.308105,171.504,0.0,0,0
-65.22184,170.22034,0.0,0,0
-65.123184,168.94688,0.0,0,0
-65.01317,167.68399,0.0,0,0
-64.89116,166.43353,0.0,0,0
-64.75806,165.19579,0.0,0,0
-64.61348,163.97227,0.0,0,0
-64.4581,162.76337,0.05088451,0,0
-64.29182,161.57024,0.4521988,1,0
-64.115074,160.39331,0.7058187,2,5
-63.92804,159.23343,0.9245648,3,8
-63.73093,158.09111,0.20820086,0,0
-63.524124,156.96667,0.028563704,0,0
-63.30769,155.86092,0.0,0,0
-63.082176,154.77364,0.0,0,0
-62.847485,153.70589,0.0,0,0
-62.604332,152.65688,0.0,0,0
-62.352467,151.628,0.0,0,0
-62.09275,150.61803,0.0,0,0
-61.82484,149.62843,0.0,0,0
-61.54957,148.65784,0.0,0,0
-61.26674,147.70737,0.0,0,0
-60.976986,146.77602,0.0,0,0
-60.680286,145.8644,0.0,0,0
-60.377106,144.97179,0.0,0,0
-60.06756,144.09839,0.0,0,0
-59.751953,143.24379,0.0,0,0
-59.430534,142.40779,0.0,0,0
-59.103477,141.59027,0.0,0,0
-58.771133,140.79063,0.0,0,0
-58.433556,140.0091,0.0,0,0
-58.09118,139.24464,0.0,0,0
-57.74396,138.49785,0.0,0,0
-57.392403,137.76733,0.0,0,0
-57.036385,137.05396,0.0,0,0
-56.67642,136.35619,0.0,0,0
-56.312412,135.67474,0.0,0,0
-55.94479,135.00836,0.0,0,0
-55.573547,134.35745,0.0,0,0
-55.198994,133.72108,0.0,0,0
-54.8212,133.0993,0.0,0,0
-54.4404,132.49155,0.0,0,0
-54.0567,131.89757,0.0,0,0
-53.670273,131.31702,0.0,0,0
-53.28128,130.74948,0.0,0,0
-52.889816,130.19481,0.0,0,0
-52.4961,129.65239,0.0,0,0
-52.100163,129.12233,0.0,0,0
-51.70224,128.60374,0.0,0,0
-51.30234,128.09702,0.0,0,0
-50.90071,127.6011,0.0,0,0
-50.497334,127.11647,0.0,0,0
-50.092453,126.6421,0.0,0,0
-49.68606,126.178345,0.0,0,0
-49.278355,125.72439,0.0,0,0
-48.86937,125.280396,0.0,0,0
-48.459244,124.845795,0.0,0,0
-48.048042,124.42054,0.0,0,0
-47.749474,-125.06053,0.0,0,0
-48.156662,-125.48928,0.0,0,0
-48.56273,-125.92731,0.0,0,0
-48.967594,-126.37463,0.0,0,0
-49.371117,-126.83183,0.0,0,0
-49.77326,-127.29875,0.0,0,0
-50.173836,-127.77618,0.0,0,0
-50.572838,-128.26372,0.0,0,0
-50.97004,-128.76245,0.0,0,0
-51.365444,-129.27182,0.0,0,0
-51.75881,-129.7929,0.0,0,0
-52.150127,-130.32526,0.0,0,0
-52.53916,-130.86984,0.0,0,0
-52.92588,-131.4264,0.0,0,0
-53.310066,-131.99567,0.0,0,0
-53.691635,-132.57767,0.0,0,0
-54.070408,-133.17288,0.0,0,0
-54.44623,-133.78159,0.0,0,0
-54.818985,-134.40399,0.0,0,0
-55.18844,-135.0407,0.3468783,1,0
-55.554535,-135.69159,0.9985153,3,2
-55.916954,-136.35757,0.952853,3,2
-56.275715,-137.03824,0.8931021,3,2
-56.630386,-137.73482,0.4861769,1,0
-56.981068,-138.44656,0.4769364,1,0
-57.327248,-139.17496,0.92427593,3,2
-57.669052,-139.91916,0.27349076,1,0
-58.00598,-140.68045,0.0,0,0
-58.33809,-141.45828,0.0,0,0
-58.664936,-142.25365,0.0,0,0
-58.98648,-143.06622,0.0,0,0
-59.30237,-143.89665,0.0,0,0
-59.61245,-144.74496,0.0,0,0
-59.91647,-145.61134,0.0,0,0
-60.21414,-146.4962,0.0,0,0
-60.505333,-147.39926,0.0,0,0
-60.789616,-148.32126,0.0,0,0
-61.06701,-149.26147,0.0,0,0
-61.336895,-150.22095,0.0,0,0
-61.599472,-151.19853,0.0,0,0
-61.85393,-152.19553,0.0,0,0
-62.1006,-153.21048,0.0,0,0
-62.338654,-154.24454,0.0,0,0
-62.56835,-155.29642,0.0,0,0
-62.788994,-156.36676,0.0,0,0
-63.00068,-157.45456,0.0,0,0
-63.202877,-158.56001,0.0,0,0
-63.39553,-159.68234,0.0,0,0
-63.578293,-160.82121,0.0,0,0
-63.75093,-161.9761,0.0,0,0
-63.913307,-163.14621,0.0,0,0
-64.064995,-164.33118,0.0,0,0
-64.2061,-165.52979,0.0,0,0
-64.33598,-166.74179,0.0,0,0
-64.455,-167.96565,0.0,0,0
-64.5623,-169.20111,0.0,0,0
-64.658516,-170.44647,0.030420374,0,0
-64.742615,-171.70135,0.09859339,0,0
-64.815315,-172.96404,0.52480155,2,0
-64.87577,-174.23381,0.591389,2,0
-64.9245,-175.50916,0.9982149,3,12
-64.96094,-176.78906,0.75737214,3,8
-64.98538,-178.07214,0.7028264,2,7
-64.99755,-179.35718,0.9920466,3,11
-64.99755,179.35718,0.98770803,3,11
-64.98538,178.07214,0.6642817,2,3
-64.96094,176.78906,0.4179677,1,0
-64.9245,175.50916,0.091902755,0,0
-64.87577,174.23381,0.0,0,0
-64.815315,172.96404,0.011112767,0,0
-64.742615,171.70135,0.083831325,0,0
-64.658516,170.44647,0.15954593,0,0
-64.5623,169.20111,0.1139975,0,0
-64.455,167.96565,0.02699589,0,0
-64.33598,166.74179,0.0,0,0
-64.2061,165.52979,0.0,0,0
-64.064995,164.33118,0.029389737,0,0
-63.913307,163.14621,0.40857592,1,0
-63.75093,161.9761,0.904781,3,9
-63.578293,160.82121,0.13761233,0,0
-63.39553,159.68234,0.71413827,2,11
-63.202877,158.56001,0.9884341,3,10
-63.00068,157.45456,0.67926747,2,3
-62.788994,156.36676,0.021374846,0,0
-62.56835,155.29642,0.0,0,0
-62.338654,154.24454,0.0,0,0
-62.1006,153.21048,0.0,0,0
-61.85393,152.19553,0.0,0,0
-61.599472,151.19853,0.0,0,0
-61.336895,150.22095,0.0,0,0
-61.06701,149.26147,0.0,0,0
-60.789616,148.32126,0.0,0,0
-60.505333,147.39926,0.0,0,0
-60.21414,146.4962,0.0,0,0
-59.91647,145.61134,0.0,0,0
-59.61245,144.74496,0.0,0,0
-59.30237,143.89665,0.0,0,0
-58.98648,143.06622,0.0,0,0
-58.664936,142.25365,0.0,0,0
-58.33809,141.45828,0.0,0,0
-58.00598,140.68045,0.0,0,0
-57.669052,139.91916,0.0,0,0
-57.327248,139.17496,0.0,0,0
-56.981068,138.44656,0.0,0,0
-56.630386,137.73482,0.0,0,0
-56.275715,137.03824,0.0,0,0
-55.916954,136.35757,0.0,0,0
-55.554535,135.69159,0.0,0,0
-55.18844,135.0407,0.0,0,0
-54.818985,134.40399,0.0,0,0
-54.44623,133.78159,0.0,0,0
-54.070408,133.17288,0.0,0,0
-53.691635,132.57767,0.0,0,0
-53.310066,131.99567,0.0,0,0
-52.92588,131.4264,0.0,0,0
-52.53916,130.86984,0.0,0,0
-52.150127,130.32526,0.0,0,0
-51.75881,129.7929,0.0,0,0
-51.365444,129.27182,0.0,0,0
-50.97004,128.76245,0.0,0,0
-50.572838,128.26372,0.0,0,0
-50.173836,127.77618,0.0,0,0
-49.77326,127.29875,0.0,0,0
-49.371117,126.83183,0.0,0,0
-48.967594,126.37463,0.0,0,0
-48.56273,125.92731,0.0,0,0
-48.156662,125.48928,0.0,0,0
-47.749474,125.06053,0.0,0,0
-47.446842,-125.69087,0.0,0,0
-47.850033,-126.12286,0.0,0,0
-48.252033,-126.56405,0.0,0,0
-48.65278,-127.01446,0.0,0,0
-49.052116,-127.47463,0.0,0,0
-49.450016,-127.94443,0.0,0,0
-49.8463,-128.42458,0.0,0,0
-50.240936,-128.91478,0.0,0,0
-50.633713,-129.41599,0.0,0,0
-51.02464,-129.92769,0.0,0,0
-51.413464,-130.45093,0.0,0,0
-51.800182,-130.9853,0.0,0,0
-52.184566,-131.53168,0.0,0,0
-52.566566,-132.08986,0.0,0,0
-52.945984,-132.66049,0.0,0,0
-53.32272,-133.24362,0.0,0,0
-53.6966,-133.83969,0.0,0,0
-54.06749,-134.44899,0.0,0,0
-54.435257,-135.07169,0.0,0,0
-54.799667,-135.70836,0.017601248,0,0
-55.160667,-136.3589,0.1469821,0,0
-55.517952,-137.02414,0.18344001,0,0
-55.87152,-137.70369,0.057888754,0,0
-56.22097,-138.39874,0.01683432,0,0
-56.56639,-139.10852,0.05111315,0,0
-56.907265,-139.83449,0.5278904,2,0
-57.24374,-140.57576,0.70255786,2,1
-57.575314,-141.33359,0.030769585,0,0
-57.90204,-142.10744,0.0,0,0
-58.223495,-142.89821,0.0,0,0
-58.539627,-143.7056,0.0,0,0
-58.850105,-144.53018,0.0,0,0
-59.154762,-145.372,0.0,0,0
-59.45339,-146.23122,0.0,0,0
-59.745663,-147.10812,0.0,0,0
-60.031494,-148.0025,0.0,0,0
-60.31044,-148.91502,0.0,0,0
-60.58254,-149.84497,0.0,0,0
-60.847176,-150.7933,0.0,0,0
-61.104572,-151.75891,0.0,0,0
-61.353916,-152.743,0.0,0,0
-61.595554,-153.74416,0.0,0,0
-61.82867,-154.76349,0.019175613,0,0
-62.05353,-155.7997,0.11994982,0,0
-62.269455,-156.85344,0.29907697,1,0
-62.476543,-157.92368,0.6240095,2,1
-62.67429,-159.0106,0.4302064,1,0
-62.86265,-160.11345,0.112886466,0,0
-63.041286,-161.2319,0.03498708,0,0
-63.209976,-162.36543,0.026905382,0,0
-63.3686,-163.51328,0.042591926,0,0
-63.516735,-164.6751,0.011574802,0,0
-63.654503,-165.84972,0.0,0,0
-63.78128,-167.03687,0.0,0,0
-63.89744,-168.23517,0.0,0,0
-64.002144,-169.44432,0.23680575,0,0
-64.09599,-170.66272,0.6380528,2,3
-64.178024,-171.89003,0.97407717,3,8
-64.248924,-173.12462,0.7969273,3,4
-64.307884,-174.36583,0.6506529,2,1
-64.3554,-175.61226,0.21752207,0,0
-64.39092,-176.86292,0.017786577,0,0
-64.41474,-178.11653,0.07486946,0,0
-64.42661,-179.37198,0.19752643,0,0
-64.42661,179.37198,0.15770766,0,0
-64.41474,178.11653,0.46432725,1,0
-64.39092,176.86292,0.8240936,3,10
-64.3554,175.61226,0.8275281,3,4
-64.307884,174.36583,0.40581265,1,0
-64.248924,173.12462,0.4360035,1,0
-64.178024,171.89003,0.99145603,3,25
-64.09599,170.66272,0.9929595,3,11
-64.002144,169.44432,0.99889296,3,6
-63.89744,168.23517,0.7399479,2,7
-63.78128,167.03687,0.44131967,1,0
-63.654503,165.84972,0.357501,1,0
-63.516735,164.6751,0.3723528,1,0
-63.3686,163.51328,0.99977493,3,7
-63.209976,162.36543,0.424147,1,0
-63.041286,161.2319,0.6173399,2,9
-62.86265,160.11345,0.15054694,0,0
-62.67429,159.0106,0.3317776,1,0
-62.476543,157.92368,0.9461477,3,26
-62.269455,156.85344,0.06986959,0,0
-62.05353,155.7997,0.0,0,0
-61.82867,154.76349,0.0,0,0
-61.595554,153.74416,0.0,0,0
-61.353916,152.743,0.0,0,0
-61.104572,151.75891,0.0,0,0
-60.847176,150.7933,0.0,0,0
-60.58254,149.84497,0.0,0,0
-60.31044,148.91502,0.0,0,0
-60.031494,148.0025,0.0,0,0
-59.745663,147.10812,0.0,0,0
-59.45339,146.23122,0.0,0,0
-59.154762,145.372,0.0,0,0
-58.850105,144.53018,0.0,0,0
-58.539627,143.7056,0.0,0,0
-58.223495,142.89821,0.0,0,0
-57.90204,142.10744,0.0,0,0
-57.575314,141.33359,0.0,0,0
-57.24374,140.57576,0.0,0,0
-56.907265,139.83449,0.0,0,0
-56.56639,139.10852,0.0,0,0
-56.22097,138.39874,0.0,0,0
-55.87152,137.70369,0.0,0,0
-55.517952,137.02414,0.0,0,0
-55.160667,136.3589,0.0,0,0
-54.799667,135.70836,0.0,0,0
-54.435257,135.07169,0.0,0,0
-54.06749,134.44899,0.0,0,0
-53.6966,133.83969,0.0,0,0
-53.32272,133.24362,0.0,0,0
-52.945984,132.66049,0.0,0,0
-52.566566,132.08986,0.0,0,0
-52.184566,131.53168,0.0,0,0
-51.800182,130.9853,0.0,0,0
-51.413464,130.45093,0.0,0,0
-51.02464,129.92769,0.0,0,0
-50.633713,129.41599,0.0,0,0
-50.240936,128.91478,0.0,0,0
-49.8463,128.42458,0.0,0,0
-49.450016,127.94443,0.0,0,0
-49.052116,127.47463,0.0,0,0
-48.65278,127.01446,0.0,0,0
-48.252033,126.56405,0.0,0,0
-47.850033,126.12286,0.0,0,0
-47.446842,125.69087,0.0,0,0
-47.140118,-126.31122,0.0,0,0
-47.539307,-126.746185,0.0,0,0
-47.93724,-127.19026,0.0,0,0
-48.333866,-127.64348,0.0,0,0
-48.729027,-128.10634,0.0,0,0
-49.122696,-128.57872,0.0,0,0
-49.514687,-129.06136,0.0,0,0
-49.904984,-129.55386,0.0,0,0
-50.29335,-130.05727,0.0,0,0
-50.679825,-130.57098,0.0,0,0
-51.064125,-131.0961,0.0,0,0
-51.446274,-131.63214,0.0,0,0
-51.826023,-132.18,0.0,0,0
-52.20334,-132.73944,0.0,0,0
-52.57802,-133.3111,0.0,0,0
-52.949966,-133.89505,0.0,0,0
-53.319008,-134.49164,0.0,0,0
-53.685,-135.1012,0.0,0,0
-54.04782,-135.72385,0.0,0,0
-54.40724,-136.36017,0.0,0,0
-54.763214,-137.01,0.0,0,0
-55.11542,-137.67418,0.0,0,0
-55.463882,-138.35228,0.0,0,0
-55.808174,-139.04546,0.0,0,0
-56.14841,-139.75294,0.011450757,0,0
-56.484074,-140.47614,0.5742235,2,0
-56.815308,-141.2142,0.72428983,2,3
-57.141617,-141.96829,0.056785714,0,0
-57.46306,-142.73787,0.0,0,0
-57.779224,-143.52379,0.0,0,0
-58.090054,-144.32578,0.0,0,0
-58.39524,-145.1443,0.0,0,0
-58.694603,-145.97943,0.0,0,0
-58.987946,-146.83127,0.0,0,0
-59.27496,-147.7001,0.0,0,0
-59.555557,-148.58572,0.0,0,0
-59.829308,-149.48866,0.0,0,0
-60.096252,-150.40831,0.0,0,0
-60.355797,-151.3455,0.0,0,0
-60.608147,-152.2992,0.0,0,0
-60.852535,-153.2705,0.014913368,0,0
-61.08929,-154.25806,0.18662931,0,0
-61.31762,-155.26288,0.69016165,2,1
-61.537804,-156.28369,0.9421997,3,5
-61.74916,-157.32115,0.9784118,3,3
-61.95182,-158.37424,0.60426795,2,0
-62.14528,-159.4431,0.7473252,2,3
-62.329494,-160.52701,0.99561787,3,6
-62.50415,-161.62566,0.8245199,3,5
-62.669044,-162.7385,0.7484575,2,5
-62.82406,-163.86484,0.9192271,3,9
-62.96878,-165.00429,0.6449952,2,2
-63.10335,-166.15579,0.24731204,0,0
-63.227158,-167.31909,0.15079516,0,0
-63.34057,-168.49281,0.5043715,2,0
-63.442772,-169.67673,0.9804352,3,9
-63.53437,-170.8693,0.7321292,2,4
-63.614426,-172.0702,0.19246738,0,0
-63.6836,-173.27792,0.065028116,0,0
-63.74112,-174.49185,0.0,0,0
-63.787468,-175.71063,0.0,0,0
-63.82212,-176.93338,0.0,0,0
-63.845364,-178.1589,0.0,0,0
-63.856937,-179.38611,0.0,0,0
-63.856937,179.38611,0.0,0,0
-63.845364,178.1589,0.0,0,0
-63.82212,176.93338,0.10644871,0,0
-63.787468,175.71063,0.40266237,1,0
-63.74112,174.49185,0.9554225,3,15
-63.6836,173.27792,0.9130036,3,9
-63.614426,172.0702,0.48527366,1,0
-63.53437,170.8693,0.9549472,3,8
-63.442772,169.67673,0.9431869,3,5
-63.34057,168.49281,0.89964664,3,2
-63.227158,167.31909,0.84690714,3,11
-63.10335,166.15579,0.8574405,3,10
-62.96878,165.00429,0.942872,3,28
-62.82406,163.86484,0.9680331,3,9
-62.669044,162.7385,0.8627153,3,14
-62.50415,161.62566,0.8882791,3,21
-62.329494,160.52701,0.53804356,2,0
-62.14528,159.4431,0.6128949,2,1
-61.95182,158.37424,0.9742764,3,28
-61.74916,157.32115,0.14215134,0,0
-61.537804,156.28369,0.0,0,0
-61.31762,155.26288,0.0,0,0
-61.08929,154.25806,0.0,0,0
-60.852535,153.2705,0.0,0,0
-60.608147,152.2992,0.0,0,0
-60.355797,151.3455,0.0,0,0
-60.096252,150.40831,0.0,0,0
-59.829308,149.48866,0.0,0,0
-59.555557,148.58572,0.0,0,0
-59.27496,147.7001,0.0,0,0
-58.987946,146.83127,0.0,0,0
-58.694603,145.97943,0.0,0,0
-58.39524,145.1443,0.0,0,0
-58.090054,144.32578,0.0,0,0
-57.779224,143.52379,0.0,0,0
-57.46306,142.73787,0.0,0,0
-57.141617,141.96829,0.0,0,0
-56.815308,141.2142,0.0,0,0
-56.484074,140.47614,0.0,0,0
-56.14841,139.75294,0.0,0,0
-55.808174,139.04546,0.0,0,0
-55.463882,138.35228,0.0,0,0
-55.11542,137.67418,0.0,0,0
-54.763214,137.01,0.0,0,0
-54.40724,136.36017,0.0,0,0
-54.04782,135.72385,0.0,0,0
-53.685,135.1012,0.0,0,0
-53.319008,134.49164,0.0,0,0
-52.949966,133.89505,0.0,0,0
-52.57802,133.3111,0.0,0,0
-52.20334,132.73944,0.0,0,0
-51.826023,132.18,0.0,0,0
-51.446274,131.63214,0.0,0,0
-51.064125,131.0961,0.0,0,0
-50.679825,130.57098,0.0,0,0
-50.29335,130.05727,0.0,0,0
-49.904984,129.55386,0.0,0,0
-49.514687,129.06136,0.0,0,0
-49.122696,128.57872,0.0,0,0
-48.729027,128.10634,0.0,0,0
-48.333866,127.64348,0.0,0,0
-47.93724,127.19026,0.0,0,0
-47.539307,126.746185,0.0,0,0
-47.140118,126.31122,0.0,0,0
-46.829544,-126.921936,0.0,0,0
-47.22473,-127.359634,0.0,0,0
-47.618607,-127.80635,0.0,0,0
-48.011116,-128.2621,0.0,0,0
-48.402115,-128.72742,0.0,0,0
-48.791565,-129.2021,0.0,0,0
-49.179276,-129.68692,0.0,0,0
-49.565247,-130.18147,0.0,0,0
-49.94923,-130.68678,0.0,0,0
-50.331253,-131.20226,0.0,0,0
-50.711063,-131.72894,0.0,0,0
-51.08867,-132.26636,0.0,0,0
-51.463818,-132.81538,0.0,0,0
-51.836494,-133.3758,0.0,0,0
-52.206463,-133.9482,0.0,0,0
-52.573658,-134.53262,0.0,0,0
-52.937904,-135.12946,0.0,0,0
-53.299053,-135.73897,0.0,0,0
-53.656982,-136.36127,0.0,0,0
-54.011475,-136.9969,0.0,0,0
-54.362473,-137.64572,0.0,0,0
-54.709667,-138.30853,0.0,0,0
-55.053078,-138.9849,0.0,0,0
-55.39229,-139.67592,0.0,0,0
-55.727417,-140.38084,0.0,0,0
-56.057953,-141.101,0.25583148,1,0
-56.384026,-141.83554,0.9521131,3,2
-56.70517,-142.58565,0.3514466,1,0
-57.021427,-143.35072,0.013299234,0,0
-57.332397,-144.13158,0.0,0,0
-57.63803,-144.92792,0.0,0,0
-57.938034,-145.74023,0.0,0,0
-58.232224,-146.56851,0.0,0,0
-58.520397,-147.41284,0.0,0,0
-58.802273,-148.2735,0.0,0,0
-59.07777,-149.15027,0.0,0,0
-59.346447,-150.04362,0.0,0,0
-59.60837,-150.95294,0.0,0,0
-59.862953,-151.87907,0.0,0,0
-60.11041,-152.8209,0.033637736,0,0
-60.349976,-153.77954,0.4049187,1,0
-60.582,-154.75366,0.98638564,3,4
-60.805695,-155.74417,0.75839925,3,2
-61.02134,-156.74992,0.26646164,1,0
-61.228287,-157.77142,0.64185584,2,1
-61.42666,-158.80775,0.86740947,3,4
-61.615967,-159.85901,0.1829926,0,0
-61.79619,-160.92448,0.16984753,0,0
-61.96701,-162.00388,0.34587097,1,0
-62.12824,-163.09668,0.5765261,2,0
-62.27977,-164.2022,0.30064517,1,0
-62.42122,-165.32007,0.653363,2,1
-62.552708,-166.44928,0.9909918,3,28
-62.673653,-167.58957,0.98148614,3,4
-62.78443,-168.73964,0.7503582,3,10
-62.884235,-169.89929,0.34085244,1,0
-62.973675,-171.06706,0.058277514,0,0
-63.05182,-172.24266,0.0,0,0
-63.11935,-173.42462,0.0,0,0
-63.17549,-174.61241,0.0,0,0
-63.220726,-175.80473,0.0,0,0
-63.25454,-177.00076,0.0,0,0
-63.277225,-178.1994,0.0,0,0
-63.28852,-179.39963,0.0,0,0
-63.28852,179.39963,0.0,0,0
-63.277225,178.1994,0.0,0,0
-63.25454,177.00076,0.0,0,0
-63.220726,175.80473,0.0,0,0
-63.17549,174.61241,0.09682644,0,0
-63.11935,173.42462,0.04099673,0,0
-63.05182,172.24266,0.04855856,0,0
-62.973675,171.06706,0.51913625,2,0
-62.884235,169.89929,0.69660246,2,4
-62.78443,168.73964,0.41391698,1,0
-62.673653,167.58957,0.254385,1,0
-62.552708,166.44928,0.4747086,1,0
-62.42122,165.32007,0.06402795,0,0
-62.27977,164.2022,0.09930986,0,0
-62.12824,163.09668,0.030966934,0,0
-61.96701,162.00388,0.24950418,0,0
-61.79619,160.92448,0.9939954,3,30
-61.615967,159.85901,0.91801643,3,11
-61.42666,158.80775,0.3472753,1,0
-61.228287,157.77142,0.01800284,0,0
-61.02134,156.74992,0.0,0,0
-60.805695,155.74417,0.0,0,0
-60.582,154.75366,0.0,0,0
-60.349976,153.77954,0.0,0,0
-60.11041,152.8209,0.0,0,0
-59.862953,151.87907,0.0,0,0
-59.60837,150.95294,0.0,0,0
-59.346447,150.04362,0.0,0,0
-59.07777,149.15027,0.0,0,0
-58.802273,148.2735,0.0,0,0
-58.520397,147.41284,0.0,0,0
-58.232224,146.56851,0.0,0,0
-57.938034,145.74023,0.0,0,0
-57.63803,144.92792,0.0,0,0
-57.332397,144.13158,0.0,0,0
-57.021427,143.35072,0.0,0,0
-56.70517,142.58565,0.0,0,0
-56.384026,141.83554,0.0,0,0
-56.057953,141.101,0.0,0,0
-55.727417,140.38084,0.0,0,0
-55.39229,139.67592,0.0,0,0
-55.053078,138.9849,0.0,0,0
-54.709667,138.30853,0.0,0,0
-54.362473,137.64572,0.0,0,0
-54.011475,136.9969,0.0,0,0
-53.656982,136.36127,0.0,0,0
-53.299053,135.73897,0.0,0,0
-52.937904,135.12946,0.0,0,0
-52.573658,134.53262,0.0,0,0
-52.206463,133.9482,0.0,0,0
-51.836494,133.3758,0.0,0,0
-51.463818,132.81538,0.0,0,0
-51.08867,132.26636,0.0,0,0
-50.711063,131.72894,0.0,0,0
-50.331253,131.20226,0.0,0,0
-49.94923,130.68678,0.0,0,0
-49.565247,130.18147,0.0,0,0
-49.179276,129.68692,0.0,0,0
-48.791565,129.2021,0.0,0,0
-48.402115,128.72742,0.0,0,0
-48.011116,128.2621,0.0,0,0
-47.618607,127.80635,0.0,0,0
-47.22473,127.359634,0.0,0,0
-46.829544,126.921936,0.0,0,0
-46.515263,-127.5231,0.0,0,0
-46.906445,-127.96329,0.0,0,0
-47.296276,-128.4124,0.0,0,0
-47.68468,-128.87045,0.0,0,0
-48.071526,-129.33794,0.0,0,0
-48.456764,-129.8147,0.0,0,0
-48.84021,-130.30144,0.0,0,0
-49.22187,-130.7978,0.0,0,0
-49.601486,-131.30472,0.0,0,0
-49.9791,-131.82169,0.0,0,0
-50.35444,-132.34966,0.0,0,0
-50.727524,-132.88818,0.0,0,0
-51.098114,-133.4381,0.0,0,0
-51.466167,-133.99918,0.0,0,0
-51.83148,-134.57204,0.0,0,0
-52.193962,-135.15666,0.0,0,0
-52.553455,-135.75343,0.0,0,0
-52.909813,-136.36258,0.0,0,0
-53.262905,-136.98425,0.0,0,0
-53.612522,-137.61891,0.0,0,0
-53.95861,-138.26646,0.0,0,0
-54.300858,-138.92761,0.0,0,0
-54.639294,-139.60196,0.0,0,0
-54.973495,-140.29056,0.0,0,0
-55.303596,-140.99266,0.0,0,0
-55.62908,-141.70953,0.08160113,0,0
-55.950085,-142.44035,0.4258801,1,0
-56.266148,-143.18623,0.8550245,3,1
-56.577316,-143.94658,0.31901616,1,0
-56.883194,-144.72218,0.026945235,0,0
-57.18375,-145.51271,0.0,0,0
-57.47866,-146.31865,0.0,0,0
-57.76778,-147.13992,0.0,0,0
-58.05091,-147.97665,0.0,0,0
-58.327774,-148.82907,0.036942452,0,0
-58.59828,-149.6969,0.5162684,2,0
-58.862022,-150.58067,0.44828078,1,0
-59.11906,-151.4797,0.48277435,1,0
-59.368813,-152.39479,0.2570146,1,0
-59.61151,-153.3249,0.8076263,3,5
-59.846394,-154.27101,0.9381279,3,6
-60.07382,-155.23186,0.36050585,1,0
-60.29302,-156.20833,0.90994763,3,6
-60.504272,-157.19926,0.9250207,3,5
-60.706944,-158.20515,0.66414344,2,2
-60.901165,-159.2251,0.15428601,0,0
-61.08647,-160.25922,0.0,0,0
-61.262825,-161.30676,0.0,0,0
-61.429955,-162.36746,0.0,0,0
-61.587643,-163.44083,0.0,0,0
-61.735825,-164.52618,0.0,0,0
-61.874115,-165.62321,0.028826995,0,0
-62.00264,-166.73088,0.15761913,0,0
-62.12084,-167.849,0.11243223,0,0
-62.229073,-168.97632,0.02752759,0,0
-62.326576,-170.11263,0.0,0,0
-62.41394,-171.25658,0.0,0,0
-62.490265,-172.40787,0.0,0,0
-62.55621,-173.56512,0.0,0,0
-62.611027,-174.72786,0.0,0,0
-62.65519,-175.89484,0.0,0,0
-62.688198,-177.06532,0.0,0,0
-62.710342,-178.23819,0.0,0,0
-62.721367,-179.41255,0.0,0,0
-62.721367,179.41255,0.0,0,0
-62.710342,178.23819,0.0,0,0
-62.688198,177.06532,0.0,0,0
-62.65519,175.89484,0.0,0,0
-62.611027,174.72786,0.0,0,0
-62.55621,173.56512,0.0,0,0
-62.490265,172.40787,0.0,0,0
-62.41394,171.25658,0.06741736,0,0
-62.326576,170.11263,0.08956727,0,0
-62.229073,168.97632,0.0,0,0
-62.12084,167.849,0.0,0,0
-62.00264,166.73088,0.0,0,0
-61.874115,165.62321,0.0,0,0
-61.735825,164.52618,0.0,0,0
-61.587643,163.44083,0.0,0,0
-61.429955,162.36746,0.051635005,0,0
-61.262825,161.30676,0.44957379,1,0
-61.08647,160.25922,0.14276151,0,0
-60.901165,159.2251,0.0,0,0
-60.706944,158.20515,0.0,0,0
-60.504272,157.19926,0.0,0,0
-60.29302,156.20833,0.0,0,0
-60.07382,155.23186,0.0,0,0
-59.846394,154.27101,0.0,0,0
-59.61151,153.3249,0.0,0,0
-59.368813,152.39479,0.0,0,0
-59.11906,151.4797,0.0,0,0
-58.862022,150.58067,0.0,0,0
-58.59828,149.6969,0.0,0,0
-58.327774,148.82907,0.0,0,0
-58.05091,147.97665,0.0,0,0
-57.76778,147.13992,0.0,0,0
-57.47866,146.31865,0.0,0,0
-57.18375,145.51271,0.0,0,0
-56.883194,144.72218,0.0,0,0
-56.577316,143.94658,0.0,0,0
-56.266148,143.18623,0.0,0,0
-55.950085,142.44035,0.0,0,0
-55.62908,141.70953,0.0,0,0
-55.303596,140.99266,0.0,0,0
-54.973495,140.29056,0.0,0,0
-54.639294,139.60196,0.0,0,0
-54.300858,138.92761,0.0,0,0
-53.95861,138.26646,0.0,0,0
-53.612522,137.61891,0.0,0,0
-53.262905,136.98425,0.0,0,0
-52.909813,136.36258,0.0,0,0
-52.553455,135.75343,0.0,0,0
-52.193962,135.15666,0.0,0,0
-51.83148,134.57204,0.0,0,0
-51.466167,133.99918,0.0,0,0
-51.098114,133.4381,0.0,0,0
-50.727524,132.88818,0.0,0,0
-50.35444,132.34966,0.0,0,0
-49.9791,131.82169,0.0,0,0
-49.601486,131.30472,0.0,0,0
-49.22187,130.7978,0.0,0,0
-48.84021,130.30144,0.0,0,0
-48.456764,129.8147,0.0,0,0
-48.071526,129.33794,0.0,0,0
-47.68468,128.87045,0.0,0,0
-47.296276,128.4124,0.0,0,0
-46.906445,127.96329,0.0,0,0
-46.515263,127.5231,0.0,0,0
-46.197296,-128.11453,0.0,0,0
-46.584488,-128.557,0.0,0,0
-46.97028,-129.00827,0.0,0,0
-47.354595,-129.46837,0.0,0,0
-47.737297,-129.93779,0.0,0,0
-48.118343,-130.41637,0.0,0,0
-48.49755,-130.90477,0.0,0,0
-48.874916,-131.40266,0.0,0,0
-49.25019,-131.91095,0.0,0,0
-49.623417,-132.42911,0.0,0,0
-49.994316,-132.9581,0.0,0,0
-50.36292,-133.49747,0.0,0,0
-50.728973,-134.048,0.0,0,0
-51.092453,-134.6095,0.0,0,0
-51.453144,-135.18253,0.0,0,0
-51.810966,-135.76706,0.0,0,0
-52.165756,-136.36351,0.0,0,0
-52.517365,-136.97205,0.0,0,0
-52.865685,-137.5928,0.0,0,0
-53.21048,-138.22623,0.0,0,0
-53.55172,-138.8722,0.0,0,0
-53.889084,-139.53145,0.0,0,0
-54.222622,-140.20352,0.0,0,0
-54.5519,-140.88943,0.0,0,0
-54.877045,-141.58846,0.0,0,0
-55.19756,-142.30182,0.0,0,0
-55.513588,-143.02869,0.039947975,0,0
-55.824665,-143.77014,0.3281403,1,0
-56.130844,-144.52557,0.9932514,3,2
-56.431732,-145.29572,0.23713101,0,0
-56.7273,-146.0803,0.14898342,0,0
-57.017235,-146.8797,0.34830433,1,0
-57.301407,-147.69391,0.25401157,1,0
-57.579605,-148.52295,0.064538345,0,0
-57.851578,-149.36707,0.28736582,1,0
-58.117226,-150.22598,0.9481968,3,4
-58.37616,-151.10013,0.72727615,2,3
-58.628433,-151.98892,0.8184935,3,3
-58.873497,-152.89305,0.9192415,3,3
-59.11156,-153.81152,0.7953537,3,4
-59.341904,-154.74527,0.7124087,2,4
-59.564865,-155.69305,0.9501275,3,3
-59.7797,-156.65573,0.3863306,1,0
-59.986702,-157.63214,0.06703754,0,0
-60.18524,-158.62279,0.0155417435,0,0
-60.375458,-159.62674,0.0,0,0
-60.556885,-160.64412,0.0,0,0
-60.729515,-161.67422,0.0,0,0
-60.893066,-162.71681,0.0,0,0
-61.04736,-163.77136,0.0,0,0
-61.192307,-164.83722,0.0,0,0
-61.327553,-165.91408,0.0,0,0
-61.453224,-167.001,0.0,0,0
-61.568783,-168.09776,0.0,0,0
-61.674576,-169.20319,0.0,0,0
-61.76987,-170.31708,0.0,0,0
-61.855236,-171.43814,0.0,0,0
-61.92981,-172.56612,0.0,0,0
-61.994232,-173.69969,0.0,0,0
-62.047783,-174.83838,0.0,0,0
-62.09092,-175.98108,0.0,0,0
-62.12316,-177.12706,0.0,0,0
-62.144794,-178.2753,0.0,0,0
-62.155556,-179.42496,0.0,0,0
-62.155556,179.42496,0.0,0,0
-62.144794,178.2753,0.0,0,0
-62.12316,177.12706,0.0,0,0
-62.09092,175.98108,0.0,0,0
-62.047783,174.83838,0.0,0,0
-61.994232,173.69969,0.0,0,0
-61.92981,172.56612,0.0,0,0
-61.855236,171.43814,0.0,0,0
-61.76987,170.31708,0.0,0,0
-61.674576,169.20319,0.0,0,0
-61.568783,168.09776,0.0,0,0
-61.453224,167.001,0.0,0,0
-61.327553,165.91408,0.0,0,0
-61.192307,164.83722,0.0,0,0
-61.04736,163.77136,0.0,0,0
-60.893066,162.71681,0.0,0,0
-60.729515,161.67422,0.0,0,0
-60.556885,160.64412,0.0,0,0
-60.375458,159.62674,0.0,0,0
-60.18524,158.62279,0.0,0,0
-59.986702,157.63214,0.0,0,0
-59.7797,156.65573,0.0,0,0
-59.564865,155.69305,0.0,0,0
-59.341904,154.74527,0.0,0,0
-59.11156,153.81152,0.0,0,0
-58.873497,152.89305,0.0,0,0
-58.628433,151.98892,0.0,0,0
-58.37616,151.10013,0.0,0,0
-58.117226,150.22598,0.0,0,0
-57.851578,149.36707,0.0,0,0
-57.579605,148.52295,0.0,0,0
-57.301407,147.69391,0.0,0,0
-57.017235,146.8797,0.0,0,0
-56.7273,146.0803,0.0,0,0
-56.431732,145.29572,0.0,0,0
-56.130844,144.52557,0.0,0,0
-55.824665,143.77014,0.0,0,0
-55.513588,143.02869,0.0,0,0
-55.19756,142.30182,0.0,0,0
-54.877045,141.58846,0.0,0,0
-54.5519,140.88943,0.0,0,0
-54.222622,140.20352,0.0,0,0
-53.889084,139.53145,0.0,0,0
-53.55172,138.8722,0.0,0,0
-53.21048,138.22623,0.0,0,0
-52.865685,137.5928,0.0,0,0
-52.517365,136.97205,0.0,0,0
-52.165756,136.36351,0.0,0,0
-51.810966,135.76706,0.0,0,0
-51.453144,135.18253,0.0,0,0
-51.092453,134.6095,0.0,0,0
-50.728973,134.048,0.0,0,0
-50.36292,133.49747,0.0,0,0
-49.994316,132.9581,0.0,0,0
-49.623417,132.42911,0.0,0,0
-49.25019,131.91095,0.0,0,0
-48.874916,131.40266,0.0,0,0
-48.49755,130.90477,0.0,0,0
-48.118343,130.41637,0.0,0,0
-47.737297,129.93779,0.0,0,0
-47.354595,129.46837,0.0,0,0
-46.97028,129.00827,0.0,0,0
-46.584488,128.557,0.0,0,0
-46.197296,128.11453,0.0,0,0
-45.875946,-128.6968,0.0,0,0
-46.25916,-129.14128,0.0,0,0
-46.640915,-129.5945,0.0,0,0
-47.021156,-130.05643,0.0,0,0
-47.399727,-130.52757,0.0,0,0
-47.776604,-131.0077,0.0,0,0
-48.151585,-131.49756,0.0,0,0
-48.524677,-131.99673,0.0,0,0
-48.895634,-132.50616,0.0,0,0
-49.2645,-133.02528,0.0,0,0
-49.630997,-133.55504,0.0,0,0
-49.99514,-134.095,0.0,0,0
-50.356697,-134.6459,0.0,0,0
-50.71565,-135.20755,0.0,0,0
-51.071754,-135.7805,0.0,0,0
-51.42496,-136.36473,0.0,0,0
-51.775097,-136.96056,0.0,0,0
-52.122013,-137.56822,0.0,0,0
-52.465607,-138.18782,0.0,0,0
-52.80565,-138.8198,0.0,0,0
-53.1421,-139.46396,0.0,0,0
-53.474663,-140.12106,0.0,0,0
-53.80336,-140.79062,0.0,0,0
-54.127777,-141.47365,0.0,0,0
-54.44805,-142.1694,0.0,0,0
-54.763683,-142.87906,0.0,0,0
-55.074818,-143.60179,0.0,0,0
-55.38099,-144.33861,0.022967502,0,0
-55.682274,-145.08899,0.5435065,2,0
-55.978264,-145.85355,0.64484537,2,3
-56.268948,-146.63205,0.98177475,3,3
-56.554016,-147.4248,0.8529779,3,6
-56.833347,-148.23183,0.86671287,3,3
-57.106728,-149.05312,0.784633,3,3
-57.37391,-149.8889,0.463339,1,0
-57.63482,-150.73886,0.75308573,3,2
-57.889053,-151.60345,0.038088113,0,0
-58.136692,-152.48204,0.027060933,0,0
-58.377182,-153.37532,0.047518678,0,0
-58.61075,-154.28226,0.14941826,0,0
-58.836666,-155.20383,0.5592233,2,0
-59.055298,-156.13876,0.13171665,0,0
-59.265903,-157.08786,0.0,0,0
-59.468777,-158.05005,0.0,0,0
-59.663307,-159.02574,0.0,0,0
-59.849632,-160.0141,0.0,0,0
-60.02731,-161.01518,0.0,0,0
-60.196335,-162.02834,0.0,0,0
-60.356434,-163.05331,0.0,0,0
-60.507446,-164.08957,0.0,0,0
-60.649273,-165.13655,0.0,0,0
-60.78158,-166.19392,0.0,0,0
-60.90451,-167.26077,0.0,0,0
-61.01751,-168.33691,0.0,0,0
-61.12096,-169.42123,0.0,0,0
-61.214115,-170.5135,0.0,0,0
-61.29756,-171.61253,0.0,0,0
-61.370453,-172.71805,0.0,0,0
-61.43341,-173.82889,0.0,0,0
-61.485737,-174.94449,0.0,0,0
-61.527893,-176.06387,0.0,0,0
-61.559395,-177.18634,0.0,0,0
-61.58053,-178.31093,0.0,0,0
-61.59105,-179.43683,0.0,0,0
-61.59105,179.43683,0.0,0,0
-61.58053,178.31093,0.0,0,0
-61.559395,177.18634,0.0,0,0
-61.527893,176.06387,0.0,0,0
-61.485737,174.94449,0.0,0,0
-61.43341,173.82889,0.0,0,0
-61.370453,172.71805,0.0,0,0
-61.29756,171.61253,0.0,0,0
-61.214115,170.5135,0.0,0,0
-61.12096,169.42123,0.0,0,0
-61.01751,168.33691,0.0,0,0
-60.90451,167.26077,0.0,0,0
-60.78158,166.19392,0.0,0,0
-60.649273,165.13655,0.0,0,0
-60.507446,164.08957,0.0,0,0
-60.356434,163.05331,0.0,0,0
-60.196335,162.02834,0.0,0,0
-60.02731,161.01518,0.0,0,0
-59.849632,160.0141,0.0,0,0
-59.663307,159.02574,0.0,0,0
-59.468777,158.05005,0.0,0,0
-59.265903,157.08786,0.0,0,0
-59.055298,156.13876,0.0,0,0
-58.836666,155.20383,0.0,0,0
-58.61075,154.28226,0.0,0,0
-58.377182,153.37532,0.0,0,0
-58.136692,152.48204,0.0,0,0
-57.889053,151.60345,0.0,0,0
-57.63482,150.73886,0.0,0,0
-57.37391,149.8889,0.0,0,0
-57.106728,149.05312,0.0,0,0
-56.833347,148.23183,0.0,0,0
-56.554016,147.4248,0.0,0,0
-56.268948,146.63205,0.0,0,0
-55.978264,145.85355,0.0,0,0
-55.682274,145.08899,0.0,0,0
-55.38099,144.33861,0.0,0,0
-55.074818,143.60179,0.0,0,0
-54.763683,142.87906,0.0,0,0
-54.44805,142.1694,0.0,0,0
-54.127777,141.47365,0.0,0,0
-53.80336,140.79062,0.0,0,0
-53.474663,140.12106,0.0,0,0
-53.1421,139.46396,0.0,0,0
-52.80565,138.8198,0.0,0,0
-52.465607,138.18782,0.0,0,0
-52.122013,137.56822,0.0,0,0
-51.775097,136.96056,0.0,0,0
-51.42496,136.36473,0.0,0,0
-51.071754,135.7805,0.0,0,0
-50.71565,135.20755,0.0,0,0
-50.356697,134.6459,0.0,0,0
-49.99514,134.095,0.0,0,0
-49.630997,133.55504,0.0,0,0
-49.2645,133.02528,0.0,0,0
-48.895634,132.50616,0.0,0,0
-48.524677,131.99673,0.0,0,0
-48.151585,131.49756,0.0,0,0
-47.776604,131.0077,0.0,0,0
-47.399727,130.52757,0.0,0,0
-47.021156,130.05643,0.0,0,0
-46.640915,129.5945,0.0,0,0
-46.25916,129.14128,0.0,0,0
-45.875946,128.6968,0.0,0,0
-45.551163,-129.26949,0.0,0,0
-45.930405,-129.7158,0.0,0,0
-46.308147,-130.17075,0.0,0,0
-46.68432,-130.63428,0.0,0,0
-47.058784,-131.10687,0.0,0,0
-47.431507,-131.58838,0.0,0,0
-47.80229,-132.07944,0.0,0,0
-48.171143,-132.57967,0.0,0,0
-48.537815,-133.08997,0.0,0,0
-48.902344,-133.60982,0.0,0,0
-49.264465,-134.1401,0.0,0,0
-49.6242,-134.68039,0.0,0,0
-49.981293,-135.23143,0.0,0,0
-50.335747,-135.793,0.0,0,0
-50.68733,-136.36562,0.0,0,0
-51.035965,-136.94928,0.0,0,0
-51.381493,-137.54428,0.0,0,0
-51.723778,-138.15085,0.0,0,0
-52.0627,-138.76903,0.0,0,0
-52.39805,-139.39929,0.0,0,0
-52.729782,-140.04144,0.0,0,0
-53.057594,-140.69617,0.0,0,0
-53.38153,-141.363,0.0,0,0
-53.70117,-142.04292,0.0,0,0
-54.016663,-142.7352,0.0,0,0
-54.32749,-143.44095,0.0,0,0
-54.633816,-144.15938,0.0,0,0
-54.93518,-144.89145,0.0,0,0
-55.23166,-145.63658,0.17129803,0,0
-55.52286,-146.39545,0.7188735,2,1
-55.808765,-147.16772,0.33547756,1,0
-56.089073,-147.9538,0.08336895,0,0
-56.36366,-148.75356,0.24110013,0,0
-56.632336,-149.56706,0.99143517,3,4
-56.89485,-150.39447,0.92590195,3,2
-57.151134,-151.2355,0.482018,1,0
-57.4008,-152.09055,0.013494909,0,0
-57.64392,-152.95901,0.0,0,0
-57.879963,-153.84152,0.0,0,0
-58.10915,-154.73712,0.0,0,0
-58.33078,-155.64665,0.0,0,0
-58.545204,-156.56895,0.0,0,0
-58.751713,-157.50476,0.0,0,0
-58.95058,-158.45302,0.0,0,0
-59.141228,-159.41412,0.0,0,0
-59.3238,-160.38725,0.0,0,0
-59.49785,-161.37247,0.0,0,0
-59.66339,-162.36916,0.0,0,0
-59.820168,-163.377,0.0,0,0
-59.967987,-164.39557,0.0,0,0
-60.10681,-165.42429,0.0,0,0
-60.23629,-166.4628,0.0,0,0
-60.35656,-167.51031,0.0,0,0
-60.46711,-168.56656,0.0,0,0
-60.5683,-169.63052,0.0,0,0
-60.65941,-170.70201,0.0,0,0
-60.74101,-171.77985,0.0,0,0
-60.81228,-172.86383,0.0,0,0
-60.873833,-173.95276,0.0,0,0
-60.924988,-175.04623,0.0,0,0
-60.966194,-176.14325,0.0,0,0
-60.996986,-177.24315,0.0,0,0
-61.017647,-178.34506,0.0,0,0
-61.027924,-179.44821,0.0,0,0
-61.027924,179.44821,0.0,0,0
-61.017647,178.34506,0.0,0,0
-60.996986,177.24315,0.0,0,0
-60.966194,176.14325,0.0,0,0
-60.924988,175.04623,0.0,0,0
-60.873833,173.95276,0.0,0,0
-60.81228,172.86383,0.0,0,0
-60.74101,171.77985,0.0,0,0
-60.65941,170.70201,0.0,0,0
-60.5683,169.63052,0.0,0,0
-60.46711,168.56656,0.0,0,0
-60.35656,167.51031,0.0,0,0
-60.23629,166.4628,0.0,0,0
-60.10681,165.42429,0.0,0,0
-59.967987,164.39557,0.0,0,0
-59.820168,163.377,0.0,0,0
-59.66339,162.36916,0.0,0,0
-59.49785,161.37247,0.0,0,0
-59.3238,160.38725,0.0,0,0
-59.141228,159.41412,0.0,0,0
-58.95058,158.45302,0.0,0,0
-58.751713,157.50476,0.0,0,0
-58.545204,156.56895,0.0,0,0
-58.33078,155.64665,0.0,0,0
-58.10915,154.73712,0.0,0,0
-57.879963,153.84152,0.0,0,0
-57.64392,152.95901,0.0,0,0
-57.4008,152.09055,0.0,0,0
-57.151134,151.2355,0.0,0,0
-56.89485,150.39447,0.0,0,0
-56.632336,149.56706,0.0,0,0
-56.36366,148.75356,0.0,0,0
-56.089073,147.9538,0.0,0,0
-55.808765,147.16772,0.0,0,0
-55.52286,146.39545,0.0,0,0
-55.23166,145.63658,0.0,0,0
-54.93518,144.89145,0.0,0,0
-54.633816,144.15938,0.0,0,0
-54.32749,143.44095,0.0,0,0
-54.016663,142.7352,0.0,0,0
-53.70117,142.04292,0.0,0,0
-53.38153,141.363,0.0,0,0
-53.057594,140.69617,0.0,0,0
-52.729782,140.04144,0.0,0,0
-52.39805,139.39929,0.0,0,0
-52.0627,138.76903,0.0,0,0
-51.723778,138.15085,0.0,0,0
-51.381493,137.54428,0.0,0,0
-51.035965,136.94928,0.0,0,0
-50.68733,136.36562,0.0,0,0
-50.335747,135.793,0.0,0,0
-49.981293,135.23143,0.0,0,0
-49.6242,134.68039,0.0,0,0
-49.264465,134.1401,0.0,0,0
-48.902344,133.60982,0.0,0,0
-48.537815,133.08997,0.0,0,0
-48.171143,132.57967,0.0,0,0
-47.80229,132.07944,0.0,0,0
-47.431507,131.58838,0.0,0,0
-47.058784,131.10687,0.0,0,0
-46.68432,130.63428,0.0,0,0
-46.308147,130.17075,0.0,0,0
-45.930405,129.7158,0.0,0,0
-45.551163,129.26949,0.0,0,0
-45.223198,-129.83308,0.0,0,0
-45.598488,-130.28104,0.0,0,0
-45.97223,-130.73749,0.0,0,0
-46.344357,-131.20242,0.0,0,0
-46.714737,-131.6763,0.0,0,0
-47.08333,-132.15894,0.0,0,0
-47.449932,-132.65097,0.0,0,0
-47.814568,-133.15204,0.0,0,0
-48.17698,-133.66301,0.0,0,0
-48.537205,-134.18335,0.0,0,0
-48.894985,-134.71394,0.0,0,0
-49.25035,-135.25435,0.0,0,0
-49.60303,-135.8053,0.0,0,0
-49.953022,-136.36655,0.0,0,0
-50.300117,-136.93863,0.0,0,0
-50.644234,-137.52148,0.0,0,0
-50.985214,-138.11545,0.0,0,0
-51.322914,-138.72067,0.0,0,0
-51.657227,-139.33725,0.0,0,0
-51.987946,-139.9656,0.0,0,0
-52.315025,-140.60553,0.0,0,0
-52.63816,-141.25769,0.0,0,0
-52.957405,-141.92162,0.0,0,0
-53.272343,-142.59827,0.0,0,0
-53.583115,-143.2869,0.0,0,0
-53.88922,-143.98856,0.0,0,0
-54.190834,-144.70251,0.0,0,0
-54.48748,-145.42969,0.0,0,0
-54.779243,-146.16946,0.0,0,0
-55.065742,-146.92253,0.018140292,0,0
-55.346962,-147.68854,0.0,0,0
-55.622612,-148.46782,0.0,0,0
-55.892563,-149.26028,0.015810069,0,0
-56.15664,-150.06596,0.14439906,0,0
-56.414597,-150.88501,0.08989238,0,0
-56.666363,-151.71713,0.02823988,0,0
-56.911568,-152.5627,0.0,0,0
-57.15029,-153.42114,0.0,0,0
-57.382,-154.29297,0.0,0,0
-57.60693,-155.17737,0.0,0,0
-57.824387,-156.07504,0.0,0,0
-58.034725,-156.98494,0.0,0,0
-58.237244,-157.90768,0.0,0,0
-58.43223,-158.84229,0.0,0,0
-58.619118,-159.78914,0.0,0,0
-58.798042,-160.7474,0.0,0,0
-58.968586,-161.71718,0.0,0,0
-59.130753,-162.69781,0.0,0,0
-59.284298,-163.68906,0.0,0,0
-59.429054,-164.69046,0.0,0,0
-59.564972,-165.70145,0.0,0,0
-59.69171,-166.72173,0.0,0,0
-59.809433,-167.75052,0.0,0,0
-59.91761,-168.78757,0.0,0,0
-60.016617,-169.8319,0.0,0,0
-60.10575,-170.88332,0.0,0,0
-60.18557,-171.94075,0.0,0,0
-60.25528,-173.00395,0.0,0,0
-60.31548,-174.07185,0.0,0,0
-60.3655,-175.14403,0.0,0,0
-60.405796,-176.21954,0.0,0,0
-60.43591,-177.29776,0.0,0,0
-60.4561,-178.37788,0.0,0,0
-60.466156,-179.45917,0.0,0,0
-60.466156,179.45917,0.0,0,0
-60.4561,178.37788,0.0,0,0
-60.43591,177.29776,0.0,0,0
-60.405796,176.21954,0.0,0,0
-60.3655,175.14403,0.0,0,0
-60.31548,174.07185,0.0,0,0
-60.25528,173.00395,0.0,0,0
-60.18557,171.94075,0.0,0,0
-60.10575,170.88332,0.0,0,0
-60.016617,169.8319,0.0,0,0
-59.91761,168.78757,0.0,0,0
-59.809433,167.75052,0.0,0,0
-59.69171,166.72173,0.0,0,0
-59.564972,165.70145,0.0,0,0
-59.429054,164.69046,0.0,0,0
-59.284298,163.68906,0.0,0,0
-59.130753,162.69781,0.0,0,0
-58.968586,161.71718,0.0,0,0
-58.798042,160.7474,0.0,0,0
-58.619118,159.78914,0.0,0,0
-58.43223,158.84229,0.0,0,0
-58.237244,157.90768,0.0,0,0
-58.034725,156.98494,0.0,0,0
-57.824387,156.07504,0.0,0,0
-57.60693,155.17737,0.0,0,0
-57.382,154.29297,0.0,0,0
-57.15029,153.42114,0.0,0,0
-56.911568,152.5627,0.0,0,0
-56.666363,151.71713,0.0,0,0
-56.414597,150.88501,0.0,0,0
-56.15664,150.06596,0.0,0,0
-55.892563,149.26028,0.0,0,0
-55.622612,148.46782,0.0,0,0
-55.346962,147.68854,0.0,0,0
-55.065742,146.92253,0.0,0,0
-54.779243,146.16946,0.0,0,0
-54.48748,145.42969,0.0,0,0
-54.190834,144.70251,0.0,0,0
-53.88922,143.98856,0.0,0,0
-53.583115,143.2869,0.0,0,0
-53.272343,142.59827,0.0,0,0
-52.957405,141.92162,0.0,0,0
-52.63816,141.25769,0.0,0,0
-52.315025,140.60553,0.0,0,0
-51.987946,139.9656,0.0,0,0
-51.657227,139.33725,0.0,0,0
-51.322914,138.72067,0.0,0,0
-50.985214,138.11545,0.0,0,0
-50.644234,137.52148,0.0,0,0
-50.300117,136.93863,0.0,0,0
-49.953022,136.36655,0.0,0,0
-49.60303,135.8053,0.0,0,0
-49.25035,135.25435,0.0,0,0
-48.894985,134.71394,0.0,0,0
-48.537205,134.18335,0.0,0,0
-48.17698,133.66301,0.0,0,0
-47.814568,133.15204,0.0,0,0
-47.449932,132.65097,0.0,0,0
-47.08333,132.15894,0.0,0,0
-46.714737,131.6763,0.0,0,0
-46.344357,131.20242,0.0,0,0
-45.97223,130.73749,0.0,0,0
-45.598488,130.28104,0.0,0,0
-45.223198,129.83308,0.0,0,0
-44.89216,-130.38762,0.0,0,0
-45.263504,-130.837,0.0,0,0
-45.63326,-131.29477,0.0,0,0
-46.001366,-131.7609,0.0,0,0
-46.367676,-132.23584,0.0,0,0
-46.732155,-132.7194,0.0,0,0
-47.094612,-133.2122,0.0,0,0
-47.45506,-133.71391,0.0,0,0
-47.81324,-134.22534,0.0,0,0
-48.169205,-134.74597,0.0,0,0
-48.522682,-135.27666,0.0,0,0
-48.873703,-135.81699,0.0,0,0
-49.222008,-136.36761,0.0,0,0
-49.567593,-136.92834,0.0,0,0
-49.910244,-137.49966,0.0,0,0
-50.249893,-138.08153,0.0,0,0
-50.586372,-138.67422,0.0,0,0
-50.919548,-139.27794,0.0,0,0
-51.249313,-139.89272,0.0,0,0
-51.575455,-140.51894,0.0,0,0
-51.897945,-141.15645,0.0,0,0
-52.216476,-141.80586,0.0,0,0
-52.5311,-142.4667,0.0,0,0
-52.84141,-143.1399,0.0,0,0
-53.14755,-143.8247,0.0,0,0
-53.449017,-144.52219,0.0,0,0
-53.745983,-145.23155,0.0,0,0
-54.038002,-145.95367,0.0,0,0
-54.325146,-146.68803,0.0,0,0
-54.607037,-147.43518,0.0,0,0
-54.88367,-148.19482,0.0,0,0
-55.154755,-148.96727,0.0,0,0
-55.420174,-149.75241,0.0,0,0
-55.679756,-150.55026,0.0,0,0
-55.933258,-151.36096,0.0,0,0
-56.180622,-152.18423,0.0,0,0
-56.42148,-153.02037,0.0,0,0
-56.655914,-153.86885,0.0,0,0
-56.883404,-154.73018,0.0,0,0
-57.104187,-155.60349,0.0,0,0
-57.317585,-156.48953,0.0,0,0
-57.523952,-157.3872,0.0,0,0
-57.722603,-158.29716,0.0,0,0
-57.913826,-159.21841,0.0,0,0
-58.097057,-160.15132,0.0,0,0
-58.27245,-161.09511,0.0,0,0
-58.439594,-162.04982,0.0,0,0
-58.598495,-163.01486,0.0,0,0
-58.74892,-163.98994,0.0,0,0
-58.89071,-164.97467,0.0,0,0
-59.023815,-165.9685,0.0,0,0
-59.147915,-166.97115,0.0,0,0
-59.263165,-167.98183,0.0,0,0
-59.369064,-169.0003,0.0,0,0
-59.465958,-170.02568,0.0,0,0
-59.553185,-171.05779,0.0,0,0
-59.631294,-172.09552,0.0,0,0
-59.699497,-173.13875,0.0,0,0
-59.75839,-174.1864,0.0,0,0
-59.807327,-175.23807,0.0,0,0
-59.84674,-176.29286,0.0,0,0
-59.876198,-177.35025,0.0,0,0
-59.89595,-178.40942,0.0,0,0
-59.90578,-179.46968,0.0,0,0
-59.90578,179.46968,0.0,0,0
-59.89595,178.40942,0.0,0,0
-59.876198,177.35025,0.0,0,0
-59.84674,176.29286,0.0,0,0
-59.807327,175.23807,0.0,0,0
-59.75839,174.1864,0.0,0,0
-59.699497,173.13875,0.0,0,0
-59.631294,172.09552,0.0,0,0
-59.553185,171.05779,0.0,0,0
-59.465958,170.02568,0.0,0,0
-59.369064,169.0003,0.0,0,0
-59.263165,167.98183,0.0,0,0
-59.147915,166.97115,0.0,0,0
-59.023815,165.9685,0.0,0,0
-58.89071,164.97467,0.0,0,0
-58.74892,163.98994,0.0,0,0
-58.598495,163.01486,0.0,0,0
-58.439594,162.04982,0.0,0,0
-58.27245,161.09511,0.0,0,0
-58.097057,160.15132,0.0,0,0
-57.913826,159.21841,0.0,0,0
-57.722603,158.29716,0.0,0,0
-57.523952,157.3872,0.0,0,0
-57.317585,156.48953,0.0,0,0
-57.104187,155.60349,0.0,0,0
-56.883404,154.73018,0.0,0,0
-56.655914,153.86885,0.0,0,0
-56.42148,153.02037,0.0,0,0
-56.180622,152.18423,0.0,0,0
-55.933258,151.36096,0.0,0,0
-55.679756,150.55026,0.0,0,0
-55.420174,149.75241,0.0,0,0
-55.154755,148.96727,0.0,0,0
-54.88367,148.19482,0.0,0,0
-54.607037,147.43518,0.0,0,0
-54.325146,146.68803,0.0,0,0
-54.038002,145.95367,0.0,0,0
-53.745983,145.23155,0.0,0,0
-53.449017,144.52219,0.0,0,0
-53.14755,143.8247,0.0,0,0
-52.84141,143.1399,0.0,0,0
-52.5311,142.4667,0.0,0,0
-52.216476,141.80586,0.0,0,0
-51.897945,141.15645,0.0,0,0
-51.575455,140.51894,0.0,0,0
-51.249313,139.89272,0.0,0,0
-50.919548,139.27794,0.0,0,0
-50.586372,138.67422,0.0,0,0
-50.249893,138.08153,0.0,0,0
-49.910244,137.49966,0.0,0,0
-49.567593,136.92834,0.0,0,0
-49.222008,136.36761,0.0,0,0
-48.873703,135.81699,0.0,0,0
-48.522682,135.27666,0.0,0,0
-48.169205,134.74597,0.0,0,0
-47.81324,134.22534,0.0,0,0
-47.45506,133.71391,0.0,0,0
-47.094612,133.2122,0.0,0,0
-46.732155,132.7194,0.0,0,0
-46.367676,132.23584,0.0,0,0
-46.001366,131.7609,0.0,0,0
-45.63326,131.29477,0.0,0,0
-45.263504,130.837,0.0,0,0
-44.89216,130.38762,0.0,0,0
-44.558094,-130.93304,0.0,0,0
-44.925514,-131.38365,0.0,0,0
-45.291313,-131.84256,0.0,0,0
-45.655415,-132.30968,0.0,0,0
-46.017677,-132.78548,0.0,0,0
-46.378075,-133.26978,0.0,0,0
-46.736412,-133.76318,0.0,0,0
-47.092705,-134.2653,0.0,0,0
-47.446686,-134.77698,0.0,0,0
-47.798424,-135.2977,0.0,0,0
-48.14763,-135.82828,0.0,0,0
-48.494347,-136.3683,0.0,0,0
-48.838326,-136.91843,0.0,0,0
-49.17955,-137.47844,0.0,0,0
-49.517803,-138.0488,0.0,0,0
-49.853035,-138.62946,0.0,0,0
-50.185066,-139.2207,0.0,0,0
-50.51377,-139.8227,0.0,0,0
-50.83905,-140.43549,0.0,0,0
-51.160686,-141.05942,0.0,0,0
-51.478653,-141.69434,0.0,0,0
-51.79265,-142.34082,0.0,0,0
-52.10273,-142.99844,0.0,0,0
-52.408485,-143.66803,0.0,0,0
-52.71006,-144.3489,0.0,0,0
-53.006977,-145.04202,0.0,0,0
-53.299397,-145.74669,0.0,0,0
-53.58687,-146.46368,0.0,0,0
-53.869476,-147.19247,0.0,0,0
-54.14686,-147.93365,0.0,0,0
-54.419,-148.68689,0.0,0,0
-54.685623,-149.45247,0.0,0,0
-54.946617,-150.23026,0.0,0,0
-55.20181,-151.0203,0.0,0,0
-55.45096,-151.82266,0.0,0,0
-55.694023,-152.6371,0.0,0,0
-55.93064,-153.46393,0.0,0,0
-56.160896,-154.30255,0.0,0,0
-56.38428,-155.15349,0.0,0,0
-56.601032,-156.0159,0.0,0,0
-56.810486,-156.89049,0.0,0,0
-57.012993,-157.77618,0.0,0,0
-57.207886,-158.67358,0.0,0,0
-57.39545,-159.58177,0.0,0,0
-57.57514,-160.50107,0.0,0,0
-57.74711,-161.43073,0.0,0,0
-57.91096,-162.37079,0.0,0,0
-58.066704,-163.32065,0.0,0,0
-58.214104,-164.28006,0.0,0,0
-58.353024,-165.24863,0.0,0,0
-58.48342,-166.22583,0.0,0,0
-58.604965,-167.2114,0.0,0,0
-58.71783,-168.20453,0.0,0,0
-58.821518,-169.20511,0.0,0,0
-58.91639,-170.21219,0.0,0,0
-59.001778,-171.22565,0.0,0,0
-59.07823,-172.24445,0.0,0,0
-59.14498,-173.26837,0.0,0,0
-59.20262,-174.29651,0.0,0,0
-59.25051,-175.32846,0.0,0,0
-59.28908,-176.36337,0.0,0,0
-59.317898,-177.40073,0.0,0,0
-59.337227,-178.43976,0.0,0,0
-59.346848,-179.4798,0.0,0,0
-59.346848,179.4798,0.0,0,0
-59.337227,178.43976,0.0,0,0
-59.317898,177.40073,0.0,0,0
-59.28908,176.36337,0.0,0,0
-59.25051,175.32846,0.0,0,0
-59.20262,174.29651,0.0,0,0
-59.14498,173.26837,0.0,0,0
-59.07823,172.24445,0.0,0,0
-59.001778,171.22565,0.0,0,0
-58.91639,170.21219,0.0,0,0
-58.821518,169.20511,0.0,0,0
-58.71783,168.20453,0.0,0,0
-58.604965,167.2114,0.0,0,0
-58.48342,166.22583,0.0,0,0
-58.353024,165.24863,0.0,0,0
-58.214104,164.28006,0.0,0,0
-58.066704,163.32065,0.0,0,0
-57.91096,162.37079,0.0,0,0
-57.74711,161.43073,0.0,0,0
-57.57514,160.50107,0.0,0,0
-57.39545,159.58177,0.0,0,0
-57.207886,158.67358,0.0,0,0
-57.012993,157.77618,0.0,0,0
-56.810486,156.89049,0.0,0,0
-56.601032,156.0159,0.0,0,0
-56.38428,155.15349,0.0,0,0
-56.160896,154.30255,0.0,0,0
-55.93064,153.46393,0.0,0,0
-55.694023,152.6371,0.0,0,0
-55.45096,151.82266,0.0,0,0
-55.20181,151.0203,0.0,0,0
-54.946617,150.23026,0.0,0,0
-54.685623,149.45247,0.0,0,0
-54.419,148.68689,0.0,0,0
-54.14686,147.93365,0.0,0,0
-53.869476,147.19247,0.0,0,0
-53.58687,146.46368,0.0,0,0
-53.299397,145.74669,0.0,0,0
-53.006977,145.04202,0.0,0,0
-52.71006,144.3489,0.0,0,0
-52.408485,143.66803,0.0,0,0
-52.10273,142.99844,0.0,0,0
-51.79265,142.34082,0.0,0,0
-51.478653,141.69434,0.0,0,0
-51.160686,141.05942,0.0,0,0
-50.83905,140.43549,0.0,0,0
-50.51377,139.8227,0.0,0,0
-50.185066,139.2207,0.0,0,0
-49.853035,138.62946,0.0,0,0
-49.517803,138.0488,0.0,0,0
-49.17955,137.47844,0.0,0,0
-48.838326,136.91843,0.0,0,0
-48.494347,136.3683,0.0,0,0
-48.14763,135.82828,0.0,0,0
-47.798424,135.2977,0.0,0,0
-47.446686,134.77698,0.0,0,0
-47.092705,134.2653,0.0,0,0
-46.736412,133.76318,0.0,0,0
-46.378075,133.26978,0.0,0,0
-46.017677,132.78548,0.0,0,0
-45.655415,132.30968,0.0,0,0
-45.291313,131.84256,0.0,0,0
-44.925514,131.38365,0.0,0,0
-44.558094,130.93304,0.0,0,0
-44.22125,-131.4698,0.0,0,0
-44.584763,-131.92151,0.0,0,0
-44.946617,-132.38133,0.0,0,0
-45.30674,-132.84927,0.0,0,0
-45.664986,-133.32578,0.0,0,0
-46.02133,-133.81062,0.0,0,0
-46.375572,-134.30441,0.0,0,0
-46.727734,-134.80678,0.0,0,0
-47.077557,-135.31853,0.0,0,0
-47.425095,-135.83914,0.0,0,0
-47.77007,-136.36945,0.0,0,0
-48.11253,-136.90895,0.0,0,0
-48.452217,-137.4584,0.0,0,0
-48.789116,-138.01752,0.0,0,0
-49.12304,-138.58673,0.0,0,0
-49.453896,-139.16602,0.0,0,0
-49.78154,-139.75565,0.0,0,0
-50.105835,-140.35573,0.0,0,0
-50.42668,-140.96635,0.0,0,0
-50.74387,-141.58784,0.0,0,0
-51.057377,-142.22003,0.0,0,0
-51.3669,-142.86345,0.0,0,0
-51.6725,-143.51768,0.0,0,0
-51.97378,-144.18353,0.0,0,0
-52.270874,-144.86034,0.0,0,0
-52.563313,-145.54904,0.0,0,0
-52.851257,-146.24886,0.0,0,0
-53.13427,-146.96065,0.0,0,0
-53.412434,-147.68384,0.0,0,0
-53.685394,-148.41899,0.0,0,0
-53.953136,-149.16577,0.0,0,0
-54.21539,-149.92442,0.0,0,0
-54.47205,-150.69489,0.0,0,0
-54.722942,-151.4771,0.0,0,0
-54.967846,-152.2712,0.0,0,0
-55.20672,-153.07687,0.0,0,0
-55.439194,-153.89445,0.0,0,0
-55.665375,-154.72333,0.0,0,0
-55.884754,-155.56403,0.0,0,0
-56.09758,-156.41571,0.0,0,0
-56.303192,-157.27899,0.0,0,0
-56.50194,-158.15292,0.0,0,0
-56.693184,-159.03804,0.0,0,0
-56.877193,-159.93347,0.0,0,0
-57.053448,-160.83945,0.0,0,0
-57.22209,-161.7553,0.0,0,0
-57.382748,-162.68106,0.0,0,0
-57.535423,-163.61615,0.0,0,0
-57.679905,-164.56033,0.0,0,0
-57.81604,-165.51321,0.0,0,0
-57.9438,-166.47427,0.0,0,0
-58.062893,-167.44327,0.0,0,0
-58.17344,-168.41946,0.0,0,0
-58.274998,-169.4027,0.0,0,0
-58.36791,-170.39209,0.0,0,0
-58.45152,-171.3875,0.0,0,0
-58.52637,-172.388,0.0,0,0
-58.59172,-173.39336,0.0,0,0
-58.648148,-174.40268,0.0,0,0
-58.695015,-175.4156,0.0,0,0
-58.732777,-176.43132,0.0,0,0
-58.760986,-177.44934,0.0,0,0
-58.7799,-178.46895,0.0,0,0
-58.789314,-179.48955,0.0,0,0
-58.789314,179.48955,0.0,0,0
-58.7799,178.46895,0.0,0,0
-58.760986,177.44934,0.0,0,0
-58.732777,176.43132,0.0,0,0
-58.695015,175.4156,0.0,0,0
-58.648148,174.40268,0.0,0,0
-58.59172,173.39336,0.0,0,0
-58.52637,172.388,0.0,0,0
-58.45152,171.3875,0.0,0,0
-58.36791,170.39209,0.0,0,0
-58.274998,169.4027,0.0,0,0
-58.17344,168.41946,0.0,0,0
-58.062893,167.44327,0.0,0,0
-57.9438,166.47427,0.0,0,0
-57.81604,165.51321,0.0,0,0
-57.679905,164.56033,0.0,0,0
-57.535423,163.61615,0.0,0,0
-57.382748,162.68106,0.0,0,0
-57.22209,161.7553,0.0,0,0
-57.053448,160.83945,0.0,0,0
-56.877193,159.93347,0.0,0,0
-56.693184,159.03804,0.0,0,0
-56.50194,158.15292,0.0,0,0
-56.303192,157.27899,0.0,0,0
-56.09758,156.41571,0.0,0,0
-55.884754,155.56403,0.0,0,0
-55.665375,154.72333,0.0,0,0
-55.439194,153.89445,0.0,0,0
-55.20672,153.07687,0.0,0,0
-54.967846,152.2712,0.0,0,0
-54.722942,151.4771,0.0,0,0
-54.47205,150.69489,0.0,0,0
-54.21539,149.92442,0.0,0,0
-53.953136,149.16577,0.0,0,0
-53.685394,148.41899,0.0,0,0
-53.412434,147.68384,0.0,0,0
-53.13427,146.96065,0.0,0,0
-52.851257,146.24886,0.0,0,0
-52.563313,145.54904,0.0,0,0
-52.270874,144.86034,0.0,0,0
-51.97378,144.18353,0.0,0,0
-51.6725,143.51768,0.0,0,0
-51.3669,142.86345,0.0,0,0
-51.057377,142.22003,0.0,0,0
-50.74387,141.58784,0.0,0,0
-50.42668,140.96635,0.0,0,0
-50.105835,140.35573,0.0,0,0
-49.78154,139.75565,0.0,0,0
-49.453896,139.16602,0.0,0,0
-49.12304,138.58673,0.0,0,0
-48.789116,138.01752,0.0,0,0
-48.452217,137.4584,0.0,0,0
-48.11253,136.90895,0.0,0,0
-47.77007,136.36945,0.0,0,0
-47.425095,135.83914,0.0,0,0
-47.077557,135.31853,0.0,0,0
-46.727734,134.80678,0.0,0,0
-46.375572,134.30441,0.0,0,0
-46.02133,133.81062,0.0,0,0
-45.664986,133.32578,0.0,0,0
-45.30674,132.84927,0.0,0,0
-44.946617,132.38133,0.0,0,0
-44.584763,131.92151,0.0,0,0
-44.22125,131.4698,0.0,0,0
-43.881584,-131.9976,0.0,0,0
-44.241222,-132.45018,0.0,0,0
-44.59915,-132.91077,0.0,0,0
-44.955322,-133.37936,0.0,0,0
-45.309574,-133.85635,0.0,0,0
-45.661896,-134.34155,0.0,0,0
-46.01207,-134.83557,0.0,0,0
-46.360146,-135.338,0.0,0,0
-46.705833,-135.84964,0.0,0,0
-47.049217,-136.36996,0.0,0,0
-47.390007,-136.89978,0.0,0,0
-47.72825,-137.43864,0.0,0,0
-48.06369,-137.98721,0.0,0,0
-48.396324,-138.54523,0.0,0,0
-48.725945,-139.11313,0.0,0,0
-49.05249,-139.69089,0.0,0,0
-49.3758,-140.27872,0.0,0,0
-49.69574,-140.87677,0.0,0,0
-50.012222,-141.48506,0.0,0,0
-50.325027,-142.10394,0.0,0,0
-50.63414,-142.73322,0.0,0,0
-50.93927,-143.37344,0.0,0,0
-51.240467,-144.02417,0.0,0,0
-51.537346,-144.68616,0.0,0,0
-51.830032,-145.35876,0.0,0,0
-52.118073,-146.04291,0.0,0,0
-52.401634,-146.73785,0.0,0,0
-52.68027,-147.44434,0.0,0,0
-52.954086,-148.16187,0.0,0,0
-53.222706,-148.89093,0.0,0,0
-53.48614,-149.63123,0.0,0,0
-53.74412,-150.383,0.0,0,0
-53.99654,-151.14609,0.0,0,0
-54.24324,-151.92053,0.0,0,0
-54.484,-152.70639,0.0,0,0
-54.71878,-153.5034,0.0,0,0
-54.94722,-154.3118,0.0,0,0
-55.169434,-155.13107,0.0,0,0
-55.384914,-155.96165,0.0,0,0
-55.593918,-156.80273,0.0,0,0
-55.795788,-157.65498,0.0,0,0
-55.990894,-158.51736,0.0,0,0
-56.17858,-159.39044,0.0,0,0
-56.359154,-160.27338,0.0,0,0
-56.532066,-161.16638,0.0,0,0
-56.697495,-162.0688,0.0,0,0
-56.85505,-162.98064,0.0,0,0
-57.004753,-163.90137,0.0,0,0
-57.1464,-164.83076,0.0,0,0
-57.279854,-165.76839,0.0,0,0
-57.405075,-166.71384,0.0,0,0
-57.521774,-167.66678,0.0,0,0
-57.630093,-168.62659,0.0,0,0
-57.729584,-169.59305,0.0,0,0
-57.820602,-170.56535,0.0,0,0
-57.902496,-171.54338,0.0,0,0
-57.975815,-172.52621,0.0,0,0
-58.039806,-173.51366,0.0,0,0
-58.09506,-174.50485,0.0,0,0
-58.14096,-175.49945,0.0,0,0
-58.177925,-176.49672,0.0,0,0
-58.205544,-177.49614,0.0,0,0
-58.224068,-178.49707,0.0,0,0
-58.233284,-179.49893,0.0,0,0
-58.233284,179.49893,0.0,0,0
-58.224068,178.49707,0.0,0,0
-58.205544,177.49614,0.0,0,0
-58.177925,176.49672,0.0,0,0
-58.14096,175.49945,0.0,0,0
-58.09506,174.50485,0.0,0,0
-58.039806,173.51366,0.0,0,0
-57.975815,172.52621,0.0,0,0
-57.902496,171.54338,0.0,0,0
-57.820602,170.56535,0.0,0,0
-57.729584,169.59305,0.0,0,0
-57.630093,168.62659,0.0,0,0
-57.521774,167.66678,0.0,0,0
-57.405075,166.71384,0.0,0,0
-57.279854,165.76839,0.0,0,0
-57.1464,164.83076,0.0,0,0
-57.004753,163.90137,0.0,0,0
-56.85505,162.98064,0.0,0,0
-56.697495,162.0688,0.0,0,0
-56.532066,161.16638,0.0,0,0
-56.359154,160.27338,0.0,0,0
-56.17858,159.39044,0.0,0,0
-55.990894,158.51736,0.0,0,0
-55.795788,157.65498,0.0,0,0
-55.593918,156.80273,0.0,0,0
-55.384914,155.96165,0.0,0,0
-55.169434,155.13107,0.0,0,0
-54.94722,154.3118,0.0,0,0
-54.71878,153.5034,0.0,0,0
-54.484,152.70639,0.0,0,0
-54.24324,151.92053,0.0,0,0
-53.99654,151.14609,0.0,0,0
-53.74412,150.383,0.0,0,0
-53.48614,149.63123,0.0,0,0
-53.222706,148.89093,0.0,0,0
-52.954086,148.16187,0.0,0,0
-52.68027,147.44434,0.0,0,0
-52.401634,146.73785,0.0,0,0
-52.118073,146.04291,0.0,0,0
-51.830032,145.35876,0.0,0,0
-51.537346,144.68616,0.0,0,0
-51.240467,144.02417,0.0,0,0
-50.93927,143.37344,0.0,0,0
-50.63414,142.73322,0.0,0,0
-50.325027,142.10394,0.0,0,0
-50.012222,141.48506,0.0,0,0
-49.69574,140.87677,0.0,0,0
-49.3758,140.27872,0.0,0,0
-49.05249,139.69089,0.0,0,0
-48.725945,139.11313,0.0,0,0
-48.396324,138.54523,0.0,0,0
-48.06369,137.98721,0.0,0,0
-47.72825,137.43864,0.0,0,0
-47.390007,136.89978,0.0,0,0
-47.049217,136.36996,0.0,0,0
-46.705833,135.84964,0.0,0,0
-46.360146,135.338,0.0,0,0
-46.01207,134.83557,0.0,0,0
-45.661896,134.34155,0.0,0,0
-45.309574,133.85635,0.0,0,0
-44.955322,133.37936,0.0,0,0
-44.59915,132.91077,0.0,0,0
-44.241222,132.45018,0.0,0,0
-43.881584,131.9976,0.0,0,0
-43.53935,-132.51692,0.0,0,0
-43.895126,-132.97023,0.0,0,0
-44.24916,-133.43141,0.0,0,0
-44.6014,-133.90048,0.0,0,0
-44.951683,-134.37782,0.0,0,0
-45.300007,-134.86322,0.0,0,0
-45.64616,-135.35728,0.0,0,0
-45.990166,-135.8596,0.0,0,0
-46.33177,-136.37096,0.0,0,0
-46.671036,-136.89085,0.0,0,0
-47.00767,-137.42001,0.0,0,0
-47.34174,-137.95805,0.0,0,0
-47.672985,-138.50558,0.0,0,0
-48.001396,-139.06236,0.0,0,0
-48.326775,-139.6288,0.0,0,0
-48.649055,-140.20485,0.0,0,0
-48.96808,-140.79073,0.0,0,0
-49.28373,-141.38658,0.0,0,0
-49.595898,-141.99242,0.0,0,0
-49.90438,-142.60857,0.0,0,0
-50.20917,-143.2348,0.0,0,0
-50.509968,-143.8717,0.0,0,0
-50.80683,-144.51881,0.0,0,0
-51.099365,-145.17685,0.0,0,0
-51.387733,-145.84518,0.0,0,0
-51.671455,-146.52469,0.0,0,0
-51.950706,-147.21466,0.0,0,0
-52.225056,-147.9158,0.0,0,0
-52.494595,-148.62761,0.0,0,0
-52.75897,-149.35057,0.0,0,0
-53.01819,-150.08435,0.0,0,0
-53.27198,-150.8292,0.0,0,0
-53.52026,-151.58498,0.0,0,0
-53.762856,-152.35168,0.0,0,0
-53.999565,-153.12936,0.0,0,0
-54.230343,-153.91776,0.0,0,0
-54.45485,-154.7171,0.0,0,0
-54.673183,-155.52687,0.0,0,0
-54.88487,-156.34749,0.0,0,0
-55.090145,-157.17818,0.0,0,0
-55.288383,-158.01953,0.0,0,0
-55.479935,-158.87062,0.0,0,0
-55.664173,-159.7319,0.0,0,0
-55.841393,-160.6026,0.0,0,0
-56.01106,-161.48293,0.0,0,0
-56.17336,-162.37221,0.0,0,0
-56.327908,-163.27051,0.0,0,0
-56.474735,-164.17726,0.0,0,0
-56.61363,-165.09224,0.0,0,0
-56.74448,-166.01508,0.0,0,0
-56.867233,-166.94534,0.0,0,0
-56.98162,-167.88272,0.0,0,0
-57.087784,-168.82664,0.0,0,0
-57.185284,-169.77689,0.0,0,0
-57.274456,-170.73267,0.0,0,0
-57.3547,-171.69388,0.0,0,0
-57.42652,-172.6596,0.0,0,0
-57.489212,-173.62976,0.0,0,0
-57.543335,-174.60344,0.0,0,0
-57.58829,-175.58034,0.0,0,0
-57.624493,-176.55978,0.0,0,0
-57.651543,-177.54126,0.0,0,0
-57.669678,-178.52419,0.0,0,0
-57.67871,-179.50797,0.0,0,0
-57.67871,179.50797,0.0,0,0
-57.669678,178.52419,0.0,0,0
-57.651543,177.54126,0.0,0,0
-57.624493,176.55978,0.0,0,0
-57.58829,175.58034,0.0,0,0
-57.543335,174.60344,0.0,0,0
-57.489212,173.62976,0.0,0,0
-57.42652,172.6596,0.0,0,0
-57.3547,171.69388,0.0,0,0
-57.274456,170.73267,0.0,0,0
-57.185284,169.77689,0.0,0,0
-57.087784,168.82664,0.0,0,0
-56.98162,167.88272,0.0,0,0
-56.867233,166.94534,0.0,0,0
-56.74448,166.01508,0.0,0,0
-56.61363,165.09224,0.0,0,0
-56.474735,164.17726,0.0,0,0
-56.327908,163.27051,0.0,0,0
-56.17336,162.37221,0.0,0,0
-56.01106,161.48293,0.0,0,0
-55.841393,160.6026,0.0,0,0
-55.664173,159.7319,0.0,0,0
-55.479935,158.87062,0.0,0,0
-55.288383,158.01953,0.0,0,0
-55.090145,157.17818,0.0,0,0
-54.88487,156.34749,0.0,0,0
-54.673183,155.52687,0.0,0,0
-54.45485,154.7171,0.0,0,0
-54.230343,153.91776,0.0,0,0
-53.999565,153.12936,0.0,0,0
-53.762856,152.35168,0.0,0,0
-53.52026,151.58498,0.0,0,0
-53.27198,150.8292,0.0,0,0
-53.01819,150.08435,0.0,0,0
-52.75897,149.35057,0.0,0,0
-52.494595,148.62761,0.0,0,0
-52.225056,147.9158,0.0,0,0
-51.950706,147.21466,0.0,0,0
-51.671455,146.52469,0.0,0,0
-51.387733,145.84518,0.0,0,0
-51.099365,145.17685,0.0,0,0
-50.80683,144.51881,0.0,0,0
-50.509968,143.8717,0.0,0,0
-50.20917,143.2348,0.0,0,0
-49.90438,142.60857,0.0,0,0
-49.595898,141.99242,0.0,0,0
-49.28373,141.38658,0.0,0,0
-48.96808,140.79073,0.0,0,0
-48.649055,140.20485,0.0,0,0
-48.326775,139.6288,0.0,0,0
-48.001396,139.06236,0.0,0,0
-47.672985,138.50558,0.0,0,0
-47.34174,137.95805,0.0,0,0
-47.00767,137.42001,0.0,0,0
-46.671036,136.89085,0.0,0,0
-46.33177,136.37096,0.0,0,0
-45.990166,135.8596,0.0,0,0
-45.64616,135.35728,0.0,0,0
-45.300007,134.86322,0.0,0,0
-44.951683,134.37782,0.0,0,0
-44.6014,133.90048,0.0,0,0
-44.24916,133.43141,0.0,0,0
-43.895126,132.97023,0.0,0,0
-43.53935,132.51692,0.0,0,0
-43.194603,-133.02774,0.0,0,0
-43.54654,-133.48161,0.0,0,0
-43.896706,-133.94325,0.0,0,0
-44.24504,-134.41264,0.0,0,0
-44.591393,-134.89015,0.0,0,0
-44.935745,-135.37561,0.0,0,0
-45.2779,-135.86954,0.0,0,0
-45.617886,-136.37158,0.0,0,0
-45.95543,-136.8825,0.0,0,0
-46.29061,-137.40178,0.0,0,0
-46.623154,-137.93016,0.0,0,0
-46.953087,-138.46721,0.0,0,0
-47.280174,-139.01357,0.0,0,0
-47.604412,-139.56892,0.0,0,0
-47.925594,-140.13376,0.0,0,0
-48.243675,-140.70796,0.0,0,0
-48.55847,-141.29176,0.0,0,0
-48.869873,-141.88527,0.0,0,0
-49.177803,-142.48851,0.0,0,0
-49.48203,-143.1018,0.0,0,0
-49.782562,-143.72491,0.0,0,0
-50.07909,-144.35837,0.0,0,0
-50.37169,-145.00172,0.0,0,0
-50.659966,-145.65573,0.0,0,0
-50.944077,-146.3197,0.0,0,0
-51.223553,-146.9945,0.0,0,0
-51.498577,-147.67944,0.0,0,0
-51.768715,-148.37517,0.0,0,0
-52.03407,-149.08124,0.0,0,0
-52.294285,-149.79805,0.0,0,0
-52.54937,-150.52534,0.0,0,0
-52.799072,-151.26328,0.0,0,0
-53.04329,-152.01178,0.0,0,0
-53.281883,-152.77077,0.0,0,0
-53.514626,-153.54034,0.0,0,0
-53.7415,-154.3202,0.0,0,0
-53.962166,-155.1106,0.0,0,0
-54.176727,-155.91098,0.0,0,0
-54.384697,-156.72179,0.0,0,0
-54.586353,-157.54227,0.0,0,0
-54.78105,-158.37292,0.0,0,0
-54.969147,-159.21292,0.0,0,0
-55.150024,-160.06265,0.0,0,0
-55.323982,-160.92139,0.0,0,0
-55.490505,-161.78932,0.0,0,0
-55.649765,-162.66585,0.0,0,0
-55.801395,-163.5509,0.0,0,0
-55.945427,-164.44405,0.0,0,0
-56.081665,-165.34503,0.0,0,0
-56.20998,-166.25351,0.0,0,0
-56.33035,-167.16904,0.0,0,0
-56.442497,-168.09134,0.0,0,0
-56.546562,-169.01987,0.0,0,0
-56.642136,-169.95438,0.0,0,0
-56.729538,-170.89418,0.0,0,0
-56.80817,-171.8391,0.0,0,0
-56.878555,-172.78836,0.0,0,0
-56.93998,-173.74178,0.0,0,0
-56.993008,-174.69855,0.0,0,0
-57.037056,-175.65839,0.0,0,0
-57.072525,-176.62062,0.0,0,0
-57.099022,-177.58481,0.0,0,0
-57.116783,-178.55032,0.0,0,0
-57.125633,-179.5167,0.0,0,0
-57.125633,179.5167,0.0,0,0
-57.116783,178.55032,0.0,0,0
-57.099022,177.58481,0.0,0,0
-57.072525,176.62062,0.0,0,0
-57.037056,175.65839,0.0,0,0
-56.993008,174.69855,0.0,0,0
-56.93998,173.74178,0.0,0,0
-56.878555,172.78836,0.0,0,0
-56.80817,171.8391,0.0,0,0
-56.729538,170.89418,0.0,0,0
-56.642136,169.95438,0.0,0,0
-56.546562,169.01987,0.0,0,0
-56.442497,168.09134,0.0,0,0
-56.33035,167.16904,0.0,0,0
-56.20998,166.25351,0.0,0,0
-56.081665,165.34503,0.0,0,0
-55.945427,164.44405,0.0,0,0
-55.801395,163.5509,0.0,0,0
-55.649765,162.66585,0.0,0,0
-55.490505,161.78932,0.0,0,0
-55.323982,160.92139,0.0,0,0
-55.150024,160.06265,0.0,0,0
-54.969147,159.21292,0.0,0,0
-54.78105,158.37292,0.0,0,0
-54.586353,157.54227,0.0,0,0
-54.384697,156.72179,0.0,0,0
-54.176727,155.91098,0.0,0,0
-53.962166,155.1106,0.0,0,0
-53.7415,154.3202,0.0,0,0
-53.514626,153.54034,0.0,0,0
-53.281883,152.77077,0.0,0,0
-53.04329,152.01178,0.0,0,0
-52.799072,151.26328,0.0,0,0
-52.54937,150.52534,0.0,0,0
-52.294285,149.79805,0.0,0,0
-52.03407,149.08124,0.0,0,0
-51.768715,148.37517,0.0,0,0
-51.498577,147.67944,0.0,0,0
-51.223553,146.9945,0.0,0,0
-50.944077,146.3197,0.0,0,0
-50.659966,145.65573,0.0,0,0
-50.37169,145.00172,0.0,0,0
-50.07909,144.35837,0.0,0,0
-49.782562,143.72491,0.0,0,0
-49.48203,143.1018,0.0,0,0
-49.177803,142.48851,0.0,0,0
-48.869873,141.88527,0.0,0,0
-48.55847,141.29176,0.0,0,0
-48.243675,140.70796,0.0,0,0
-47.925594,140.13376,0.0,0,0
-47.604412,139.56892,0.0,0,0
-47.280174,139.01357,0.0,0,0
-46.953087,138.46721,0.0,0,0
-46.623154,137.93016,0.0,0,0
-46.29061,137.40178,0.0,0,0
-45.95543,136.8825,0.0,0,0
-45.617886,136.37158,0.0,0,0
-45.2779,135.86954,0.0,0,0
-44.935745,135.37561,0.0,0,0
-44.591393,134.89015,0.0,0,0
-44.24504,134.41264,0.0,0,0
-43.896706,133.94325,0.0,0,0
-43.54654,133.48161,0.0,0,0
-43.194603,133.02774,0.0,0,0
-42.847435,-133.53012,0.0,0,0
-43.195564,-133.9844,0.0,0,0
-43.541878,-134.44633,0.0,0,0
-43.88634,-134.9159,0.0,0,0
-44.22879,-135.39342,0.0,0,0
-44.569206,-135.87875,0.0,0,0
-44.907402,-136.37242,0.0,0,0
-45.243397,-136.87407,0.0,0,0
-45.576927,-137.38438,0.0,0,0
-45.908066,-137.9029,0.0,0,0
-46.236538,-138.43033,0.0,0,0
-46.56239,-138.96625,0.0,0,0
-46.885376,-139.51126,0.0,0,0
-47.20549,-140.0651,0.0,0,0
-47.522533,-140.62817,0.0,0,0
-47.83645,-141.2004,0.0,0,0
-48.14708,-141.78197,0.0,0,0
-48.454308,-142.37303,0.0,0,0
-48.758034,-142.97357,0.0,0,0
-49.058075,-143.58386,0.0,0,0
-49.35441,-144.20372,0.0,0,0
-49.646744,-144.83366,0.0,0,0
-49.93515,-145.4732,0.0,0,0
-50.21924,-146.12306,0.0,0,0
-50.49917,-146.7826,0.0,0,0
-50.774483,-147.45264,0.0,0,0
-51.045357,-148.13248,0.0,0,0
-51.311367,-148.82278,0.0,0,0
-51.572617,-149.52307,0.0,0,0
-51.82875,-150.23373,0.0,0,0
-52.079796,-150.95451,0.0,0,0
-52.32549,-151.68558,0.0,0,0
-52.565742,-152.42682,0.0,0,0
-52.80041,-153.17816,0.0,0,0
-53.02929,-153.9397,0.0,0,0
-53.25235,-154.71112,0.0,0,0
-53.46927,-155.49268,0.0,0,0
-53.680145,-156.28383,0.0,0,0
-53.884514,-157.08498,0.0,0,0
-54.082626,-157.89537,0.0,0,0
-54.273872,-158.71558,0.0,0,0
-54.45861,-159.54468,0.0,0,0
-54.636227,-160.38312,0.0,0,0
-54.80701,-161.23016,0.0,0,0
-54.970474,-162.086,0.0,0,0
-55.126785,-162.95001,0.0,0,0
-55.27558,-163.82222,0.0,0,0
-55.4169,-164.70212,0.0,0,0
-55.550552,-165.5895,0.0,0,0
-55.676422,-166.48401,0.0,0,0
-55.79447,-167.38525,0.0,0,0
-55.90445,-168.29294,0.0,0,0
-56.0065,-169.20651,0.0,0,0
-56.100197,-170.12582,0.0,0,0
-56.185883,-171.05014,0.0,0,0
-56.262962,-171.97934,0.0,0,0
-56.331955,-172.91266,0.0,0,0
-56.392155,-173.84991,0.0,0,0
-56.44413,-174.79036,0.0,0,0
-56.48729,-175.7337,0.0,0,0
-56.52205,-176.67932,0.0,0,0
-56.54801,-177.6268,0.0,0,0
-56.565422,-178.57556,0.0,0,0
-56.57409,-179.52509,0.0,0,0
-56.57409,179.52509,0.0,0,0
-56.565422,178.57556,0.0,0,0
-56.54801,177.6268,0.0,0,0
-56.52205,176.67932,0.0,0,0
-56.48729,175.7337,0.0,0,0
-56.44413,174.79036,0.0,0,0
-56.392155,173.84991,0.0,0,0
-56.331955,172.91266,0.0,0,0
-56.262962,171.97934,0.0,0,0
-56.185883,171.05014,0.0,0,0
-56.100197,170.12582,0.0,0,0
-56.0065,169.20651,0.0,0,0
-55.90445,168.29294,0.0,0,0
-55.79447,167.38525,0.0,0,0
-55.676422,166.48401,0.0,0,0
-55.550552,165.5895,0.0,0,0
-55.4169,164.70212,0.0,0,0
-55.27558,163.82222,0.0,0,0
-55.126785,162.95001,0.0,0,0
-54.970474,162.086,0.0,0,0
-54.80701,161.23016,0.0,0,0
-54.636227,160.38312,0.0,0,0
-54.45861,159.54468,0.0,0,0
-54.273872,158.71558,0.0,0,0
-54.082626,157.89537,0.0,0,0
-53.884514,157.08498,0.0,0,0
-53.680145,156.28383,0.0,0,0
-53.46927,155.49268,0.0,0,0
-53.25235,154.71112,0.0,0,0
-53.02929,153.9397,0.0,0,0
-52.80041,153.17816,0.0,0,0
-52.565742,152.42682,0.0,0,0
-52.32549,151.68558,0.0,0,0
-52.079796,150.95451,0.0,0,0
-51.82875,150.23373,0.0,0,0
-51.572617,149.52307,0.0,0,0
-51.311367,148.82278,0.0,0,0
-51.045357,148.13248,0.0,0,0
-50.774483,147.45264,0.0,0,0
-50.49917,146.7826,0.0,0,0
-50.21924,146.12306,0.0,0,0
-49.93515,145.4732,0.0,0,0
-49.646744,144.83366,0.0,0,0
-49.35441,144.20372,0.0,0,0
-49.058075,143.58386,0.0,0,0
-48.758034,142.97357,0.0,0,0
-48.454308,142.37303,0.0,0,0
-48.14708,141.78197,0.0,0,0
-47.83645,141.2004,0.0,0,0
-47.522533,140.62817,0.0,0,0
-47.20549,140.0651,0.0,0,0
-46.885376,139.51126,0.0,0,0
-46.56239,138.96625,0.0,0,0
-46.236538,138.43033,0.0,0,0
-45.908066,137.9029,0.0,0,0
-45.576927,137.38438,0.0,0,0
-45.243397,136.87407,0.0,0,0
-44.907402,136.37242,0.0,0,0
-44.569206,135.87875,0.0,0,0
-44.22879,135.39342,0.0,0,0
-43.88634,134.9159,0.0,0,0
-43.541878,134.44633,0.0,0,0
-43.195564,133.9844,0.0,0,0
-42.847435,133.53012,0.0,0,0
-42.49803,-134.02446,0.0,0,0
-42.842373,-134.479,0.0,0,0
-43.184875,-134.9411,0.0,0,0
-43.52549,-135.41066,0.0,0,0
-43.86406,-135.88809,0.0,0,0
-44.20058,-136.37318,0.0,0,0
-44.53484,-136.86644,0.0,0,0
-44.866882,-137.36752,0.0,0,0
-45.196434,-137.8771,0.0,0,0
-45.52358,-138.39473,0.0,0,0
-45.848026,-138.92108,0.0,0,0
-46.169838,-139.45573,0.0,0,0
-46.488758,-139.99928,0.0,0,0
-46.8048,-140.55145,0.0,0,0
-47.11775,-141.11266,0.0,0,0
-47.427563,-141.68277,0.0,0,0
-47.734077,-142.26202,0.0,0,0
-48.037178,-142.85051,0.0,0,0
-48.33679,-143.44823,0.0,0,0
-48.632694,-144.05544,0.0,0,0
-48.92489,-144.67198,0.0,0,0
-49.213085,-145.29826,0.0,0,0
-49.497368,-145.93391,0.0,0,0
-49.77734,-146.57957,0.0,0,0
-50.053165,-147.23462,0.0,0,0
-50.324387,-147.89983,0.0,0,0
-50.591187,-148.57454,0.0,0,0
-50.853138,-149.25937,0.0,0,0
-51.110363,-149.95387,0.0,0,0
-51.362503,-150.6584,0.0,0,0
-51.609585,-151.37268,0.0,0,0
-51.851357,-152.0969,0.0,0,0
-52.08773,-152.83092,0.0,0,0
-52.31856,-153.57469,0.0,0,0
-52.543663,-154.32823,0.0,0,0
-52.763,-155.09131,0.0,0,0
-52.97625,-155.86412,0.0,0,0
-53.183533,-156.64618,0.0,0,0
-53.384377,-157.43782,0.0,0,0
-53.57905,-158.23834,0.0,0,0
-53.76693,-159.04823,0.0,0,0
-53.94839,-159.86667,0.0,0,0
-54.122826,-160.69406,0.0,0,0
-54.290527,-161.52965,0.0,0,0
-54.451015,-162.37367,0.0,0,0
-54.604446,-163.22554,0.0,0,0
-54.750496,-164.08516,0.0,0,0
-54.889187,-164.95215,0.0,0,0
-55.020325,-165.8263,0.0,0,0
-55.143806,-166.70723,0.0,0,0
-55.259613,-167.59454,0.0,0,0
-55.367493,-168.48805,0.0,0,0
-55.467575,-169.38716,0.0,0,0
-55.55946,-170.2917,0.0,0,0
-55.64348,-171.201,0.0,0,0
-55.719055,-172.11497,0.0,0,0
-55.786694,-173.03284,0.0,0,0
-55.84571,-173.95445,0.0,0,0
-55.896656,-174.8791,0.0,0,0
-55.93896,-175.80652,0.0,0,0
-55.973038,-176.7361,0.0,0,0
-55.998486,-177.66742,0.0,0,0
-56.015553,-178.59995,0.0,0,0
-56.024044,-179.53325,0.0,0,0
-56.024044,179.53325,0.0,0,0
-56.015553,178.59995,0.0,0,0
-55.998486,177.66742,0.0,0,0
-55.973038,176.7361,0.0,0,0
-55.93896,175.80652,0.0,0,0
-55.896656,174.8791,0.0,0,0
-55.84571,173.95445,0.0,0,0
-55.786694,173.03284,0.0,0,0
-55.719055,172.11497,0.0,0,0
-55.64348,171.201,0.0,0,0
-55.55946,170.2917,0.0,0,0
-55.467575,169.38716,0.0,0,0
-55.367493,168.48805,0.0,0,0
-55.259613,167.59454,0.0,0,0
-55.143806,166.70723,0.0,0,0
-55.020325,165.8263,0.0,0,0
-54.889187,164.95215,0.0,0,0
-54.750496,164.08516,0.0,0,0
-54.604446,163.22554,0.0,0,0
-54.451015,162.37367,0.0,0,0
-54.290527,161.52965,0.0,0,0
-54.122826,160.69406,0.0,0,0
-53.94839,159.86667,0.0,0,0
-53.76693,159.04823,0.0,0,0
-53.57905,158.23834,0.0,0,0
-53.384377,157.43782,0.0,0,0
-53.183533,156.64618,0.0,0,0
-52.97625,155.86412,0.0,0,0
-52.763,155.09131,0.0,0,0
-52.543663,154.32823,0.0,0,0
-52.31856,153.57469,0.0,0,0
-52.08773,152.83092,0.0,0,0
-51.851357,152.0969,0.0,0,0
-51.609585,151.37268,0.0,0,0
-51.362503,150.6584,0.0,0,0
-51.110363,149.95387,0.0,0,0
-50.853138,149.25937,0.0,0,0
-50.591187,148.57454,0.0,0,0
-50.324387,147.89983,0.0,0,0
-50.053165,147.23462,0.0,0,0
-49.77734,146.57957,0.0,0,0
-49.497368,145.93391,0.0,0,0
-49.213085,145.29826,0.0,0,0
-48.92489,144.67198,0.0,0,0
-48.632694,144.05544,0.0,0,0
-48.33679,143.44823,0.0,0,0
-48.037178,142.85051,0.0,0,0
-47.734077,142.26202,0.0,0,0
-47.427563,141.68277,0.0,0,0
-47.11775,141.11266,0.0,0,0
-46.8048,140.55145,0.0,0,0
-46.488758,139.99928,0.0,0,0
-46.169838,139.45573,0.0,0,0
-45.848026,138.92108,0.0,0,0
-45.52358,138.39473,0.0,0,0
-45.196434,137.8771,0.0,0,0
-44.866882,137.36752,0.0,0,0
-44.53484,136.86644,0.0,0,0
-44.20058,136.37318,0.0,0,0
-43.86406,135.88809,0.0,0,0
-43.52549,135.41066,0.0,0,0
-43.184875,134.9411,0.0,0,0
-42.842373,134.479,0.0,0,0
-42.49803,134.02446,0.0,0,0
-42.146374,-134.51044,0.0,0,0
-42.48695,-134.96512,0.0,0,0
-42.82567,-135.42722,0.0,0,0
-43.162468,-135.89667,0.0,0,0
-43.497192,-136.37383,0.0,0,0
-43.82985,-136.85852,0.0,0,0
-44.160217,-137.35124,0.0,0,0
-44.488342,-137.85161,0.0,0,0
-44.813957,-138.36035,0.0,0,0
-45.137142,-138.87694,0.0,0,0
-45.45761,-139.40207,0.0,0,0
-45.77543,-139.93533,0.0,0,0
-46.09034,-140.47728,0.0,0,0
-46.40236,-141.02765,0.0,0,0
-46.71127,-141.58684,0.0,0,0
-47.01703,-142.15475,0.0,0,0
-47.319492,-142.73157,0.0,0,0
-47.61853,-143.31735,0.0,0,0
-47.91407,-143.91217,0.0,0,0
-48.20591,-144.5162,0.0,0,0
-48.494038,-145.1293,0.0,0,0
-48.778175,-145.75189,0.0,0,0
-49.058395,-146.38358,0.0,0,0
-49.334328,-147.02496,0.0,0,0
-49.606117,-147.67546,0.0,0,0
-49.87332,-148.33582,0.0,0,0
-50.136124,-149.00537,0.0,0,0
-50.39411,-149.68472,0.0,0,0
-50.647377,-150.37341,0.0,0,0
-50.89561,-151.07181,0.0,0,0
-51.13881,-151.77962,0.0,0,0
-51.376743,-152.49701,0.0,0,0
-51.60932,-153.22386,0.0,0,0
-51.83641,-153.9601,0.0,0,0
-52.057816,-154.70578,0.0,0,0
-52.273518,-155.46062,0.0,0,0
-52.4832,-156.22482,0.0,0,0
-52.686966,-156.99788,0.0,0,0
-52.884384,-157.78017,0.0,0,0
-53.075695,-158.57098,0.0,0,0
-53.260303,-159.37079,0.0,0,0
-53.438576,-160.17877,0.0,0,0
-53.609917,-160.99536,0.0,0,0
-53.77462,-161.81978,0.0,0,0
-53.932217,-162.65225,0.0,0,0
-54.082867,-163.49222,0.0,0,0
-54.226234,-164.33963,0.0,0,0
-54.362366,-165.19408,0.0,0,0
-54.491074,-166.05533,0.0,0,0
-54.61225,-166.9231,0.0,0,0
-54.725883,-167.79694,0.0,0,0
-54.83172,-168.67667,0.0,0,0
-54.929897,-169.56172,0.0,0,0
-55.020027,-170.45198,0.0,0,0
-55.102432,-171.34677,0.0,0,0
-55.17656,-172.24599,0.0,0,0
-55.24288,-173.14891,0.0,0,0
-55.300755,-174.05542,0.0,0,0
-55.350708,-174.96481,0.0,0,0
-55.392197,-175.8768,0.0,0,0
-55.4256,-176.7909,0.0,0,0
-55.450546,-177.7066,0.0,0,0
-55.467278,-178.62349,0.0,0,0
-55.47561,-179.54108,0.0,0,0
-55.47561,179.54108,0.0,0,0
-55.467278,178.62349,0.0,0,0
-55.450546,177.7066,0.0,0,0
-55.4256,176.7909,0.0,0,0
-55.392197,175.8768,0.0,0,0
-55.350708,174.96481,0.0,0,0
-55.300755,174.05542,0.0,0,0
-55.24288,173.14891,0.0,0,0
-55.17656,172.24599,0.0,0,0
-55.102432,171.34677,0.0,0,0
-55.020027,170.45198,0.0,0,0
-54.929897,169.56172,0.0,0,0
-54.83172,168.67667,0.0,0,0
-54.725883,167.79694,0.0,0,0
-54.61225,166.9231,0.0,0,0
-54.491074,166.05533,0.0,0,0
-54.362366,165.19408,0.0,0,0
-54.226234,164.33963,0.0,0,0
-54.082867,163.49222,0.0,0,0
-53.932217,162.65225,0.0,0,0
-53.77462,161.81978,0.0,0,0
-53.609917,160.99536,0.0,0,0
-53.438576,160.17877,0.0,0,0
-53.260303,159.37079,0.0,0,0
-53.075695,158.57098,0.0,0,0
-52.884384,157.78017,0.0,0,0
-52.686966,156.99788,0.0,0,0
-52.4832,156.22482,0.0,0,0
-52.273518,155.46062,0.0,0,0
-52.057816,154.70578,0.0,0,0
-51.83641,153.9601,0.0,0,0
-51.60932,153.22386,0.0,0,0
-51.376743,152.49701,0.0,0,0
-51.13881,151.77962,0.0,0,0
-50.89561,151.07181,0.0,0,0
-50.647377,150.37341,0.0,0,0
-50.39411,149.68472,0.0,0,0
-50.136124,149.00537,0.0,0,0
-49.87332,148.33582,0.0,0,0
-49.606117,147.67546,0.0,0,0
-49.334328,147.02496,0.0,0,0
-49.058395,146.38358,0.0,0,0
-48.778175,145.75189,0.0,0,0
-48.494038,145.1293,0.0,0,0
-48.20591,144.5162,0.0,0,0
-47.91407,143.91217,0.0,0,0
-47.61853,143.31735,0.0,0,0
-47.319492,142.73157,0.0,0,0
-47.01703,142.15475,0.0,0,0
-46.71127,141.58684,0.0,0,0
-46.40236,141.02765,0.0,0,0
-46.09034,140.47728,0.0,0,0
-45.77543,139.93533,0.0,0,0
-45.45761,139.40207,0.0,0,0
-45.137142,138.87694,0.0,0,0
-44.813957,138.36035,0.0,0,0
-44.488342,137.85161,0.0,0,0
-44.160217,137.35124,0.0,0,0
-43.82985,136.85852,0.0,0,0
-43.497192,136.37383,0.0,0,0
-43.162468,135.89667,0.0,0,0
-42.82567,135.42722,0.0,0,0
-42.48695,134.96512,0.0,0,0
-42.146374,134.51044,0.0,0,0
-41.79268,-134.9886,0.0,0,0
-42.129524,-135.4433,0.0,0,0
-42.46448,-135.90527,0.0,0,0
-42.797493,-136.37448,0.0,0,0
-43.128414,-136.85126,0.0,0,0
-43.457237,-137.33543,0.0,0,0
-43.78375,-137.82747,0.0,0,0
-44.108,-138.32703,0.0,0,0
-44.429718,-138.83478,0.0,0,0
-44.748985,-139.3502,0.0,0,0
-45.06552,-139.87401,0.0,0,0
-45.379387,-140.40575,0.0,0,0
-45.69033,-140.946,0.0,0,0
-45.998367,-141.49448,0.0,0,0
-46.303295,-142.05156,0.0,0,0
-46.605057,-142.61714,0.0,0,0
-46.90352,-143.1914,0.0,0,0
-47.198555,-143.77444,0.0,0,0
-47.49008,-144.36623,0.0,0,0
-47.77791,-144.96703,0.0,0,0
-48.062035,-145.57661,0.0,0,0
-48.342175,-146.19543,0.0,0,0
-48.618404,-146.8231,0.0,0,0
-48.89035,-147.46017,0.0,0,0
-49.15818,-148.10608,0.0,0,0
-49.42144,-148.76154,0.0,0,0
-49.680317,-149.4259,0.0,0,0
-49.934402,-150.09975,0.0,0,0
-50.183807,-150.78262,0.0,0,0
-50.4282,-151.47491,0.0,0,0
-50.667603,-152.17627,0.0,0,0
-50.90177,-152.8869,0.0,0,0
-51.13064,-153.60661,0.0,0,0
-51.354057,-154.33542,0.0,0,0
-51.57185,-155.0733,0.0,0,0
-51.784004,-155.81998,0.0,0,0
-51.99019,-156.5757,0.0,0,0
-52.190536,-157.33992,0.0,0,0
-52.3846,-158.113,0.0,0,0
-52.57263,-158.89429,0.0,0,0
-52.75406,-159.68417,0.0,0,0
-52.929214,-160.48193,0.0,0,0
-53.097546,-161.2879,0.0,0,0
-53.259335,-162.1014,0.0,0,0
-53.414104,-162.9226,0.0,0,0
-53.562046,-163.75098,0.0,0,0
-53.702816,-164.58646,0.0,0,0
-53.83646,-165.42868,0.0,0,0
-53.9628,-166.27739,0.0,0,0
-54.081734,-167.13232,0.0,0,0
-54.193253,-167.99306,0.0,0,0
-54.297104,-168.85939,0.0,0,0
-54.393436,-169.73083,0.0,0,0
-54.48187,-170.6072,0.0,0,0
-54.562706,-171.48792,0.0,0,0
-54.635414,-172.37283,0.0,0,0
-54.700474,-173.26129,0.0,0,0
-54.757233,-174.15312,0.0,0,0
-54.806225,-175.04776,0.0,0,0
-54.846916,-175.94485,0.0,0,0
-54.879665,-176.8439,0.0,0,0
-54.90413,-177.74454,0.0,0,0
-54.92054,-178.64627,0.0,0,0
-54.92871,-179.54869,0.0,0,0
-54.92871,179.54869,0.0,0,0
-54.92054,178.64627,0.0,0,0
-54.90413,177.74454,0.0,0,0
-54.879665,176.8439,0.0,0,0
-54.846916,175.94485,0.0,0,0
-54.806225,175.04776,0.0,0,0
-54.757233,174.15312,0.0,0,0
-54.700474,173.26129,0.0,0,0
-54.635414,172.37283,0.0,0,0
-54.562706,171.48792,0.0,0,0
-54.48187,170.6072,0.0,0,0
-54.393436,169.73083,0.0,0,0
-54.297104,168.85939,0.0,0,0
-54.193253,167.99306,0.0,0,0
-54.081734,167.13232,0.0,0,0
-53.9628,166.27739,0.0,0,0
-53.83646,165.42868,0.0,0,0
-53.702816,164.58646,0.0,0,0
-53.562046,163.75098,0.0,0,0
-53.414104,162.9226,0.0,0,0
-53.259335,162.1014,0.0,0,0
-53.097546,161.2879,0.0,0,0
-52.929214,160.48193,0.0,0,0
-52.75406,159.68417,0.0,0,0
-52.57263,158.89429,0.0,0,0
-52.3846,158.113,0.0,0,0
-52.190536,157.33992,0.0,0,0
-51.99019,156.5757,0.0,0,0
-51.784004,155.81998,0.0,0,0
-51.57185,155.0733,0.0,0,0
-51.354057,154.33542,0.0,0,0
-51.13064,153.60661,0.0,0,0
-50.90177,152.8869,0.0,0,0
-50.667603,152.17627,0.0,0,0
-50.4282,151.47491,0.0,0,0
-50.183807,150.78262,0.0,0,0
-49.934402,150.09975,0.0,0,0
-49.680317,149.4259,0.0,0,0
-49.42144,148.76154,0.0,0,0
-49.15818,148.10608,0.0,0,0
-48.89035,147.46017,0.0,0,0
-48.618404,146.8231,0.0,0,0
-48.342175,146.19543,0.0,0,0
-48.062035,145.57661,0.0,0,0
-47.77791,144.96703,0.0,0,0
-47.49008,144.36623,0.0,0,0
-47.198555,143.77444,0.0,0,0
-46.90352,143.1914,0.0,0,0
-46.605057,142.61714,0.0,0,0
-46.303295,142.05156,0.0,0,0
-45.998367,141.49448,0.0,0,0
-45.69033,140.946,0.0,0,0
-45.379387,140.40575,0.0,0,0
-45.06552,139.87401,0.0,0,0
-44.748985,139.3502,0.0,0,0
-44.429718,138.83478,0.0,0,0
-44.108,138.32703,0.0,0,0
-43.78375,137.82747,0.0,0,0
-43.457237,137.33543,0.0,0,0
-43.128414,136.85126,0.0,0,0
-42.797493,136.37448,0.0,0,0
-42.46448,135.90527,0.0,0,0
-42.129524,135.4433,0.0,0,0
-41.79268,134.9886,0.0,0,0
