latitude,longitude,sic,risk,risk_class
-39.570667,-42.230556,0.0065049264,0.0065049264,0
-39.885147,-41.77832,0.002555115,0.002555115,0
-40.197605,-41.319572,0.00161676,0.00161676,0
-40.508003,-40.85435,0.0015794106,0.0015794106,0
-40.81618,-40.3824,0.0015704004,0.0015704004,0
-41.122158,-39.903885,0.0015697269,0.0015697269,0
-41.425716,-39.418407,0.0015704071,0.0015704071,0
-41.72692,-38.9263,0.0015703974,0.0015703974,0
-42.025505,-38.427,0.0015703974,0.0015703974,0
-42.321556,-37.92096,0.0015703974,0.0015703974,0
-42.61481,-37.407616,0.0015703974,0.0015703974,0
-42.905334,-36.887352,0.0015703974,0.0015703974,0
-43.192886,-36.359726,0.0015703974,0.0015703974,0
-43.477497,-35.82498,0.0015703974,0.0015703974,0
-43.75896,-35.28284,0.0015703974,0.0015703974,0
-44.03726,-34.7334,0.0015703974,0.0015703974,0
-44.31224,-34.17654,0.0015703974,0.0015703974,0
-44.58381,-33.612213,0.0015703974,0.0015703974,0
-44.851902,-33.04046,0.0015703974,0.0015703974,0
-45.116333,-32.461082,0.0015703974,0.0015703974,0
-45.377117,-31.874302,0.0015703974,0.0015703974,0
-45.633987,-31.279774,0.0015703974,0.0015703974,0
-45.88703,-30.677874,0.0015703974,0.0015703974,0
-46.135914,-30.06812,0.0015703974,0.0015703974,0
-46.380783,-29.451038,0.0015703974,0.0015703974,0
-46.62124,-28.82606,0.0015703974,0.0015703974,0
-46.857468,-28.193747,0.0015703974,0.0015703974,0
-47.089096,-27.553648,0.0015703974,0.0015703974,0
-47.316235,-26.906178,0.0015703974,0.0015703974,0
-47.538597,-26.251064,0.0015703974,0.0015703974,0
-47.756203,-25.588573,0.0015703974,0.0015703974,0
-47.968857,-24.918606,0.0015703974,0.0015703974,0
-48.176487,-24.241302,0.0015703974,0.0015703974,0
-48.378998,-23.556732,0.0015703974,0.0015703974,0
-48.576214,-22.864899,0.0015703974,0.0015703974,0
-48.768143,-22.166039,0.0015703974,0.0015703974,0
-48.954514,-21.460041,0.0015703974,0.0015703974,0
-49.135437,-20.747297,0.0015703974,0.0015703974,0
-49.31053,-20.02758,0.0015703974,0.0015703974,0
-49.480045,-19.301437,0.0015703974,0.0015703974,0
-49.643448,-18.568539,0.0015703974,0.0015703974,0
-49.80109,-17.829517,0.0015703974,0.0015703974,0
-49.95246,-17.08411,0.0015703974,0.0015703974,0
-50.097828,-16.332863,0.0015703974,0.0015703974,0
-50.23679,-15.575666,0.0015703974,0.0015703974,0
-50.369514,-14.812952,0.0015703974,0.0015703974,0
-50.49572,-14.044761,0.0015703981,0.0015703981,0
-50.615456,-13.271423,0.0015704004,0.0015704004,0
-50.728573,-12.493119,0.0015704025,0.0015704025,0
-50.834995,-11.710091,0.0015704078,0.0015704078,0
-50.934715,-10.922636,0.0015704199,0.0015704199,0
-51.027534,-10.130929,0.001570437,0.001570437,0
-51.113594,-9.335362,0.0015704617,0.0015704617,0
-51.192543,-8.536066,0.0015704982,0.0015704982,0
-51.264694,-7.733502,0.0015705469,0.0015705469,0
-51.32955,-6.9277716,0.001570606,0.001570606,0
-51.387573,-6.119376,0.0015706605,0.0015706605,0
-51.43817,-5.3084354,0.0015706674,0.0015706674,0
-51.481842,-4.495428,0.0015703344,0.0015703344,0
-51.51809,-3.6805527,0.001569434,0.001569434,0
-51.547268,-2.8642185,0.0015694615,0.0015694615,0
-51.56906,-2.046699,0.0015707294,0.0015707294,0
-51.583675,-1.2283556,0.0015738823,0.0015738823,0
-51.59095,-0.4095077,0.0015763142,0.0015763142,0
-51.59095,0.4095077,0.0015789039,0.0015789039,0
-51.583675,1.2283556,0.0015813849,0.0015813849,0
-51.56906,2.046699,0.0015865716,0.0015865716,0
-51.547268,2.8642185,0.0015888098,0.0015888098,0
-51.51809,3.6805527,0.0015905094,0.0015905094,0
-51.481842,4.495428,0.0015886213,0.0015886213,0
-51.43817,5.3084354,0.0015861163,0.0015861163,0
-51.387573,6.119376,0.0015809475,0.0015809475,0
-51.32955,6.9277716,0.0015788617,0.0015788617,0
-51.264694,7.733502,0.0015758361,0.0015758361,0
-51.192543,8.536066,0.0015753612,0.0015753612,0
-51.113594,9.335362,0.0015728951,0.0015728951,0
-51.027534,10.130929,0.0015712327,0.0015712327,0
-50.934715,10.922636,0.0015688728,0.0015688728,0
-50.834995,11.710091,0.0015663884,0.0015663884,0
-50.728573,12.493119,0.0015651621,0.0015651621,0
-50.615456,13.271423,0.0015652418,0.0015652418,0
-50.49572,14.044761,0.0015659172,0.0015659172,0
-50.369514,14.812952,0.0015675409,0.0015675409,0
-50.23679,15.575666,0.0015684576,0.0015684576,0
-50.097828,16.332863,0.0015698106,0.0015698106,0
-49.95246,17.08411,0.0015702485,0.0015702485,0
-49.80109,17.829517,0.0015704714,0.0015704714,0
-49.643448,18.568539,0.001570511,0.001570511,0
-49.480045,19.301437,0.0015704617,0.0015704617,0
-49.31053,20.02758,0.0015704377,0.0015704377,0
-49.135437,20.747297,0.0015704213,0.0015704213,0
-48.954514,21.460041,0.0015704063,0.0015704063,0
-48.768143,22.166039,0.0015704011,0.0015704011,0
-48.576214,22.864899,0.0015703974,0.0015703974,0
-48.378998,23.556732,0.0015703974,0.0015703974,0
-48.176487,24.241302,0.0015703974,0.0015703974,0
-47.968857,24.918606,0.0015703974,0.0015703974,0
-47.756203,25.588573,0.0015703974,0.0015703974,0
-47.538597,26.251064,0.0015703974,0.0015703974,0
-47.316235,26.906178,0.0015703974,0.0015703974,0
-47.089096,27.553648,0.0015703974,0.0015703974,0
-46.857468,28.193747,0.0015703974,0.0015703974,0
-46.62124,28.82606,0.0015703974,0.0015703974,0
-46.380783,29.451038,0.0015703974,0.0015703974,0
-46.135914,30.06812,0.0015703974,0.0015703974,0
-45.88703,30.677874,0.0015703974,0.0015703974,0
-45.633987,31.279774,0.0015703974,0.0015703974,0
-45.377117,31.874302,0.0015703974,0.0015703974,0
-45.116333,32.461082,0.0015703974,0.0015703974,0
-44.851902,33.04046,0.0015703974,0.0015703974,0
-44.58381,33.612213,0.0015703974,0.0015703974,0
-44.31224,34.17654,0.0015703974,0.0015703974,0
-44.03726,34.7334,0.0015703974,0.0015703974,0
-43.75896,35.28284,0.0015703974,0.0015703974,0
-43.477497,35.82498,0.0015703974,0.0015703974,0
-43.192886,36.359726,0.0015703974,0.0015703974,0
-42.905334,36.887352,0.0015703974,0.0015703974,0
-42.61481,37.407616,0.0015703974,0.0015703974,0
-42.321556,37.92096,0.0015703974,0.0015703974,0
-42.025505,38.427,0.0015703974,0.0015703974,0
-41.72692,38.9263,0.0015703974,0.0015703974,0
-41.425716,39.418407,0.0015705678,0.0015705678,0
-41.122158,39.903885,0.0015659477,0.0015659477,0
-40.81618,40.3824,0.0015750808,0.0015750808,0
-40.508003,40.85435,0.0015123362,0.0015123362,0
-40.197605,41.319572,0.0014707876,0.0014707876,0
-39.885147,41.77832,0.0016304199,0.0016304199,0
-39.570667,42.230556,0.0029728736,0.0029728736,0
-39.93506,-42.66238,0.0015633695,0.0015633695,0
-40.253086,-42.209488,0.00096412824,0.00096412824,0
-40.569107,-41.749954,0.0006583971,0.0006583971,0
-40.883083,-41.283833,0.0006635038,0.0006635038,0
-41.194862,-40.810837,0.00066603423,0.00066603423,0
-41.50444,-40.33116,0.00066665147,0.00066665147,0
-41.811623,-39.844368,0.0006668927,0.0006668927,0
-42.11646,-39.350815,0.00066689105,0.00066689105,0
-42.418682,-38.849907,0.00066689105,0.00066689105,0
-42.718388,-38.34211,0.00066689105,0.00066689105,0
-43.015297,-37.826855,0.00066689105,0.00066689105,0
-43.309486,-37.30451,0.00066689105,0.00066689105,0
-43.60071,-36.774635,0.00066689105,0.00066689105,0
-43.888992,-36.237465,0.00066689105,0.00066689105,0
-44.174126,-35.69272,0.00066689105,0.00066689105,0
-44.456093,-35.140488,0.00066689105,0.00066689105,0
-44.73474,-34.580643,0.00066689105,0.00066689105,0
-45.00997,-34.01313,0.00066689105,0.00066689105,0
-45.281715,-33.437996,0.00066689105,0.00066689105,0
-45.549786,-32.85503,0.00066689105,0.00066689105,0
-45.814194,-32.26445,0.00066689105,0.00066689105,0
-46.074684,-31.665894,0.00066689105,0.00066689105,0
-46.33133,-31.059753,0.00066689105,0.00066689105,0
-46.58378,-30.445526,0.00066689105,0.00066689105,0
-46.832207,-29.823742,0.00066689105,0.00066689105,0
-47.076187,-29.193823,0.00066689105,0.00066689105,0
-47.31591,-28.556335,0.00066689105,0.00066689105,0
-47.551,-27.910812,0.00066689105,0.00066689105,0
-47.78157,-27.257671,0.00066689105,0.00066689105,0
-48.00732,-26.596632,0.00066689105,0.00066689105,0
-48.22828,-25.927965,0.00066689105,0.00066689105,0
-48.444237,-25.251568,0.00066689105,0.00066689105,0
-48.65512,-24.56757,0.00066689105,0.00066689105,0
-48.860832,-23.876049,0.00066689105,0.00066689105,0
-49.061207,-23.177002,0.00066689105,0.00066689105,0
-49.256226,-22.470673,0.00066689105,0.00066689105,0
-49.445618,-21.756935,0.00066689105,0.00066689105,0
-49.62951,-21.036198,0.00066689105,0.00066689105,0
-49.80749,-20.308218,0.00066689105,0.00066689105,0
-49.979824,-19.573563,0.00066689105,0.00066689105,0
-50.145966,-18.831882,0.00066689105,0.00066689105,0
-50.306267,-18.083838,0.00066689105,0.00066689105,0
-50.46021,-17.329147,0.00066689134,0.00066689134,0
-50.608067,-16.56838,0.00066689134,0.00066689134,0
-50.749428,-15.8014145,0.0006668917,0.0006668917,0
-50.884453,-15.028702,0.000666892,0.000666892,0
-51.01286,-14.250281,0.0006668927,0.0006668927,0
-51.134697,-13.466495,0.00066689425,0.00066689425,0
-51.24981,-12.677527,0.0006668907,0.0006668907,0
-51.35812,-11.88363,0.00066688244,0.00066688244,0
-51.45962,-11.085114,0.00066685805,0.00066685805,0
-51.5541,-10.282154,0.00066682784,0.00066682784,0
-51.64171,-9.475168,0.0006667642,0.0006667642,0
-51.722084,-8.66428,0.0006666655,0.0006666655,0
-51.79554,-7.8499813,0.0006665457,0.0006665457,0
-51.861584,-7.03237,0.000666386,0.000666386,0
-51.920654,-6.211975,0.00066621194,0.00066621194,0
-51.972183,-5.388917,0.0006660212,0.0006660212,0
-52.016647,-4.563698,0.00066585175,0.00066585175,0
-52.053562,-3.7365236,0.0006661189,0.0006661189,0
-52.083282,-2.9078245,0.000667518,0.000667518,0
-52.105476,-2.0778844,0.00066966633,0.00066966633,0
-52.120358,-1.2470825,0.0006726713,0.0006726713,0
-52.127766,-0.41575253,0.0006752113,0.0006752113,0
-52.127766,0.41575253,0.000677786,0.000677786,0
-52.120358,1.2470825,0.00067985646,0.00067985646,0
-52.105476,2.0778844,0.0006783081,0.0006783081,0
-52.083282,2.9078245,0.00067986944,0.00067986944,0
-52.053562,3.7365236,0.00067916844,0.00067916844,0
-52.016647,4.563698,0.0006785121,0.0006785121,0
-51.972183,5.388917,0.00067656016,0.00067656016,0
-51.920654,6.211975,0.00067802053,0.00067802053,0
-51.861584,7.03237,0.00067541085,0.00067541085,0
-51.79554,7.8499813,0.0006772688,0.0006772688,0
-51.722084,8.66428,0.0006768345,0.0006768345,0
-51.64171,9.475168,0.0006766081,0.0006766081,0
-51.5541,10.282154,0.00067564065,0.00067564065,0
-51.45962,11.085114,0.000673992,0.000673992,0
-51.35812,11.88363,0.00067211385,0.00067211385,0
-51.24981,12.677527,0.00066993444,0.00066993444,0
-51.134697,13.466495,0.00066771527,0.00066771527,0
-51.01286,14.250281,0.0006669009,0.0006669009,0
-50.884453,15.028702,0.0006657781,0.0006657781,0
-50.749428,15.8014145,0.0006659825,0.0006659825,0
-50.608067,16.56838,0.00066599646,0.00066599646,0
-50.46021,17.329147,0.0006663463,0.0006663463,0
-50.306267,18.083838,0.0006665073,0.0006665073,0
-50.145966,18.831882,0.0006667401,0.0006667401,0
-49.979824,19.573563,0.0006668389,0.0006668389,0
-49.80749,20.308218,0.00066687964,0.00066687964,0
-49.62951,21.036198,0.0006668955,0.0006668955,0
-49.445618,21.756935,0.0006668945,0.0006668945,0
-49.256226,22.470673,0.0006668933,0.0006668933,0
-49.061207,23.177002,0.000666892,0.000666892,0
-48.860832,23.876049,0.00066689105,0.00066689105,0
-48.65512,24.56757,0.00066689105,0.00066689105,0
-48.444237,25.251568,0.00066689105,0.00066689105,0
-48.22828,25.927965,0.00066689105,0.00066689105,0
-48.00732,26.596632,0.00066689105,0.00066689105,0
-47.78157,27.257671,0.00066689105,0.00066689105,0
-47.551,27.910812,0.00066689105,0.00066689105,0
-47.31591,28.556335,0.00066689105,0.00066689105,0
-47.076187,29.193823,0.00066689105,0.00066689105,0
-46.832207,29.823742,0.00066689105,0.00066689105,0
-46.58378,30.445526,0.00066689105,0.00066689105,0
-46.33133,31.059753,0.00066689105,0.00066689105,0
-46.074684,31.665894,0.00066689105,0.00066689105,0
-45.814194,32.26445,0.00066689105,0.00066689105,0
-45.549786,32.85503,0.00066689105,0.00066689105,0
-45.281715,33.437996,0.00066689105,0.00066689105,0
-45.00997,34.01313,0.00066689105,0.00066689105,0
-44.73474,34.580643,0.00066689105,0.00066689105,0
-44.456093,35.140488,0.00066689105,0.00066689105,0
-44.174126,35.69272,0.00066689105,0.00066689105,0
-43.888992,36.237465,0.00066689105,0.00066689105,0
-43.60071,36.774635,0.00066689105,0.00066689105,0
-43.309486,37.30451,0.00066689105,0.00066689105,0
-43.015297,37.826855,0.00066689105,0.00066689105,0
-42.718388,38.34211,0.00066689105,0.00066689105,0
-42.418682,38.849907,0.00066689105,0.00066689105,0
-42.11646,39.350815,0.00066689105,0.00066689105,0
-41.811623,39.844368,0.0006669384,0.0006669384,0
-41.50444,40.33116,0.00066558813,0.00066558813,0
-41.194862,40.810837,0.0006669438,0.0006669438,0
-40.883083,41.283833,0.00064608315,0.00064608315,0
-40.569107,41.749954,0.00061916735,0.00061916735,0
-40.253086,42.209488,0.00064474775,0.00064474775,0
-39.93506,42.66238,0.00096550054,0.00096550054,0
-40.297985,-43.101227,0.0013861081,0.0013861081,0
-40.61959,-42.647766,0.0009974284,0.0009974284,0
-40.93921,-42.18754,0.00067531905,0.00067531905,0
-41.256798,-41.720604,0.00069279125,0.00069279125,0
-41.572205,-41.24666,0.00069951476,0.00069951476,0
-41.88543,-40.765896,0.00069994724,0.00069994724,0
-42.196274,-40.27788,0.00070037297,0.00070037297,0
-42.504784,-39.78296,0.00070036895,0.00070036895,0
-42.81069,-39.280533,0.00070036895,0.00070036895,0
-43.11409,-38.77106,0.00070036895,0.00070036895,0
-43.414703,-38.253963,0.00070036895,0.00070036895,0
-43.712605,-37.72961,0.00070036895,0.00070036895,0
-44.007538,-37.19755,0.00070036895,0.00070036895,0
-44.299534,-36.658028,0.00070036895,0.00070036895,0
-44.588398,-36.110733,0.00070036895,0.00070036895,0
-44.874077,-35.55577,0.00070036895,0.00070036895,0
-45.156445,-34.99299,0.00070036895,0.00070036895,0
-45.435387,-34.422348,0.00070036895,0.00070036895,0
-45.710842,-33.84387,0.00070036895,0.00070036895,0
-45.982613,-33.25735,0.00070036895,0.00070036895,0
-46.250713,-32.663,0.00070036895,0.00070036895,0
-46.514862,-32.06044,0.00070036895,0.00070036895,0
-46.775166,-31.450079,0.00070036895,0.00070036895,0
-47.031254,-30.831383,0.00070036895,0.00070036895,0
-47.28329,-30.204906,0.00070036895,0.00070036895,0
-47.53086,-29.570036,0.00070036895,0.00070036895,0
-47.77415,-28.927359,0.00070036895,0.00070036895,0
-48.012768,-28.276384,0.00070036895,0.00070036895,0
-48.246834,-27.61754,0.00070036895,0.00070036895,0
-48.47604,-26.950535,0.00070036895,0.00070036895,0
-48.700417,-26.27564,0.00070036895,0.00070036895,0
-48.919746,-25.592743,0.00070036895,0.00070036895,0
-49.133957,-24.901983,0.00070036895,0.00070036895,0
-49.34294,-24.203424,0.00070036895,0.00070036895,0
-49.54652,-23.497068,0.00070036895,0.00070036895,0
-49.744705,-22.78316,0.00070036895,0.00070036895,0
-49.93719,-22.061562,0.00070036895,0.00070036895,0
-50.12411,-21.332695,0.00070036895,0.00070036895,0
-50.305054,-20.59631,0.00070036895,0.00070036895,0
-50.48027,-19.852982,0.00070036895,0.00070036895,0
-50.64922,-19.102352,0.00070036895,0.00070036895,0
-50.812252,-18.3451,0.0007003686,0.0007003686,0
-50.968822,-17.58093,0.0007003686,0.0007003686,0
-51.119232,-16.810436,0.00070037064,0.00070037064,0
-51.263046,-16.03348,0.0007003726,0.0007003726,0
-51.40044,-15.250535,0.0007003753,0.0007003753,0
-51.531105,-14.4616375,0.00070038065,0.00070038065,0
-51.655098,-13.667143,0.0007003793,0.0007003793,0
-51.77226,-12.867241,0.00070032425,0.00070032425,0
-51.882507,-12.062194,0.0007002979,0.0007002979,0
-51.985832,-11.25232,0.0007002926,0.0007002926,0
-52.082024,-10.437808,0.00070043304,0.00070043304,0
-52.17122,-9.619085,0.0007005532,0.0007005532,0
-52.253056,-8.796285,0.00070079457,0.00070079457,0
-52.32786,-7.9699173,0.0007011403,0.0007011403,0
-52.39511,-7.1400857,0.0007016951,0.0007016951,0
-52.455276,-6.3073416,0.0007022822,0.0007022822,0
-52.507755,-5.471811,0.00070307706,0.00070307706,0
-52.553043,-4.634019,0.00070399255,0.00070399255,0
-52.59064,-3.794181,0.0007065156,0.0007065156,0
-52.620907,-2.9527462,0.00071081665,0.00071081665,0
-52.64352,-2.110012,0.0007170389,0.0007170389,0
-52.658672,-1.2663757,0.00072845985,0.00072845985,0
-52.66622,-0.42218632,0.00073366443,0.00073366443,0
-52.66622,0.42218632,0.00074908545,0.00074908545,0
-52.658672,1.2663757,0.00074362487,0.00074362487,0
-52.64352,2.110012,0.0007363331,0.0007363331,0
-52.620907,2.9527462,0.0007248005,0.0007248005,0
-52.59064,3.794181,0.0007304045,0.0007304045,0
-52.553043,4.634019,0.0007242951,0.0007242951,0
-52.507755,5.471811,0.00072802266,0.00072802266,0
-52.455276,6.3073416,0.0007264633,0.0007264633,0
-52.39511,7.1400857,0.0007311998,0.0007311998,0
-52.32786,7.9699173,0.0007287171,0.0007287171,0
-52.253056,8.796285,0.0007331528,0.0007331528,0
-52.17122,9.619085,0.00073613174,0.00073613174,0
-52.082024,10.437808,0.00073612994,0.00073612994,0
-51.985832,11.25232,0.00073299353,0.00073299353,0
-51.882507,12.062194,0.0007284703,0.0007284703,0
-51.77226,12.867241,0.0007194644,0.0007194644,0
-51.655098,13.667143,0.00071316643,0.00071316643,0
-51.531105,14.4616375,0.0007076956,0.0007076956,0
-51.40044,15.250535,0.00070813316,0.00070813316,0
-51.263046,16.03348,0.00070230156,0.00070230156,0
-51.119232,16.810436,0.0007018098,0.0007018098,0
-50.968822,17.58093,0.00069928315,0.00069928315,0
-50.812252,18.3451,0.0006995964,0.0006995964,0
-50.64922,19.102352,0.00069997326,0.00069997326,0
-50.48027,19.852982,0.00070019177,0.00070019177,0
-50.305054,20.59631,0.0007003045,0.0007003045,0
-50.12411,21.332695,0.00070038665,0.00070038665,0
-49.93719,22.061562,0.0007003746,0.0007003746,0
-49.744705,22.78316,0.0007003743,0.0007003743,0
-49.54652,23.497068,0.0007003713,0.0007003713,0
-49.34294,24.203424,0.00070036895,0.00070036895,0
-49.133957,24.901983,0.00070036895,0.00070036895,0
-48.919746,25.592743,0.00070036895,0.00070036895,0
-48.700417,26.27564,0.00070036895,0.00070036895,0
-48.47604,26.950535,0.00070036895,0.00070036895,0
-48.246834,27.61754,0.00070036895,0.00070036895,0
-48.012768,28.276384,0.00070036895,0.00070036895,0
-47.77415,28.927359,0.00070036895,0.00070036895,0
-47.53086,29.570036,0.00070036895,0.00070036895,0
-47.28329,30.204906,0.00070036895,0.00070036895,0
-47.031254,30.831383,0.00070036895,0.00070036895,0
-46.775166,31.450079,0.00070036895,0.00070036895,0
-46.514862,32.06044,0.00070036895,0.00070036895,0
-46.250713,32.663,0.00070036895,0.00070036895,0
-45.982613,33.25735,0.00070036895,0.00070036895,0
-45.710842,33.84387,0.00070036895,0.00070036895,0
-45.435387,34.422348,0.00070036895,0.00070036895,0
-45.156445,34.99299,0.00070036895,0.00070036895,0
-44.874077,35.55577,0.00070036895,0.00070036895,0
-44.588398,36.110733,0.00070036895,0.00070036895,0
-44.299534,36.658028,0.00070036895,0.00070036895,0
-44.007538,37.19755,0.00070036895,0.00070036895,0
-43.712605,37.72961,0.00070036895,0.00070036895,0
-43.414703,38.253963,0.00070036895,0.00070036895,0
-43.11409,38.77106,0.00070036895,0.00070036895,0
-42.81069,39.280533,0.00070036895,0.00070036895,0
-42.504784,39.78296,0.00070036895,0.00070036895,0
-42.196274,40.27788,0.0007004574,0.0007004574,0
-41.88543,40.765896,0.00069816347,0.00069816347,0
-41.572205,41.24666,0.00070059893,0.00070059893,0
-41.256798,41.720604,0.00066800235,0.00066800235,0
-40.93921,42.18754,0.00061863323,0.00061863323,0
-40.61959,42.647766,0.00061838445,0.00061838445,0
-40.297985,43.101227,0.0008145537,0.0008145537,0
-40.659283,-43.54763,0.0012773819,0.0012773819,0
-40.984493,-43.093697,0.00091453525,0.00091453525,0
-41.307743,-42.632877,0.000624996,0.000624996,0
-41.628975,-42.165226,0.00063644897,0.00063644897,0
-41.94805,-41.690437,0.00064110593,0.00064110593,0
-42.26496,-41.208694,0.00064146105,0.00064146105,0
-42.5795,-40.719547,0.0006418142,0.0006418142,0
-42.891724,-40.22335,0.0006418135,0.0006418135,0
-43.201355,-39.719498,0.0006418135,0.0006418135,0
-43.5085,-39.208443,0.0006418135,0.0006418135,0
-43.81286,-38.689583,0.0006418135,0.0006418135,0
-44.114517,-38.16331,0.0006418135,0.0006418135,0
-44.41322,-37.62915,0.0006418135,0.0006418135,0
-44.708984,-37.087345,0.0006418135,0.0006418135,0
-45.001617,-36.537575,0.0006418135,0.0006418135,0
-45.291077,-35.979942,0.0006418135,0.0006418135,0
-45.577217,-35.414295,0.0006418135,0.0006418135,0
-45.859932,-34.840576,0.0006418135,0.0006418135,0
-46.139145,-34.258804,0.0006418135,0.0006418135,0
-46.414677,-33.668774,0.0006418135,0.0006418135,0
-46.686523,-33.07069,0.0006418135,0.0006418135,0
-46.95442,-32.464165,0.0006418135,0.0006418135,0
-47.21844,-31.849602,0.0006418135,0.0006418135,0
-47.478226,-31.22646,0.0006418135,0.0006418135,0
-47.73395,-30.595291,0.0006418135,0.0006418135,0
-47.985172,-29.955467,0.0006418135,0.0006418135,0
-48.232094,-29.30759,0.0006418135,0.0006418135,0
-48.47431,-28.651142,0.0006418135,0.0006418135,0
-48.711945,-27.986568,0.0006418135,0.0006418135,0
-48.944683,-27.313553,0.0006418135,0.0006418135,0
-49.172546,-26.632378,0.0006418135,0.0006418135,0
-49.39532,-25.94292,0.0006418135,0.0006418135,0
-49.61293,-25.24532,0.0006418135,0.0006418135,0
-49.825256,-24.539637,0.0006418135,0.0006418135,0
-50.032127,-23.825869,0.0006418135,0.0006418135,0
-50.23354,-23.104263,0.0006418135,0.0006418135,0
-50.4292,-22.374676,0.0006418135,0.0006418135,0
-50.619225,-21.637547,0.0006418135,0.0006418135,0
-50.803192,-20.892593,0.0006418135,0.0006418135,0
-50.98137,-20.140427,0.0006418135,0.0006418135,0
-51.15319,-19.380665,0.0006418142,0.0006418142,0
-51.31902,-18.61401,0.0006418157,0.0006418157,0
-51.478302,-17.840149,0.00064182124,0.00064182124,0
-51.631332,-17.059696,0.000641824,0.000641824,0
-51.777664,-16.27251,0.00064180436,0.00064180436,0
-51.91748,-15.479076,0.00064177136,0.00064177136,0
-52.050476,-14.679434,0.00064170465,0.00064170465,0
-52.17668,-13.873947,0.0006415751,0.0006415751,0
-52.29595,-13.062816,0.0006414262,0.0006414262,0
-52.408195,-12.246307,0.00064167747,0.00064167747,0
-52.5134,-11.424755,0.0006424194,0.0006424194,0
-52.611343,-10.598355,0.000644156,0.000644156,0
-52.70217,-9.76755,0.00064626924,0.00064626924,0
-52.785522,-8.932482,0.000648843,0.000648843,0
-52.86171,-8.0936775,0.00065117143,0.00065117143,0
-52.93021,-7.2512503,0.0006522991,0.0006522991,0
-52.99149,-6.4057727,0.00065449136,0.00065449136,0
-53.044952,-5.557377,0.0006556542,0.0006556542,0
-53.091087,-4.7066126,0.00065697957,0.00065697957,0
-53.129395,-3.8537054,0.00065983436,0.00065983436,0
-53.160233,-2.9991248,0.0006611569,0.0006611569,0
-53.18326,-2.1431832,0.0006684191,0.0006684191,0
-53.198708,-1.2862961,0.0006811711,0.0006811711,0
-53.20639,-0.4288294,0.00069998624,0.00069998624,0
-53.20639,0.4288294,0.00072085275,0.00072085275,0
-53.198708,1.2862961,0.00073743064,0.00073743064,0
-53.18326,2.1431832,0.0006964921,0.0006964921,0
-53.160233,2.9991248,0.0007109501,0.0007109501,0
-53.129395,3.8537054,0.0007065823,0.0007065823,0
-53.091087,4.7066126,0.0007036213,0.0007036213,0
-53.044952,5.557377,0.0006914427,0.0006914427,0
-52.99149,6.4057727,0.0007212431,0.0007212431,0
-52.93021,7.2512503,0.00068573636,0.00068573636,0
-52.86171,8.0936775,0.00069997355,0.00069997355,0
-52.785522,8.932482,0.00069437164,0.00069437164,0
-52.70217,9.76755,0.0006934961,0.0006934961,0
-52.611343,10.598355,0.00069549086,0.00069549086,0
-52.5134,11.424755,0.0006928622,0.0006928622,0
-52.408195,12.246307,0.0006860576,0.0006860576,0
-52.29595,13.062816,0.0006781591,0.0006781591,0
-52.17668,13.873947,0.00066217437,0.00066217437,0
-52.050476,14.679434,0.0006660244,0.0006660244,0
-51.91748,15.479076,0.0006542818,0.0006542818,0
-51.777664,16.27251,0.0006514687,0.0006514687,0
-51.631332,17.059696,0.0006420448,0.0006420448,0
-51.478302,17.840149,0.00064113614,0.00064113614,0
-51.31902,18.61401,0.000639455,0.000639455,0
-51.15319,19.380665,0.0006404586,0.0006404586,0
-50.98137,20.140427,0.00064060173,0.00064060173,0
-50.803192,20.892593,0.00064133597,0.00064133597,0
-50.619225,21.637547,0.00064160745,0.00064160745,0
-50.4292,22.374676,0.0006418083,0.0006418083,0
-50.23354,23.104263,0.0006418175,0.0006418175,0
-50.032127,23.825869,0.000641824,0.000641824,0
-49.825256,24.539637,0.00064181903,0.00064181903,0
-49.61293,25.24532,0.00064181536,0.00064181536,0
-49.39532,25.94292,0.0006418142,0.0006418142,0
-49.172546,26.632378,0.0006418135,0.0006418135,0
-48.944683,27.313553,0.0006418135,0.0006418135,0
-48.711945,27.986568,0.0006418135,0.0006418135,0
-48.47431,28.651142,0.0006418135,0.0006418135,0
-48.232094,29.30759,0.0006418135,0.0006418135,0
-47.985172,29.955467,0.0006418135,0.0006418135,0
-47.73395,30.595291,0.0006418135,0.0006418135,0
-47.478226,31.22646,0.0006418135,0.0006418135,0
-47.21844,31.849602,0.0006418135,0.0006418135,0
-46.95442,32.464165,0.0006418135,0.0006418135,0
-46.686523,33.07069,0.0006418135,0.0006418135,0
-46.414677,33.668774,0.0006418135,0.0006418135,0
-46.139145,34.258804,0.0006418135,0.0006418135,0
-45.859932,34.840576,0.0006418135,0.0006418135,0
-45.577217,35.414295,0.0006418135,0.0006418135,0
-45.291077,35.979942,0.0006418135,0.0006418135,0
-45.001617,36.537575,0.0006418135,0.0006418135,0
-44.708984,37.087345,0.0006418135,0.0006418135,0
-44.41322,37.62915,0.0006418135,0.0006418135,0
-44.114517,38.16331,0.0006418135,0.0006418135,0
-43.81286,38.689583,0.0006418135,0.0006418135,0
-43.5085,39.208443,0.0006418135,0.0006418135,0
-43.201355,39.719498,0.0006418135,0.0006418135,0
-42.891724,40.22335,0.0006418135,0.0006418135,0
-42.5795,40.719547,0.00064189336,0.00064189336,0
-42.26496,41.208694,0.0006399616,0.0006399616,0
-41.94805,41.690437,0.0006422333,0.0006422333,0
-41.628975,42.165226,0.0006185816,0.0006185816,0
-41.307743,42.632877,0.0005859383,0.0005859383,0
-40.984493,43.093697,0.00059838215,0.00059838215,0
-40.659283,43.54763,0.0007856888,0.0007856888,0
-41.018936,-44.001278,0.001263826,0.001263826,0
-41.34779,-43.54698,0.00091329566,0.00091329566,0
-41.674698,-43.085682,0.0006232769,0.0006232769,0
-41.999615,-42.617413,0.00063461607,0.00063461607,0
-42.322388,-42.141872,0.00063962897,0.00063962897,0
-42.643017,-41.659245,0.0006401577,0.0006401577,0
-42.961292,-41.169067,0.0006405355,0.0006405355,0
-43.27727,-40.671696,0.0006405367,0.0006405367,0
-43.590668,-40.166504,0.0006405367,0.0006405367,0
-43.901592,-39.653957,0.0006405367,0.0006405367,0
-44.20975,-39.133427,0.0006405367,0.0006405367,0
-44.51521,-38.60532,0.0006405367,0.0006405367,0
-44.817722,-38.069134,0.0006405367,0.0006405367,0
-45.117306,-37.525124,0.0006405367,0.0006405367,0
-45.41377,-36.972958,0.0006405367,0.0006405367,0
-45.707043,-36.412724,0.0006405367,0.0006405367,0
-45.997017,-35.844273,0.0006405367,0.0006405367,0
-46.283558,-35.267536,0.0006405367,0.0006405367,0
-46.566597,-34.682533,0.0006405367,0.0006405367,0
-46.84594,-34.08904,0.0006405367,0.0006405367,0
-47.1216,-33.487263,0.0006405367,0.0006405367,0
-47.393284,-32.876812,0.0006405367,0.0006405367,0
-47.661083,-32.25807,0.0006405367,0.0006405367,0
-47.924644,-31.6305,0.0006405367,0.0006405367,0
-48.184113,-30.994656,0.0006405367,0.0006405367,0
-48.43906,-30.349888,0.0006405367,0.0006405367,0
-48.689674,-29.696802,0.0006405367,0.0006405367,0
-48.935566,-29.034864,0.0006405367,0.0006405367,0
-49.17683,-28.364536,0.0006405367,0.0006405367,0
-49.413166,-27.685474,0.0006405367,0.0006405367,0
-49.64459,-26.997976,0.0006405367,0.0006405367,0
-49.87088,-26.301897,0.0006405367,0.0006405367,0
-50.091957,-25.597385,0.0006405367,0.0006405367,0
-50.307705,-24.884499,0.0006405367,0.0006405367,0
-50.517937,-24.163223,0.0006405367,0.0006405367,0
-50.722656,-23.433817,0.0006405367,0.0006405367,0
-50.921555,-22.696123,0.0006405367,0.0006405367,0
-51.11475,-21.950586,0.0006405367,0.0006405367,0
-51.301823,-21.196926,0.000640537,0.000640537,0
-51.483025,-20.435757,0.0006405386,0.0006405386,0
-51.657795,-19.666685,0.0006405453,0.0006405453,0
-51.826485,-18.890432,0.00064054434,0.00064054434,0
-51.98855,-18.106674,0.000640519,0.000640519,0
-52.14426,-17.316046,0.0006404067,0.0006404067,0
-52.293182,-16.518396,0.00064027397,0.00064027397,0
-52.435486,-15.714228,0.0006403283,0.0006403283,0
-52.570858,-14.903576,0.00064060173,0.00064060173,0
-52.699345,-14.0868225,0.00064117555,0.00064117555,0
-52.820778,-13.264171,0.0006421984,0.0006421984,0
-52.935066,-12.435899,0.00064400834,0.00064400834,0
-53.042206,-11.602353,0.0006472579,0.0006472579,0
-53.141953,-10.763735,0.00065372954,0.00065372954,0
-53.234467,-9.92051,0.0006597363,0.0006597363,0
-53.31937,-9.07282,0.000668378,0.000668378,0
-53.396973,-8.22122,0.0006687007,0.0006687007,0
-53.46676,-7.365824,0.00066687964,0.00066687964,0
-53.529198,-6.5072336,0.0006627366,0.0006627366,0
-53.583668,-5.6455846,0.0006588158,0.0006588158,0
-53.630672,-4.7814536,0.0006531961,0.0006531961,0
-53.669704,-3.915077,0.00064698653,0.00064698653,0
-53.701126,-3.046945,0.00064673374,0.00064673374,0
-53.7246,-2.1773872,0.00065722043,0.00065722043,0
-53.740337,-1.3068371,0.00069571234,0.00069571234,0
-53.74817,-0.43567953,0.0007003473,0.0007003473,0
-53.74817,0.43567953,0.000793266,0.000793266,0
-53.740337,1.3068371,0.0008027783,0.0008027783,0
-53.7246,2.1773872,0.00082090386,0.00082090386,0
-53.701126,3.046945,0.0008019105,0.0008019105,0
-53.669704,3.915077,0.0008497083,0.0008497083,0
-53.630672,4.7814536,0.0008530331,0.0008530331,0
-53.583668,5.6455846,0.00091925624,0.00091925624,0
-53.529198,6.5072336,0.00094763254,0.00094763254,0
-53.46676,7.365824,0.0010263562,0.0010263562,0
-53.396973,8.22122,0.0009989429,0.0009989429,0
-53.31937,9.07282,0.0009794164,0.0009794164,0
-53.234467,9.92051,0.0009903716,0.0009903716,0
-53.141953,10.763735,0.0010889237,0.0010889237,0
-53.042206,11.602353,0.001141352,0.001141352,0
-52.935066,12.435899,0.0011192199,0.0011192199,0
-52.820778,13.264171,0.0009797902,0.0009797902,0
-52.699345,14.0868225,0.0008445776,0.0008445776,0
-52.570858,14.903576,0.0007378521,0.0007378521,0
-52.435486,15.714228,0.0007067456,0.0007067456,0
-52.293182,16.518396,0.000655547,0.000655547,0
-52.14426,17.316046,0.0006633584,0.0006633584,0
-51.98855,18.106674,0.000639824,0.000639824,0
-51.826485,18.890432,0.0006364453,0.0006364453,0
-51.657795,19.666685,0.0006334927,0.0006334927,0
-51.483025,20.435757,0.0006365236,0.0006365236,0
-51.301823,21.196926,0.00063751254,0.00063751254,0
-51.11475,21.950586,0.00063962315,0.00063962315,0
-50.921555,22.696123,0.0006401281,0.0006401281,0
-50.722656,23.433817,0.00064044393,0.00064044393,0
-50.517937,24.163223,0.00064051047,0.00064051047,0
-50.307705,24.884499,0.00064054003,0.00064054003,0
-50.091957,25.597385,0.00064053823,0.00064053823,0
-49.87088,26.301897,0.00064053823,0.00064053823,0
-49.64459,26.997976,0.00064053765,0.00064053765,0
-49.413166,27.685474,0.0006405367,0.0006405367,0
-49.17683,28.364536,0.0006405367,0.0006405367,0
-48.935566,29.034864,0.0006405367,0.0006405367,0
-48.689674,29.696802,0.0006405367,0.0006405367,0
-48.43906,30.349888,0.0006405367,0.0006405367,0
-48.184113,30.994656,0.0006405367,0.0006405367,0
-47.924644,31.6305,0.0006405367,0.0006405367,0
-47.661083,32.25807,0.0006405367,0.0006405367,0
-47.393284,32.876812,0.0006405367,0.0006405367,0
-47.1216,33.487263,0.0006405367,0.0006405367,0
-46.84594,34.08904,0.0006405367,0.0006405367,0
-46.566597,34.682533,0.0006405367,0.0006405367,0
-46.283558,35.267536,0.0006405367,0.0006405367,0
-45.997017,35.844273,0.0006405367,0.0006405367,0
-45.707043,36.412724,0.0006405367,0.0006405367,0
-45.41377,36.972958,0.0006405367,0.0006405367,0
-45.117306,37.525124,0.0006405367,0.0006405367,0
-44.817722,38.069134,0.0006405367,0.0006405367,0
-44.51521,38.60532,0.0006405367,0.0006405367,0
-44.20975,39.133427,0.0006405367,0.0006405367,0
-43.901592,39.653957,0.0006405367,0.0006405367,0
-43.590668,40.166504,0.0006405367,0.0006405367,0
-43.27727,40.671696,0.0006405367,0.0006405367,0
-42.961292,41.169067,0.00064062065,0.00064062065,0
-42.643017,41.659245,0.00063862454,0.00063862454,0
-42.322388,42.141872,0.000640791,0.000640791,0
-41.999615,42.617413,0.00061776856,0.00061776856,0
-41.674698,43.085682,0.00058670837,0.00058670837,0
-41.34779,43.54698,0.00060153886,0.00060153886,0
-41.018936,44.001278,0.0007867467,0.0007867467,0
-41.37681,-44.462578,0.0012584194,0.0012584194,0
-41.709328,-44.008022,0.00090939255,0.00090939255,0
-42.03993,-43.54634,0.0006216259,0.0006216259,0
-42.36856,-43.077576,0.0006328874,0.0006328874,0
-42.69507,-42.601395,0.0006379089,0.0006379089,0
-43.01946,-42.117992,0.0006384474,0.0006384474,0
-43.341507,-41.626884,0.0006388227,0.0006388227,0
-43.661278,-41.128445,0.00063882384,0.00063882384,0
-43.978493,-40.622013,0.00063882384,0.00063882384,0
-44.293236,-40.10807,0.00063882384,0.00063882384,0
-44.605232,-39.58598,0.00063882384,0.00063882384,0
-44.91454,-39.056126,0.00063882384,0.00063882384,0
-45.220917,-38.518013,0.00063882384,0.00063882384,0
-45.52437,-37.97188,0.00063882384,0.00063882384,0
-45.8247,-37.4174,0.00063882384,0.00063882384,0
-46.12186,-36.854652,0.00063882384,0.00063882384,0
-46.415714,-36.28347,0.00063882384,0.00063882384,0
-46.706135,-35.703785,0.00063882384,0.00063882384,0
-46.993053,-35.115612,0.00063882384,0.00063882384,0
-47.27628,-34.518715,0.00063882384,0.00063882384,0
-47.555798,-33.913296,0.00063882384,0.00063882384,0
-47.831352,-33.298954,0.00063882384,0.00063882384,0
-48.103004,-32.676083,0.00063882384,0.00063882384,0
-48.370388,-32.044106,0.00063882384,0.00063882384,0
-48.63367,-31.403606,0.00063882384,0.00063882384,0
-48.892414,-30.753899,0.00063882384,0.00063882384,0
-49.146797,-30.095608,0.00063882384,0.00063882384,0
-49.39642,-29.428177,0.00063882384,0.00063882384,0
-49.641396,-28.752068,0.00063882384,0.00063882384,0
-49.881405,-28.066929,0.00063882384,0.00063882384,0
-50.11646,-27.37306,0.00063882384,0.00063882384,0
-50.34634,-26.67031,0.00063882384,0.00063882384,0
-50.570965,-25.958818,0.00063882384,0.00063882384,0
-50.79021,-25.23864,0.00063882384,0.00063882384,0
-51.003883,-24.509764,0.00063882384,0.00063882384,0
-51.211975,-23.772446,0.00063882384,0.00063882384,0
-51.414192,-23.02652,0.00063882384,0.00063882384,0
-51.61064,-22.272442,0.0006388245,0.0006388245,0
-51.80089,-21.509914,0.00063882786,0.00063882786,0
-51.985195,-20.739576,0.00063882937,0.00063882937,0
-52.16299,-19.961008,0.00063880347,0.00063880347,0
-52.33462,-19.174961,0.0006386765,0.0006386765,0
-52.499527,-18.381088,0.0006385335,0.0006385335,0
-52.657997,-17.580051,0.00063852745,0.00063852745,0
-52.809578,-16.771687,0.0006392801,0.0006392801,0
-52.954437,-15.956518,0.0006410072,0.0006410072,0
-53.092262,-15.134579,0.00064388686,0.00064388686,0
-53.22309,-14.306262,0.0006479393,0.0006479393,0
-53.346745,-13.471779,0.00065202994,0.00065202994,0
-53.46314,-12.631416,0.00065607793,0.00065607793,0
-53.57226,-11.785538,0.00066060736,0.00066060736,0
-53.673866,-10.934348,0.00066945574,0.00066945574,0
-53.768112,-10.078335,0.0006843761,0.0006843761,0
-53.854618,-9.217646,0.00070256664,0.00070256664,0
-53.93369,-8.352859,0.00071204687,0.00071204687,0
-54.0048,-7.4840937,0.000706172,0.000706172,0
-54.06842,-6.6119785,0.00071582914,0.00071582914,0
-54.12393,-5.7366576,0.0007063234,0.0007063234,0
-54.171837,-4.858733,0.00070054515,0.00070054515,0
-54.211617,-3.978452,0.0006916163,0.0006916163,0
-54.243645,-3.0963302,0.00067370746,0.00067370746,0
-54.26757,-2.2127113,0.0006907234,0.0006907234,0
-54.283607,-1.3280517,0.0007277979,0.0007277979,0
-54.291595,-0.4427544,0.0008084371,0.0008084371,0
-54.291595,0.4427544,0.0011152023,0.0011152023,0
-54.283607,1.3280517,0.0020728754,0.0020728754,0
-54.26757,2.2127113,0.002097612,0.002097612,0
-54.243645,3.0963302,0.0021763418,0.0021763418,0
-54.211617,3.978452,0.0032230478,0.0032230478,0
-54.171837,4.858733,0.00474418,0.00474418,0
-54.12393,5.7366576,0.0039704177,0.0039704177,0
-54.06842,6.6119785,0.0048846547,0.0048846547,0
-54.0048,7.4840937,0.0063900617,0.0063900617,0
-53.93369,8.352859,0.0037948613,0.0037948613,0
-53.854618,9.217646,0.0037227625,0.0037227625,0
-53.768112,10.078335,0.004158352,0.004158352,0
-53.673866,10.934348,0.00623652,0.00623652,0
-53.57226,11.785538,0.009266792,0.009266792,0
-53.46314,12.631416,0.007555181,0.007555181,0
-53.346745,13.471779,0.0045902827,0.0045902827,0
-53.22309,14.306262,0.0028272874,0.0028272874,0
-53.092262,15.134579,0.0018513792,0.0018513792,0
-52.954437,15.956518,0.0013847525,0.0013847525,0
-52.809578,16.771687,0.0010953242,0.0010953242,0
-52.657997,17.580051,0.00085746875,0.00085746875,0
-52.499527,18.381088,0.00072122767,0.00072122767,0
-52.33462,19.174961,0.0006586409,0.0006586409,0
-52.16299,19.961008,0.00064635416,0.00064635416,0
-51.985195,20.739576,0.00062976516,0.00062976516,0
-51.80089,21.509914,0.00063481147,0.00063481147,0
-51.61064,22.272442,0.0006358048,0.0006358048,0
-51.414192,23.02652,0.00063827186,0.00063827186,0
-51.211975,23.772446,0.00063869514,0.00063869514,0
-51.003883,24.509764,0.0006388175,0.0006388175,0
-50.79021,25.23864,0.0006388193,0.0006388193,0
-50.570965,25.958818,0.00063884666,0.00063884666,0
-50.34634,26.67031,0.00063882326,0.00063882326,0
-50.11646,27.37306,0.00063882663,0.00063882663,0
-49.881405,28.066929,0.0006388245,0.0006388245,0
-49.641396,28.752068,0.00063882384,0.00063882384,0
-49.39642,29.428177,0.00063882384,0.00063882384,0
-49.146797,30.095608,0.00063882384,0.00063882384,0
-48.892414,30.753899,0.00063882384,0.00063882384,0
-48.63367,31.403606,0.00063882384,0.00063882384,0
-48.370388,32.044106,0.00063882384,0.00063882384,0
-48.103004,32.676083,0.00063882384,0.00063882384,0
-47.831352,33.298954,0.00063882384,0.00063882384,0
-47.555798,33.913296,0.00063882384,0.00063882384,0
-47.27628,34.518715,0.00063882384,0.00063882384,0
-46.993053,35.115612,0.00063882384,0.00063882384,0
-46.706135,35.703785,0.00063882384,0.00063882384,0
-46.415714,36.28347,0.00063882384,0.00063882384,0
-46.12186,36.854652,0.00063882384,0.00063882384,0
-45.8247,37.4174,0.00063882384,0.00063882384,0
-45.52437,37.97188,0.00063882384,0.00063882384,0
-45.220917,38.518013,0.00063882384,0.00063882384,0
-44.91454,39.056126,0.00063882384,0.00063882384,0
-44.605232,39.58598,0.00063882384,0.00063882384,0
-44.293236,40.10807,0.00063882384,0.00063882384,0
-43.978493,40.622013,0.00063882384,0.00063882384,0
-43.661278,41.128445,0.00063882384,0.00063882384,0
-43.341507,41.626884,0.00063890824,0.00063890824,0
-43.01946,42.117992,0.0006369065,0.0006369065,0
-42.69507,42.601395,0.00063901325,0.00063901325,0
-42.36856,43.077576,0.0006164053,0.0006164053,0
-42.03993,43.54634,0.00058636843,0.00058636843,0
-41.709328,44.008022,0.00060193,0.00060193,0
-41.37681,44.462578,0.0007874495,0.0007874495,0
-41.73281,-44.931576,0.0012575705,0.0012575705,0
-42.06903,-44.476883,0.00090861134,0.00090861134,0
-42.40335,-44.014942,0.00062118884,0.00062118884,0
-42.735733,-43.545788,0.00063237915,0.00063237915,0
-43.066013,-43.069077,0.00063739286,0.00063739286,0
-43.394196,-42.585014,0.00063792925,0.00063792925,0
-43.720055,-42.0931,0.00063830323,0.00063830323,0
-44.043655,-41.593697,0.00063830474,0.00063830474,0
-44.364723,-41.086136,0.00063830474,0.00063830474,0
-44.683334,-40.570908,0.00063830474,0.00063830474,0
-44.99921,-40.047348,0.00063830474,0.00063830474,0
-45.312416,-39.515858,0.00063830474,0.00063830474,0
-45.622696,-38.975914,0.00063830474,0.00063830474,0
-45.93007,-38.42776,0.00063830474,0.00063830474,0
-46.23433,-37.871056,0.00063830474,0.00063830474,0
-46.535423,-37.30587,0.00063830474,0.00063830474,0
-46.833214,-36.73204,0.00063830474,0.00063830474,0
-47.12758,-36.149487,0.00063830474,0.00063830474,0
-47.418434,-35.558216,0.00063830474,0.00063830474,0
-47.705597,-34.957977,0.00063830474,0.00063830474,0
-47.98905,-34.34898,0.00063830474,0.00063830474,0
-48.268524,-33.730797,0.00063830474,0.00063830474,0
-48.54409,-33.103836,0.00063830474,0.00063830474,0
-48.815372,-32.46749,0.00063830474,0.00063830474,0
-49.082535,-31.822361,0.00063830474,0.00063830474,0
-49.34514,-31.167732,0.00063830474,0.00063830474,0
-49.603363,-30.50424,0.00063830474,0.00063830474,0
-49.8568,-29.83131,0.00063830474,0.00063830474,0
-50.10556,-29.149406,0.00063830474,0.00063830474,0
-50.34931,-28.458166,0.00063830474,0.00063830474,0
-50.58808,-27.757887,0.00063830474,0.00063830474,0
-50.821625,-27.048412,0.00063830474,0.00063830474,0
-51.049873,-26.329876,0.00063830474,0.00063830474,0
-51.272682,-25.602335,0.00063830474,0.00063830474,0
-51.489876,-24.865763,0.00063830474,0.00063830474,0
-51.701435,-24.120426,0.00063830445,0.00063830445,0
-51.907043,-23.366144,0.00063830503,0.00063830503,0
-52.106823,-22.60339,0.000638309,0.000638309,0
-52.30033,-21.83184,0.0006383063,0.0006383063,0
-52.487816,-21.052162,0.0006382375,0.0006382375,0
-52.66871,-20.263912,0.00063806993,0.00063806993,0
-52.843353,-19.467865,0.0006380538,0.0006380538,0
-53.011185,-18.663658,0.00063889235,0.00063889235,0
-53.17249,-17.851974,0.0006409666,0.0006409666,0
-53.326794,-17.032644,0.0006450372,0.0006450372,0
-53.47428,-16.206203,0.0006499729,0.0006499729,0
-53.614624,-15.372688,0.0006573378,0.0006573378,0
-53.74785,-14.532505,0.0006654409,0.0006654409,0
-53.8738,-13.685869,0.00067047926,0.00067047926,0
-53.992363,-12.833082,0.00067344686,0.00067344686,0
-54.10353,-11.974521,0.0006695412,0.0006695412,0
-54.20705,-11.110395,0.00068278227,0.00068278227,0
-54.303085,-10.241216,0.0007125818,0.0007125818,0
-54.391228,-9.367134,0.0007653386,0.0007653386,0
-54.471806,-8.488756,0.0007772616,0.0007772616,0
-54.544285,-7.606206,0.00076969404,0.00076969404,0
-54.60913,-6.720141,0.0007727367,0.0007727367,0
-54.66571,-5.830711,0.0007809478,0.0007809478,0
-54.714542,-4.9385486,0.00080257334,0.00080257334,0
-54.755096,-4.043912,0.0008014655,0.0008014655,0
-54.787743,-3.1473427,0.00078637677,0.00078637677,0
-54.812126,-2.2492015,0.00080206146,0.00080206146,0
-54.828484,-1.3499672,0.00097225583,0.00097225583,0
-54.836624,-0.45006308,0.0012874005,0.0012874005,0
-54.836624,0.45006308,0.0029388738,0.0029388738,0
-54.828484,1.3499672,0.00963216,0.00963216,0
-54.812126,2.2492015,0.009096046,0.009096046,0
-54.787743,3.1473427,0.008198838,0.008198838,0
-54.755096,4.043912,0.015047702,0.015047702,0
-54.714542,4.9385486,0.13687113,0.13687113,0
-54.66571,5.830711,0.047572434,0.047572434,0
-54.60913,6.720141,0.06684932,0.06684932,0
-54.544285,7.606206,0.17219664,0.17219664,1
-54.471806,8.488756,0.077209376,0.077209376,0
-54.391228,9.367134,0.07863033,0.07863033,0
-54.303085,10.241216,0.11170415,0.11170415,0
-54.20705,11.110395,0.1834366,0.1834366,1
-54.10353,11.974521,0.26188022,0.26188022,1
-53.992363,12.833082,0.19398233,0.19398233,1
-53.8738,13.685869,0.098800674,0.098800674,0
-53.74785,14.532505,0.06713074,0.06713074,0
-53.614624,15.372688,0.021880124,0.021880124,0
-53.47428,16.206203,0.013242846,0.013242846,0
-53.326794,17.032644,0.0069518685,0.0069518685,0
-53.17249,17.851974,0.0023786384,0.0023786384,0
-53.011185,18.663658,0.0014017259,0.0014017259,0
-52.843353,19.467865,0.0009251028,0.0009251028,0
-52.66871,20.263912,0.0007240905,0.0007240905,0
-52.487816,21.052162,0.0006627426,0.0006627426,0
-52.30033,21.83184,0.00063247373,0.00063247373,0
-52.106823,22.60339,0.00063631614,0.00063631614,0
-51.907043,23.366144,0.00063564634,0.00063564634,0
-51.701435,24.120426,0.0006370297,0.0006370297,0
-51.489876,24.865763,0.00063695776,0.00063695776,0
-51.272682,25.602335,0.00063781795,0.00063781795,0
-51.049873,26.329876,0.00063810707,0.00063810707,0
-50.821625,27.048412,0.000638274,0.000638274,0
-50.58808,27.757887,0.00063830114,0.00063830114,0
-50.34931,28.458166,0.0006383072,0.0006383072,0
-50.10556,29.149406,0.00063830474,0.00063830474,0
-49.8568,29.83131,0.00063830474,0.00063830474,0
-49.603363,30.50424,0.00063830474,0.00063830474,0
-49.34514,31.167732,0.00063830474,0.00063830474,0
-49.082535,31.822361,0.00063830474,0.00063830474,0
-48.815372,32.46749,0.00063830474,0.00063830474,0
-48.54409,33.103836,0.00063830474,0.00063830474,0
-48.268524,33.730797,0.00063830474,0.00063830474,0
-47.98905,34.34898,0.00063830474,0.00063830474,0
-47.705597,34.957977,0.00063830474,0.00063830474,0
-47.418434,35.558216,0.00063830474,0.00063830474,0
-47.12758,36.149487,0.00063830474,0.00063830474,0
-46.833214,36.73204,0.00063830474,0.00063830474,0
-46.535423,37.30587,0.00063830474,0.00063830474,0
-46.23433,37.871056,0.00063830474,0.00063830474,0
-45.93007,38.42776,0.00063830474,0.00063830474,0
-45.622696,38.975914,0.00063830474,0.00063830474,0
-45.312416,39.515858,0.00063830474,0.00063830474,0
-44.99921,40.047348,0.00063830474,0.00063830474,0
-44.683334,40.570908,0.00063830474,0.00063830474,0
-44.364723,41.086136,0.00063830474,0.00063830474,0
-44.043655,41.593697,0.00063830474,0.00063830474,0
-43.720055,42.0931,0.0006383896,0.0006383896,0
-43.394196,42.585014,0.00063638645,0.00063638645,0
-43.066013,43.069077,0.0006384468,0.0006384468,0
-42.735733,43.545788,0.00061585504,0.00061585504,0
-42.40335,44.014942,0.0005859246,0.0005859246,0
-42.06903,44.476883,0.00060159934,0.00060159934,0
-41.73281,44.931576,0.0007872315,0.0007872315,0
-42.086887,-45.40826,0.0012575969,0.0012575969,0
-42.42683,-44.95355,0.0009086667,0.0009086667,0
-42.764915,-44.491467,0.00062122586,0.00062122586,0
-43.101067,-44.022045,0.00063243276,0.00063243276,0
-43.43515,-43.544933,0.0006374557,0.0006374557,0
-43.76716,-43.060326,0.0006379955,0.0006379955,0
-44.096874,-42.56771,0.0006383699,0.0006383699,0
-44.424335,-42.067455,0.00063837104,0.00063837104,0
-44.74929,-41.55889,0.00063837104,0.00063837104,0
-45.07181,-41.04249,0.00063837104,0.00063837104,0
-45.39162,-40.51757,0.00063837104,0.00063837104,0
-45.708767,-39.984547,0.00063837104,0.00063837104,0
-46.023003,-39.44288,0.00063837104,0.00063837104,0
-46.334343,-38.8928,0.00063837104,0.00063837104,0
-46.64258,-38.33397,0.00063837104,0.00063837104,0
-46.947662,-37.76645,0.00063837104,0.00063837104,0
-47.249443,-37.190056,0.00063837104,0.00063837104,0
-47.547802,-36.60471,0.00063837104,0.00063837104,0
-47.84266,-36.01042,0.00063837104,0.00063837104,0
-48.13382,-35.40691,0.00063837104,0.00063837104,0
-48.42127,-34.7944,0.00063837104,0.00063837104,0
-48.704727,-34.17243,0.00063837104,0.00063837104,0
-48.98427,-33.541428,0.00063837104,0.00063837104,0
-49.259518,-32.90076,0.00063837104,0.00063837104,0
-49.530632,-32.251034,0.00063837104,0.00063837104,0
-49.797165,-31.591503,0.00063837104,0.00063837104,0
-50.0593,-30.922829,0.00063837104,0.00063837104,0
-50.31662,-30.2444,0.00063837104,0.00063837104,0
-50.569233,-29.556698,0.00063837104,0.00063837104,0
-50.81681,-28.859333,0.00063837075,0.00063837075,0
-51.059364,-28.152613,0.0006383716,0.0006383716,0
-51.296654,-27.436365,0.0006383732,0.0006383732,0
-51.5286,-26.710726,0.0006383762,0.0006383762,0
-51.755062,-25.975746,0.00063838053,0.00063838053,0
-51.975853,-25.23139,0.0006383847,0.0006383847,0
-52.19095,-24.477932,0.0006383881,0.0006383881,0
-52.400032,-23.715174,0.0006383939,0.0006383939,0
-52.60322,-22.943605,0.0006383951,0.0006383951,0
-52.800064,-22.162886,0.0006383014,0.0006383014,0
-52.99081,-21.373701,0.0006381135,0.0006381135,0
-53.17488,-20.57558,0.0006382411,0.0006382411,0
-53.35262,-19.769331,0.0006399979,0.0006399979,0
-53.523445,-18.954573,0.0006439439,0.0006439439,0
-53.687656,-18.132006,0.00065035676,0.00065035676,0
-53.844765,-17.30145,0.0006591471,0.0006591471,0
-53.99495,-16.463467,0.0006642245,0.0006642245,0
-54.13788,-15.618085,0.00067566027,0.00067566027,0
-54.27358,-14.765726,0.00069238164,0.00069238164,0
-54.40188,-13.906615,0.0007132806,0.0007132806,0
-54.522675,-13.041063,0.00073115807,0.00073115807,0
-54.63595,-12.169459,0.0007220897,0.0007220897,0
-54.74144,-11.292025,0.0007152938,0.0007152938,0
-54.839302,-10.40929,0.0007741171,0.0007741171,0
-54.929142,-9.521416,0.00091097265,0.00091097265,0
-55.011284,-8.629032,0.0010834985,0.0010834985,0
-55.08516,-7.73227,0.0011139287,0.0011139287,0
-55.151276,-6.831817,0.0013658096,0.0013658096,0
-55.208954,-5.9278307,0.0018206475,0.0018206475,0
-55.258747,-5.0209737,0.0032145786,0.0032145786,0
-55.30009,-4.1115184,0.0046164384,0.0046164384,0
-55.33338,-3.200031,0.005514868,0.005514868,0
-55.358253,-2.286892,0.0064499113,0.0064499113,0
-55.374924,-1.3726044,0.013694198,0.013694198,0
-55.383224,-0.45761266,0.01279067,0.01279067,0
-55.383224,0.45761266,0.014267268,0.014267268,0
-55.374924,1.3726044,0.018934727,0.018934727,0
-55.358253,2.286892,0.10169178,0.10169178,0
-55.33338,3.200031,0.1279294,0.1279294,0
-55.30009,4.1115184,0.17968464,0.17968464,1
-55.258747,5.0209737,0.3487422,0.3487422,1
-55.208954,5.9278307,0.40469232,0.40469232,2
-55.151276,6.831817,0.3650471,0.3650471,1
-55.08516,7.73227,0.43417802,0.43417802,2
-55.011284,8.629032,0.47353354,0.47353354,2
-54.929142,9.521416,0.5833453,0.5833453,2
-54.839302,10.40929,0.6067041,0.6067041,2
-54.74144,11.292025,0.6058573,0.6058573,2
-54.63595,12.169459,0.64949095,0.64949095,2
-54.522675,13.041063,0.5875697,0.5875697,2
-54.40188,13.906615,0.47699365,0.47699365,2
-54.27358,14.765726,0.47999337,0.47999337,2
-54.13788,15.618085,0.3777275,0.3777275,1
-53.99495,16.463467,0.3264082,0.3264082,1
-53.844765,17.30145,0.24280684,0.24280684,1
-53.687656,18.132006,0.041082058,0.041082058,0
-53.523445,18.954573,0.0114038745,0.0114038745,0
-53.35262,19.769331,0.0033231985,0.0033231985,0
-53.17488,20.57558,0.0014296229,0.0014296229,0
-52.99081,21.373701,0.0007748094,0.0007748094,0
-52.800064,22.162886,0.00065956713,0.00065956713,0
-52.60322,22.943605,0.0006322677,0.0006322677,0
-52.400032,23.715174,0.0006326209,0.0006326209,0
-52.19095,24.477932,0.00063026685,0.00063026685,0
-51.975853,25.23139,0.00063351926,0.00063351926,0
-51.755062,25.975746,0.0006356082,0.0006356082,0
-51.5286,26.710726,0.00063769764,0.00063769764,0
-51.296654,27.436365,0.0006382698,0.0006382698,0
-51.059364,28.152613,0.00063834427,0.00063834427,0
-50.81681,28.859333,0.00063837506,0.00063837506,0
-50.569233,29.556698,0.00063837104,0.00063837104,0
-50.31662,30.2444,0.00063837104,0.00063837104,0
-50.0593,30.922829,0.00063837104,0.00063837104,0
-49.797165,31.591503,0.00063837104,0.00063837104,0
-49.530632,32.251034,0.00063837104,0.00063837104,0
-49.259518,32.90076,0.00063837104,0.00063837104,0
-48.98427,33.541428,0.00063837104,0.00063837104,0
-48.704727,34.17243,0.00063837104,0.00063837104,0
-48.42127,34.7944,0.00063837104,0.00063837104,0
-48.13382,35.40691,0.00063837104,0.00063837104,0
-47.84266,36.01042,0.00063837104,0.00063837104,0
-47.547802,36.60471,0.00063837104,0.00063837104,0
-47.249443,37.190056,0.00063837104,0.00063837104,0
-46.947662,37.76645,0.00063837104,0.00063837104,0
-46.64258,38.33397,0.00063837104,0.00063837104,0
-46.334343,38.8928,0.00063837104,0.00063837104,0
-46.023003,39.44288,0.00063837104,0.00063837104,0
-45.708767,39.984547,0.00063837104,0.00063837104,0
-45.39162,40.51757,0.00063837104,0.00063837104,0
-45.07181,41.04249,0.00063837104,0.00063837104,0
-44.74929,41.55889,0.00063837104,0.00063837104,0
-44.424335,42.067455,0.00063837104,0.00063837104,0
-44.096874,42.56771,0.0006384559,0.0006384559,0
-43.76716,43.060326,0.0006364523,0.0006364523,0
-43.43515,43.544933,0.00063851406,0.00063851406,0
-43.101067,44.022045,0.00061591144,0.00061591144,0
-42.764915,44.491467,0.00058596703,0.00058596703,0
-42.42683,44.95355,0.0006016315,0.0006016315,0
-42.086887,45.40826,0.00078726263,0.00078726263,0
-42.438835,-45.89312,0.0012575969,0.0012575969,0
-42.78254,-45.43853,0.0009086667,0.0009086667,0
-43.1244,-44.97644,0.00062122586,0.00062122586,0
-43.46437,-44.50688,0.00063243276,0.00063243276,0
-43.80229,-44.029495,0.0006374557,0.0006374557,0
-44.138157,-43.544476,0.0006379955,0.0006379955,0
-44.47176,-43.051296,0.0006383699,0.0006383699,0
-44.80314,-42.55033,0.00063837104,0.00063837104,0
-45.132027,-42.04087,0.00063837104,0.00063837104,0
-45.458496,-41.523422,0.00063837104,0.00063837104,0
-45.782272,-40.997272,0.00063837104,0.00063837104,0
-46.103405,-40.462837,0.00063837104,0.00063837104,0
-46.42165,-39.919556,0.00063837104,0.00063837104,0
-46.737007,-39.367676,0.00063837104,0.00063837104,0
-47.049274,-38.806824,0.00063837104,0.00063837104,0
-47.3584,-38.23707,0.00063837104,0.00063837104,0
-47.66423,-37.658226,0.00063837104,0.00063837104,0
-47.966644,-37.070187,0.000638372,0.000638372,0
-48.265564,-36.47296,0.00063837256,0.00063837256,0
-48.560776,-35.86627,0.0006383738,0.0006383738,0
-48.852283,-35.250313,0.00063837407,0.00063837407,0
-49.139793,-34.62463,0.0006383744,0.0006383744,0
-49.423386,-33.98965,0.00063837407,0.00063837407,0
-49.70267,-33.34471,0.0006383738,0.0006383738,0
-49.977814,-32.690426,0.0006383735,0.0006383735,0
-50.248352,-32.02603,0.00063837256,0.00063837256,0
-50.514473,-31.352192,0.00063837256,0.00063837256,0
-50.775757,-30.668274,0.000638372,0.000638372,0
-51.032307,-29.97477,0.0006383716,0.0006383716,0
-51.283783,-29.271267,0.0006383729,0.0006383729,0
-51.530205,-28.558077,0.0006383738,0.0006383738,0
-51.771324,-27.835018,0.0006383656,0.0006383656,0
-52.007053,-27.102219,0.0006383379,0.0006383379,0
-52.23725,-26.359726,0.0006382838,0.0006382838,0
-52.461723,-25.607498,0.0006382199,0.0006382199,0
-52.680443,-24.845812,0.00063815876,0.00063815876,0
-52.89308,-24.074461,0.0006381107,0.0006381107,0
-53.09977,-23.293938,0.0006380076,0.0006380076,0
-53.300034,-22.503887,0.00063773105,0.00063773105,0
-53.49413,-21.705015,0.00063784077,0.00063784077,0
-53.681454,-20.89683,0.0006395802,0.0006395802,0
-53.862373,-20.080166,0.0006446317,0.0006446317,0
-54.036278,-19.254612,0.00065279723,0.00065279723,0
-54.203476,-18.420908,0.0006664517,0.0006664517,0
-54.36347,-17.578856,0.0006793034,0.0006793034,0
-54.516426,-16.729034,0.00069849787,0.00069849787,0
-54.662018,-15.8714695,0.0007139593,0.0007139593,0
-54.800274,-15.006603,0.0007406319,0.0007406319,0
-54.931,-14.134665,0.0007507535,0.0007507535,0
-55.05409,-13.255974,0.00081608584,0.00081608584,0
-55.169525,-12.370938,0.0008247124,0.0008247124,0
-55.277054,-11.479789,0.0008254109,0.0008254109,0
-55.376816,-10.583077,0.000963956,0.000963956,0
-55.4684,-9.680968,0.0016758881,0.0016758881,0
-55.552143,-8.774126,0.00508272,0.00508272,0
-55.627472,-7.8626823,0.013964177,0.013964177,0
-55.694885,-6.947362,0.026073378,0.026073378,0
-55.75371,-6.028327,0.039852202,0.039852202,0
-55.80449,-5.1062737,0.15626638,0.15626638,1
-55.846657,-4.181488,0.17005683,0.17005683,1
-55.880608,-3.2545652,0.20538382,0.20538382,1
-55.905975,-2.3259053,0.25673664,0.25673664,1
-55.92298,-1.3960369,0.3682706,0.3682706,1
-55.93145,-0.4654275,0.3687916,0.3687916,1
-55.93145,0.4654275,0.29112646,0.29112646,1
-55.92298,1.3960369,0.20448376,0.20448376,1
-55.905975,2.3259053,0.23308946,0.23308946,1
-55.880608,3.2545652,0.26215422,0.26215422,1
-55.846657,4.181488,0.3746353,0.3746353,1
-55.80449,5.1062737,0.45872054,0.45872054,2
-55.75371,6.028327,0.48012108,0.48012108,2
-55.694885,6.947362,0.5352561,0.5352561,2
-55.627472,7.8626823,0.717474,0.717474,3
-55.552143,8.774126,0.7621177,0.7621177,3
-55.4684,9.680968,0.8182001,0.8182001,3
-55.376816,10.583077,0.82512355,0.82512355,3
-55.277054,11.479789,0.8125859,0.8125859,3
-55.169525,12.370938,0.8052242,0.8052242,3
-55.05409,13.255974,0.7584036,0.7584036,3
-54.931,14.134665,0.72570735,0.72570735,3
-54.800274,15.006603,0.7019756,0.7019756,3
-54.662018,15.8714695,0.6606282,0.6606282,2
-54.516426,16.729034,0.68572533,0.68572533,2
-54.36347,17.578856,0.7105159,0.7105159,3
-54.203476,18.420908,0.5404649,0.5404649,2
-54.036278,19.254612,0.35111937,0.35111937,1
-53.862373,20.080166,0.029764494,0.029764494,0
-53.681454,20.89683,0.003942777,0.003942777,0
-53.49413,21.705015,0.0019936382,0.0019936382,0
-53.300034,22.503887,0.001137799,0.001137799,0
-53.09977,23.293938,0.0007958308,0.0007958308,0
-52.89308,24.074461,0.000678141,0.000678141,0
-52.680443,24.845812,0.0006464395,0.0006464395,0
-52.461723,25.607498,0.00062833267,0.00062833267,0
-52.23725,26.359726,0.0006334625,0.0006334625,0
-52.007053,27.102219,0.0006363292,0.0006363292,0
-51.771324,27.835018,0.00063809246,0.00063809246,0
-51.530205,28.558077,0.0006383282,0.0006383282,0
-51.283783,29.271267,0.0006383768,0.0006383768,0
-51.032307,29.97477,0.00063837104,0.00063837104,0
-50.775757,30.668274,0.00063837104,0.00063837104,0
-50.514473,31.352192,0.00063837104,0.00063837104,0
-50.248352,32.02603,0.00063837104,0.00063837104,0
-49.977814,32.690426,0.00063837104,0.00063837104,0
-49.70267,33.34471,0.00063837104,0.00063837104,0
-49.423386,33.98965,0.00063837104,0.00063837104,0
-49.139793,34.62463,0.00063837104,0.00063837104,0
-48.852283,35.250313,0.00063837104,0.00063837104,0
-48.560776,35.86627,0.00063837104,0.00063837104,0
-48.265564,36.47296,0.00063837104,0.00063837104,0
-47.966644,37.070187,0.00063837104,0.00063837104,0
-47.66423,37.658226,0.00063837104,0.00063837104,0
-47.3584,38.23707,0.00063837104,0.00063837104,0
-47.049274,38.806824,0.00063837104,0.00063837104,0
-46.737007,39.367676,0.00063837104,0.00063837104,0
-46.42165,39.919556,0.00063837104,0.00063837104,0
-46.103405,40.462837,0.00063837104,0.00063837104,0
-45.782272,40.997272,0.00063837104,0.00063837104,0
-45.458496,41.523422,0.00063837104,0.00063837104,0
-45.132027,42.04087,0.00063837104,0.00063837104,0
-44.80314,42.55033,0.00063837104,0.00063837104,0
-44.47176,43.051296,0.0006384559,0.0006384559,0
-44.138157,43.544476,0.0006364523,0.0006364523,0
-43.80229,44.029495,0.00063851406,0.00063851406,0
-43.46437,44.50688,0.00061591144,0.00061591144,0
-43.1244,44.97644,0.00058596703,0.00058596703,0
-42.78254,45.43853,0.0006016315,0.0006016315,0
-42.438835,45.89312,0.00078726263,0.00078726263,0
-42.788673,-46.385876,0.0012575969,0.0012575969,0
-43.136158,-45.93153,0.0009086667,0.0009086667,0
-43.481827,-45.469566,0.00062122586,0.00062122586,0
-43.82564,-45.0,0.00063243276,0.00063243276,0
-44.167427,-44.52247,0.0006374557,0.0006374557,0
-44.50719,-44.037167,0.0006379955,0.0006379955,0
-44.84472,-43.543556,0.0006383699,0.0006383699,0
-45.180046,-43.042004,0.00063837104,0.00063837104,0
-45.512897,-42.53179,0.00063837104,0.00063837104,0
-45.84336,-42.013416,0.00063837104,0.00063837104,0
-46.17115,-41.486164,0.00063837104,0.00063837104,0
-46.49632,-40.95043,0.00063837104,0.00063837104,0
-46.81862,-40.40567,0.00063837104,0.00063837104,0
-47.138042,-39.852097,0.00063837104,0.00063837104,0
-47.454388,-39.289337,0.00063837075,0.00063837075,0
-47.767605,-38.717464,0.00063837104,0.00063837104,0
-48.07754,-38.13626,0.00063837226,0.00063837226,0
-48.384064,-37.545635,0.00063836743,0.00063836743,0
-48.687096,-36.945568,0.0006383586,0.0006383586,0
-48.98644,-36.335777,0.0006383397,0.0006383397,0
-49.28206,-35.71647,0.0006383337,0.0006383337,0
-49.573696,-35.087147,0.00063832273,0.00063832273,0
-49.8614,-34.44825,0.0006383093,0.0006383093,0
-50.14479,-33.7991,0.00063831237,0.00063831237,0
-50.42402,-33.14031,0.00063831784,0.00063831784,0
-50.698643,-32.47109,0.00063835643,0.00063835643,0
-50.96882,-31.792112,0.0006383644,0.0006383644,0
-51.234142,-31.102726,0.00063837535,0.00063837535,0
-51.4947,-30.403425,0.00063837407,0.00063837407,0
-51.75016,-29.693779,0.0006383747,0.0006383747,0
-52.00053,-28.974098,0.0006383501,0.0006383501,0
-52.245552,-28.24419,0.00063827157,0.00063827157,0
-52.485146,-27.504179,0.0006382046,0.0006382046,0
-52.719162,-26.754112,0.00063823996,0.00063823996,0
-52.9474,-25.993933,0.00063843286,0.00063843286,0
-53.169823,-25.223925,0.0006385533,0.0006385533,0
-53.386116,-24.443861,0.0006383957,0.0006383957,0
-53.596382,-23.654253,0.0006378237,0.0006378237,0
-53.800148,-22.85472,0.00063739956,0.00063739956,0
-53.997673,-22.045994,0.0006389338,0.0006389338,0
-54.188343,-21.227554,0.00064351934,0.00064351934,0
-54.37252,-20.400265,0.0006524402,0.0006524402,0
-54.54959,-19.563696,0.0006679788,0.0006679788,0
-54.719856,-18.718607,0.00069104315,0.00069104315,0
-54.88281,-17.864786,0.00073177076,0.00073177076,0
-55.038628,-17.002838,0.0007434194,0.0007434194,0
-55.18695,-16.132786,0.0007766722,0.0007766722,0
-55.327824,-15.255083,0.00078417745,0.00078417745,0
-55.46105,-14.369968,0.0008683627,0.0008683627,0
-55.586506,-13.477775,0.0012664752,0.0012664752,0
-55.704174,-12.578925,0.0019098769,0.0019098769,0
-55.813793,-11.673657,0.0025015515,0.0025015515,0
-55.915504,-10.762549,0.0031430558,0.0031430558,0
-56.008896,-9.84577,0.00954949,0.00954949,0
-56.09429,-8.924018,0.086361,0.086361,0
-56.17112,-7.997429,0.40794167,0.40794167,2
-56.239876,-7.0667624,0.457934,0.457934,2
-56.299873,-6.1321883,0.37824422,0.37824422,1
-56.351673,-5.19444,0.5251537,0.5251537,2
-56.394688,-4.2538147,0.50139135,0.50139135,2
-56.42933,-3.310941,0.53060305,0.53060305,2
-56.4552,-2.366238,0.5675263,0.5675263,2
-56.472553,-1.4202625,0.62658817,0.62658817,2
-56.481194,-0.473507,0.5946136,0.5946136,2
-56.481194,0.473507,0.49791518,0.49791518,2
-56.472553,1.4202625,0.42713755,0.42713755,2
-56.4552,2.366238,0.3604248,0.3604248,1
-56.42933,3.310941,0.4619383,0.4619383,2
-56.394688,4.2538147,0.63188595,0.63188595,2
-56.351673,5.19444,0.67799824,0.67799824,2
-56.299873,6.1321883,0.73598754,0.73598754,3
-56.239876,7.0667624,0.82367706,0.82367706,3
-56.17112,7.997429,0.84225625,0.84225625,3
-56.09429,8.924018,0.87286043,0.87286043,3
-56.008896,9.84577,0.8897459,0.8897459,3
-55.915504,10.762549,0.88513494,0.88513494,3
-55.813793,11.673657,0.89060986,0.89060986,3
-55.704174,12.578925,0.8921006,0.8921006,3
-55.586506,13.477775,0.8809035,0.8809035,3
-55.46105,14.369968,0.85188335,0.85188335,3
-55.327824,15.255083,0.7775467,0.7775467,3
-55.18695,16.132786,0.7814267,0.7814267,3
-55.038628,17.002838,0.8057277,0.8057277,3
-54.88281,17.864786,0.8149628,0.8149628,3
-54.719856,18.718607,0.70868415,0.70868415,3
-54.54959,19.563696,0.5438693,0.5438693,2
-54.37252,20.400265,0.3535575,0.3535575,1
-54.188343,21.227554,0.059327524,0.059327524,0
-53.997673,22.045994,0.0122013725,0.0122013725,0
-53.800148,22.85472,0.009707257,0.009707257,0
-53.596382,23.654253,0.003396701,0.003396701,0
-53.386116,24.443861,0.0011905778,0.0011905778,0
-53.169823,25.223925,0.0007607435,0.0007607435,0
-52.9474,25.993933,0.0006490082,0.0006490082,0
-52.719162,26.754112,0.00063229294,0.00063229294,0
-52.485146,27.504179,0.0006363683,0.0006363683,0
-52.245552,28.24419,0.0006377104,0.0006377104,0
-52.00053,28.974098,0.0006382795,0.0006382795,0
-51.75016,29.693779,0.00063837593,0.00063837593,0
-51.4947,30.403425,0.00063837104,0.00063837104,0
-51.234142,31.102726,0.00063837104,0.00063837104,0
-50.96882,31.792112,0.00063837104,0.00063837104,0
-50.698643,32.47109,0.00063837104,0.00063837104,0
-50.42402,33.14031,0.00063837104,0.00063837104,0
-50.14479,33.7991,0.00063837104,0.00063837104,0
-49.8614,34.44825,0.00063837104,0.00063837104,0
-49.573696,35.087147,0.00063837104,0.00063837104,0
-49.28206,35.71647,0.00063837104,0.00063837104,0
-48.98644,36.335777,0.00063837104,0.00063837104,0
-48.687096,36.945568,0.00063837104,0.00063837104,0
-48.384064,37.545635,0.00063837104,0.00063837104,0
-48.07754,38.13626,0.00063837104,0.00063837104,0
-47.767605,38.717464,0.00063837104,0.00063837104,0
-47.454388,39.289337,0.00063837104,0.00063837104,0
-47.138042,39.852097,0.00063837104,0.00063837104,0
-46.81862,40.40567,0.00063837104,0.00063837104,0
-46.49632,40.95043,0.00063837104,0.00063837104,0
-46.17115,41.486164,0.00063837104,0.00063837104,0
-45.84336,42.013416,0.00063837104,0.00063837104,0
-45.512897,42.53179,0.00063837104,0.00063837104,0
-45.180046,43.042004,0.00063837104,0.00063837104,0
-44.84472,43.543556,0.0006384559,0.0006384559,0
-44.50719,44.037167,0.0006364523,0.0006364523,0
-44.167427,44.52247,0.00063851406,0.00063851406,0
-43.82564,45.0,0.00061591144,0.00061591144,0
-43.481827,45.469566,0.00058596703,0.00058596703,0
-43.136158,45.93153,0.0006016315,0.0006016315,0
-42.788673,46.385876,0.00078726263,0.00078726263,0
-43.1362,-46.886955,0.0012575969,0.0012575969,0
-43.4875,-46.433006,0.0009086667,0.0009086667,0
-43.837013,-45.97131,0.00062122586,0.00062122586,0
-44.184692,-45.50189,0.00063243276,0.00063243276,0
-44.53038,-45.02436,0.0006374557,0.0006374557,0
-44.87407,-44.538925,0.0006379955,0.0006379955,0
-45.21555,-44.04502,0.0006383699,0.0006383699,0
-45.554863,-43.543026,0.00063837104,0.00063837104,0
-45.89173,-43.032196,0.00063837104,0.00063837104,0
-46.226227,-42.513042,0.00063837104,0.00063837104,0
-46.558075,-41.984818,0.00063837104,0.00063837104,0
-46.88732,-41.447937,0.00063837104,0.00063837104,0
-47.213715,-40.901817,0.00063837104,0.00063837104,0
-47.53725,-40.346687,0.00063837104,0.00063837104,0
-47.857735,-39.78215,0.00063837104,0.00063837104,0
-48.175102,-39.208275,0.00063837226,0.00063837226,0
-48.489197,-38.62484,0.00063836924,0.00063836924,0
-48.799896,-38.031734,0.0006383142,0.0006383142,0
-49.107105,-37.428936,0.00063831237,0.00063831237,0
-49.410625,-36.816154,0.0006383269,0.0006383269,0
-49.710438,-36.19358,0.0006384791,0.0006384791,0
-50.006256,-35.56071,0.0006384602,0.0006384602,0
-50.298145,-34.917976,0.00063829566,0.00063829566,0
-50.58571,-34.26468,0.0006381049,0.0006381049,0
-50.86911,-33.601444,0.000638097,0.000638097,0
-51.14788,-32.927452,0.00063819677,0.00063819677,0
-51.422203,-32.243378,0.00063829985,0.00063829985,0
-51.691635,-31.54855,0.00063832663,0.00063832663,0
-51.95629,-30.843466,0.00063837745,0.00063837745,0
-52.215813,-30.127674,0.00063836377,0.00063836377,0
-52.47021,-29.401493,0.00063826796,0.00063826796,0
-52.71923,-28.664707,0.0006382175,0.0006382175,0
-52.962776,-27.917446,0.00063876057,0.00063876057,0
-53.200703,-27.15974,0.0006405565,0.0006405565,0
-53.43279,-26.391533,0.00064346724,0.00064346724,0
-53.65901,-25.613102,0.0006462686,0.0006462686,0
-53.879036,-24.824211,0.0006477343,0.0006477343,0
-54.09297,-24.025381,0.0006472585,0.0006472585,0
-54.30033,-23.216213,0.0006456391,0.0006456391,0
-54.50138,-22.397457,0.00064629316,0.00064629316,0
-54.695488,-21.568565,0.0006507117,0.0006507117,0
-54.883015,-20.730434,0.0006605255,0.0006605255,0
-55.063335,-19.882603,0.0006751186,0.0006751186,0
-55.23675,-19.025864,0.00071712816,0.00071712816,0
-55.402752,-18.159994,0.0007656516,0.0007656516,0
-55.56151,-17.28561,0.0008406117,0.0008406117,0
-55.712654,-16.40274,0.0009353929,0.0009353929,0
-55.856224,-15.51185,0.0012025269,0.0012025269,0
-55.99202,-14.613187,0.0017498969,0.0017498969,0
-56.11992,-13.707092,0.0039862324,0.0039862324,0
-56.23989,-12.794012,0.03487535,0.03487535,0
-56.35167,-11.87419,0.1335841,0.1335841,0
-56.45539,-10.948229,0.07296425,0.07296425,0
-56.550644,-10.01631,0.20562531,0.20562531,1
-56.63775,-9.079156,0.4678957,0.4678957,2
-56.716118,-8.136913,0.6791954,0.6791954,2
-56.786266,-7.19038,0.76884246,0.76884246,3
-56.84748,-6.239733,0.6879173,0.6879173,2
-56.900326,-5.2857428,0.69562864,0.69562864,2
-56.94423,-4.3287215,0.749837,0.749837,3
-56.97957,-3.369332,0.75178444,0.75178444,3
-57.00598,-2.4080148,0.714032,0.714032,3
-57.02368,-1.4453566,0.7381272,0.7381272,3
-57.032494,-0.48187637,0.7315137,0.7315137,3
-57.032494,0.48187637,0.6888782,0.6888782,2
-57.02368,1.4453566,0.6481644,0.6481644,2
-57.00598,2.4080148,0.60173845,0.60173845,2
-56.97957,3.369332,0.6767433,0.6767433,2
-56.94423,4.3287215,0.82248795,0.82248795,3
-56.900326,5.2857428,0.88898855,0.88898855,3
-56.84748,6.239733,0.9114991,0.9114991,3
-56.786266,7.19038,0.91704935,0.91704935,3
-56.716118,8.136913,0.92079145,0.92079145,3
-56.63775,9.079156,0.94770414,0.94770414,3
-56.550644,10.01631,0.94288856,0.94288856,3
-56.45539,10.948229,0.93515617,0.93515617,3
-56.35167,11.87419,0.9512838,0.9512838,3
-56.23989,12.794012,0.96555305,0.96555305,3
-56.11992,13.707092,0.9724636,0.9724636,3
-55.99202,14.613187,0.955809,0.955809,3
-55.856224,15.51185,0.8631427,0.8631427,3
-55.712654,16.40274,0.8788654,0.8788654,3
-55.56151,17.28561,0.8601884,0.8601884,3
-55.402752,18.159994,0.8386068,0.8386068,3
-55.23675,19.025864,0.80940604,0.80940604,3
-55.063335,19.882603,0.71772456,0.71772456,3
-54.883015,20.730434,0.5976577,0.5976577,2
-54.695488,21.568565,0.4269289,0.4269289,2
-54.50138,22.397457,0.25460708,0.25460708,1
-54.30033,23.216213,0.26196894,0.26196894,1
-54.09297,24.025381,0.055216685,0.055216685,0
-53.879036,24.824211,0.0035073129,0.0035073129,0
-53.65901,25.613102,0.0012433111,0.0012433111,0
-53.43279,26.391533,0.0007253765,0.0007253765,0
-53.200703,27.15974,0.00062832364,0.00062832364,0
-52.962776,27.917446,0.0006365218,0.0006365218,0
-52.71923,28.664707,0.0006377055,0.0006377055,0
-52.47021,29.401493,0.0006382436,0.0006382436,0
-52.215813,30.127674,0.00063837256,0.00063837256,0
-51.95629,30.843466,0.00063837104,0.00063837104,0
-51.691635,31.54855,0.00063837104,0.00063837104,0
-51.422203,32.243378,0.00063837104,0.00063837104,0
-51.14788,32.927452,0.00063837104,0.00063837104,0
-50.86911,33.601444,0.00063837104,0.00063837104,0
-50.58571,34.26468,0.00063837104,0.00063837104,0
-50.298145,34.917976,0.00063837104,0.00063837104,0
-50.006256,35.56071,0.00063837104,0.00063837104,0
-49.710438,36.19358,0.00063837104,0.00063837104,0
-49.410625,36.816154,0.00063837104,0.00063837104,0
-49.107105,37.428936,0.00063837104,0.00063837104,0
-48.799896,38.031734,0.00063837104,0.00063837104,0
-48.489197,38.62484,0.00063837104,0.00063837104,0
-48.175102,39.208275,0.00063837104,0.00063837104,0
-47.857735,39.78215,0.00063837104,0.00063837104,0
-47.53725,40.346687,0.00063837104,0.00063837104,0
-47.213715,40.901817,0.00063837104,0.00063837104,0
-46.88732,41.447937,0.00063837104,0.00063837104,0
-46.558075,41.984818,0.00063837104,0.00063837104,0
-46.226227,42.513042,0.00063837104,0.00063837104,0
-45.89173,43.032196,0.00063837104,0.00063837104,0
-45.554863,43.543026,0.00063837104,0.00063837104,0
-45.21555,44.04502,0.0006384559,0.0006384559,0
-44.87407,44.538925,0.0006364523,0.0006364523,0
-44.53038,45.02436,0.00063851406,0.00063851406,0
-44.184692,45.50189,0.00061591144,0.00061591144,0
-43.837013,45.97131,0.00058596703,0.00058596703,0
-43.4875,46.433006,0.0006016315,0.0006016315,0
-43.1362,46.886955,0.00078726263,0.00078726263,0
-43.48136,-47.396355,0.0012575969,0.0012575969,0
-43.83649,-46.942947,0.0009086667,0.0009086667,0
-44.189873,-46.481667,0.00062122586,0.00062122586,0
-44.54145,-46.012535,0.00063243276,0.00063243276,0
-44.89107,-45.53516,0.0006374557,0.0006374557,0
-45.238724,-45.049736,0.0006379955,0.0006379955,0
-45.584194,-44.555687,0.0006383699,0.0006383699,0
-45.92752,-44.053402,0.00063837104,0.00063837104,0
-46.268436,-43.54211,0.00063837104,0.00063837104,0
-46.60701,-43.02232,0.00063837104,0.00063837104,0
-46.942955,-42.49327,0.00063837104,0.00063837104,0
-47.27632,-41.955383,0.00063837104,0.00063837104,0
-47.606865,-41.408043,0.00063837104,0.00063837104,0
-47.93457,-40.8515,0.00063837104,0.00063837104,0
-48.259235,-40.285324,0.00063837104,0.00063837104,0
-48.580803,-39.70958,0.0006383738,0.0006383738,0
-48.89911,-39.12403,0.0006383367,0.0006383367,0
-49.214043,-38.528572,0.00063825975,0.00063825975,0
-49.52549,-37.923164,0.00063867896,0.00063867896,0
-49.833256,-37.307495,0.00063955126,0.00063955126,0
-50.13732,-36.681763,0.0006409956,0.0006409956,0
-50.437393,-36.04544,0.00064170716,0.00064170716,0
-50.73353,-35.398964,0.0006414555,0.0006414555,0
-51.02534,-34.741596,0.00064014643,0.00064014643,0
-51.31299,-34.073994,0.00063851837,0.00063851837,0
-51.595985,-33.395275,0.0006382141,0.0006382141,0
-51.87452,-32.70616,0.0006377681,0.0006377681,0
-52.148155,-32.005928,0.00063809945,0.00063809945,0
-52.416985,-31.295084,0.0006382853,0.0006382853,0
-52.68065,-30.57316,0.0006382908,0.0006382908,0
-52.939167,-29.84047,0.0006380505,0.0006380505,0
-53.19227,-29.09679,0.0006382348,0.0006382348,0
-53.43985,-28.342236,0.0006401876,0.0006401876,0
-53.681763,-27.57684,0.00064571877,0.00064571877,0
-53.917797,-26.80053,0.0006549406,0.0006549406,0
-54.14791,-26.013588,0.00066445937,0.00066445937,0
-54.37176,-25.21576,0.0006708001,0.0006708001,0
-54.589455,-24.40758,0.00067144545,0.00067144545,0
-54.800507,-23.588623,0.00066715264,0.00066715264,0
-55.00517,-22.759665,0.00066004094,0.00066004094,0
-55.2028,-21.920126,0.0006591066,0.0006591066,0
-55.39377,-21.070934,0.0006743364,0.0006743364,0
-55.57743,-20.211601,0.0007046883,0.0007046883,0
-55.75409,-19.342955,0.0007538577,0.0007538577,0
-55.923225,-18.464745,0.00086031924,0.00086031924,0
-56.085003,-17.577618,0.0011144388,0.0011144388,0
-56.23905,-16.681591,0.0018641833,0.0018641833,0
-56.385406,-15.777155,0.0056913793,0.0056913793,0
-56.523846,-14.864561,0.013163467,0.013163467,0
-56.654263,-13.944165,0.02391209,0.02391209,0
-56.77661,-13.016428,0.27959493,0.27959493,1
-56.89061,-12.081604,0.52870494,0.52870494,2
-56.996418,-11.140326,0.61949486,0.61949486,2
-57.09359,-10.192776,0.7213061,0.7213061,3
-57.182457,-9.2397175,0.78075165,0.78075165,3
-57.26243,-8.2813,0.80578345,0.80578345,3
-57.334007,-7.3183613,0.8591484,0.8591484,3
-57.396477,-6.3510885,0.84513664,0.84513664,3
-57.450413,-5.380291,0.8300372,0.8300372,3
-57.495216,-4.4062996,0.8412148,0.8412148,3
-57.531292,-3.42981,0.8524968,0.8524968,3
-57.558247,-2.451287,0.8587519,0.8587519,3
-57.57632,-1.4713502,0.84723073,0.84723073,3
-57.58532,-0.4905459,0.8007425,0.8007425,3
-57.58532,0.4905459,0.8267237,0.8267237,3
-57.57632,1.4713502,0.8440586,0.8440586,3
-57.558247,2.451287,0.8626136,0.8626136,3
-57.531292,3.42981,0.9020367,0.9020367,3
-57.495216,4.4062996,0.9271357,0.9271357,3
-57.450413,5.380291,0.9600118,0.9600118,3
-57.396477,6.3510885,0.97275454,0.97275454,3
-57.334007,7.3183613,0.972009,0.972009,3
-57.26243,8.2813,0.97778666,0.97778666,3
-57.182457,9.2397175,0.9769607,0.9769607,3
-57.09359,10.192776,0.957395,0.957395,3
-56.996418,11.140326,0.957456,0.957456,3
-56.89061,12.081604,0.9555942,0.9555942,3
-56.77661,13.016428,0.9654227,0.9654227,3
-56.654263,13.944165,0.9808412,0.9808412,3
-56.523846,14.864561,0.98287463,0.98287463,3
-56.385406,15.777155,0.9701811,0.9701811,3
-56.23905,16.681591,0.95574975,0.95574975,3
-56.085003,17.577618,0.9116425,0.9116425,3
-55.923225,18.464745,0.9181633,0.9181633,3
-55.75409,19.342955,0.912472,0.912472,3
-55.57743,20.211601,0.82977134,0.82977134,3
-55.39377,21.070934,0.78269166,0.78269166,3
-55.2028,21.920126,0.7193524,0.7193524,3
-55.00517,22.759665,0.6350438,0.6350438,2
-54.800507,23.588623,0.5737433,0.5737433,2
-54.589455,24.40758,0.3721895,0.3721895,1
-54.37176,25.21576,0.013253779,0.013253779,0
-54.14791,26.013588,0.0014814092,0.0014814092,0
-53.917797,26.80053,0.00078697276,0.00078697276,0
-53.681763,27.57684,0.000637078,0.000637078,0
-53.43985,28.342236,0.0006360854,0.0006360854,0
-53.19227,29.09679,0.00063808094,0.00063808094,0
-52.939167,29.84047,0.0006382302,0.0006382302,0
-52.68065,30.57316,0.0006383677,0.0006383677,0
-52.416985,31.295084,0.00063837104,0.00063837104,0
-52.148155,32.005928,0.00063837104,0.00063837104,0
-51.87452,32.70616,0.00063837104,0.00063837104,0
-51.595985,33.395275,0.00063837104,0.00063837104,0
-51.31299,34.073994,0.00063837104,0.00063837104,0
-51.02534,34.741596,0.00063837104,0.00063837104,0
-50.73353,35.398964,0.00063837104,0.00063837104,0
-50.437393,36.04544,0.00063837104,0.00063837104,0
-50.13732,36.681763,0.00063837104,0.00063837104,0
-49.833256,37.307495,0.00063837104,0.00063837104,0
-49.52549,37.923164,0.00063837104,0.00063837104,0
-49.214043,38.528572,0.00063837104,0.00063837104,0
-48.89911,39.12403,0.00063837104,0.00063837104,0
-48.580803,39.70958,0.00063837104,0.00063837104,0
-48.259235,40.285324,0.00063837104,0.00063837104,0
-47.93457,40.8515,0.00063837104,0.00063837104,0
-47.606865,41.408043,0.00063837104,0.00063837104,0
-47.27632,41.955383,0.00063837104,0.00063837104,0
-46.942955,42.49327,0.00063837104,0.00063837104,0
-46.60701,43.02232,0.00063837104,0.00063837104,0
-46.268436,43.54211,0.00063837104,0.00063837104,0
-45.92752,44.053402,0.00063837104,0.00063837104,0
-45.584194,44.555687,0.0006384559,0.0006384559,0
-45.238724,45.049736,0.0006364523,0.0006364523,0
-44.89107,45.53516,0.00063851406,0.00063851406,0
-44.54145,46.012535,0.00061591144,0.00061591144,0
-44.189873,46.481667,0.00058596703,0.00058596703,0
-43.83649,46.942947,0.0006016315,0.0006016315,0
-43.48136,47.396355,0.00078726263,0.00078726263,0
-43.824066,-47.914112,0.0012575969,0.0012575969,0
-44.183056,-47.461395,0.0009086667,0.0009086667,0
-44.540325,-47.000687,0.00062122586,0.00062122586,0
-44.895824,-46.532,0.00063243276,0.00063243276,0
-45.249413,-46.05493,0.0006374557,0.0006374557,0
-45.60105,-45.569683,0.0006379955,0.0006379955,0
-45.950546,-45.075653,0.0006383699,0.0006383699,0
-46.297928,-44.573235,0.00063837104,0.00063837104,0
-46.642925,-44.061626,0.00063837104,0.00063837104,0
-46.985615,-43.54136,0.00063837104,0.00063837104,0
-47.3257,-43.01164,0.00063837104,0.00063837104,0
-47.663235,-42.472897,0.00063837104,0.00063837104,0
-47.997963,-41.924496,0.00063837104,0.00063837104,0
-48.329887,-41.366673,0.00063837104,0.00063837104,0
-48.658787,-40.798996,0.00063837104,0.00063837104,0
-48.98461,-40.22153,0.00063837564,0.00063837564,0
-49.30719,-39.63401,0.0006382576,0.0006382576,0
-49.6264,-39.036324,0.0006383653,0.0006383653,0
-49.94215,-38.428436,0.00063961005,0.00063961005,0
-50.254223,-37.81,0.00064168236,0.00064168236,0
-50.562603,-37.18122,0.0006460512,0.0006460512,0
-50.86699,-36.541553,0.000649588,0.000649588,0
-51.16745,-35.891434,0.0006529873,0.0006529873,0
-51.463593,-35.230095,0.00064921944,0.00064921944,0
-51.755547,-34.558193,0.00064082333,0.00064082333,0
-52.04285,-33.87483,0.00063734245,0.00063734245,0
-52.325676,-33.18073,0.0006350944,0.0006350944,0
-52.60358,-32.475132,0.0006369544,0.0006369544,0
-52.87667,-31.758562,0.0006378058,0.0006378058,0
-53.144566,-31.030525,0.0006380581,0.0006380581,0
-53.407284,-30.291332,0.00063761644,0.00063761644,0
-53.664555,-29.540741,0.00063809153,0.00063809153,0
-53.916264,-28.778872,0.00064111355,0.00064111355,0
-54.162266,-28.005737,0.00065071543,0.00065071543,0
-54.402332,-27.22126,0.000671124,0.000671124,0
-54.63643,-26.425724,0.00069999427,0.00069999427,0
-54.8642,-25.618855,0.0007206941,0.0007206941,0
-55.085754,-24.801199,0.0007251245,0.0007251245,0
-55.300583,-23.972307,0.00071395654,0.00071395654,0
-55.508945,-23.132978,0.00069705554,0.00069705554,0
-55.7102,-22.282597,0.0006823747,0.0006823747,0
-55.9047,-21.422125,0.00070673757,0.00070673757,0
-56.091797,-20.55105,0.00073258433,0.00073258433,0
-56.27179,-19.670223,0.00082357484,0.00082357484,0
-56.44415,-18.779383,0.0010283506,0.0010283506,0
-56.60904,-17.879198,0.0017531117,0.0017531117,0
-56.766083,-16.969677,0.0066413675,0.0066413675,0
-56.9153,-16.051329,0.09970419,0.09970419,0
-57.056477,-15.124413,0.25804842,0.25804842,1
-57.189484,-14.1893,0.31632358,0.31632358,1
-57.314278,-13.2464695,0.5195301,0.5195301,2
-57.430576,-12.296183,0.74247557,0.74247557,3
-57.538532,-11.339101,0.8707393,0.8707393,3
-57.63768,-10.375416,0.89408696,0.89408696,3
-57.728386,-9.405928,0.875934,0.875934,3
-57.809994,-8.430792,0.8694459,0.8694459,3
-57.883053,-7.450891,0.8614816,0.8614816,3
-57.946823,-6.466418,0.8714005,0.8714005,3
-58.001884,-5.478227,0.9015281,0.9015281,3
-58.04763,-4.4866643,0.90650666,0.90650666,3
-58.084457,-3.492466,0.90405947,0.90405947,3
-58.11198,-2.4961205,0.92891175,0.92891175,3
-58.130436,-1.4982824,0.9228813,0.9228813,3
-58.139618,-0.49952874,0.87555677,0.87555677,3
-58.139618,0.49952874,0.8787325,0.8787325,3
-58.130436,1.4982824,0.9366748,0.9366748,3
-58.11198,2.4961205,0.9692786,0.9692786,3
-58.084457,3.492466,0.9759531,0.9759531,3
-58.04763,4.4866643,0.98026353,0.98026353,3
-58.001884,5.478227,0.9855048,0.9855048,3
-57.946823,6.466418,0.98929507,0.98929507,3
-57.883053,7.450891,0.990217,0.990217,3
-57.809994,8.430792,0.99004304,0.99004304,3
-57.728386,9.405928,0.98925215,0.98925215,3
-57.63768,10.375416,0.9820696,0.9820696,3
-57.538532,11.339101,0.9657548,0.9657548,3
-57.430576,12.296183,0.96629477,0.96629477,3
-57.314278,13.2464695,0.9634115,0.9634115,3
-57.189484,14.1893,0.9711267,0.9711267,3
-57.056477,15.124413,0.9769084,0.9769084,3
-56.9153,16.051329,0.9507689,0.9507689,3
-56.766083,16.969677,0.94595766,0.94595766,3
-56.60904,17.879198,0.956082,0.956082,3
-56.44415,18.779383,0.95696807,0.95696807,3
-56.27179,19.670223,0.9586026,0.9586026,3
-56.091797,20.55105,0.91477025,0.91477025,3
-55.9047,21.422125,0.92412585,0.92412585,3
-55.7102,22.282597,0.88428205,0.88428205,3
-55.508945,23.132978,0.74785715,0.74785715,3
-55.300583,23.972307,0.45935804,0.45935804,2
-55.085754,24.801199,0.2546436,0.2546436,1
-54.8642,25.618855,0.010743998,0.010743998,0
-54.63643,26.425724,0.0013080406,0.0013080406,0
-54.402332,27.22126,0.0007947793,0.0007947793,0
-54.162266,28.005737,0.000642789,0.000642789,0
-53.916264,28.778872,0.00063534593,0.00063534593,0
-53.664555,29.540741,0.00063845166,0.00063845166,0
-53.407284,30.291332,0.0006382737,0.0006382737,0
-53.144566,31.030525,0.0006383634,0.0006383634,0
-52.87667,31.758562,0.00063837104,0.00063837104,0
-52.60358,32.475132,0.00063837104,0.00063837104,0
-52.325676,33.18073,0.00063837104,0.00063837104,0
-52.04285,33.87483,0.00063837104,0.00063837104,0
-51.755547,34.558193,0.00063837104,0.00063837104,0
-51.463593,35.230095,0.00063837104,0.00063837104,0
-51.16745,35.891434,0.00063837104,0.00063837104,0
-50.86699,36.541553,0.00063837104,0.00063837104,0
-50.562603,37.18122,0.00063837104,0.00063837104,0
-50.254223,37.81,0.00063837104,0.00063837104,0
-49.94215,38.428436,0.00063837104,0.00063837104,0
-49.6264,39.036324,0.00063837104,0.00063837104,0
-49.30719,39.63401,0.00063837104,0.00063837104,0
-48.98461,40.22153,0.00063837104,0.00063837104,0
-48.658787,40.798996,0.00063837104,0.00063837104,0
-48.329887,41.366673,0.00063837104,0.00063837104,0
-47.997963,41.924496,0.00063837104,0.00063837104,0
-47.663235,42.472897,0.00063837104,0.00063837104,0
-47.3257,43.01164,0.00063837104,0.00063837104,0
-46.985615,43.54136,0.00063837104,0.00063837104,0
-46.642925,44.061626,0.00063837104,0.00063837104,0
-46.297928,44.573235,0.00063837104,0.00063837104,0
-45.950546,45.075653,0.0006384559,0.0006384559,0
-45.60105,45.569683,0.0006364523,0.0006364523,0
-45.249413,46.05493,0.00063851406,0.00063851406,0
-44.895824,46.532,0.00061591144,0.00061591144,0
-44.540325,47.000687,0.00058596703,0.00058596703,0
-44.183056,47.461395,0.0006016315,0.0006016315,0
-43.824066,47.914112,0.00078726263,0.00078726263,0
-44.16411,-48.440662,0.0012575969,0.0012575969,0
-44.52697,-47.988815,0.0009086667,0.0009086667,0
-44.88816,-47.528847,0.00062122586,0.00062122586,0
-45.247612,-47.060776,0.00063243276,0.00063243276,0
-45.605186,-46.584194,0.0006374557,0.0006374557,0
-45.96085,-46.09928,0.0006379955,0.0006379955,0
-46.3144,-45.60544,0.0006383699,0.0006383699,0
-46.66587,-45.10305,0.00063837104,0.00063837104,0
-47.01499,-44.591305,0.00063837104,0.00063837104,0
-47.36183,-44.07073,0.00063837104,0.00063837104,0
-47.7061,-43.540512,0.00063837104,0.00063837104,0
-48.047848,-43.00108,0.00063837104,0.00063837104,0
-48.386814,-42.451782,0.00063837104,0.00063837104,0
-48.722992,-41.892853,0.00063837104,0.00063837104,0
-49.056187,-41.323845,0.00063837104,0.00063837104,0
-49.386314,-40.7448,0.0006383768,0.0006383768,0
-49.71322,-40.15547,0.00063806056,0.00063806056,0
-50.036774,-39.55571,0.00063819555,0.00063819555,0
-50.356884,-38.945473,0.0006386339,0.0006386339,0
-50.673332,-38.324417,0.0006403432,0.0006403432,0
-50.98609,-37.692726,0.00065355265,0.00065355265,0
-51.294876,-37.049835,0.0006704345,0.0006704345,0
-51.59973,-36.396183,0.00069552235,0.00069552235,0
-51.900257,-35.730972,0.00068373035,0.00068373035,0
-52.196606,-35.05488,0.00065761356,0.00065761356,0
-52.488297,-34.36695,0.0006388193,0.0006388193,0
-52.775497,-33.667934,0.0006324786,0.0006324786,0
-53.05777,-32.95704,0.0006336874,0.0006336874,0
-53.33519,-32.23479,0.0006370209,0.0006370209,0
-53.607414,-31.50067,0.00063757243,0.00063757243,0
-53.874428,-30.75499,0.0006370923,0.0006370923,0
-54.135952,-29.99749,0.00063770125,0.00063770125,0
-54.39189,-29.22828,0.0006394534,0.0006394534,0
-54.64207,-28.447372,0.00065027864,0.00065027864,0
-54.88627,-27.654667,0.00068887026,0.00068887026,0
-55.124447,-26.850456,0.0007669141,0.0007669141,0
-55.35624,-26.03444,0.0008517328,0.0008517328,0
-55.58174,-25.207184,0.0008851139,0.0008851139,0
-55.80046,-24.368202,0.00086816837,0.00086816837,0
-56.012634,-23.518326,0.0008054717,0.0008054717,0
-56.217606,-22.656902,0.00074903475,0.00074903475,0
-56.41574,-21.784931,0.000747797,0.000747797,0
-56.606377,-20.90186,0.00082532084,0.00082532084,0
-56.789803,-20.008574,0.0011125904,0.0011125904,0
-56.965485,-19.10479,0.0020020744,0.0020020744,0
-57.13358,-18.191206,0.0061423695,0.0061423695,0
-57.29371,-17.267826,0.019425904,0.019425904,0
-57.445877,-16.335175,0.2789718,0.2789718,1
-57.589874,-15.393517,0.5276007,0.5276007,2
-57.725555,-14.443239,0.61654264,0.61654264,2
-57.852882,-13.4848385,0.73580927,0.73580927,3
-57.97156,-12.518587,0.8918189,0.8918189,3
-58.081734,-11.54518,0.93264204,0.93264204,3
-58.182938,-10.564812,0.8964911,0.8964911,3
-58.27552,-9.578325,0.8633107,0.8633107,3
-58.35884,-8.585879,0.8848831,0.8848831,3
-58.433434,-7.5884037,0.88991183,0.88991183,3
-58.49855,-6.5861015,0.90892893,0.90892893,3
-58.55478,-5.5798736,0.93396306,0.93396306,3
-58.601486,-4.5700846,0.9497816,0.9497816,3
-58.639107,-3.557509,0.9652259,0.9652259,3
-58.667213,-2.542666,0.95367646,0.95367646,3
-58.686058,-1.5262444,0.94663715,0.94663715,3
-58.695442,-0.5088551,0.9397376,0.9397376,3
-58.695442,0.5088551,0.9657241,0.9657241,3
-58.686058,1.5262444,0.98316747,0.98316747,3
-58.667213,2.542666,0.9878939,0.9878939,3
-58.639107,3.557509,0.9874232,0.9874232,3
-58.601486,4.5700846,0.98835105,0.98835105,3
-58.55478,5.5798736,0.9877446,0.9877446,3
-58.49855,6.5861015,0.9897363,0.9897363,3
-58.433434,7.5884037,0.99046177,0.99046177,3
-58.35884,8.585879,0.99138826,0.99138826,3
-58.27552,9.578325,0.99034965,0.99034965,3
-58.182938,10.564812,0.98345494,0.98345494,3
-58.081734,11.54518,0.9702602,0.9702602,3
-57.97156,12.518587,0.97292477,0.97292477,3
-57.852882,13.4848385,0.96999073,0.96999073,3
-57.725555,14.443239,0.9719373,0.9719373,3
-57.589874,15.393517,0.9670459,0.9670459,3
-57.445877,16.335175,0.96364224,0.96364224,3
-57.29371,17.267826,0.95647955,0.95647955,3
-57.13358,18.191206,0.93613976,0.93613976,3
-56.965485,19.10479,0.9480135,0.9480135,3
-56.789803,20.008574,0.95972395,0.95972395,3
-56.606377,20.90186,0.94406015,0.94406015,3
-56.41574,21.784931,0.91784924,0.91784924,3
-56.217606,22.656902,0.83351827,0.83351827,3
-56.012634,23.518326,0.5973448,0.5973448,2
-55.80046,24.368202,0.22351249,0.22351249,1
-55.58174,25.207184,0.028642109,0.028642109,0
-55.35624,26.03444,0.0039363718,0.0039363718,0
-55.124447,26.850456,0.0011703332,0.0011703332,0
-54.88627,27.654667,0.0007621705,0.0007621705,0
-54.64207,28.447372,0.0006465871,0.0006465871,0
-54.39189,29.22828,0.00063626486,0.00063626486,0
-54.135952,29.99749,0.0006384261,0.0006384261,0
-53.874428,30.75499,0.00063829985,0.00063829985,0
-53.607414,31.50067,0.0006383619,0.0006383619,0
-53.33519,32.23479,0.00063837104,0.00063837104,0
-53.05777,32.95704,0.00063837104,0.00063837104,0
-52.775497,33.667934,0.00063837104,0.00063837104,0
-52.488297,34.36695,0.00063837104,0.00063837104,0
-52.196606,35.05488,0.00063837104,0.00063837104,0
-51.900257,35.730972,0.00063837104,0.00063837104,0
-51.59973,36.396183,0.00063837104,0.00063837104,0
-51.294876,37.049835,0.00063837104,0.00063837104,0
-50.98609,37.692726,0.00063837104,0.00063837104,0
-50.673332,38.324417,0.00063837104,0.00063837104,0
-50.356884,38.945473,0.00063837104,0.00063837104,0
-50.036774,39.55571,0.00063837104,0.00063837104,0
-49.71322,40.15547,0.00063837104,0.00063837104,0
-49.386314,40.7448,0.00063837104,0.00063837104,0
-49.056187,41.323845,0.00063837104,0.00063837104,0
-48.722992,41.892853,0.00063837104,0.00063837104,0
-48.386814,42.451782,0.00063837104,0.00063837104,0
-48.047848,43.00108,0.00063837104,0.00063837104,0
-47.7061,43.540512,0.00063837104,0.00063837104,0
-47.36183,44.07073,0.00063837104,0.00063837104,0
-47.01499,44.591305,0.00063837104,0.00063837104,0
-46.66587,45.10305,0.00063837104,0.00063837104,0
-46.3144,45.60544,0.0006384559,0.0006384559,0
-45.96085,46.09928,0.0006364523,0.0006364523,0
-45.605186,46.584194,0.00063851406,0.00063851406,0
-45.247612,47.060776,0.00061591144,0.00061591144,0
-44.88816,47.528847,0.00058596703,0.00058596703,0
-44.52697,47.988815,0.0006016315,0.0006016315,0
-44.16411,48.440662,0.00078726263,0.00078726263,0
-44.5015,-48.975727,0.0012575969,0.0012575969,0
-44.868263,-48.524902,0.0009086667,0.0009086667,0
-45.23339,-48.065853,0.00062122586,0.00062122586,0
-45.596817,-47.598568,0.00063243276,0.00063243276,0
-45.958405,-47.12263,0.0006374557,0.0006374557,0
-46.318115,-46.638233,0.0006379955,0.0006379955,0
-46.67576,-46.144753,0.0006383699,0.0006383699,0
-47.03135,-45.64257,0.00063837104,0.00063837104,0
-47.384624,-45.13086,0.00063837104,0.00063837104,0
-47.73565,-44.610146,0.00063837104,0.00063837104,0
-48.084145,-44.0796,0.00063837104,0.00063837104,0
-48.430138,-43.539654,0.00063837104,0.00063837104,0
-48.77339,-42.98962,0.00063837104,0.00063837104,0
-49.11388,-42.429756,0.00063837104,0.00063837104,0
-49.451397,-41.859573,0.00063837104,0.00063837104,0
-49.78589,-41.279125,0.0006383744,0.0006383744,0
-50.117176,-40.688137,0.0006377538,0.0006377538,0
-50.445133,-40.086456,0.0006377201,0.0006377201,0
-50.769665,-39.47403,0.0006351198,0.0006351198,0
-51.09054,-38.85049,0.0006371994,0.0006371994,0
-51.407753,-38.216022,0.0006719986,0.0006719986,0
-51.72099,-37.57004,0.00074006076,0.00074006076,0
-52.030308,-36.91298,0.0008262655,0.0008262655,0
-52.3353,-36.244015,0.000830267,0.000830267,0
-52.636112,-35.563828,0.0007137732,0.0007137732,0
-52.932266,-34.871437,0.0006857027,0.0006857027,0
-53.22393,-34.167583,0.0006343748,0.0006343748,0
-53.510635,-33.451458,0.00063350657,0.00063350657,0
-53.792492,-32.723587,0.00063597603,0.00063597603,0
-54.06912,-31.983425,0.0006369508,0.0006369508,0
-54.34051,-31.231283,0.000637543,0.000637543,0
-54.60639,-30.466883,0.00063862634,0.00063862634,0
-54.866646,-29.690327,0.00063804776,0.00063804776,0
-55.121105,-28.901613,0.00064926705,0.00064926705,0
-55.36953,-28.100636,0.00070779,0.00070779,0
-55.61188,-27.287678,0.0008502359,0.0008502359,0
-55.847794,-26.462425,0.0009948821,0.0009948821,0
-56.07735,-25.62545,0.0010812002,0.0010812002,0
-56.300056,-24.776243,0.0010679766,0.0010679766,0
-56.516132,-23.915655,0.0010566923,0.0010566923,0
-56.72493,-23.043001,0.00097014103,0.00097014103,0
-56.926796,-22.159306,0.0009901437,0.0009901437,0
-57.121063,-21.263994,0.0012531846,0.0012531846,0
-57.30802,-20.357975,0.0024638239,0.0024638239,0
-57.48712,-19.44095,0.014444547,0.014444547,0
-57.658524,-18.513641,0.15936178,0.15936178,1
-57.821827,-17.576042,0.31471664,0.31471664,1
-57.97705,-16.628698,0.42436638,0.42436638,2
-58.123947,-15.6718855,0.64364654,0.64364654,2
-58.262386,-14.705998,0.8343164,0.8343164,3
-58.392334,-13.73156,0.8424065,0.8424065,3
-58.513462,-12.748848,0.9253772,0.9253772,3
-58.625927,-11.758591,0.9483118,0.9483118,3
-58.72925,-10.760991,0.9179385,0.9179385,3
-58.823784,-9.756935,0.8852444,0.8852444,3
-58.90887,-8.746587,0.92424345,0.92424345,3
-58.98505,-7.730926,0.95172554,0.95172554,3
-59.05156,-6.710165,0.9694845,0.9694845,3
-59.10899,-5.6852536,0.97787195,0.97787195,3
-59.156704,-4.6565776,0.9834594,0.9834594,3
-59.195133,-3.6249552,0.9879239,0.9879239,3
-59.22385,-2.5909336,0.9819832,0.9819832,3
-59.243103,-1.5552424,0.9818955,0.9818955,3
-59.252693,-0.5185274,0.98589814,0.98589814,3
-59.252693,0.5185274,0.9887376,0.9887376,3
-59.243103,1.5552424,0.98986524,0.98986524,3
-59.22385,2.5909336,0.989073,0.989073,3
-59.195133,3.6249552,0.9892229,0.9892229,3
-59.156704,4.6565776,0.9896428,0.9896428,3
-59.10899,5.6852536,0.9895363,0.9895363,3
-59.05156,6.710165,0.9897013,0.9897013,3
-58.98505,7.730926,0.99148023,0.99148023,3
-58.90887,8.746587,0.9916688,0.9916688,3
-58.823784,9.756935,0.9905563,0.9905563,3
-58.72925,10.760991,0.98574257,0.98574257,3
-58.625927,11.758591,0.97815096,0.97815096,3
-58.513462,12.748848,0.97097206,0.97097206,3
-58.392334,13.73156,0.982232,0.982232,3
-58.262386,14.705998,0.98710585,0.98710585,3
-58.123947,15.6718855,0.9870703,0.9870703,3
-57.97705,16.628698,0.98425484,0.98425484,3
-57.821827,17.576042,0.9738178,0.9738178,3
-57.658524,18.513641,0.9519785,0.9519785,3
-57.48712,19.44095,0.94753844,0.94753844,3
-57.30802,20.357975,0.94940376,0.94940376,3
-57.121063,21.263994,0.90464103,0.90464103,3
-56.926796,22.159306,0.81949216,0.81949216,3
-56.72493,23.043001,0.6124901,0.6124901,2
-56.516132,23.915655,0.33173192,0.33173192,1
-56.300056,24.776243,0.030515261,0.030515261,0
-56.07735,25.62545,0.0043196115,0.0043196115,0
-55.847794,26.462425,0.0018914182,0.0018914182,0
-55.61188,27.287678,0.0008699301,0.0008699301,0
-55.36953,28.100636,0.00070602866,0.00070602866,0
-55.121105,28.901613,0.000643126,0.000643126,0
-54.866646,29.690327,0.00063750165,0.00063750165,0
-54.60639,30.466883,0.0006383601,0.0006383601,0
-54.34051,31.231283,0.0006383203,0.0006383203,0
-54.06912,31.983425,0.0006383631,0.0006383631,0
-53.792492,32.723587,0.00063837104,0.00063837104,0
-53.510635,33.451458,0.00063837104,0.00063837104,0
-53.22393,34.167583,0.00063837104,0.00063837104,0
-52.932266,34.871437,0.00063837104,0.00063837104,0
-52.636112,35.563828,0.00063837104,0.00063837104,0
-52.3353,36.244015,0.00063837104,0.00063837104,0
-52.030308,36.91298,0.00063837104,0.00063837104,0
-51.72099,37.57004,0.00063837104,0.00063837104,0
-51.407753,38.216022,0.00063837104,0.00063837104,0
-51.09054,38.85049,0.00063837104,0.00063837104,0
-50.769665,39.47403,0.00063837104,0.00063837104,0
-50.445133,40.086456,0.00063837104,0.00063837104,0
-50.117176,40.688137,0.00063837104,0.00063837104,0
-49.78589,41.279125,0.00063837104,0.00063837104,0
-49.451397,41.859573,0.00063837104,0.00063837104,0
-49.11388,42.429756,0.00063837104,0.00063837104,0
-48.77339,42.98962,0.00063837104,0.00063837104,0
-48.430138,43.539654,0.00063837104,0.00063837104,0
-48.084145,44.0796,0.00063837104,0.00063837104,0
-47.73565,44.610146,0.00063837104,0.00063837104,0
-47.384624,45.13086,0.00063837104,0.00063837104,0
-47.03135,45.64257,0.00063837104,0.00063837104,0
-46.67576,46.144753,0.0006384559,0.0006384559,0
-46.318115,46.638233,0.0006364523,0.0006364523,0
-45.958405,47.12263,0.00063851406,0.00063851406,0
-45.596817,47.598568,0.00061591144,0.00061591144,0
-45.23339,48.065853,0.00058596703,0.00058596703,0
-44.868263,48.524902,0.0006016315,0.0006016315,0
-44.5015,48.975727,0.00078726263,0.00078726263,0
-44.836,-49.5198,0.0012575969,0.0012575969,0
-45.20668,-49.07019,0.0009086667,0.0009086667,0
-45.575768,-48.612225,0.00062122586,0.00062122586,0
-45.9432,-48.14592,0.00063243276,0.00063243276,0
-46.308826,-47.670826,0.0006374557,0.0006374557,0
-46.672615,-47.187126,0.0006379955,0.0006379955,0
-47.034378,-46.6942,0.0006383699,0.0006383699,0
-47.39412,-46.19241,0.00063837104,0.00063837104,0
-47.75159,-45.680927,0.00063837104,0.00063837104,0
-48.10684,-45.16027,0.00063837104,0.00063837104,0
-48.459595,-44.62959,0.00063837104,0.00063837104,0
-48.809883,-44.089306,0.00063837104,0.00063837104,0
-49.157455,-43.538742,0.00063837104,0.00063837104,0
-49.5023,-42.97812,0.00063837104,0.00063837104,0
-49.844208,-42.406956,0.00063837104,0.00063837104,0
-50.18311,-41.825283,0.00063837046,0.00063837046,0
-50.518833,-41.232815,0.0006374864,0.0006374864,0
-50.851254,-40.629387,0.0006374038,0.0006374038,0
-51.18026,-40.01494,0.0006294481,0.0006294481,0
-51.50564,-39.38908,0.0006245414,0.0006245414,0
-51.82736,-38.752003,0.0006773733,0.0006773733,0
-52.145123,-38.103073,0.00079212163,0.00079212163,0
-52.458977,-37.44275,0.0010987411,0.0010987411,0
-52.768513,-36.770164,0.0012068816,0.0012068816,0
-53.073875,-36.086006,0.0010203696,0.0010203696,0
-53.374565,-35.389256,0.0008032202,0.0008032202,0
-53.670765,-34.68067,0.00067900174,0.00067900174,0
-53.962013,-33.959408,0.00063257595,0.00063257595,0
-54.248383,-33.22599,0.0006376939,0.0006376939,0
-54.52951,-32.47984,0.0006371174,0.0006371174,0
-54.805378,-31.721275,0.00064017327,0.00064017327,0
-55.075703,-30.949993,0.00064268213,0.00064268213,0
-55.34037,-30.166088,0.0006399436,0.0006399436,0
-55.599205,-29.369555,0.00065953226,0.00065953226,0
-55.851967,-28.56026,0.00074123987,0.00074123987,0
-56.0986,-27.738495,0.0009874965,0.0009874965,0
-56.33873,-26.90392,0.0012624129,0.0012624129,0
-56.572456,-26.057116,0.0021861014,0.0021861014,0
-56.799248,-25.19754,0.0039442396,0.0039442396,0
-57.019344,-24.326073,0.007152186,0.007152186,0
-57.232063,-23.441982,0.004862313,0.004862313,0
-57.437775,-22.546343,0.0030848489,0.0030848489,0
-57.635788,-21.638529,0.004274866,0.004274866,0
-57.826385,-20.71949,0.010231885,0.010231885,0
-58.00901,-19.788904,0.16234933,0.16234933,1
-58.18382,-18.847517,0.4517784,0.4517784,2
-58.350403,-17.895313,0.61508936,0.61508936,2
-58.508762,-16.932861,0.76930887,0.76930887,3
-58.65867,-15.960441,0.86539763,0.86539763,3
-58.799973,-14.978466,0.9135245,0.9135245,3
-58.932617,-13.987474,0.89646995,0.89646995,3
-59.056282,-12.987761,0.92714494,0.92714494,3
-59.17112,-11.980083,0.94339806,0.94339806,3
-59.276638,-10.964651,0.95829415,0.95829415,3
-59.373188,-9.9424,0.9586837,0.9586837,3
-59.4601,-8.913498,0.96759874,0.96759874,3
-59.537926,-7.878979,0.98242915,0.98242915,3
-59.60588,-6.8390646,0.9871257,0.9871257,3
-59.66456,-5.794759,0.9881612,0.9881612,3
-59.713318,-4.746468,0.9891811,0.9891811,3
-59.752586,-3.6950574,0.9890878,0.9890878,3
-59.781933,-2.6411061,0.9902941,0.9902941,3
-59.801617,-1.5853863,0.9908999,0.9908999,3
-59.81141,-0.528582,0.9910381,0.9910381,3
-59.81141,0.528582,0.9906701,0.9906701,3
-59.801617,1.5853863,0.99062765,0.99062765,3
-59.781933,2.6411061,0.9903616,0.9903616,3
-59.752586,3.6950574,0.99135137,0.99135137,3
-59.713318,4.746468,0.99108946,0.99108946,3
-59.66456,5.794759,0.99137306,0.99137306,3
-59.60588,6.8390646,0.99131036,0.99131036,3
-59.537926,7.878979,0.9913186,0.9913186,3
-59.4601,8.913498,0.99113715,0.99113715,3
-59.373188,9.9424,0.9908668,0.9908668,3
-59.276638,10.964651,0.98970795,0.98970795,3
-59.17112,11.980083,0.9851177,0.9851177,3
-59.056282,12.987761,0.98549336,0.98549336,3
-58.932617,13.987474,0.98968387,0.98968387,3
-58.799973,14.978466,0.99035066,0.99035066,3
-58.65867,15.960441,0.9905428,0.9905428,3
-58.508762,16.932861,0.9904745,0.9904745,3
-58.350403,17.895313,0.9881412,0.9881412,3
-58.18382,18.847517,0.96996486,0.96996486,3
-58.00901,19.788904,0.9442598,0.9442598,3
-57.826385,20.71949,0.93999517,0.93999517,3
-57.635788,21.638529,0.8896319,0.8896319,3
-57.437775,22.546343,0.7916463,0.7916463,3
-57.232063,23.441982,0.508416,0.508416,2
-57.019344,24.326073,0.20610198,0.20610198,1
-56.799248,25.19754,0.0073558716,0.0073558716,0
-56.572456,26.057116,0.002002585,0.002002585,0
-56.33873,26.90392,0.00092233525,0.00092233525,0
-56.0986,27.738495,0.000728353,0.000728353,0
-55.851967,28.56026,0.00066000986,0.00066000986,0
-55.599205,29.369555,0.0006412327,0.0006412327,0
-55.34037,30.166088,0.0006380788,0.0006380788,0
-55.075703,30.949993,0.000638292,0.000638292,0
-54.805378,31.721275,0.0006383354,0.0006383354,0
-54.52951,32.47984,0.0006383668,0.0006383668,0
-54.248383,33.22599,0.0006383716,0.0006383716,0
-53.962013,33.959408,0.0006383716,0.0006383716,0
-53.670765,34.68067,0.00063837104,0.00063837104,0
-53.374565,35.389256,0.00063837075,0.00063837075,0
-53.073875,36.086006,0.00063837104,0.00063837104,0
-52.768513,36.770164,0.00063837104,0.00063837104,0
-52.458977,37.44275,0.00063837104,0.00063837104,0
-52.145123,38.103073,0.00063837104,0.00063837104,0
-51.82736,38.752003,0.00063837104,0.00063837104,0
-51.50564,39.38908,0.00063837104,0.00063837104,0
-51.18026,40.01494,0.00063837104,0.00063837104,0
-50.851254,40.629387,0.00063837104,0.00063837104,0
-50.518833,41.232815,0.00063837104,0.00063837104,0
-50.18311,41.825283,0.00063837104,0.00063837104,0
-49.844208,42.406956,0.00063837104,0.00063837104,0
-49.5023,42.97812,0.00063837104,0.00063837104,0
-49.157455,43.538742,0.00063837104,0.00063837104,0
-48.809883,44.089306,0.00063837104,0.00063837104,0
-48.459595,44.62959,0.00063837104,0.00063837104,0
-48.10684,45.16027,0.00063837104,0.00063837104,0
-47.75159,45.680927,0.00063837104,0.00063837104,0
-47.39412,46.19241,0.00063837104,0.00063837104,0
-47.034378,46.6942,0.0006384559,0.0006384559,0
-46.672615,47.187126,0.0006364523,0.0006364523,0
-46.308826,47.670826,0.00063851406,0.00063851406,0
-45.9432,48.14592,0.00061591144,0.00061591144,0
-45.575768,48.612225,0.00058596703,0.00058596703,0
-45.20668,49.07019,0.0006016315,0.0006016315,0
-44.836,49.5198,0.00078726263,0.00078726263,0
-45.16757,-50.07276,0.0012575969,0.0012575969,0
-45.54219,-49.62455,0.0009086667,0.0009086667,0
-45.91526,-49.167873,0.00062122586,0.00062122586,0
-46.28671,-48.702724,0.00063243276,0.00063243276,0
-46.656395,-48.22866,0.0006374557,0.0006374557,0
-47.024292,-47.745853,0.0006379955,0.0006379955,0
-47.390198,-47.25367,0.0006383699,0.0006383699,0
-47.754124,-46.75248,0.00063837104,0.00063837104,0
-48.115818,-46.241417,0.00063837104,0.00063837104,0
-48.475327,-45.72101,0.00063837104,0.00063837104,0
-48.83238,-45.19039,0.00063837104,0.00063837104,0
-49.187004,-44.64998,0.00063837104,0.00063837104,0
-49.538944,-44.09907,0.00063837104,0.00063837104,0
-49.88819,-43.53789,0.00063837104,0.00063837104,0
-50.23453,-42.965935,0.000638372,0.000638372,0
-50.577896,-42.383224,0.0006383689,0.0006383689,0
-50.91811,-41.789467,0.0006374275,0.0006374275,0
-51.25504,-41.18448,0.00063790276,0.00063790276,0
-51.588585,-40.568188,0.0006291533,0.0006291533,0
-51.918526,-39.940186,0.00062241533,0.00062241533,0
-52.244827,-39.30066,0.00069583266,0.00069583266,0
-52.567184,-38.648952,0.0011157172,0.0011157172,0
-52.885643,-37.98552,0.0042633372,0.0042633372,0
-53.199795,-37.309456,0.016320044,0.016320044,0
-53.50978,-36.621468,0.0037164825,0.0037164825,0
-53.8151,-35.920486,0.001157359,0.001157359,0
-54.11592,-35.207287,0.0007999856,0.0007999856,0
-54.41178,-34.480972,0.000633894,0.000633894,0
-54.70276,-33.742092,0.00063685916,0.00063685916,0
-54.988472,-32.990025,0.0006388942,0.0006388942,0
-55.268917,-32.225094,0.0006445767,0.0006445767,0
-55.543785,-31.446964,0.00065116864,0.00065116864,0
-55.812965,-30.655733,0.00065635506,0.00065635506,0
-56.07628,-29.851372,0.0006913336,0.0006913336,0
-56.333473,-29.03373,0.00081578566,0.00081578566,0
-56.584496,-28.203106,0.0010537725,0.0010537725,0
-56.82896,-27.359123,0.0014998419,0.0014998419,0
-57.066956,-26.50239,0.0036346982,0.0036346982,0
-57.297935,-25.632315,0.035180356,0.035180356,0
-57.52216,-24.749807,0.2175965,0.2175965,1
-57.738926,-23.854095,0.21834609,0.21834609,1
-57.948586,-22.94629,0.015961654,0.015961654,0
-58.150444,-22.025723,0.019545356,0.019545356,0
-58.344795,-21.093382,0.12001735,0.12001735,0
-58.531048,-20.148914,0.14649646,0.14649646,0
-58.709373,-19.193096,0.33211857,0.33211857,1
-58.87934,-18.2259,0.66271466,0.66271466,2
-59.040943,-17.247921,0.8752606,0.8752606,3
-59.193954,-16.259445,0.9037055,0.9037055,3
-59.338203,-15.260893,0.9227824,0.9227824,3
-59.47364,-14.2528305,0.9176248,0.9176248,3
-59.59993,-13.235561,0.92528754,0.92528754,3
-59.71723,-12.20988,0.94732004,0.94732004,3
-59.825016,-11.176005,0.9738255,0.9738255,3
-59.923664,-10.134918,0.982262,0.982262,3
-60.012474,-9.086798,0.9851725,0.9851725,3
-60.092,-8.032729,0.9895616,0.9895616,3
-60.161446,-6.972948,0.9898836,0.9898836,3
-60.221428,-5.908515,0.98965997,0.98965997,3
-60.271263,-4.839859,0.9904357,0.9904357,3
-60.31141,-3.7678971,0.98700446,0.98700446,3
-60.3414,-2.6932418,0.98797566,0.98797566,3
-60.36152,-1.6167116,0.99001044,0.99001044,3
-60.37154,-0.53903097,0.99162537,0.99162537,3
-60.37154,0.53903097,0.9914352,0.9914352,3
-60.36152,1.6167116,0.9914027,0.9914027,3
-60.3414,2.6932418,0.9913675,0.9913675,3
-60.31141,3.7678971,0.99131715,0.99131715,3
-60.271263,4.839859,0.9912895,0.9912895,3
-60.221428,5.908515,0.9912335,0.9912335,3
-60.161446,6.972948,0.99108523,0.99108523,3
-60.092,8.032729,0.9910828,0.9910828,3
-60.012474,9.086798,0.9910228,0.9910228,3
-59.923664,10.134918,0.9910097,0.9910097,3
-59.825016,11.176005,0.9907018,0.9907018,3
-59.71723,12.20988,0.98951554,0.98951554,3
-59.59993,13.235561,0.9901721,0.9901721,3
-59.47364,14.2528305,0.990364,0.990364,3
-59.338203,15.260893,0.98777264,0.98777264,3
-59.193954,16.259445,0.98918253,0.98918253,3
-59.040943,17.247921,0.9895822,0.9895822,3
-58.87934,18.2259,0.9900175,0.9900175,3
-58.709373,19.193096,0.9750683,0.9750683,3
-58.531048,20.148914,0.94149,0.94149,3
-58.344795,21.093382,0.91036445,0.91036445,3
-58.150444,22.025723,0.89461535,0.89461535,3
-57.948586,22.94629,0.72848725,0.72848725,3
-57.738926,23.854095,0.23639388,0.23639388,1
-57.52216,24.749807,0.026947878,0.026947878,0
-57.297935,25.632315,0.0054003703,0.0054003703,0
-57.066956,26.50239,0.0014361214,0.0014361214,0
-56.82896,27.359123,0.00076959614,0.00076959614,0
-56.584496,28.203106,0.00064882607,0.00064882607,0
-56.333473,29.03373,0.0006384435,0.0006384435,0
-56.07628,29.851372,0.0006375918,0.0006375918,0
-55.812965,30.655733,0.0006379706,0.0006379706,0
-55.543785,31.446964,0.00063829287,0.00063829287,0
-55.268917,32.225094,0.00063834793,0.00063834793,0
-54.988472,32.990025,0.0006383762,0.0006383762,0
-54.70276,33.742092,0.00063837535,0.00063837535,0
-54.41178,34.480972,0.000638372,0.000638372,0
-54.11592,35.207287,0.0006383716,0.0006383716,0
-53.8151,35.920486,0.00063837133,0.00063837133,0
-53.50978,36.621468,0.00063837104,0.00063837104,0
-53.199795,37.309456,0.00063837104,0.00063837104,0
-52.885643,37.98552,0.00063837104,0.00063837104,0
-52.567184,38.648952,0.00063837104,0.00063837104,0
-52.244827,39.30066,0.00063837104,0.00063837104,0
-51.918526,39.940186,0.00063837104,0.00063837104,0
-51.588585,40.568188,0.00063837104,0.00063837104,0
-51.25504,41.18448,0.00063837104,0.00063837104,0
-50.91811,41.789467,0.00063837104,0.00063837104,0
-50.577896,42.383224,0.00063837104,0.00063837104,0
-50.23453,42.965935,0.00063837104,0.00063837104,0
-49.88819,43.53789,0.00063837104,0.00063837104,0
-49.538944,44.09907,0.00063837104,0.00063837104,0
-49.187004,44.64998,0.00063837104,0.00063837104,0
-48.83238,45.19039,0.00063837104,0.00063837104,0
-48.475327,45.72101,0.00063837104,0.00063837104,0
-48.115818,46.241417,0.00063837104,0.00063837104,0
-47.754124,46.75248,0.00063837104,0.00063837104,0
-47.390198,47.25367,0.0006384559,0.0006384559,0
-47.024292,47.745853,0.0006364523,0.0006364523,0
-46.656395,48.22866,0.00063851406,0.00063851406,0
-46.28671,48.702724,0.00061591144,0.00061591144,0
-45.91526,49.167873,0.00058596703,0.00058596703,0
-45.54219,49.62455,0.0006016315,0.0006016315,0
-45.16757,50.07276,0.00078726263,0.00078726263,0
-45.496098,-50.63473,0.0012575969,0.0012575969,0
-45.87467,-50.188107,0.0009086667,0.0009086667,0
-46.251736,-49.732906,0.00062122586,0.00062122586,0
-46.627224,-49.26912,0.00063243276,0.00063243276,0
-47.001,-48.796284,0.0006374557,0.0006374557,0
-47.37302,-48.31458,0.0006379955,0.0006379955,0
-47.743095,-47.82334,0.0006383699,0.0006383699,0
-48.111233,-47.32295,0.00063837104,0.00063837104,0
-48.47719,-46.812515,0.00063837104,0.00063837104,0
-48.84099,-46.292572,0.00063837104,0.00063837104,0
-49.202374,-45.76222,0.00063837104,0.00063837104,0
-49.561367,-45.22189,0.00063837104,0.00063837104,0
-49.917717,-44.67084,0.00063837104,0.00063837104,0
-50.27141,-44.109314,0.00063837104,0.00063837104,0
-50.622234,-43.53677,0.0006383716,0.0006383716,0
-50.970104,-42.95323,0.0006383683,0.0006383683,0
-51.31486,-42.35838,0.00063756725,0.00063756725,0
-51.65637,-41.75203,0.00063862454,0.00063862454,0
-51.99451,-41.134094,0.00062952604,0.00062952604,0
-52.32907,-40.504143,0.00062442565,0.00062442565,0
-52.660015,-39.86235,0.0006919842,0.0006919842,0
-52.987034,-39.208042,0.0013177828,0.0013177828,0
-53.310173,-38.54167,0.010940604,0.010940604,0
-53.629017,-37.86229,0.22895356,0.22895356,1
-53.9437,-37.17062,0.018319901,0.018319901,0
-54.253727,-36.46555,0.0014676661,0.0014676661,0
-54.55925,-35.747864,0.00077638106,0.00077638106,0
-54.859814,-35.01662,0.0006504937,0.0006504937,0
-55.15549,-34.272377,0.0006365785,0.0006365785,0
-55.445892,-33.514477,0.00064200966,0.00064200966,0
-55.730995,-32.743244,0.00065012375,0.00065012375,0
-56.01051,-31.958323,0.00066773087,0.00066773087,0
-56.284306,-31.159786,0.0006950817,0.0006950817,0
-56.5522,-30.3476,0.00077436166,0.00077436166,0
-56.813934,-29.521605,0.0009010869,0.0009010869,0
-57.069447,-28.68208,0.0011859676,0.0011859676,0
-57.318356,-27.828627,0.0017386575,0.0017386575,0
-57.560722,-26.961859,0.0049281055,0.0049281055,0
-57.79602,-26.081165,0.04911561,0.04911561,0
-58.024483,-25.187466,0.37496167,0.37496167,1
-58.245403,-24.279947,0.42784876,0.42784876,2
-58.459126,-23.359753,0.3887643,0.3887643,1
-58.66495,-22.426182,0.24592347,0.24592347,1
-58.863155,-21.48025,0.35845944,0.35845944,1
-59.05316,-20.521576,0.60523975,0.60523975,2
-59.235104,-19.550968,0.6388546,0.6388546,2
-59.40856,-18.56839,0.7930336,0.7930336,3
-59.573524,-17.574451,0.90785724,0.90785724,3
-59.729744,-16.569445,0.9105197,0.9105197,3
-59.877045,-15.553812,0.92975897,0.92975897,3
-60.015366,-14.528139,0.9365345,0.9365345,3
-60.144375,-13.492737,0.9579855,0.9579855,3
-60.264206,-12.448445,0.9814192,0.9814192,3
-60.37435,-11.395485,0.98652565,0.98652565,3
-60.475163,-10.33489,0.9859766,0.9859766,3
-60.565933,-9.266846,0.9867791,0.9867791,3
-60.647232,-8.192502,0.9891305,0.9891305,3
-60.718227,-7.112102,0.99061906,0.99061906,3
-60.779552,-6.026769,0.99107414,0.99107414,3
-60.830517,-4.9369564,0.9912286,0.9912286,3
-60.871567,-3.8436363,0.9899379,0.9899379,3
-60.902237,-2.7474573,0.9843263,0.9843263,3
-60.92282,-1.6492879,0.9828131,0.9828131,3
-60.933056,-0.5498977,0.99048257,0.99048257,3
-60.933056,0.5498977,0.99154645,0.99154645,3
-60.92282,1.6492879,0.9912621,0.9912621,3
-60.902237,2.7474573,0.99112564,0.99112564,3
-60.871567,3.8436363,0.9910945,0.9910945,3
-60.830517,4.9369564,0.9910449,0.9910449,3
-60.779552,6.026769,0.9908125,0.9908125,3
-60.718227,7.112102,0.99100566,0.99100566,3
-60.647232,8.192502,0.9910295,0.9910295,3
-60.565933,9.266846,0.9911451,0.9911451,3
-60.475163,10.33489,0.99102473,0.99102473,3
-60.37435,11.395485,0.9909567,0.9909567,3
-60.264206,12.448445,0.9907102,0.9907102,3
-60.144375,13.492737,0.99033266,0.99033266,3
-60.015366,14.528139,0.9884545,0.9884545,3
-59.877045,15.553812,0.9823271,0.9823271,3
-59.729744,16.569445,0.9718499,0.9718499,3
-59.573524,17.574451,0.97692436,0.97692436,3
-59.40856,18.56839,0.98815954,0.98815954,3
-59.235104,19.550968,0.9855122,0.9855122,3
-59.05316,20.521576,0.94739395,0.94739395,3
-58.863155,21.48025,0.90087795,0.90087795,3
-58.66495,22.426182,0.8505995,0.8505995,3
-58.459126,23.359753,0.6052158,0.6052158,2
-58.245403,24.279947,0.22426106,0.22426106,1
-58.024483,25.187466,0.22173797,0.22173797,1
-57.79602,26.081165,0.010391825,0.010391825,0
-57.560722,26.961859,0.0015051988,0.0015051988,0
-57.318356,27.828627,0.0007804445,0.0007804445,0
-57.069447,28.68208,0.0006320842,0.0006320842,0
-56.813934,29.521605,0.00063370884,0.00063370884,0
-56.5522,30.3476,0.00063708343,0.00063708343,0
-56.284306,31.159786,0.00063760555,0.00063760555,0
-56.01051,31.958323,0.0006381022,0.0006381022,0
-55.730995,32.743244,0.000638267,0.000638267,0
-55.445892,33.514477,0.0006383057,0.0006383057,0
-55.15549,34.272377,0.0006383823,0.0006383823,0
-54.859814,35.01662,0.0006383671,0.0006383671,0
-54.55925,35.747864,0.0006383744,0.0006383744,0
-54.253727,36.46555,0.000638372,0.000638372,0
-53.9437,37.17062,0.00063837104,0.00063837104,0
-53.629017,37.86229,0.00063837104,0.00063837104,0
-53.310173,38.54167,0.00063837104,0.00063837104,0
-52.987034,39.208042,0.00063837104,0.00063837104,0
-52.660015,39.86235,0.00063837104,0.00063837104,0
-52.32907,40.504143,0.00063837104,0.00063837104,0
-51.99451,41.134094,0.00063837104,0.00063837104,0
-51.65637,41.75203,0.00063837104,0.00063837104,0
-51.31486,42.35838,0.00063837104,0.00063837104,0
-50.970104,42.95323,0.00063837104,0.00063837104,0
-50.622234,43.53677,0.00063837104,0.00063837104,0
-50.27141,44.109314,0.00063837104,0.00063837104,0
-49.917717,44.67084,0.00063837104,0.00063837104,0
-49.561367,45.22189,0.00063837104,0.00063837104,0
-49.202374,45.76222,0.00063837104,0.00063837104,0
-48.84099,46.292572,0.00063837104,0.00063837104,0
-48.47719,46.812515,0.00063837104,0.00063837104,0
-48.111233,47.32295,0.00063837104,0.00063837104,0
-47.743095,47.82334,0.0006384559,0.0006384559,0
-47.37302,48.31458,0.0006364523,0.0006364523,0
-47.001,48.796284,0.00063851406,0.00063851406,0
-46.627224,49.26912,0.00061591144,0.00061591144,0
-46.251736,49.732906,0.00058596703,0.00058596703,0
-45.87467,50.188107,0.0006016315,0.0006016315,0
-45.496098,50.63473,0.00078726263,0.00078726263,0
-45.821354,-51.20607,0.0012575969,0.0012575969,0
-46.203896,-50.761246,0.0009086667,0.0009086667,0
-46.584976,-50.30773,0.00062122586,0.00062122586,0
-46.96453,-49.84552,0.00063243276,0.00063243276,0
-47.342407,-49.37413,0.0006374557,0.0006374557,0
-47.718582,-48.89374,0.0006379955,0.0006379955,0
-48.09285,-48.40367,0.0006383699,0.0006383699,0
-48.465233,-47.9043,0.00063837104,0.00063837104,0
-48.835464,-47.394722,0.00063837104,0.00063837104,0
-49.20359,-46.875465,0.00063837104,0.00063837104,0
-49.56935,-46.34561,0.00063837104,0.00063837104,0
-49.93275,-45.805588,0.00063837104,0.00063837104,0
-50.293556,-45.254635,0.00063837104,0.00063837104,0
-50.65174,-44.692978,0.00063837104,0.00063837104,0
-51.00708,-44.12008,0.0006383716,0.0006383716,0
-51.359512,-43.535934,0.00063837017,0.00063837017,0
-51.70887,-42.94022,0.0006378085,0.0006378085,0
-52.055,-42.332726,0.0006388501,0.0006388501,0
-52.397804,-41.71336,0.00063212065,0.00063212065,0
-52.737053,-41.081665,0.00063643954,0.00063643954,0
-53.0727,-40.43782,0.0007269498,0.0007269498,0
-53.404457,-39.781113,0.0010157373,0.0010157373,0
-53.732346,-39.11199,0.0041729324,0.0041729324,0
-54.055958,-38.42948,0.012436921,0.012436921,0
-54.37542,-37.734306,0.0032711148,0.0032711148,0
-54.69023,-37.025307,0.0010434516,0.0010434516,0
-55.000557,-36.303288,0.00074781163,0.00074781163,0
-55.30591,-35.567253,0.0006489989,0.0006489989,0
-55.606377,-34.817764,0.00064135983,0.00064135983,0
-55.901558,-34.05414,0.00064750994,0.00064750994,0
-56.191425,-33.276695,0.00065708754,0.00065708754,0
-56.475685,-32.485043,0.0006900063,0.0006900063,0
-56.75421,-31.679255,0.0007605311,0.0007605311,0
-57.026794,-30.859272,0.00089147576,0.00089147576,0
-57.293182,-30.024912,0.0011125676,0.0011125676,0
-57.5533,-29.176456,0.0019894294,0.0019894294,0
-57.806763,-28.313477,0.0046734484,0.0046734484,0
-58.053627,-27.436598,0.012432546,0.012432546,0
-58.29336,-26.545158,0.08155201,0.08155201,0
-58.526176,-25.64012,0.4356011,0.4356011,2
-58.751373,-24.720604,0.57315993,0.57315993,2
-58.969284,-23.787804,0.532425,0.532425,2
-59.17919,-22.840965,0.41938385,0.41938385,2
-59.381386,-21.881145,0.5747597,0.5747597,2
-59.57525,-20.907932,0.7871054,0.7871054,3
-59.760933,-19.922157,0.83147603,0.83147603,3
-59.937996,-18.923779,0.892733,0.892733,3
-60.106426,-17.91342,0.91232824,0.91232824,3
-60.26596,-16.891384,0.92499596,0.92499596,3
-60.41642,-15.858131,0.9558235,0.9558235,3
-60.55774,-14.814268,0.9809074,0.9809074,3
-60.68956,-13.760117,0.9881287,0.9881287,3
-60.812035,-12.696554,0.99036646,0.99036646,3
-60.92462,-11.623816,0.9906872,0.9906872,3
-61.02768,-10.542985,0.9891818,0.9891818,3
-61.12049,-9.454258,0.9841787,0.9841787,3
-61.20362,-8.358847,0.98596025,0.98596025,3
-61.27623,-7.257009,0.990475,0.990475,3
-61.33895,-6.149934,0.9914438,0.9914438,3
-61.391075,-5.038101,0.991115,0.991115,3
-61.43307,-3.9225416,0.991045,0.991045,3
-61.464455,-2.8039443,0.9861902,0.9861902,3
-61.485504,-1.6832314,0.98316437,0.98316437,3
-61.495983,-0.56122065,0.98979783,0.98979783,3
-61.495983,0.56122065,0.99133533,0.99133533,3
-61.485504,1.6832314,0.99128026,0.99128026,3
-61.464455,2.8039443,0.99120444,0.99120444,3
-61.43307,3.9225416,0.9912913,0.9912913,3
-61.391075,5.038101,0.9908958,0.9908958,3
-61.33895,6.149934,0.9893364,0.9893364,3
-61.27623,7.257009,0.99088216,0.99088216,3
-61.20362,8.358847,0.9912531,0.9912531,3
-61.12049,9.454258,0.99133134,0.99133134,3
-61.02768,10.542985,0.9913852,0.9913852,3
-60.92462,11.623816,0.9913557,0.9913557,3
-60.812035,12.696554,0.9911175,0.9911175,3
-60.68956,13.760117,0.9898837,0.9898837,3
-60.55774,14.814268,0.98894787,0.98894787,3
-60.41642,15.858131,0.98612714,0.98612714,3
-60.26596,16.891384,0.97312963,0.97312963,3
-60.106426,17.91342,0.97400624,0.97400624,3
-59.937996,18.923779,0.9798356,0.9798356,3
-59.760933,19.922157,0.9847307,0.9847307,3
-59.57525,20.907932,0.9568805,0.9568805,3
-59.381386,21.881145,0.9024304,0.9024304,3
-59.17919,22.840965,0.82968575,0.82968575,3
-58.969284,23.787804,0.6774477,0.6774477,2
-58.751373,24.720604,0.53653914,0.53653914,2
-58.526176,25.64012,0.38142088,0.38142088,1
-58.29336,26.545158,0.049168035,0.049168035,0
-58.053627,27.436598,0.0020025251,0.0020025251,0
-57.806763,28.313477,0.00074904517,0.00074904517,0
-57.5533,29.176456,0.00064495514,0.00064495514,0
-57.293182,30.024912,0.00063822535,0.00063822535,0
-57.026794,30.859272,0.00063813536,0.00063813536,0
-56.75421,31.679255,0.00063769,0.00063769,0
-56.475685,32.485043,0.00063784525,0.00063784525,0
-56.191425,33.276695,0.000637354,0.000637354,0
-55.901558,34.05414,0.0006379852,0.0006379852,0
-55.606377,34.817764,0.0006382095,0.0006382095,0
-55.30591,35.567253,0.00063833577,0.00063833577,0
-55.000557,36.303288,0.00063837226,0.00063837226,0
-54.69023,37.025307,0.0006383762,0.0006383762,0
-54.37542,37.734306,0.0006383716,0.0006383716,0
-54.055958,38.42948,0.00063837133,0.00063837133,0
-53.732346,39.11199,0.00063837075,0.00063837075,0
-53.404457,39.781113,0.00063837104,0.00063837104,0
-53.0727,40.43782,0.00063837104,0.00063837104,0
-52.737053,41.081665,0.00063837104,0.00063837104,0
-52.397804,41.71336,0.00063837104,0.00063837104,0
-52.055,42.332726,0.00063837104,0.00063837104,0
-51.70887,42.94022,0.00063837104,0.00063837104,0
-51.359512,43.535934,0.00063837104,0.00063837104,0
-51.00708,44.12008,0.00063837104,0.00063837104,0
-50.65174,44.692978,0.00063837104,0.00063837104,0
-50.293556,45.254635,0.00063837104,0.00063837104,0
-49.93275,45.805588,0.00063837104,0.00063837104,0
-49.56935,46.34561,0.00063837104,0.00063837104,0
-49.20359,46.875465,0.00063837104,0.00063837104,0
-48.835464,47.394722,0.00063837104,0.00063837104,0
-48.465233,47.9043,0.00063837104,0.00063837104,0
-48.09285,48.40367,0.0006384559,0.0006384559,0
-47.718582,48.89374,0.0006364523,0.0006364523,0
-47.342407,49.37413,0.00063851406,0.00063851406,0
-46.96453,49.84552,0.00061591144,0.00061591144,0
-46.584976,50.30773,0.00058596703,0.00058596703,0
-46.203896,50.761246,0.0006016315,0.0006016315,0
-45.821354,51.20607,0.00078726263,0.00078726263,0
-46.14337,-51.786488,0.0012575969,0.0012575969,0
-46.529892,-51.343666,0.0009086667,0.0009086667,0
-46.915,-50.892048,0.00062122586,0.00062122586,0
-47.298626,-50.43162,0.00063243276,0.00063243276,0
-47.680634,-49.9619,0.0006374557,0.0006374557,0
-48.060974,-49.483044,0.0006379955,0.0006379955,0
-48.439465,-48.99436,0.0006383699,0.0006383699,0
-48.81611,-48.49624,0.00063837104,0.00063837104,0
-49.190655,-47.987743,0.00063837104,0.00063837104,0
-49.56314,-47.4694,0.00063837104,0.00063837104,0
-49.933292,-46.94027,0.00063837104,0.00063837104,0
-50.301144,-46.40078,0.00063837104,0.00063837104,0
-50.66643,-45.850155,0.00063837104,0.00063837104,0
-51.02915,-45.288616,0.00063837104,0.00063837104,0
-51.38906,-44.71558,0.00063837104,0.00063837104,0
-51.7461,-44.13106,0.0006383732,0.0006383732,0
-52.1001,-43.534714,0.0006380663,0.0006380663,0
-52.450912,-42.926308,0.0006387624,0.0006387624,0
-52.79843,-42.305733,0.0006355346,0.0006355346,0
-53.142426,-41.672523,0.0006574365,0.0006574365,0
-53.48285,-41.026836,0.0006964875,0.0006964875,0
-53.819405,-40.367928,0.00067919306,0.00067919306,0
-54.152115,-39.696266,0.0009016422,0.0009016422,0
-54.480564,-39.010822,0.0011160473,0.0011160473,0
-54.804886,-38.31233,0.00092075433,0.00092075433,0
-55.12457,-37.599575,0.0008189705,0.0008189705,0
-55.439766,-36.873375,0.00071083085,0.00071083085,0
-55.750004,-36.132706,0.00065772136,0.00065772136,0
-56.055347,-35.378117,0.0006526476,0.0006526476,0
-56.3554,-34.60889,0.0006585844,0.0006585844,0
-56.65014,-33.825333,0.00068159454,0.00068159454,0
-56.939243,-33.027035,0.0007351636,0.0007351636,0
-57.222595,-32.21405,0.0008716625,0.0008716625,0
-57.49997,-31.386307,0.0010409927,0.0010409927,0
-57.771126,-30.5436,0.0016672655,0.0016672655,0
-58.035965,-29.686203,0.0043374863,0.0043374863,0
-58.294098,-28.813656,0.0853192,0.0853192,0
-58.545578,-27.926592,0.2376568,0.2376568,1
-58.78986,-27.024305,0.3617726,0.3617726,1
-59.027157,-26.107786,0.54245603,0.54245603,2
-59.256737,-25.176107,0.7017949,0.7017949,3
-59.478962,-24.230492,0.71378046,0.71378046,3
-59.693077,-23.27014,0.5685814,0.5685814,2
-59.89937,-22.296146,0.7269233,0.7269233,3
-60.09722,-21.308065,0.84982884,0.84982884,3
-60.28677,-20.306759,0.88378954,0.88378954,3
-60.467552,-19.292168,0.92092246,0.92092246,3
-60.639572,-18.26494,0.9154428,0.9154428,3
-60.80253,-17.225384,0.9264582,0.9264582,3
-60.956257,-16.173971,0.97205365,0.97205365,3
-61.100666,-15.11134,0.98947644,0.98947644,3
-61.235413,-14.037819,0.99106467,0.99106467,3
-61.360607,-12.9543295,0.9910217,0.9910217,3
-61.47573,-11.8611145,0.99111605,0.99111605,3
-61.58112,-10.7593155,0.99051255,0.99051255,3
-61.67605,-9.649137,0.98684883,0.98684883,3
-61.76108,-8.531861,0.98622406,0.98622406,3
-61.83537,-7.407757,0.990576,0.990576,3
-61.89954,-6.2780867,0.99122494,0.99122494,3
-61.952873,-5.1433573,0.9898318,0.9898318,3
-61.995853,-4.004665,0.9905551,0.9905551,3
-62.02796,-2.86274,0.985796,0.985796,3
-62.04951,-1.7185643,0.9868706,0.9868706,3
-62.06023,-0.5730075,0.99014217,0.99014217,3
-62.06023,0.5730075,0.991093,0.991093,3
-62.04951,1.7185643,0.991217,0.991217,3
-62.02796,2.86274,0.9912441,0.9912441,3
-61.995853,4.004665,0.99062914,0.99062914,3
-61.952873,5.1433573,0.9913155,0.9913155,3
-61.89954,6.2780867,0.9910226,0.9910226,3
-61.83537,7.407757,0.9910886,0.9910886,3
-61.76108,8.531861,0.9913112,0.9913112,3
-61.67605,9.649137,0.9914847,0.9914847,3
-61.58112,10.7593155,0.99163604,0.99163604,3
-61.47573,11.8611145,0.9918263,0.9918263,3
-61.360607,12.9543295,0.99216324,0.99216324,3
-61.235413,14.037819,0.9918356,0.9918356,3
-61.100666,15.11134,0.98974013,0.98974013,3
-60.956257,16.173971,0.98530406,0.98530406,3
-60.80253,17.225384,0.97629607,0.97629607,3
-60.639572,18.26494,0.983526,0.983526,3
-60.467552,19.292168,0.98244804,0.98244804,3
-60.28677,20.306759,0.97211874,0.97211874,3
-60.09722,21.308065,0.9532176,0.9532176,3
-59.89937,22.296146,0.9152987,0.9152987,3
-59.693077,23.27014,0.8836432,0.8836432,3
-59.478962,24.230492,0.78060055,0.78060055,3
-59.256737,25.176107,0.46655658,0.46655658,2
-59.027157,26.107786,0.2385801,0.2385801,1
-58.78986,27.024305,0.02227668,0.02227668,0
-58.545578,27.926592,0.0019705512,0.0019705512,0
-58.294098,28.813656,0.00086650474,0.00086650474,0
-58.035965,29.686203,0.0006506094,0.0006506094,0
-57.771126,30.5436,0.00064555753,0.00064555753,0
-57.49997,31.386307,0.0006460247,0.0006460247,0
-57.222595,32.21405,0.0006401342,0.0006401342,0
-56.939243,33.027035,0.0006367465,0.0006367465,0
-56.65014,33.825333,0.00063525967,0.00063525967,0
-56.3554,34.60889,0.00063657,0.00063657,0
-56.055347,35.378117,0.00063767633,0.00063767633,0
-55.750004,36.132706,0.00063822506,0.00063822506,0
-55.439766,36.873375,0.00063835643,0.00063835643,0
-55.12457,37.599575,0.00063838443,0.00063838443,0
-54.804886,38.31233,0.0006383732,0.0006383732,0
-54.480564,39.010822,0.000638372,0.000638372,0
-54.152115,39.696266,0.00063837133,0.00063837133,0
-53.819405,40.367928,0.00063837075,0.00063837075,0
-53.48285,41.026836,0.00063837104,0.00063837104,0
-53.142426,41.672523,0.00063837104,0.00063837104,0
-52.79843,42.305733,0.00063837104,0.00063837104,0
-52.450912,42.926308,0.00063837104,0.00063837104,0
-52.1001,43.534714,0.00063837104,0.00063837104,0
-51.7461,44.13106,0.00063837104,0.00063837104,0
-51.38906,44.71558,0.00063837104,0.00063837104,0
-51.02915,45.288616,0.00063837104,0.00063837104,0
-50.66643,45.850155,0.00063837104,0.00063837104,0
-50.301144,46.40078,0.00063837104,0.00063837104,0
-49.933292,46.94027,0.00063837104,0.00063837104,0
-49.56314,47.4694,0.00063837104,0.00063837104,0
-49.190655,47.987743,0.00063837104,0.00063837104,0
-48.81611,48.49624,0.00063837104,0.00063837104,0
-48.439465,48.99436,0.0006384559,0.0006384559,0
-48.060974,49.483044,0.0006364523,0.0006364523,0
-47.680634,49.9619,0.00063851406,0.00063851406,0
-47.298626,50.43162,0.00061591144,0.00061591144,0
-46.915,50.892048,0.00058596703,0.00058596703,0
-46.529892,51.343666,0.0006016315,0.0006016315,0
-46.14337,51.786488,0.00078726263,0.00078726263,0
-46.461853,-52.37655,0.0012575969,0.0012575969,0
-46.85236,-51.93595,0.0009086667,0.0009086667,0
-47.24151,-51.486465,0.00062122586,0.00062122586,0
-47.629227,-51.028053,0.00063243276,0.00063243276,0
-48.01537,-50.560226,0.0006374557,0.0006374557,0
-48.399902,-50.08315,0.0006379955,0.0006379955,0
-48.78263,-49.596107,0.0006383699,0.0006383699,0
-49.163567,-49.099472,0.00063837104,0.00063837104,0
-49.542442,-48.592304,0.00063837104,0.00063837104,0
-49.91932,-48.075127,0.00063837104,0.00063837104,0
-50.29391,-47.54698,0.00063837104,0.00063837104,0
-50.666237,-47.008286,0.00063837104,0.00063837104,0
-51.036057,-46.458244,0.00063837104,0.00063837104,0
-51.403336,-45.89707,0.00063837104,0.00063837104,0
-51.76786,-45.324173,0.00063837104,0.00063837104,0
-52.129562,-44.73954,0.00063837407,0.00063837407,0
-52.48826,-44.14281,0.000638233,0.000638233,0
-52.84381,-43.53374,0.0006386352,0.0006386352,0
-53.196095,-42.912216,0.0006392569,0.0006392569,0
-53.544895,-42.277733,0.00065874454,0.00065874454,0
-53.89016,-41.63045,0.0006656896,0.0006656896,0
-54.23158,-40.969597,0.00072368205,0.00072368205,0
-54.569183,-40.295624,0.00070854963,0.00070854963,0
-54.90255,-39.607468,0.0007847419,0.0007847419,0
-55.23181,-38.905876,0.00069332094,0.00069332094,0
-55.55645,-38.18957,0.00067913346,0.00067913346,0
-55.876614,-37.459396,0.00065709325,0.00065709325,0
-56.191826,-36.714264,0.0006567045,0.0006567045,0
-56.50215,-35.95474,0.00066847197,0.00066847197,0
-56.80718,-35.18005,0.00068668136,0.00068668136,0
-57.106888,-34.39051,0.00073085463,0.00073085463,0
-57.40095,-33.58567,0.0008300787,0.0008300787,0
-57.68923,-32.76558,0.0009792859,0.0009792859,0
-57.97152,-31.930138,0.0015087978,0.0015087978,0
-58.24755,-31.079113,0.0027094486,0.0027094486,0
-58.517235,-30.212778,0.020211667,0.020211667,0
-58.78016,-29.330639,0.31746918,0.31746918,1
-59.03638,-28.43333,0.4831242,0.4831242,2
-59.28533,-27.520103,0.6059212,0.6059212,2
-59.527245,-26.591976,0.6040809,0.6040809,2
-59.761353,-25.647953,0.7105583,0.7105583,3
-59.988014,-24.689312,0.8465766,0.8465766,3
-60.20647,-23.71519,0.769712,0.769712,3
-60.417,-22.726727,0.79531455,0.79531455,3
-60.61896,-21.72343,0.8439373,0.8439373,3
-60.8125,-20.7062,0.8979198,0.8979198,3
-60.997147,-19.674957,0.9345866,0.9345866,3
-61.17286,-18.630371,0.90948176,0.90948176,3
-61.33938,-17.57276,0.9271056,0.9271056,3
-61.49649,-16.502605,0.9847259,0.9847259,3
-61.644123,-15.420572,0.99076146,0.99076146,3
-61.781887,-14.327002,0.9910505,0.9910505,3
-61.909927,-13.222863,0.99135077,0.99135077,3
-62.02767,-12.1084,0.991299,0.991299,3
-62.135487,-10.984824,0.99122626,0.99122626,3
-62.232613,-9.852341,0.9903808,0.9903808,3
-62.319637,-8.712315,0.9873033,0.9873033,3
-62.39566,-7.5650225,0.98803884,0.98803884,3
-62.46134,-6.411807,0.9897335,0.9897335,3
-62.515945,-5.253206,0.9902682,0.9902682,3
-62.559933,-4.090382,0.98936325,0.98936325,3
-62.59281,-2.9241154,0.98490846,0.98490846,3
-62.61487,-1.7554501,0.9887157,0.9887157,3
-62.625847,-0.5853129,0.99052936,0.99052936,3
-62.625847,0.5853129,0.9905689,0.9905689,3
-62.61487,1.7554501,0.99009156,0.99009156,3
-62.59281,2.9241154,0.9875908,0.9875908,3
-62.559933,4.090382,0.9876337,0.9876337,3
-62.515945,5.253206,0.9909147,0.9909147,3
-62.46134,6.411807,0.9909093,0.9909093,3
-62.39566,7.5650225,0.99121654,0.99121654,3
-62.319637,8.712315,0.9909484,0.9909484,3
-62.232613,9.852341,0.9900358,0.9900358,3
-62.135487,10.984824,0.9880179,0.9880179,3
-62.02767,12.1084,0.9875236,0.9875236,3
-61.909927,13.222863,0.9914172,0.9914172,3
-61.781887,14.327002,0.9916707,0.9916707,3
-61.644123,15.420572,0.9902784,0.9902784,3
-61.49649,16.502605,0.97936594,0.97936594,3
-61.33938,17.57276,0.9682584,0.9682584,3
-61.17286,18.630371,0.9859235,0.9859235,3
-60.997147,19.674957,0.9860097,0.9860097,3
-60.8125,20.7062,0.9833341,0.9833341,3
-60.61896,21.72343,0.9709189,0.9709189,3
-60.417,22.726727,0.9376845,0.9376845,3
-60.20647,23.71519,0.8602218,0.8602218,3
-59.988014,24.689312,0.7366271,0.7366271,3
-59.761353,25.647953,0.569106,0.569106,2
-59.527245,26.591976,0.38513622,0.38513622,1
-59.28533,27.520103,0.0788463,0.0788463,0
-59.03638,28.43333,0.002429001,0.002429001,0
-58.78016,29.330639,0.0010034647,0.0010034647,0
-58.517235,30.212778,0.0006679418,0.0006679418,0
-58.24755,31.079113,0.0007002505,0.0007002505,0
-57.97152,31.930138,0.0006671212,0.0006671212,0
-57.68923,32.76558,0.00065422535,0.00065422535,0
-57.40095,33.58567,0.000643233,0.000643233,0
-57.106888,34.39051,0.00063349755,0.00063349755,0
-56.80718,35.18005,0.0006344903,0.0006344903,0
-56.50215,35.95474,0.00063677115,0.00063677115,0
-56.191826,36.714264,0.0006378742,0.0006378742,0
-55.876614,37.459396,0.00063824025,0.00063824025,0
-55.55645,38.18957,0.0006383899,0.0006383899,0
-55.23181,38.905876,0.0006383683,0.0006383683,0
-54.90255,39.607468,0.00063837564,0.00063837564,0
-54.569183,40.295624,0.00063837256,0.00063837256,0
-54.23158,40.969597,0.00063837075,0.00063837075,0
-53.89016,41.63045,0.00063837104,0.00063837104,0
-53.544895,42.277733,0.00063837104,0.00063837104,0
-53.196095,42.912216,0.00063837104,0.00063837104,0
-52.84381,43.53374,0.00063837104,0.00063837104,0
-52.48826,44.14281,0.00063837104,0.00063837104,0
-52.129562,44.73954,0.00063837104,0.00063837104,0
-51.76786,45.324173,0.00063837104,0.00063837104,0
-51.403336,45.89707,0.00063837104,0.00063837104,0
-51.036057,46.458244,0.00063837104,0.00063837104,0
-50.666237,47.008286,0.00063837104,0.00063837104,0
-50.29391,47.54698,0.00063837104,0.00063837104,0
-49.91932,48.075127,0.00063837104,0.00063837104,0
-49.542442,48.592304,0.00063837104,0.00063837104,0
-49.163567,49.099472,0.00063837104,0.00063837104,0
-48.78263,49.596107,0.0006384559,0.0006384559,0
-48.399902,50.08315,0.0006364523,0.0006364523,0
-48.01537,50.560226,0.00063851406,0.00063851406,0
-47.629227,51.028053,0.00061591144,0.00061591144,0
-47.24151,51.486465,0.00058596703,0.00058596703,0
-46.85236,51.93595,0.0006016315,0.0006016315,0
-46.461853,52.37655,0.00078726263,0.00078726263,0
-46.776794,-52.975998,0.0012575969,0.0012575969,0
-47.1713,-52.537857,0.0009086667,0.0009086667,0
-47.564495,-52.09072,0.00062122586,0.00062122586,0
-47.956314,-51.634567,0.00063243276,0.00063243276,0
-48.346607,-51.168877,0.0006374557,0.0006374557,0
-48.73535,-50.693817,0.0006379955,0.0006379955,0
-49.122337,-50.20866,0.0006383699,0.0006383699,0
-49.507576,-49.713768,0.00063837104,0.00063837104,0
-49.890823,-49.208183,0.00063837104,0.00063837104,0
-50.272106,-48.69243,0.00063837104,0.00063837104,0
-50.651154,-48.165524,0.00063837104,0.00063837104,0
-51.027996,-47.627884,0.00063837104,0.00063837104,0
-51.402374,-47.07869,0.00063837104,0.00063837104,0
-51.77427,-46.51815,0.00063837104,0.00063837104,0
-52.143448,-45.945644,0.00063837075,0.00063837075,0
-52.509846,-45.361164,0.0006383735,0.0006383735,0
-52.873287,-44.764324,0.0006383148,0.0006383148,0
-53.233624,-44.15486,0.0006385302,0.0006385302,0
-53.590733,-43.532646,0.00063945184,0.00063945184,0
-53.944397,-42.897156,0.0006460675,0.0006460675,0
-54.294563,-42.248535,0.00066103344,0.00066103344,0
-54.640923,-41.58598,0.00067421206,0.00067421206,0
-54.983486,-40.909946,0.00068609166,0.00068609166,0
-55.32185,-40.21932,0.0006811146,0.0006811146,0
-55.65612,-39.514847,0.00065860857,0.00065860857,0
-55.9858,-38.795223,0.00064219564,0.00064219564,0
-56.311016,-38.06128,0.0006514902,0.0006514902,0
-56.63129,-37.31188,0.0006734928,0.0006734928,0
-56.946686,-36.5476,0.0006992082,0.0006992082,0
-57.25679,-35.767616,0.00074270496,0.00074270496,0
-57.56156,-34.97224,0.00082839443,0.00082839443,0
-57.860695,-34.160988,0.0009560552,0.0009560552,0
-58.154022,-33.333897,0.0014168972,0.0014168972,0
-58.441334,-32.49083,0.0028391718,0.0028391718,0
-58.72236,-31.631542,0.009871733,0.009871733,0
-58.997005,-30.756294,0.15182497,0.15182497,1
-59.26484,-29.864548,0.48656753,0.48656753,2
-59.525932,-28.956955,0.6302243,0.6302243,2
-59.77969,-28.03271,0.6675465,0.6675465,2
-60.026337,-27.092857,0.66985667,0.66985667,2
-60.265102,-26.136341,0.7847091,0.7847091,3
-60.496338,-25.164478,0.90359527,0.90359527,3
-60.71927,-24.176346,0.85506296,0.85506296,3
-60.934162,-23.17312,0.84044427,0.84044427,3
-61.14038,-22.154278,0.92909795,0.92909795,3
-61.338036,-21.120739,0.97730356,0.97730356,3
-61.526665,-20.072412,0.9821989,0.9821989,3
-61.706223,-19.009989,0.96187997,0.96187997,3
-61.87641,-17.933784,0.9690814,0.9690814,3
-62.03704,-16.844303,0.9890554,0.9890554,3
-62.187996,-15.742234,0.9910347,0.9910347,3
-62.328903,-14.627932,0.9913333,0.9913333,3
-62.459885,-13.502408,0.99152607,0.99152607,3
-62.580357,-12.365917,0.99123013,0.99123013,3
-62.690697,-11.219738,0.9918356,0.9918356,3
-62.790108,-10.064087,0.991527,0.991527,3
-62.879196,-8.900402,0.9901822,0.9901822,3
-62.957024,-7.728981,0.98956645,0.98956645,3
-63.024284,-6.5512476,0.9899025,0.9899025,3
-63.080193,-5.367772,0.9884841,0.9884841,3
-63.12525,-4.1797943,0.98759484,0.98759484,3
-63.158924,-2.9881427,0.9870271,0.9870271,3
-63.18152,-1.7939324,0.9906838,0.9906838,3
-63.192764,-0.59815127,0.9910342,0.9910342,3
-63.192764,0.59815127,0.9900535,0.9900535,3
-63.18152,1.7939324,0.9873996,0.9873996,3
-63.158924,2.9881427,0.976503,0.976503,3
-63.12525,4.1797943,0.97841084,0.97841084,3
-63.080193,5.367772,0.9868182,0.9868182,3
-63.024284,6.5512476,0.985885,0.985885,3
-62.957024,7.728981,0.98986065,0.98986065,3
-62.879196,8.900402,0.9875366,0.9875366,3
-62.790108,10.064087,0.9863041,0.9863041,3
-62.690697,11.219738,0.98719925,0.98719925,3
-62.580357,12.365917,0.98439837,0.98439837,3
-62.459885,13.502408,0.9849259,0.9849259,3
-62.328903,14.627932,0.98394483,0.98394483,3
-62.187996,15.742234,0.9820685,0.9820685,3
-62.03704,16.844303,0.9674461,0.9674461,3
-61.87641,17.933784,0.95744354,0.95744354,3
-61.706223,19.009989,0.9812723,0.9812723,3
-61.526665,20.072412,0.98349875,0.98349875,3
-61.338036,21.120739,0.97514695,0.97514695,3
-61.14038,22.154278,0.9732503,0.9732503,3
-60.934162,23.17312,0.94329506,0.94329506,3
-60.71927,24.176346,0.86492085,0.86492085,3
-60.496338,25.164478,0.719992,0.719992,3
-60.265102,26.136341,0.5794359,0.5794359,2
-60.026337,27.092857,0.39032403,0.39032403,1
-59.77969,28.03271,0.03655472,0.03655472,0
-59.525932,28.956955,0.0034280415,0.0034280415,0
-59.26484,29.864548,0.0018227111,0.0018227111,0
-58.997005,30.756294,0.0010889341,0.0010889341,0
-58.72236,31.631542,0.0009246225,0.0009246225,0
-58.441334,32.49083,0.00080601376,0.00080601376,0
-58.154022,33.333897,0.00072202575,0.00072202575,0
-57.860695,34.160988,0.000683861,0.000683861,0
-57.56156,34.97224,0.000645052,0.000645052,0
-57.25679,35.767616,0.0006353414,0.0006353414,0
-56.946686,36.5476,0.000636711,0.000636711,0
-56.63129,37.31188,0.000636546,0.000636546,0
-56.311016,38.06128,0.00063781947,0.00063781947,0
-55.9858,38.795223,0.00063818187,0.00063818187,0
-55.65612,39.514847,0.0006383239,0.0006383239,0
-55.32185,40.21932,0.0006383696,0.0006383696,0
-54.983486,40.909946,0.0006383762,0.0006383762,0
-54.640923,41.58598,0.00063837133,0.00063837133,0
-54.294563,42.248535,0.00063837104,0.00063837104,0
-53.944397,42.897156,0.00063837104,0.00063837104,0
-53.590733,43.532646,0.00063837104,0.00063837104,0
-53.233624,44.15486,0.00063837104,0.00063837104,0
-52.873287,44.764324,0.00063837104,0.00063837104,0
-52.509846,45.361164,0.00063837104,0.00063837104,0
-52.143448,45.945644,0.00063837104,0.00063837104,0
-51.77427,46.51815,0.00063837104,0.00063837104,0
-51.402374,47.07869,0.00063837104,0.00063837104,0
-51.027996,47.627884,0.00063837104,0.00063837104,0
-50.651154,48.165524,0.00063837104,0.00063837104,0
-50.272106,48.69243,0.00063837104,0.00063837104,0
-49.890823,49.208183,0.00063837104,0.00063837104,0
-49.507576,49.713768,0.00063837104,0.00063837104,0
-49.122337,50.20866,0.0006384559,0.0006384559,0
-48.73535,50.693817,0.0006364523,0.0006364523,0
-48.346607,51.168877,0.00063851406,0.00063851406,0
-47.956314,51.634567,0.00061591144,0.00061591144,0
-47.564495,52.09072,0.00058596703,0.00058596703,0
-47.1713,52.537857,0.0006016315,0.0006016315,0
-46.776794,52.975998,0.00078726263,0.00078726263,0
-47.088028,-53.585022,0.0012575969,0.0012575969,0
-47.486534,-53.14957,0.0009086667,0.0009086667,0
-47.88379,-52.705032,0.00062122586,0.00062122586,0
-48.279716,-52.25138,0.00063243276,0.00063243276,0
-48.67418,-51.78808,0.0006374557,0.0006374557,0
-49.067135,-51.315292,0.0006379955,0.0006379955,0
-49.458405,-50.83227,0.0006383699,0.0006383699,0
-49.84797,-50.339394,0.00063837104,0.00063837104,0
-50.235596,-49.83566,0.00063837104,0.00063837104,0
-50.621315,-49.321598,0.00063837104,0.00063837104,0
-51.004856,-48.79621,0.00063837104,0.00063837104,0
-51.386234,-48.259907,0.00063837104,0.00063837104,0
-51.765205,-47.711838,0.00063837104,0.00063837104,0
-52.14174,-47.152214,0.00063837104,0.00063837104,0
-52.51562,-46.58039,0.00063837104,0.00063837104,0
-52.88676,-45.996357,0.0006383716,0.0006383716,0
-53.254993,-45.399693,0.0006383446,0.0006383446,0
-53.620163,-44.790115,0.0006383224,0.0006383224,0
-53.982155,-44.167496,0.00063832116,0.00063832116,0
-54.34074,-43.53128,0.00063936994,0.00063936994,0
-54.69587,-42.881603,0.0006409245,0.0006409245,0
-55.047226,-42.217625,0.0006419582,0.0006419582,0
-55.39483,-41.539795,0.00064214424,0.00064214424,0
-55.738262,-40.84696,0.00064253516,0.00064253516,0
-56.07763,-40.139874,0.00064449344,0.00064449344,0
-56.412422,-39.41717,0.00064652023,0.00064652023,0
-56.742775,-38.67969,0.0006646709,0.0006646709,0
-57.068207,-37.926247,0.00070563046,0.00070563046,0
-57.38877,-37.157417,0.00077025173,0.00077025173,0
-57.70405,-36.372334,0.0008793787,0.0008793787,0
-58.014,-35.571293,0.001103117,0.001103117,0
-58.31829,-34.753784,0.001498891,0.001498891,0
-58.616783,-33.919807,0.0033400676,0.0033400676,0
-58.909237,-33.06923,0.019954963,0.019954963,0
-59.19538,-32.201756,0.18488105,0.18488105,1
-59.475105,-31.317638,0.35979104,0.35979104,1
-59.747993,-30.4163,0.60707,0.60707,2
-60.014076,-29.498402,0.6940847,0.6940847,2
-60.27277,-28.563072,0.6635459,0.6635459,2
-60.52429,-27.611397,0.69698644,0.69698644,2
-60.767853,-26.642237,0.7850668,0.7850668,3
-61.003796,-25.656963,0.9298712,0.9298712,3
-61.231335,-24.65458,0.9575021,0.9575021,3
-61.45074,-23.63631,0.972582,0.972582,3
-61.661343,-22.601582,0.98646533,0.98646533,3
-61.86327,-21.551348,0.9899346,0.9899346,3
-62.056015,-20.485485,0.9902271,0.9902271,3
-62.239548,-19.404724,0.9895683,0.9895683,3
-62.41355,-18.309374,0.9888024,0.9888024,3
-62.577812,-17.199957,0.9907863,0.9907863,3
-62.732224,-16.077185,0.9876544,0.9876544,3
-62.87639,-14.941426,0.9912176,0.9912176,3
-63.010433,-13.793743,0.9909604,0.9909604,3
-63.13374,-12.634398,0.98916,0.98916,3
-63.246708,-11.464742,0.9910981,0.9910981,3
-63.34849,-10.284995,0.9915826,0.9915826,3
-63.439728,-9.096685,0.9911112,0.9911112,3
-63.519447,-7.9001274,0.99061626,0.99061626,3
-63.58834,-6.696833,0.9904488,0.9904488,3
-63.645622,-5.4874096,0.98928285,0.98928285,3
-63.691784,-4.2731776,0.9874516,0.9874516,3
-63.726288,-3.0550222,0.9872199,0.9872199,3
-63.74944,-1.834132,0.98918474,0.98918474,3
-63.760963,-0.61156297,0.98943174,0.98943174,3
-63.760963,0.61156297,0.9868118,0.9868118,3
-63.74944,1.834132,0.98406845,0.98406845,3
-63.726288,3.0550222,0.98284805,0.98284805,3
-63.691784,4.2731776,0.98463804,0.98463804,3
-63.645622,5.4874096,0.9856418,0.9856418,3
-63.58834,6.696833,0.9853167,0.9853167,3
-63.519447,7.9001274,0.98744035,0.98744035,3
-63.439728,9.096685,0.9850589,0.9850589,3
-63.34849,10.284995,0.9867819,0.9867819,3
-63.246708,11.464742,0.9867317,0.9867317,3
-63.13374,12.634398,0.9835495,0.9835495,3
-63.010433,13.793743,0.98258317,0.98258317,3
-62.87639,14.941426,0.98320156,0.98320156,3
-62.732224,16.077185,0.975104,0.975104,3
-62.577812,17.199957,0.973231,0.973231,3
-62.41355,18.309374,0.96327657,0.96327657,3
-62.239548,19.404724,0.96157235,0.96157235,3
-62.056015,20.485485,0.97205216,0.97205216,3
-61.86327,21.551348,0.9861124,0.9861124,3
-61.661343,22.601582,0.9787852,0.9787852,3
-61.45074,23.63631,0.9461718,0.9461718,3
-61.231335,24.65458,0.8871114,0.8871114,3
-61.003796,25.656963,0.8047943,0.8047943,3
-60.767853,26.642237,0.72858775,0.72858775,3
-60.52429,27.611397,0.53402054,0.53402054,2
-60.27277,28.563072,0.1444616,0.1444616,0
-60.014076,29.498402,0.016688874,0.016688874,0
-59.747993,30.4163,0.016255768,0.016255768,0
-59.475105,31.317638,0.0070132003,0.0070132003,0
-59.19538,32.201756,0.0024399408,0.0024399408,0
-58.909237,33.06923,0.0017221104,0.0017221104,0
-58.616783,33.919807,0.0010363982,0.0010363982,0
-58.31829,34.753784,0.0008008105,0.0008008105,0
-58.014,35.571293,0.0006925476,0.0006925476,0
-57.70405,36.372334,0.00064290053,0.00064290053,0
-57.38877,37.157417,0.00063727505,0.00063727505,0
-57.068207,37.926247,0.00063428533,0.00063428533,0
-56.742775,38.67969,0.00063632795,0.00063632795,0
-56.412422,39.41717,0.0006375812,0.0006375812,0
-56.07763,40.139874,0.0006381618,0.0006381618,0
-55.738262,40.84696,0.0006383251,0.0006383251,0
-55.39483,41.539795,0.0006383823,0.0006383823,0
-55.047226,42.217625,0.0006383729,0.0006383729,0
-54.69587,42.881603,0.00063837075,0.00063837075,0
-54.34074,43.53128,0.00063837104,0.00063837104,0
-53.982155,44.167496,0.00063837104,0.00063837104,0
-53.620163,44.790115,0.00063837104,0.00063837104,0
-53.254993,45.399693,0.00063837104,0.00063837104,0
-52.88676,45.996357,0.00063837104,0.00063837104,0
-52.51562,46.58039,0.00063837104,0.00063837104,0
-52.14174,47.152214,0.00063837104,0.00063837104,0
-51.765205,47.711838,0.00063837104,0.00063837104,0
-51.386234,48.259907,0.00063837104,0.00063837104,0
-51.004856,48.79621,0.00063837104,0.00063837104,0
-50.621315,49.321598,0.00063837104,0.00063837104,0
-50.235596,49.83566,0.00063837104,0.00063837104,0
-49.84797,50.339394,0.00063837104,0.00063837104,0
-49.458405,50.83227,0.0006384559,0.0006384559,0
-49.067135,51.315292,0.0006364523,0.0006364523,0
-48.67418,51.78808,0.00063851406,0.00063851406,0
-48.279716,52.25138,0.00061591144,0.00061591144,0
-47.88379,52.705032,0.00058596703,0.00058596703,0
-47.486534,53.14957,0.0006016315,0.0006016315,0
-47.088028,53.585022,0.00078726263,0.00078726263,0
-47.395344,-54.203903,0.0012575969,0.0012575969,0
-47.79786,-53.771385,0.0009086667,0.0009086667,0
-48.199173,-53.329704,0.00062122586,0.00062122586,0
-48.59922,-52.87881,0.00063243276,0.00063243276,0
-48.997856,-52.418167,0.0006374557,0.0006374557,0
-49.395042,-51.947926,0.0006379955,0.0006379955,0
-49.790596,-51.467323,0.0006383699,0.0006383699,0
-50.18451,-50.97673,0.00063837104,0.00063837104,0
-50.576538,-50.475132,0.00063837104,0.00063837104,0
-50.966713,-49.96306,0.00063837104,0.00063837104,0
-51.354774,-49.439484,0.00063837104,0.00063837104,0
-51.740715,-48.904816,0.00063837104,0.00063837104,0
-52.12432,-48.358177,0.00063837104,0.00063837104,0
-52.505527,-47.799774,0.00063837104,0.00063837104,0
-52.88414,-47.228943,0.00063837104,0.00063837104,0
-53.260067,-46.645653,0.00063837104,0.00063837104,0
-53.633133,-46.049473,0.00063836284,0.00063836284,0
-54.00319,-45.44011,0.00063834974,0.00063834974,0
-54.370117,-44.817398,0.0006383817,0.0006383817,0
-54.73369,-44.180763,0.00063862145,0.00063862145,0
-55.093834,-43.530334,0.0006387889,0.0006387889,0
-55.450256,-42.865234,0.0006386287,0.0006386287,0
-55.80296,-42.185913,0.00063839206,0.00063839206,0
-56.151535,-41.49117,0.0006407031,0.0006407031,0
-56.496075,-40.781757,0.0006470263,0.0006470263,0
-56.83607,-40.05625,0.000655487,0.000655487,0
-57.171654,-39.315502,0.00068551715,0.00068551715,0
-57.502335,-38.558273,0.0007555874,0.0007555874,0
-57.828163,-37.785133,0.0008513583,0.0008513583,0
-58.14872,-36.995167,0.0012692163,0.0012692163,0
-58.46395,-36.18867,0.0021118622,0.0021118622,0
-58.77353,-35.365086,0.007180301,0.007180301,0
-59.07729,-34.52439,0.019106027,0.019106027,0
-59.375015,-33.666428,0.22718824,0.22718824,1
-59.666393,-32.790867,0.4846636,0.4846636,2
-59.95134,-31.897953,0.5400758,0.5400758,2
-60.229393,-30.987059,0.5930945,0.5930945,2
-60.500618,-30.05885,0.6253416,0.6253416,2
-60.76439,-29.112396,0.59674525,0.59674525,2
-61.02092,-28.148811,0.6616164,0.6616164,2
-61.269417,-27.16688,0.83928,0.83928,3
-61.510227,-26.16801,0.9660528,0.9660528,3
-61.742523,-25.151148,0.98781526,0.98781526,3
-61.96659,-24.11755,0.990126,0.990126,3
-62.181732,-23.06659,0.9908929,0.9908929,3
-62.38807,-21.999256,0.9880102,0.9880102,3
-62.58508,-20.91541,0.99013174,0.99013174,3
-62.77273,-19.815784,0.9898347,0.9898347,3
-62.95069,-18.700706,0.9809683,0.9809683,3
-63.11873,-17.570704,0.9904454,0.9904454,3
-63.276733,-16.426525,0.9877965,0.9877965,3
-63.424286,-15.2685375,0.99111956,0.99111956,3
-63.56151,-14.097868,0.9905838,0.9905838,3
-63.687782,-12.91478,0.98877794,0.98877794,3
-63.803467,-11.720703,0.9911122,0.9911122,3
-63.907738,-10.5158615,0.99165523,0.99165523,3
-64.001205,-9.301884,0.99122167,0.99122167,3
-64.0829,-8.079096,0.99104124,0.99104124,3
-64.1535,-6.84911,0.990754,0.990754,3
-64.21222,-5.612571,0.98691547,0.98691547,3
-64.25953,-4.370889,0.98671,0.98671,3
-64.29491,-3.1250093,0.98844737,0.98844737,3
-64.318634,-1.876203,0.987248,0.987248,3
-64.33045,-0.62559974,0.9849348,0.9849348,3
-64.33045,0.62559974,0.9782598,0.9782598,3
-64.318634,1.876203,0.9841882,0.9841882,3
-64.29491,3.1250093,0.98748153,0.98748153,3
-64.25953,4.370889,0.98689157,0.98689157,3
-64.21222,5.612571,0.986302,0.986302,3
-64.1535,6.84911,0.98511165,0.98511165,3
-64.0829,8.079096,0.9872957,0.9872957,3
-64.001205,9.301884,0.98740435,0.98740435,3
-63.907738,10.5158615,0.98688275,0.98688275,3
-63.803467,11.720703,0.9827806,0.9827806,3
-63.687782,12.91478,0.981188,0.981188,3
-63.56151,14.097868,0.9786195,0.9786195,3
-63.424286,15.2685375,0.9811528,0.9811528,3
-63.276733,16.426525,0.9841727,0.9841727,3
-63.11873,17.570704,0.9864537,0.9864537,3
-62.95069,18.700706,0.96049535,0.96049535,3
-62.77273,19.815784,0.95874846,0.95874846,3
-62.58508,20.91541,0.9750532,0.9750532,3
-62.38807,21.999256,0.9871442,0.9871442,3
-62.181732,23.06659,0.9763015,0.9763015,3
-61.96659,24.11755,0.9398169,0.9398169,3
-61.742523,25.151148,0.91267264,0.91267264,3
-61.510227,26.16801,0.89921945,0.89921945,3
-61.269417,27.16688,0.9007826,0.9007826,3
-61.02092,28.148811,0.8266689,0.8266689,3
-60.76439,29.112396,0.57130677,0.57130677,2
-60.500618,30.05885,0.3596182,0.3596182,1
-60.229393,30.987059,0.40983522,0.40983522,2
-59.95134,31.897953,0.24911492,0.24911492,1
-59.666393,32.790867,0.032249693,0.032249693,0
-59.375015,33.666428,0.013477034,0.013477034,0
-59.07729,34.52439,0.0031816622,0.0031816622,0
-58.77353,35.365086,0.0012804082,0.0012804082,0
-58.46395,36.18867,0.0007759088,0.0007759088,0
-58.14872,36.995167,0.00066499214,0.00066499214,0
-57.828163,37.785133,0.0006454518,0.0006454518,0
-57.502335,38.558273,0.00063303945,0.00063303945,0
-57.171654,39.315502,0.0006339732,0.0006339732,0
-56.83607,40.05625,0.00063670345,0.00063670345,0
-56.496075,40.781757,0.0006377101,0.0006377101,0
-56.151535,41.49117,0.00063822715,0.00063822715,0
-55.80296,42.185913,0.0006383781,0.0006383781,0
-55.450256,42.865234,0.0006383768,0.0006383768,0
-55.093834,43.530334,0.00063837133,0.00063837133,0
-54.73369,44.180763,0.00063837075,0.00063837075,0
-54.370117,44.817398,0.00063837104,0.00063837104,0
-54.00319,45.44011,0.00063837104,0.00063837104,0
-53.633133,46.049473,0.00063837104,0.00063837104,0
-53.260067,46.645653,0.00063837104,0.00063837104,0
-52.88414,47.228943,0.00063837104,0.00063837104,0
-52.505527,47.799774,0.00063837104,0.00063837104,0
-52.12432,48.358177,0.00063837104,0.00063837104,0
-51.740715,48.904816,0.00063837104,0.00063837104,0
-51.354774,49.439484,0.00063837104,0.00063837104,0
-50.966713,49.96306,0.00063837104,0.00063837104,0
-50.576538,50.475132,0.00063837104,0.00063837104,0
-50.18451,50.97673,0.00063837104,0.00063837104,0
-49.790596,51.467323,0.0006384559,0.0006384559,0
-49.395042,51.947926,0.0006364523,0.0006364523,0
-48.997856,52.418167,0.00063851406,0.00063851406,0
-48.59922,52.87881,0.00061591144,0.00061591144,0
-48.199173,53.329704,0.00058596703,0.00058596703,0
-47.79786,53.771385,0.0006016315,0.0006016315,0
-47.395344,54.203903,0.00078726263,0.00078726263,0
-47.69877,-54.832325,0.0012575969,0.0012575969,0
-48.105286,-54.403004,0.0009086667,0.0009086667,0
-48.510666,-53.964428,0.00062122586,0.00062122586,0
-48.914837,-53.516552,0.00063243276,0.00063243276,0
-49.317657,-53.058826,0.0006374557,0.0006374557,0
-49.719078,-52.5914,0.0006379955,0.0006379955,0
-50.118927,-52.11349,0.0006383699,0.0006383699,0
-50.517197,-51.625473,0.00063837104,0.00063837104,0
-50.91365,-51.1263,0.00063837104,0.00063837104,0
-51.308296,-50.616512,0.00063837104,0.00063837104,0
-51.700893,-50.095047,0.00063837104,0.00063837104,0
-52.091434,-49.562305,0.00063837104,0.00063837104,0
-52.479687,-49.01741,0.00063837104,0.00063837104,0
-52.865604,-48.460545,0.00063837104,0.00063837104,0
-53.248985,-47.891014,0.00063837104,0.00063837104,0
-53.62973,-47.308792,0.00063837104,0.00063837104,0
-54.007675,-46.713413,0.0006383696,0.0006383696,0
-54.382668,-46.104576,0.0006383641,0.0006383641,0
-54.754578,-45.482098,0.0006383592,0.0006383592,0
-55.12317,-44.845367,0.0006383601,0.0006383601,0
-55.488407,-44.19451,0.00063780096,0.00063780096,0
-55.849953,-43.52861,0.0006371257,0.0006371257,0
-56.207832,-42.84811,0.0006364517,0.0006364517,0
-56.56161,-42.15176,0.0006369687,0.0006369687,0
-56.9114,-41.44032,0.0006462412,0.0006462412,0
-57.256683,-40.71231,0.0006701653,0.0006701653,0
-57.597576,-39.96858,0.00072270137,0.00072270137,0
-57.933598,-39.20783,0.0008431403,0.0008431403,0
-58.26479,-38.43064,0.0011432486,0.0011432486,0
-58.59072,-37.636047,0.002528153,0.002528153,0
-58.91134,-36.82431,0.013264977,0.013264977,0
-59.226307,-35.99485,0.265297,0.265297,1
-59.535465,-35.14762,0.35298935,0.35298935,1
-59.838562,-34.282425,0.42670253,0.42670253,2
-60.135315,-33.398907,0.54863334,0.54863334,2
-60.425587,-32.497288,0.5691183,0.5691183,2
-60.70896,-31.576899,0.5809986,0.5809986,2
-60.98545,-30.638407,0.6457043,0.6457043,2
-61.25444,-29.680813,0.65208834,0.65208834,2
-61.51613,-28.705257,0.7641963,0.7641963,3
-61.769714,-27.710438,0.91602343,0.91602343,3
-62.01552,-26.697823,0.9833229,0.9833229,3
-62.25273,-25.666264,0.99017954,0.99017954,3
-62.481594,-24.61707,0.9908659,0.9908659,3
-62.701427,-23.549553,0.99038285,0.99038285,3
-62.912327,-22.464737,0.98612124,0.98612124,3
-63.113758,-21.362452,0.987193,0.987193,3
-63.305676,-20.243454,0.98562884,0.98562884,3
-63.487732,-19.108072,0.985238,0.985238,3
-63.659687,-17.956844,0.99067044,0.99067044,3
-63.82142,-16.790548,0.9899713,0.9899713,3
-63.972496,-15.609563,0.9898629,0.9898629,3
-64.11302,-14.415071,0.99083734,0.99083734,3
-64.24238,-13.20734,0.98896104,0.98896104,3
-64.3609,-11.987884,0.9910649,0.9910649,3
-64.46776,-10.756936,0.9907358,0.9907358,3
-64.56357,-9.516225,0.9910755,0.9910755,3
-64.6473,-8.266091,0.9910336,0.9910336,3
-64.719696,-7.0082555,0.9910183,0.9910183,3
-64.77989,-5.743405,0.98831624,0.98831624,3
-64.82841,-4.4730463,0.9868955,0.9868955,3
-64.864685,-3.1981902,0.9902282,0.9902282,3
-64.88903,-1.9201975,0.98793274,0.98793274,3
-64.901146,-0.64027894,0.9838303,0.9838303,3
-64.901146,0.64027894,0.9815181,0.9815181,3
-64.88903,1.9201975,0.9821961,0.9821961,3
-64.864685,3.1981902,0.982704,0.982704,3
-64.82841,4.4730463,0.9869451,0.9869451,3
-64.77989,5.743405,0.9844046,0.9844046,3
-64.719696,7.0082555,0.98524255,0.98524255,3
-64.6473,8.266091,0.9885434,0.9885434,3
-64.56357,9.516225,0.9867595,0.9867595,3
-64.46776,10.756936,0.98150027,0.98150027,3
-64.3609,11.987884,0.97734034,0.97734034,3
-64.24238,13.20734,0.97823685,0.97823685,3
-64.11302,14.415071,0.97290313,0.97290313,3
-63.972496,15.609563,0.9756481,0.9756481,3
-63.82142,16.790548,0.98408186,0.98408186,3
-63.659687,17.956844,0.9813912,0.9813912,3
-63.487732,19.108072,0.9724067,0.9724067,3
-63.305676,20.243454,0.9760656,0.9760656,3
-63.113758,21.362452,0.98945856,0.98945856,3
-62.912327,22.464737,0.9894455,0.9894455,3
-62.701427,23.549553,0.9781858,0.9781858,3
-62.481594,24.61707,0.95253295,0.95253295,3
-62.25273,25.666264,0.94558436,0.94558436,3
-62.01552,26.697823,0.94423467,0.94423467,3
-61.769714,27.710438,0.9170639,0.9170639,3
-61.51613,28.705257,0.86810887,0.86810887,3
-61.25444,29.680813,0.769309,0.769309,3
-60.98545,30.638407,0.7404776,0.7404776,3
-60.70896,31.576899,0.7674286,0.7674286,3
-60.425587,32.497288,0.60373646,0.60373646,2
-60.135315,33.398907,0.37371176,0.37371176,1
-59.838562,34.282425,0.2645435,0.2645435,1
-59.535465,35.14762,0.011452498,0.011452498,0
-59.226307,35.99485,0.002007674,0.002007674,0
-58.91134,36.82431,0.00093766476,0.00093766476,0
-58.59072,37.636047,0.00073244993,0.00073244993,0
-58.26479,38.43064,0.0006910385,0.0006910385,0
-57.933598,39.20783,0.00064383284,0.00064383284,0
-57.597576,39.96858,0.0006344685,0.0006344685,0
-57.256683,40.71231,0.00063589355,0.00063589355,0
-56.9114,41.44032,0.00063686125,0.00063686125,0
-56.56161,42.15176,0.00063805445,0.00063805445,0
-56.207832,42.84811,0.00063835585,0.00063835585,0
-55.849953,43.52861,0.00063838414,0.00063838414,0
-55.488407,44.19451,0.0006383735,0.0006383735,0
-55.12317,44.845367,0.00063837133,0.00063837133,0
-54.754578,45.482098,0.00063837075,0.00063837075,0
-54.382668,46.104576,0.00063837104,0.00063837104,0
-54.007675,46.713413,0.00063837104,0.00063837104,0
-53.62973,47.308792,0.00063837104,0.00063837104,0
-53.248985,47.891014,0.00063837104,0.00063837104,0
-52.865604,48.460545,0.00063837104,0.00063837104,0
-52.479687,49.01741,0.00063837104,0.00063837104,0
-52.091434,49.562305,0.00063837104,0.00063837104,0
-51.700893,50.095047,0.00063837104,0.00063837104,0
-51.308296,50.616512,0.00063837104,0.00063837104,0
-50.91365,51.1263,0.00063837104,0.00063837104,0
-50.517197,51.625473,0.00063837104,0.00063837104,0
-50.118927,52.11349,0.0006384559,0.0006384559,0
-49.719078,52.5914,0.0006364523,0.0006364523,0
-49.317657,53.058826,0.00063851406,0.00063851406,0
-48.914837,53.516552,0.00061591144,0.00061591144,0
-48.510666,53.964428,0.00058596703,0.00058596703,0
-48.105286,54.403004,0.0006016315,0.0006016315,0
-47.69877,54.832325,0.00078726263,0.00078726263,0
-47.99794,-55.47091,0.0012575969,0.0012575969,0
-48.408463,-55.045044,0.0009086667,0.0009086667,0
-48.8179,-54.60985,0.00062122586,0.00062122586,0
-49.226196,-54.165276,0.00063243276,0.00063243276,0
-49.633194,-53.71077,0.0006374557,0.0006374557,0
-50.038868,-53.24646,0.0006379955,0.0006379955,0
-50.44303,-52.771545,0.0006383699,0.0006383699,0
-50.845665,-52.286407,0.00063837104,0.00063837104,0
-51.246548,-51.789986,0.00063837104,0.00063837104,0
-51.645683,-51.2828,0.00063837104,0.00063837104,0
-52.042835,-50.763775,0.00063837104,0.00063837104,0
-52.437996,-50.233307,0.00063837104,0.00063837104,0
-52.830925,-49.69049,0.00063837104,0.00063837104,0
-53.221584,-49.135506,0.00063837104,0.00063837104,0
-53.609764,-48.567635,0.00063837104,0.00063837104,0
-53.99537,-47.986828,0.00063837104,0.00063837104,0
-54.37823,-47.392616,0.00063837104,0.00063837104,0
-54.758194,-46.784664,0.00063837256,0.00063837256,0
-55.13514,-46.162773,0.0006383765,0.0006383765,0
-55.508827,-45.526314,0.00063826464,0.00063826464,0
-55.879196,-44.875393,0.0006372711,0.0006372711,0
-56.245937,-44.20905,0.00063662487,0.00063662487,0
-56.609055,-43.527733,0.0006353084,0.0006353084,0
-56.96812,-42.83013,0.00063151517,0.00063151517,0
-57.323235,-42.117012,0.00064308103,0.00064308103,0
-57.67388,-41.386837,0.0006921649,0.0006921649,0
-58.02018,-40.640457,0.0008005477,0.0008005477,0
-58.361633,-39.876514,0.0010332194,0.0010332194,0
-58.698284,-39.09558,0.0018972306,0.0018972306,0
-59.029694,-38.296635,0.009639641,0.009639641,0
-59.355812,-37.479942,0.24573354,0.24573354,1
-59.676292,-36.644855,0.46071872,0.46071872,2
-59.99096,-35.791313,0.5235762,0.5235762,2
-60.29957,-34.919086,0.591665,0.591665,2
-60.601807,-34.027775,0.5894649,0.5894649,2
-60.897575,-33.11759,0.5691411,0.5691411,2
-61.186394,-32.187798,0.6478295,0.6478295,2
-61.4683,-31.239067,0.6802448,0.6802448,2
-61.742645,-30.27034,0.7015932,0.7015932,3
-62.00965,-29.282774,0.83127326,0.83127326,3
-62.26848,-28.274979,0.9643007,0.9643007,3
-62.519455,-27.248466,0.9885195,0.9885195,3
-62.761738,-26.202,0.99014705,0.99014705,3
-62.995575,-25.136938,0.99085695,0.99085695,3
-63.220257,-24.052528,0.98676634,0.98676634,3
-63.435883,-22.94983,0.96981895,0.96981895,3
-63.6419,-21.828625,0.97945887,0.97945887,3
-63.838245,-20.68971,0.9874839,0.9874839,3
-64.02455,-19.533396,0.98978233,0.98978233,3
-64.20059,-18.36024,0.9902142,0.9902142,3
-64.3662,-17.171055,0.9905161,0.9905161,3
-64.52095,-15.966221,0.9878757,0.9878757,3
-64.66493,-14.746983,0.99097544,0.99097544,3
-64.797485,-13.51361,0.9899706,0.9899706,3
-64.91898,-12.267712,0.9899212,0.9899212,3
-65.028534,-11.009521,0.98660815,0.98660815,3
-65.12677,-9.74088,0.99047333,0.99047333,3
-65.21266,-8.462149,0.9907961,0.9907961,3
-65.28692,-7.1751614,0.99093187,0.99093187,3
-65.34868,-5.8806505,0.9900024,0.9900024,3
-65.39847,-4.58023,0.9910189,0.9910189,3
-65.435684,-3.2749827,0.9875501,0.9875501,3
-65.46066,-1.9663677,0.97947,0.97947,3
-65.473114,-0.65568477,0.97990555,0.97990555,3
-65.473114,0.65568477,0.986948,0.986948,3
-65.46066,1.9663677,0.98648155,0.98648155,3
-65.435684,3.2749827,0.98468405,0.98468405,3
-65.39847,4.58023,0.9820294,0.9820294,3
-65.34868,5.8806505,0.9839062,0.9839062,3
-65.28692,7.1751614,0.9844142,0.9844142,3
-65.21266,8.462149,0.98467815,0.98467815,3
-65.12677,9.74088,0.9793522,0.9793522,3
-65.028534,11.009521,0.9788954,0.9788954,3
-64.91898,12.267712,0.9748955,0.9748955,3
-64.797485,13.51361,0.97255635,0.97255635,3
-64.66493,14.746983,0.97809625,0.97809625,3
-64.52095,15.966221,0.98934096,0.98934096,3
-64.3662,17.171055,0.98831975,0.98831975,3
-64.20059,18.36024,0.9815476,0.9815476,3
-64.02455,19.533396,0.98068935,0.98068935,3
-63.838245,20.68971,0.9870068,0.9870068,3
-63.6419,21.828625,0.99072707,0.99072707,3
-63.435883,22.94983,0.99078757,0.99078757,3
-63.220257,24.052528,0.99005604,0.99005604,3
-62.995575,25.136938,0.98274845,0.98274845,3
-62.761738,26.202,0.96558505,0.96558505,3
-62.519455,27.248466,0.9468797,0.9468797,3
-62.26848,28.274979,0.91870177,0.91870177,3
-62.00965,29.282774,0.8901348,0.8901348,3
-61.742645,30.27034,0.88461775,0.88461775,3
-61.4683,31.239067,0.85045946,0.85045946,3
-61.186394,32.187798,0.81180614,0.81180614,3
-60.897575,33.11759,0.7865986,0.7865986,3
-60.601807,34.027775,0.7115182,0.7115182,3
-60.29957,34.919086,0.40799186,0.40799186,2
-59.99096,35.791313,0.025865268,0.025865268,0
-59.676292,36.644855,0.0027597856,0.0027597856,0
-59.355812,37.479942,0.0019452317,0.0019452317,0
-59.029694,38.296635,0.0011917987,0.0011917987,0
-58.698284,39.09558,0.0008702405,0.0008702405,0
-58.361633,39.876514,0.00070641935,0.00070641935,0
-58.02018,40.640457,0.00063846173,0.00063846173,0
-57.67388,41.386837,0.0006370722,0.0006370722,0
-57.323235,42.117012,0.00063605147,0.00063605147,0
-56.96812,42.83013,0.0006374591,0.0006374591,0
-56.609055,43.527733,0.00063829136,0.00063829136,0
-56.245937,44.20905,0.00063837506,0.00063837506,0
-55.879196,44.875393,0.0006383811,0.0006383811,0
-55.508827,45.526314,0.0006383747,0.0006383747,0
-55.13514,46.162773,0.000638372,0.000638372,0
-54.758194,46.784664,0.00063837133,0.00063837133,0
-54.37823,47.392616,0.00063837075,0.00063837075,0
-53.99537,47.986828,0.00063837104,0.00063837104,0
-53.609764,48.567635,0.00063837104,0.00063837104,0
-53.221584,49.135506,0.00063837104,0.00063837104,0
-52.830925,49.69049,0.00063837104,0.00063837104,0
-52.437996,50.233307,0.00063837104,0.00063837104,0
-52.042835,50.763775,0.00063837104,0.00063837104,0
-51.645683,51.2828,0.00063837104,0.00063837104,0
-51.246548,51.789986,0.00063837104,0.00063837104,0
-50.845665,52.286407,0.00063837104,0.00063837104,0
-50.44303,52.771545,0.0006384559,0.0006384559,0
-50.038868,53.24646,0.0006364523,0.0006364523,0
-49.633194,53.71077,0.00063851406,0.00063851406,0
-49.226196,54.165276,0.00061591144,0.00061591144,0
-48.8179,54.60985,0.00058596703,0.00058596703,0
-48.408463,55.045044,0.0006016315,0.0006016315,0
-47.99794,55.47091,0.00078726263,0.00078726263,0
-48.29291,-56.119255,0.0012575969,0.0012575969,0
-48.707428,-55.697117,0.0009086667,0.0009086667,0
-49.12093,-55.265587,0.00062122586,0.00062122586,0
-49.53334,-54.8246,0.00063243276,0.00063243276,0
-49.94453,-54.37359,0.0006374557,0.0006374557,0
-50.354446,-53.912685,0.0006379955,0.0006379955,0
-50.76292,-53.441082,0.0006383699,0.0006383699,0
-51.169933,-52.95914,0.00063837104,0.00063837104,0
-51.575256,-52.465775,0.00063837104,0.00063837104,0
-51.978897,-51.96152,0.00063837104,0.00063837104,0
-52.380615,-51.445267,0.00063837104,0.00063837104,0
-52.780415,-50.91741,0.00063837104,0.00063837104,0
-53.178043,-50.377014,0.00063837104,0.00063837104,0
-53.573467,-49.824253,0.00063837104,0.00063837104,0
-53.966476,-49.2584,0.00063837104,0.00063837104,0
-54.35698,-48.679375,0.00063837104,0.00063837104,0
-54.744793,-48.086685,0.00063837104,0.00063837104,0
-55.129776,-47.479984,0.0006383762,0.0006383762,0
-55.51179,-46.859055,0.0006383607,0.0006383607,0
-55.890617,-46.22324,0.0006380736,0.0006380736,0
-56.266182,-45.57262,0.0006369059,0.0006369059,0
-56.63817,-44.906216,0.0006370455,0.0006370455,0
-57.006584,-44.224445,0.0006364056,0.0006364056,0
-57.37101,-43.525963,0.00063032965,0.00063032965,0
-57.731525,-42.811535,0.000651114,0.000651114,0
-58.087624,-42.079544,0.00074629666,0.00074629666,0
-58.4394,-41.330868,0.0009354469,0.0009354469,0
-58.78638,-40.564068,0.0014199958,0.0014199958,0
-59.128586,-39.779716,0.0028447013,0.0028447013,0
-59.46558,-38.976738,0.05981426,0.05981426,0
-59.797302,-38.155376,0.63617057,0.63617057,2
-60.123405,-37.31494,0.7250292,0.7250292,3
-60.443695,-36.455338,0.702145,0.702145,3
-60.757942,-35.576305,0.5975115,0.5975115,2
-61.06581,-34.67739,0.5107028,0.5107028,2
-61.367184,-33.7588,0.5681637,0.5681637,2
-61.66159,-32.81973,0.71771294,0.71771294,3
-61.949055,-31.860853,0.7537767,0.7537767,3
-62.228924,-30.881025,0.8083422,0.8083422,3
-62.501392,-29.88144,0.92524785,0.92524785,3
-62.765617,-28.860603,0.9787244,0.9787244,3
-63.021915,-27.820072,0.98655,0.98655,3
-63.269432,-26.758522,0.988451,0.988451,3
-63.508408,-25.677351,0.98455596,0.98455596,3
-63.73811,-24.575733,0.9855716,0.9855716,3
-63.958622,-23.454762,0.9897195,0.9897195,3
-64.16939,-22.314188,0.98952615,0.98952615,3
-64.37033,-21.15482,0.9882019,0.9882019,3
-64.561066,-19.976963,0.99045753,0.99045753,3
-64.74133,-18.781195,0.9910584,0.9910584,3
-64.91098,-17.568348,0.9907652,0.9907652,3
-65.06955,-16.338814,0.9893138,0.9893138,3
-65.21712,-15.0939,0.99118537,0.99118537,3
-65.35302,-13.833883,0.9914745,0.9914745,3
-65.477615,-12.560463,0.98935866,0.98935866,3
-65.58998,-11.27388,0.98105514,0.98105514,3
-65.690765,-9.976097,0.9898357,0.9898357,3
-65.7789,-8.667489,0.99097073,0.99097073,3
-65.8551,-7.35002,0.99112153,0.99112153,3
-65.9185,-6.0244703,0.9912478,0.9912478,3
-65.96961,-4.6925707,0.9908959,0.9908959,3
-66.00783,-3.3554816,0.98804075,0.98804075,3
-66.03347,-2.0147712,0.9873121,0.9873121,3
-66.046234,-0.6718366,0.98608565,0.98608565,3
-66.046234,0.6718366,0.98785293,0.98785293,3
-66.03347,2.0147712,0.9854455,0.9854455,3
-66.00783,3.3554816,0.9868302,0.9868302,3
-65.96961,4.6925707,0.9864356,0.9864356,3
-65.9185,6.0244703,0.9802706,0.9802706,3
-65.8551,7.35002,0.9807103,0.9807103,3
-65.7789,8.667489,0.98332787,0.98332787,3
-65.690765,9.976097,0.98005736,0.98005736,3
-65.58998,11.27388,0.9833662,0.9833662,3
-65.477615,12.560463,0.9800157,0.9800157,3
-65.35302,13.833883,0.98256487,0.98256487,3
-65.21712,15.0939,0.98121417,0.98121417,3
-65.06955,16.338814,0.9879772,0.9879772,3
-64.91098,17.568348,0.9680121,0.9680121,3
-64.74133,18.781195,0.97225183,0.97225183,3
-64.561066,19.976963,0.9712459,0.9712459,3
-64.37033,21.15482,0.9766287,0.9766287,3
-64.16939,22.314188,0.9902222,0.9902222,3
-63.958622,23.454762,0.9900917,0.9900917,3
-63.73811,24.575733,0.99106055,0.99106055,3
-63.508408,25.677351,0.99013597,0.99013597,3
-63.269432,26.758522,0.98186,0.98186,3
-63.021915,27.820072,0.96168905,0.96168905,3
-62.765617,28.860603,0.9313567,0.9313567,3
-62.501392,29.88144,0.9292154,0.9292154,3
-62.228924,30.881025,0.92494637,0.92494637,3
-61.949055,31.860853,0.8784452,0.8784452,3
-61.66159,32.81973,0.8358618,0.8358618,3
-61.367184,33.7588,0.8143124,0.8143124,3
-61.06581,34.67739,0.6759054,0.6759054,2
-60.757942,35.576305,0.4277157,0.4277157,2
-60.443695,36.455338,0.2209564,0.2209564,1
-60.123405,37.31494,0.031767778,0.031767778,0
-59.797302,38.155376,0.027235825,0.027235825,0
-59.46558,38.976738,0.01060415,0.01060415,0
-59.128586,39.779716,0.0023541958,0.0023541958,0
-58.78638,40.564068,0.0009450268,0.0009450268,0
-58.4394,41.330868,0.0006448261,0.0006448261,0
-58.087624,42.079544,0.0006384675,0.0006384675,0
-57.731525,42.811535,0.00063519157,0.00063519157,0
-57.37101,43.525963,0.0006364611,0.0006364611,0
-57.006584,44.224445,0.00063784106,0.00063784106,0
-56.63817,44.906216,0.00063829595,0.00063829595,0
-56.266182,45.57262,0.00063837046,0.00063837046,0
-55.890617,46.22324,0.0006383826,0.0006383826,0
-55.51179,46.859055,0.00063837535,0.00063837535,0
-55.129776,47.479984,0.00063837256,0.00063837256,0
-54.744793,48.086685,0.00063837133,0.00063837133,0
-54.35698,48.679375,0.00063837075,0.00063837075,0
-53.966476,49.2584,0.00063837075,0.00063837075,0
-53.573467,49.824253,0.00063837104,0.00063837104,0
-53.178043,50.377014,0.00063837104,0.00063837104,0
-52.780415,50.91741,0.00063837104,0.00063837104,0
-52.380615,51.445267,0.00063837104,0.00063837104,0
-51.978897,51.96152,0.00063837104,0.00063837104,0
-51.575256,52.465775,0.00063837104,0.00063837104,0
-51.169933,52.95914,0.00063837104,0.00063837104,0
-50.76292,53.441082,0.0006384559,0.0006384559,0
-50.354446,53.912685,0.0006364523,0.0006364523,0
-49.94453,54.37359,0.00063851406,0.00063851406,0
-49.53334,54.8246,0.00061591144,0.00061591144,0
-49.12093,55.265587,0.00058596703,0.00058596703,0
-48.707428,55.697117,0.0006016315,0.0006016315,0
-48.29291,56.119255,0.00078726263,0.00078726263,0
-48.583458,-56.77762,0.0012575969,0.0012575969,0
-49.001965,-56.35949,0.0009086667,0.0009086667,0
-49.41952,-55.931908,0.00062122586,0.00062122586,0
-49.836044,-55.494804,0.00063243276,0.00063243276,0
-50.25141,-55.047596,0.0006374557,0.0006374557,0
-50.66558,-54.590416,0.0006379955,0.0006379955,0
-51.07836,-54.12244,0.0006383699,0.0006383699,0
-51.489758,-53.644012,0.00063837104,0.00063837104,0
-51.899532,-53.154053,0.00063837104,0.00063837104,0
-52.30769,-52.65307,0.00063837104,0.00063837104,0
-52.713997,-52.13993,0.00063837104,0.00063837104,0
-53.11844,-51.615047,0.00063837104,0.00063837104,0
-53.52079,-51.077446,0.00063837104,0.00063837104,0
-53.920998,-50.527287,0.00063837104,0.00063837104,0
-54.318863,-49.963825,0.00063837104,0.00063837104,0
-54.714283,-49.386963,0.00063837104,0.00063837104,0
-55.10709,-48.796204,0.00063837256,0.00063837256,0
-55.497128,-48.191147,0.0006383799,0.0006383799,0
-55.884262,-47.571587,0.0006382503,0.0006382503,0
-56.268272,-46.936813,0.00063763687,0.00063763687,0
-56.649082,-46.286907,0.00063649745,0.00063649745,0
-57.026382,-45.620842,0.00063751073,0.00063751073,0
-57.400158,-44.93903,0.00063711137,0.00063711137,0
-57.77001,-44.240074,0.0006359572,0.0006359572,0
-58.135994,-43.524734,0.0006810494,0.0006810494,0
-58.49762,-42.791332,0.0008296247,0.0008296247,0
-58.854965,-42.040745,0.0011643182,0.0011643182,0
-59.207558,-41.27147,0.0023099731,0.0023099731,0
-59.555412,-40.484077,0.0060005807,0.0060005807,0
-59.898094,-39.67742,0.013668665,0.013668665,0
-60.235535,-38.85173,0.40332747,0.40332747,2
-60.567368,-38.006256,0.8481803,0.8481803,3
-60.89341,-37.14089,0.6958954,0.6958954,2
-61.213417,-36.255314,0.5977826,0.5977826,2
-61.527042,-35.349045,0.54823935,0.54823935,2
-61.834167,-34.42224,0.6339017,0.6339017,2
-62.134315,-33.47406,0.75351,0.75351,3
-62.427483,-32.50515,0.81443155,0.81443155,3
-62.713028,-31.514301,0.886977,0.886977,3
-62.99112,-30.502716,0.96907157,0.96907157,3
-63.260906,-29.468801,0.9773276,0.9773276,3
-63.522697,-28.41416,0.9747552,0.9747552,3
-63.775616,-27.337362,0.98571485,0.98571485,3
-64.019905,-26.239845,0.98601276,0.98601276,3
-64.2548,-25.120714,0.97960895,0.97960895,3
-64.48039,-23.98109,0.9894986,0.9894986,3
-64.69608,-22.820679,0.9905912,0.9905912,3
-64.90179,-21.640306,0.9899889,0.9899889,3
-65.09712,-20.440275,0.99059546,0.99059546,3
-65.28179,-19.221169,0.9909894,0.9909894,3
-65.45565,-17.983852,0.9904941,0.9904941,3
-65.61819,-16.728714,0.98887956,0.98887956,3
-65.769516,-15.45714,0.99126315,0.99126315,3
-65.908905,-14.169398,0.99135524,0.99135524,3
-66.036736,-12.867297,0.98974586,0.98974586,3
-66.152054,-11.55108,0.985677,0.985677,3
-66.25549,-10.222838,0.9901822,0.9901822,3
-66.34598,-8.882967,0.9909046,0.9909046,3
-66.42423,-7.53357,0.99108535,0.99108535,3
-66.489334,-6.175478,0.99139374,0.99139374,3
-66.54183,-4.810551,0.9886346,0.9886346,3
-66.58108,-3.4400353,0.98954403,0.98954403,3
-66.60742,-2.0656183,0.98940045,0.98940045,3
-66.62054,-0.68880475,0.9888438,0.9888438,3
-66.62054,0.68880475,0.98522586,0.98522586,3
-66.60742,2.0656183,0.984646,0.984646,3
-66.58108,3.4400353,0.9854703,0.9854703,3
-66.54183,4.810551,0.9829565,0.9829565,3
-66.489334,6.175478,0.98147845,0.98147845,3
-66.42423,7.53357,0.9898746,0.9898746,3
-66.34598,8.882967,0.99042445,0.99042445,3
-66.25549,10.222838,0.9900025,0.9900025,3
-66.152054,11.55108,0.99035805,0.99035805,3
-66.036736,12.867297,0.99022514,0.99022514,3
-65.908905,14.169398,0.9905744,0.9905744,3
-65.769516,15.45714,0.9902802,0.9902802,3
-65.61819,16.728714,0.98824084,0.98824084,3
-65.45565,17.983852,0.9761688,0.9761688,3
-65.28179,19.221169,0.9784056,0.9784056,3
-65.09712,20.440275,0.97276264,0.97276264,3
-64.90179,21.640306,0.97521937,0.97521937,3
-64.69608,22.820679,0.98926187,0.98926187,3
-64.48039,23.98109,0.9914021,0.9914021,3
-64.2548,25.120714,0.99159473,0.99159473,3
-64.019905,26.239845,0.9891193,0.9891193,3
-63.775616,27.337362,0.97546583,0.97546583,3
-63.522697,28.41416,0.97930485,0.97930485,3
-63.260906,29.468801,0.9576803,0.9576803,3
-62.99112,30.502716,0.9528102,0.9528102,3
-62.713028,31.514301,0.9469127,0.9469127,3
-62.427483,32.50515,0.9434055,0.9434055,3
-62.134315,33.47406,0.90274596,0.90274596,3
-61.834167,34.42224,0.79666066,0.79666066,3
-61.527042,35.349045,0.7396822,0.7396822,3
-61.213417,36.255314,0.7156995,0.7156995,3
-60.89341,37.14089,0.564828,0.564828,2
-60.567368,38.006256,0.45153373,0.45153373,2
-60.235535,38.85173,0.5003517,0.5003517,2
-59.898094,39.67742,0.2552671,0.2552671,1
-59.555412,40.484077,0.006199303,0.006199303,0
-59.207558,41.27147,0.0013201877,0.0013201877,0
-58.854965,42.040745,0.0006779765,0.0006779765,0
-58.49762,42.791332,0.00063845475,0.00063845475,0
-58.135994,43.524734,0.00063493766,0.00063493766,0
-57.77001,44.240074,0.0006338596,0.0006338596,0
-57.400158,44.93903,0.00063673867,0.00063673867,0
-57.026382,45.620842,0.00063781947,0.00063781947,0
-56.649082,46.286907,0.00063821656,0.00063821656,0
-56.268272,46.936813,0.00063837407,0.00063837407,0
-55.884262,47.571587,0.0006383747,0.0006383747,0
-55.497128,48.191147,0.0006383765,0.0006383765,0
-55.10709,48.796204,0.0006383729,0.0006383729,0
-54.714283,49.386963,0.00063837133,0.00063837133,0
-54.318863,49.963825,0.00063837075,0.00063837075,0
-53.920998,50.527287,0.00063837104,0.00063837104,0
-53.52079,51.077446,0.00063837104,0.00063837104,0
-53.11844,51.615047,0.00063837104,0.00063837104,0
-52.713997,52.13993,0.00063837104,0.00063837104,0
-52.30769,52.65307,0.00063837104,0.00063837104,0
-51.899532,53.154053,0.00063837104,0.00063837104,0
-51.489758,53.644012,0.00063837104,0.00063837104,0
-51.07836,54.12244,0.0006384559,0.0006384559,0
-50.66558,54.590416,0.0006364523,0.0006364523,0
-50.25141,55.047596,0.00063851406,0.00063851406,0
-49.836044,55.494804,0.00061591144,0.00061591144,0
-49.41952,55.931908,0.00058596703,0.00058596703,0
-49.001965,56.35949,0.0006016315,0.0006016315,0
-48.583458,56.77762,0.00078726263,0.00078726263,0
-48.869396,-57.44615,0.0012575969,0.0012575969,0
-49.291878,-57.032314,0.0009086667,0.0009086667,0
-49.71347,-56.608986,0.00062122586,0.00062122586,0
-50.1341,-56.17607,0.00063243276,0.00063243276,0
-50.55365,-55.732986,0.0006374557,0.0006374557,0
-50.972054,-55.27986,0.0006379955,0.0006379955,0
-51.38916,-54.81584,0.0006383699,0.0006383699,0
-51.804924,-54.34129,0.00063837104,0.00063837104,0
-52.219147,-53.85508,0.00063837104,0.00063837104,0
-52.63183,-53.35773,0.00063837104,0.00063837104,0
-53.042732,-52.84809,0.00063837104,0.00063837104,0
-53.451836,-52.32656,0.00063837104,0.00063837104,0
-53.858925,-51.792133,0.00063837104,0.00063837104,0
-54.263943,-51.24498,0.00063837104,0.00063837104,0
-54.66668,-50.68431,0.00063837104,0.00063837104,0
-55.06705,-50.110035,0.00063837104,0.00063837104,0
-55.464878,-49.521606,0.000638372,0.000638372,0
-55.86001,-48.918633,0.0006383571,0.0006383571,0
-56.2523,-48.30086,0.00063797936,0.00063797936,0
-56.64154,-47.667572,0.00063717755,0.00063717755,0
-57.027645,-47.01882,0.0006365387,0.0006365387,0
-57.410305,-46.35354,0.00063892436,0.00063892436,0
-57.78951,-45.672134,0.0006391101,0.0006391101,0
-58.16484,-44.973145,0.0006508655,0.0006508655,0
-58.536377,-44.25734,0.0007309588,0.0007309588,0
-58.903595,-43.522964,0.0009619728,0.0009619728,0
-59.266605,-42.770897,0.001678161,0.001678161,0
-59.624905,-41.999573,0.0050877957,0.0050877957,0
-59.978504,-41.20955,0.020455834,0.020455834,0
-60.326973,-40.399612,0.2293832,0.2293832,1
-60.670235,-39.569977,0.55093306,0.55093306,2
-61.00792,-38.71984,0.8124333,0.8124333,3
-61.339844,-37.849052,0.6436978,0.6436978,2
-61.66573,-36.95725,0.66743547,0.66743547,2
-61.985256,-36.043903,0.6637718,0.6637718,2
-62.298283,-35.109146,0.69763434,0.69763434,2
-62.60431,-34.152046,0.7458122,0.7458122,3
-62.903347,-33.173283,0.8402438,0.8402438,3
-63.194717,-32.17152,0.9425307,0.9425307,3
-63.478607,-31.147999,0.9749204,0.9749204,3
-63.754128,-30.101004,0.9740258,0.9740258,3
-64.02159,-29.032183,0.966093,0.966093,3
-64.280106,-27.939999,0.9710833,0.9710833,3
-64.52988,-26.825932,0.9810285,0.9810285,3
-64.77016,-25.688995,0.9847297,0.9847297,3
-65.00101,-24.530346,0.98898906,0.98898906,3
-65.22181,-23.349628,0.9898359,0.9898359,3
-65.43247,-22.147701,0.9908805,0.9908805,3
-65.63258,-20.924839,0.9908354,0.9908354,3
-65.82185,-19.681644,0.9910347,0.9910347,3
-66.00009,-18.419003,0.99113864,0.99113864,3
-66.16678,-17.137314,0.9909559,0.9909559,3
-66.32202,-15.838029,0.991165,0.991165,3
-66.46506,-14.521416,0.99111885,0.99111885,3
-66.596275,-13.189394,0.9907674,0.9907674,3
-66.71467,-11.842209,0.98985183,0.98985183,3
-66.820915,-10.482092,0.9904034,0.9904034,3
-66.91386,-9.109463,0.99087405,0.99087405,3
-66.99425,-7.726569,0.9913027,0.9913027,3
-67.06115,-6.334306,0.99099886,0.99099886,3
-67.1151,-4.9346704,0.98924446,0.98924446,3
-67.15544,-3.5290036,0.98922926,0.98922926,3
-67.18251,-2.1191268,0.9882752,0.9882752,3
-67.196,-0.70666206,0.98783267,0.98783267,3
-67.196,0.70666206,0.9842582,0.9842582,3
-67.18251,2.1191268,0.97531736,0.97531736,3
-67.15544,3.5290036,0.9827811,0.9827811,3
-67.1151,4.9346704,0.9837018,0.9837018,3
-67.06115,6.334306,0.98851365,0.98851365,3
-66.99425,7.726569,0.99067676,0.99067676,3
-66.91386,9.109463,0.98929554,0.98929554,3
-66.820915,10.482092,0.987772,0.987772,3
-66.71467,11.842209,0.9904255,0.9904255,3
-66.596275,13.189394,0.99072766,0.99072766,3
-66.46506,14.521416,0.99087536,0.99087536,3
-66.32202,15.838029,0.9890593,0.9890593,3
-66.16678,17.137314,0.9835946,0.9835946,3
-66.00009,18.419003,0.9842679,0.9842679,3
-65.82185,19.681644,0.9827252,0.9827252,3
-65.63258,20.924839,0.97511566,0.97511566,3
-65.43247,22.147701,0.98705065,0.98705065,3
-65.22181,23.349628,0.98853624,0.98853624,3
-65.00101,24.530346,0.9911165,0.9911165,3
-64.77016,25.688995,0.99155337,0.99155337,3
-64.52988,26.825932,0.9889382,0.9889382,3
-64.280106,27.939999,0.97866994,0.97866994,3
-64.02159,29.032183,0.97832996,0.97832996,3
-63.754128,30.101004,0.98356795,0.98356795,3
-63.478607,31.147999,0.9754204,0.9754204,3
-63.194717,32.17152,0.9670455,0.9670455,3
-62.903347,33.173283,0.96017015,0.96017015,3
-62.60431,34.152046,0.9337704,0.9337704,3
-62.298283,35.109146,0.9102389,0.9102389,3
-61.985256,36.043903,0.8881883,0.8881883,3
-61.66573,36.95725,0.8204227,0.8204227,3
-61.339844,37.849052,0.75816953,0.75816953,3
-61.00792,38.71984,0.7402502,0.7402502,3
-60.670235,39.569977,0.6311216,0.6311216,2
-60.326973,40.399612,0.31465316,0.31465316,1
-59.978504,41.20955,0.008572365,0.008572365,0
-59.624905,41.999573,0.0020215432,0.0020215432,0
-59.266605,42.770897,0.0007842638,0.0007842638,0
-58.903595,43.522964,0.0006709302,0.0006709302,0
-58.536377,44.25734,0.00063821656,0.00063821656,0
-58.16484,44.973145,0.0006333339,0.0006333339,0
-57.78951,45.672134,0.00063422305,0.00063422305,0
-57.410305,46.35354,0.0006360945,0.0006360945,0
-57.027645,47.01882,0.0006376171,0.0006376171,0
-56.64154,47.667572,0.0006380429,0.0006380429,0
-56.2523,48.30086,0.00063833455,0.00063833455,0
-55.86001,48.918633,0.0006383644,0.0006383644,0
-55.464878,49.521606,0.0006383799,0.0006383799,0
-55.06705,50.110035,0.0006383738,0.0006383738,0
-54.66668,50.68431,0.00063837133,0.00063837133,0
-54.263943,51.24498,0.00063837075,0.00063837075,0
-53.858925,51.792133,0.00063837075,0.00063837075,0
-53.451836,52.32656,0.00063837104,0.00063837104,0
-53.042732,52.84809,0.00063837104,0.00063837104,0
-52.63183,53.35773,0.00063837104,0.00063837104,0
-52.219147,53.85508,0.00063837104,0.00063837104,0
-51.804924,54.34129,0.00063837104,0.00063837104,0
-51.38916,54.81584,0.0006384559,0.0006384559,0
-50.972054,55.27986,0.0006364523,0.0006364523,0
-50.55365,55.732986,0.00063851406,0.00063851406,0
-50.1341,56.17607,0.00061591144,0.00061591144,0
-49.71347,56.608986,0.00058596703,0.00058596703,0
-49.291878,57.032314,0.0006016315,0.0006016315,0
-48.869396,57.44615,0.00078726263,0.00078726263,0
-49.150734,-58.12454,0.0012575969,0.0012575969,0
-49.57718,-57.715294,0.0009086667,0.0009086667,0
-50.0028,-57.29651,0.00062122586,0.00062122586,0
-50.42753,-56.868103,0.00063243276,0.00063243276,0
-50.851246,-56.42946,0.0006374557,0.0006374557,0
-51.273884,-55.98071,0.0006379955,0.0006379955,0
-51.69529,-55.520985,0.0006383699,0.0006383699,0
-52.11544,-55.050644,0.00063837104,0.00063837104,0
-52.53411,-54.568546,0.00063837104,0.00063837104,0
-52.951313,-54.075203,0.00063837104,0.00063837104,0
-53.366814,-53.569435,0.00063837104,0.00063837104,0
-53.78059,-53.051632,0.00063837104,0.00063837104,0
-54.192425,-52.52078,0.00063837104,0.00063837104,0
-54.602257,-51.977024,0.00063837104,0.00063837104,0
-55.009903,-51.41957,0.00063837104,0.00063837104,0
-55.415245,-50.84829,0.0006383716,0.0006383716,0
-55.81812,-50.262627,0.0006383671,0.0006383671,0
-56.218365,-49.66217,0.0006383154,0.0006383154,0
-56.615852,-49.04664,0.0006377088,0.0006377088,0
-57.01037,-48.41528,0.00063724647,0.00063724647,0
-57.401806,-47.76814,0.00063683937,0.00063683937,0
-57.78988,-47.104088,0.0006376581,0.0006376581,0
-58.174564,-46.42355,0.0006432946,0.0006432946,0
-58.55544,-45.724995,0.00067659427,0.00067659427,0
-58.93259,-45.00918,0.00079853664,0.00079853664,0
-59.30549,-44.2743,0.0012505852,0.0012505852,0
-59.674232,-43.52121,0.0033514793,0.0033514793,0
-60.038315,-42.74829,0.026468128,0.026468128,0
-60.397755,-41.956074,0.36802793,0.36802793,1
-60.752117,-41.14329,0.7137621,0.7137621,3
-61.101307,-40.310123,0.6373978,0.6373978,2
-61.444958,-39.455723,0.62939614,0.62939614,2
-61.78287,-38.57988,0.6834522,0.6834522,2
-62.114777,-37.68221,0.690303,0.690303,2
-62.440334,-36.762104,0.72411966,0.72411966,3
-62.759396,-35.81968,0.81917155,0.81917155,3
-63.071453,-34.85392,0.86437064,0.86437064,3
-63.37651,-33.865494,0.91542995,0.91542995,3
-63.673878,-32.852974,0.9529328,0.9529328,3
-63.963722,-31.817616,0.97310865,0.97310865,3
-64.24515,-30.757578,0.9704781,0.9704781,3
-64.51846,-29.674559,0.95855796,0.95855796,3
-64.78274,-28.566887,0.9562739,0.9562739,3
-65.03819,-27.436092,0.9736259,0.9736259,3
-65.284035,-26.281086,0.98284805,0.98284805,3
-65.52033,-25.103064,0.98939276,0.98939276,3
-65.746445,-23.901604,0.99062634,0.99062634,3
-65.96226,-22.677574,0.9906494,0.9906494,3
-66.16734,-21.431248,0.98936355,0.98936355,3
-66.361374,-20.163218,0.99047333,0.99047333,3
-66.544174,-18.87441,0.99102545,0.99102545,3
-66.71521,-17.565216,0.99111825,0.99111825,3
-66.874535,-16.237158,0.9910507,0.9910507,3
-67.021385,-14.890507,0.9911187,0.9911187,3
-67.156136,-13.527298,0.99104184,0.99104184,3
-67.27776,-12.147778,0.99110514,0.99110514,3
-67.38694,-10.7543335,0.99113184,0.99113184,3
-67.48245,-9.347398,0.99127555,0.99127555,3
-67.5651,-7.929388,0.9911645,0.9911645,3
-67.63388,-6.5012636,0.9887333,0.9887333,3
-67.689354,-5.065174,0.98818237,0.98818237,3
-67.73084,-3.6225665,0.98594993,0.98594993,3
-67.75869,-2.1754055,0.9862895,0.9862895,3
-67.77256,-0.7254449,0.98877794,0.98877794,3
-67.77256,0.7254449,0.9877285,0.9877285,3
-67.75869,2.1754055,0.9727946,0.9727946,3
-67.73084,3.6225665,0.9772,0.9772,3
-67.689354,5.065174,0.9898085,0.9898085,3
-67.63388,6.5012636,0.9910987,0.9910987,3
-67.5651,7.929388,0.99082476,0.99082476,3
-67.48245,9.347398,0.9893778,0.9893778,3
-67.38694,10.7543335,0.98919046,0.98919046,3
-67.27776,12.147778,0.9905227,0.9905227,3
-67.156136,13.527298,0.9908517,0.9908517,3
-67.021385,14.890507,0.989293,0.989293,3
-66.874535,16.237158,0.97364634,0.97364634,3
-66.71521,17.565216,0.9722172,0.9722172,3
-66.544174,18.87441,0.9887629,0.9887629,3
-66.361374,20.163218,0.9871547,0.9871547,3
-66.16734,21.431248,0.9886125,0.9886125,3
-65.96226,22.677574,0.9903598,0.9903598,3
-65.746445,23.901604,0.9912209,0.9912209,3
-65.52033,25.103064,0.99135053,0.99135053,3
-65.284035,26.281086,0.99117416,0.99117416,3
-65.03819,27.436092,0.9907132,0.9907132,3
-64.78274,28.566887,0.9894164,0.9894164,3
-64.51846,29.674559,0.9898324,0.9898324,3
-64.24515,30.757578,0.9872199,0.9872199,3
-63.963722,31.817616,0.9718541,0.9718541,3
-63.673878,32.852974,0.97599447,0.97599447,3
-63.37651,33.865494,0.97529775,0.97529775,3
-63.071453,34.85392,0.9500061,0.9500061,3
-62.759396,35.81968,0.92049015,0.92049015,3
-62.440334,36.762104,0.93036455,0.93036455,3
-62.114777,37.68221,0.8792918,0.8792918,3
-61.78287,38.57988,0.80105525,0.80105525,3
-61.444958,39.455723,0.7408195,0.7408195,3
-61.101307,40.310123,0.6561361,0.6561361,2
-60.752117,41.14329,0.40048754,0.40048754,2
-60.397755,41.956074,0.027532244,0.027532244,0
-60.038315,42.74829,0.0029774096,0.0029774096,0
-59.674232,43.52121,0.0012380364,0.0012380364,0
-59.30549,44.2743,0.00079092156,0.00079092156,0
-58.93259,45.00918,0.0006721059,0.0006721059,0
-58.55544,45.724995,0.00064131734,0.00064131734,0
-58.174564,46.42355,0.0006327418,0.0006327418,0
-57.78988,47.104088,0.0006331336,0.0006331336,0
-57.401806,47.76814,0.00063505565,0.00063505565,0
-57.01037,48.41528,0.0006372252,0.0006372252,0
-56.615852,49.04664,0.0006379201,0.0006379201,0
-56.218365,49.66217,0.0006382871,0.0006382871,0
-55.81812,50.262627,0.0006383696,0.0006383696,0
-55.415245,50.84829,0.0006383811,0.0006383811,0
-55.009903,51.41957,0.00063837407,0.00063837407,0
-54.602257,51.977024,0.000638372,0.000638372,0
-54.192425,52.52078,0.00063837133,0.00063837133,0
-53.78059,53.051632,0.00063837075,0.00063837075,0
-53.366814,53.569435,0.00063837104,0.00063837104,0
-52.951313,54.075203,0.00063837104,0.00063837104,0
-52.53411,54.568546,0.00063837104,0.00063837104,0
-52.11544,55.050644,0.00063837104,0.00063837104,0
-51.69529,55.520985,0.0006384559,0.0006384559,0
-51.273884,55.98071,0.0006364523,0.0006364523,0
-50.851246,56.42946,0.00063851406,0.00063851406,0
-50.42753,56.868103,0.00061591144,0.00061591144,0
-50.0028,57.29651,0.00058596703,0.00058596703,0
-49.57718,57.715294,0.0006016315,0.0006016315,0
-49.150734,58.12454,0.00078726263,0.00078726263,0
-49.42705,-58.813408,0.0012575969,0.0012575969,0
-49.857433,-58.409073,0.0009086667,0.0009086667,0
-50.28707,-57.995163,0.00062122586,0.00062122586,0
-50.715878,-57.571587,0.00063243276,0.00063243276,0
-51.143738,-57.13774,0.0006374557,0.0006374557,0
-51.570602,-56.69372,0.0006379955,0.0006379955,0
-51.996307,-56.23867,0.0006383699,0.0006383699,0
-52.420822,-55.772926,0.00063837104,0.00063837104,0
-52.84395,-55.295322,0.00063837104,0.00063837104,0
-53.26567,-54.806374,0.00063837104,0.00063837104,0
-53.68577,-54.304893,0.00063837104,0.00063837104,0
-54.104218,-53.791256,0.00063837104,0.00063837104,0
-54.520813,-53.264412,0.00063837104,0.00063837104,0
-54.93548,-52.72451,0.00063837104,0.00063837104,0
-55.34803,-52.170723,0.00063837104,0.00063837104,0
-55.75837,-51.602913,0.0006383729,0.0006383729,0
-56.166306,-51.0205,0.00063834974,0.00063834974,0
-56.571705,-50.423042,0.00063816784,0.00063816784,0
-56.974426,-49.81024,0.00063718366,0.00063718366,0
-57.374237,-49.18132,0.0006368622,0.0006368622,0
-57.77107,-48.536297,0.0006362676,0.0006362676,0
-58.164604,-47.874016,0.0006373227,0.0006373227,0
-58.554825,-47.19487,0.00065832085,0.00065832085,0
-58.941315,-46.49727,0.00072677457,0.00072677457,0
-59.324135,-45.78198,0.0008959088,0.0008959088,0
-59.702785,-45.04712,0.0017088734,0.0017088734,0
-60.07734,-44.293537,0.012524847,0.012524847,0
-60.44731,-43.519547,0.30508566,0.30508566,1
-60.812687,-42.725655,0.62463087,0.62463087,2
-61.17304,-41.91053,0.7917014,0.7917014,3
-61.528267,-41.07433,0.7151114,0.7151114,3
-61.878002,-40.21613,0.7388635,0.7388635,3
-62.22204,-39.335693,0.7407473,0.7407473,3
-62.56009,-38.432575,0.7527189,0.7527189,3
-62.89182,-37.50611,0.81233555,0.81233555,3
-63.217064,-36.556374,0.89463806,0.89463806,3
-63.535316,-35.58228,0.9328532,0.9328532,3
-63.846558,-34.584465,0.9569649,0.9569649,3
-64.1501,-33.5614,0.9743764,0.9743764,3
-64.446075,-32.514362,0.9848,0.9848,3
-64.7336,-31.44137,0.9825738,0.9825738,3
-65.012955,-30.344162,0.9592803,0.9592803,3
-65.28319,-29.22094,0.9674118,0.9674118,3
-65.54454,-28.073265,0.98207754,0.98207754,3
-65.79616,-26.89995,0.9875601,0.9875601,3
-66.03811,-25.702202,0.9897398,0.9897398,3
-66.26974,-24.479546,0.99043405,0.99043405,3
-66.49091,-23.232855,0.98860383,0.98860383,3
-66.70117,-21.962376,0.98559326,0.98559326,3
-66.90021,-20.66871,0.98982215,0.98982215,3
-67.087776,-19.352808,0.9908879,0.9908879,3
-67.263336,-18.015053,0.9910731,0.9910731,3
-67.42694,-16.657047,0.9909986,0.9909986,3
-67.5778,-15.279055,0.99104416,0.99104416,3
-67.71626,-13.88324,0.99103385,0.99103385,3
-67.84128,-12.469841,0.9911742,0.9911742,3
-67.95352,-11.041418,0.9900538,0.9900538,3
-68.05176,-9.598421,0.9910505,0.9910505,3
-68.136765,-8.143454,0.98692167,0.98692167,3
-68.207535,-6.677539,0.98278517,0.98278517,3
-68.26462,-5.203,0.9863592,0.9863592,3
-68.30731,-3.7213984,0.9835016,0.9835016,3
-68.335976,-2.2348614,0.97517395,0.97517395,3
-68.35025,-0.7452898,0.9834857,0.9834857,3
-68.35025,0.7452898,0.99044937,0.99044937,3
-68.335976,2.2348614,0.98519194,0.98519194,3
-68.30731,3.7213984,0.97604305,0.97604305,3
-68.26462,5.203,0.9883907,0.9883907,3
-68.207535,6.677539,0.9911815,0.9911815,3
-68.136765,8.143454,0.99112636,0.99112636,3
-68.05176,9.598421,0.98933053,0.98933053,3
-67.95352,11.041418,0.9879979,0.9879979,3
-67.84128,12.469841,0.9797861,0.9797861,3
-67.71626,13.88324,0.9740762,0.9740762,3
-67.5778,15.279055,0.9798493,0.9798493,3
-67.42694,16.657047,0.97202504,0.97202504,3
-67.263336,18.015053,0.9766187,0.9766187,3
-67.087776,19.352808,0.98808426,0.98808426,3
-66.90021,20.66871,0.9897483,0.9897483,3
-66.70117,21.962376,0.9892725,0.9892725,3
-66.49091,23.232855,0.9892446,0.9892446,3
-66.26974,24.479546,0.99056923,0.99056923,3
-66.03811,25.702202,0.99057174,0.99057174,3
-65.79616,26.89995,0.9909738,0.9909738,3
-65.54454,28.073265,0.9910875,0.9910875,3
-65.28319,29.22094,0.9904659,0.9904659,3
-65.012955,30.344162,0.9895934,0.9895934,3
-64.7336,31.44137,0.986873,0.986873,3
-64.446075,32.514362,0.97853935,0.97853935,3
-64.1501,33.5614,0.9716409,0.9716409,3
-63.846558,34.584465,0.9733416,0.9733416,3
-63.535316,35.58228,0.9581291,0.9581291,3
-63.217064,36.556374,0.9382133,0.9382133,3
-62.89182,37.50611,0.9338017,0.9338017,3
-62.56009,38.432575,0.88073885,0.88073885,3
-62.22204,39.335693,0.7861868,0.7861868,3
-61.878002,40.21613,0.7114858,0.7114858,3
-61.528267,41.07433,0.65819556,0.65819556,2
-61.17304,41.91053,0.43455857,0.43455857,2
-60.812687,42.725655,0.17364427,0.17364427,1
-60.44731,43.519547,0.0072278865,0.0072278865,0
-60.07734,44.293537,0.0018530717,0.0018530717,0
-59.702785,45.04712,0.0009740249,0.0009740249,0
-59.324135,45.78198,0.00080195675,0.00080195675,0
-58.941315,46.49727,0.00069226424,0.00069226424,0
-58.554825,47.19487,0.0006512288,0.0006512288,0
-58.164604,47.874016,0.00063259614,0.00063259614,0
-57.77107,48.536297,0.0006318938,0.0006318938,0
-57.374237,49.18132,0.0006345332,0.0006345332,0
-56.974426,49.81024,0.0006369213,0.0006369213,0
-56.571705,50.423042,0.0006378857,0.0006378857,0
-56.166306,51.0205,0.00063828344,0.00063828344,0
-55.75837,51.602913,0.00063837407,0.00063837407,0
-55.34803,52.170723,0.0006383781,0.0006383781,0
-54.93548,52.72451,0.0006383744,0.0006383744,0
-54.520813,53.264412,0.00063837226,0.00063837226,0
-54.104218,53.791256,0.00063837104,0.00063837104,0
-53.68577,54.304893,0.00063837104,0.00063837104,0
-53.26567,54.806374,0.00063837104,0.00063837104,0
-52.84395,55.295322,0.00063837104,0.00063837104,0
-52.420822,55.772926,0.00063837104,0.00063837104,0
-51.996307,56.23867,0.0006384559,0.0006384559,0
-51.570602,56.69372,0.0006364523,0.0006364523,0
-51.143738,57.13774,0.00063851406,0.00063851406,0
-50.715878,57.571587,0.00061591144,0.00061591144,0
-50.28707,57.995163,0.00058596703,0.00058596703,0
-49.857433,58.409073,0.0006016315,0.0006016315,0
-49.42705,58.813408,0.00078726263,0.00078726263,0
-49.69847,-59.512222,0.0012575969,0.0012575969,0
-50.13277,-59.1131,0.0009086667,0.0009086667,0
-50.56639,-58.70438,0.00062122586,0.00062122586,0
-50.99926,-58.285973,0.00063243276,0.00063243276,0
-51.43126,-57.857254,0.0006374557,0.0006374557,0
-51.862328,-57.418316,0.0006379955,0.0006379955,0
-52.29232,-56.968292,0.0006383699,0.0006383699,0
-52.72119,-56.50751,0.00063837104,0.00063837104,0
-53.148754,-56.0348,0.00063837104,0.00063837104,0
-53.574993,-55.550655,0.00063837104,0.00063837104,0
-53.999683,-55.053867,0.00063837104,0.00063837104,0
-54.422813,-54.544804,0.00063837104,0.00063837104,0
-54.844166,-54.0224,0.00063837104,0.00063837104,0
-55.26367,-53.486794,0.00063837104,0.00063837104,0
-55.681145,-52.937126,0.00063837104,0.00063837104,0
-56.09648,-52.373257,0.0006383744,0.0006383744,0
-56.509514,-51.794567,0.00063831784,0.00063831784,0
-56.920086,-51.2006,0.00063786085,0.00063786085,0
-57.32806,-50.591034,0.0006361639,0.0006361639,0
-57.73321,-49.96506,0.000635121,0.000635121,0
-58.135464,-49.322678,0.00063264894,0.00063264894,0
-58.5345,-48.66268,0.00063223304,0.00063223304,0
-58.930298,-47.98546,0.0006654914,0.0006654914,0
-59.32246,-47.28936,0.00077794923,0.00077794923,0
-59.71102,-46.57514,0.0011294263,0.0011294263,0
-60.09549,-45.84084,0.0031832203,0.0031832203,0
-60.47593,-45.087315,0.019360745,0.019360745,0
-60.851856,-44.312786,0.40413234,0.40413234,2
-61.223263,-43.517757,0.73665273,0.73665273,3
-61.5897,-42.700825,0.89455754,0.89455754,3
-61.95107,-41.862106,0.87205076,0.87205076,3
-62.307,-41.000618,0.82261705,0.82261705,3
-62.657276,-40.116077,0.7814264,0.7814264,3
-63.00161,-39.20797,0.80845934,0.80845934,3
-63.339653,-38.275574,0.8508925,0.8508925,3
-63.671227,-37.31893,0.892516,0.892516,3
-63.99582,-36.33685,0.9387629,0.9387629,3
-64.31341,-35.329967,0.97825634,0.97825634,3
-64.623276,-34.296627,0.9785755,0.9785755,3
-64.925575,-33.238113,0.9805957,0.9805957,3
-65.219376,-32.152306,0.98392254,0.98392254,3
-65.50497,-31.040977,0.97700715,0.97700715,3
-65.78137,-29.902187,0.9756634,0.9756634,3
-66.0488,-28.73753,0.98321116,0.98321116,3
-66.3064,-27.545704,0.9878649,0.9878649,3
-66.554214,-26.327934,0.98938996,0.98938996,3
-66.79157,-25.083664,0.9905365,0.9905365,3
-67.01831,-23.813787,0.9875437,0.9875437,3
-67.233986,-22.518515,0.9838245,0.9838245,3
-67.4382,-21.19844,0.9900241,0.9900241,3
-67.63076,-19.85454,0.9910095,0.9910095,3
-67.81105,-18.487186,0.99107015,0.99107015,3
-67.97914,-17.09807,0.99102074,0.99102074,3
-68.134186,-15.687437,0.990442,0.990442,3
-68.276535,-14.257587,0.99009657,0.99009657,3
-68.40511,-12.808758,0.98859406,0.98859406,3
-68.520584,-11.343687,0.988648,0.988648,3
-68.62167,-9.862848,0.99013454,0.99013454,3
-68.709175,-8.369043,0.9845466,0.9845466,3
-68.78203,-6.8633685,0.97547376,0.97547376,3
-68.8408,-5.348337,0.9678182,0.9678182,3
-68.884766,-3.8256388,0.97454655,0.97454655,3
-68.91429,-2.2975807,0.9395417,0.9395417,3
-68.92899,-0.7662252,0.9308468,0.9308468,3
-68.92899,0.7662252,0.9760459,0.9760459,3
-68.91429,2.2975807,0.98753417,0.98753417,3
-68.884766,3.8256388,0.98062325,0.98062325,3
-68.8408,5.348337,0.9814827,0.9814827,3
-68.78203,6.8633685,0.9886706,0.9886706,3
-68.709175,8.369043,0.99030614,0.99030614,3
-68.62167,9.862848,0.98813987,0.98813987,3
-68.520584,11.343687,0.97009295,0.97009295,3
-68.40511,12.808758,0.94498634,0.94498634,3
-68.276535,14.257587,0.9555262,0.9555262,3
-68.134186,15.687437,0.9589488,0.9589488,3
-67.97914,17.09807,0.9645627,0.9645627,3
-67.81105,18.487186,0.97032803,0.97032803,3
-67.63076,19.85454,0.9885244,0.9885244,3
-67.4382,21.19844,0.99005437,0.99005437,3
-67.233986,22.518515,0.99113655,0.99113655,3
-67.01831,23.813787,0.99107695,0.99107695,3
-66.79157,25.083664,0.9909917,0.9909917,3
-66.554214,26.327934,0.99109274,0.99109274,3
-66.3064,27.545704,0.9911642,0.9911642,3
-66.0488,28.73753,0.9910416,0.9910416,3
-65.78137,29.902187,0.98995227,0.98995227,3
-65.50497,31.040977,0.98743266,0.98743266,3
-65.219376,32.152306,0.98242724,0.98242724,3
-64.925575,33.238113,0.9781658,0.9781658,3
-64.623276,34.296627,0.9625256,0.9625256,3
-64.31341,35.329967,0.95369804,0.95369804,3
-63.99582,36.33685,0.9498011,0.9498011,3
-63.671227,37.31893,0.9440547,0.9440547,3
-63.339653,38.275574,0.943979,0.943979,3
-63.00161,39.20797,0.9155591,0.9155591,3
-62.657276,40.116077,0.8768262,0.8768262,3
-62.307,41.000618,0.7907407,0.7907407,3
-61.95107,41.862106,0.6235403,0.6235403,2
-61.5897,42.700825,0.41356042,0.41356042,2
-61.223263,43.517757,0.23166737,0.23166737,1
-60.851856,44.312786,0.015978206,0.015978206,0
-60.47593,45.087315,0.002738697,0.002738697,0
-60.09549,45.84084,0.0014202447,0.0014202447,0
-59.71102,46.57514,0.0010665201,0.0010665201,0
-59.32246,47.28936,0.0008746731,0.0008746731,0
-58.930298,47.98546,0.0007268005,0.0007268005,0
-58.5345,48.66268,0.0006635196,0.0006635196,0
-58.135464,49.322678,0.0006343697,0.0006343697,0
-57.73321,49.96506,0.0006327861,0.0006327861,0
-57.32806,50.591034,0.0006343394,0.0006343394,0
-56.920086,51.2006,0.00063673506,0.00063673506,0
-56.509514,51.794567,0.00063781854,0.00063781854,0
-56.09648,52.373257,0.000638229,0.000638229,0
-55.681145,52.937126,0.0006383552,0.0006383552,0
-55.26367,53.486794,0.0006383729,0.0006383729,0
-54.844166,54.0224,0.00063837535,0.00063837535,0
-54.422813,54.544804,0.000638372,0.000638372,0
-53.999683,55.053867,0.00063837104,0.00063837104,0
-53.574993,55.550655,0.00063837104,0.00063837104,0
-53.148754,56.0348,0.00063837104,0.00063837104,0
-52.72119,56.50751,0.00063837104,0.00063837104,0
-52.29232,56.968292,0.0006384559,0.0006384559,0
-51.862328,57.418316,0.0006364523,0.0006364523,0
-51.43126,57.857254,0.00063851406,0.00063851406,0
-50.99926,58.285973,0.00061591144,0.00061591144,0
-50.56639,58.70438,0.00058596703,0.00058596703,0
-50.13277,59.1131,0.0006016315,0.0006016315,0
-49.69847,59.512222,0.00078726263,0.00078726263,0
-49.9647,-60.221275,0.0012575969,0.0012575969,0
-50.402885,-59.827686,0.0009086667,0.0009086667,0
-50.840473,-59.424503,0.00062122586,0.00062122586,0
-51.277378,-59.011604,0.00063243276,0.00063243276,0
-51.713486,-58.588367,0.0006374557,0.0006374557,0
-52.14875,-58.154892,0.0006379955,0.0006379955,0
-52.582996,-57.71028,0.0006383699,0.0006383699,0
-53.016216,-57.25486,0.00063837104,0.00063837104,0
-53.448204,-56.78744,0.00063837104,0.00063837104,0
-53.87895,-56.308514,0.00063837104,0.00063837104,0
-54.308228,-55.816856,0.00063837104,0.00063837104,0
-54.73603,-55.312817,0.00063837104,0.00063837104,0
-55.162132,-54.795326,0.00063837104,0.00063837104,0
-55.58648,-54.26449,0.00063837104,0.00063837104,0
-56.008884,-53.719437,0.00063837104,0.00063837104,0
-56.429237,-53.160004,0.00063837593,0.00063837593,0
-56.84737,-52.585556,0.0006382786,0.0006382786,0
-57.263134,-51.99561,0.0006374752,0.0006374752,0
-57.676384,-51.389816,0.0006351229,0.0006351229,0
-58.086906,-50.76734,0.0006319414,0.0006319414,0
-58.494614,-50.128166,0.0006257637,0.0006257637,0
-58.899193,-49.47104,0.0006310789,0.0006310789,0
-59.30062,-48.796318,0.00068698014,0.00068698014,0
-59.698498,-48.10231,0.00093045615,0.00093045615,0
-60.092857,-47.38976,0.0021975436,0.0021975436,0
-60.483204,-46.65663,0.01813745,0.01813745,0
-60.869606,-45.90377,0.26217505,0.26217505,1
-61.251575,-45.129314,0.48193872,0.48193872,2
-61.629093,-44.333755,0.7363324,0.7363324,3
-62.00171,-43.515606,0.92421675,0.92421675,3
-62.369328,-42.67497,0.88625985,0.88625985,3
-62.73157,-41.81077,0.852837,0.852837,3
-63.088203,-40.922676,0.82350945,0.82350945,3
-63.438953,-40.010124,0.8476067,0.8476067,3
-63.78344,-39.072315,0.9006333,0.9006333,3
-64.1215,-38.10924,0.914468,0.914468,3
-64.4526,-37.11961,0.94571954,0.94571954,3
-64.7767,-36.10405,0.9808102,0.9808102,3
-65.09308,-35.060757,0.98308253,0.98308253,3
-65.40188,-33.991047,0.9773347,0.9773347,3
-65.702156,-32.892624,0.9877923,0.9877923,3
-65.99416,-31.767307,0.9861245,0.9861245,3
-66.27695,-30.612982,0.98493516,0.98493516,3
-66.55067,-29.431292,0.98669225,0.98669225,3
-66.814476,-28.220787,0.9893594,0.9893594,3
-67.06838,-26.982723,0.98918426,0.98918426,3
-67.3117,-25.716448,0.9894132,0.9894132,3
-67.54425,-24.422855,0.989799,0.989799,3
-67.76554,-23.102123,0.9889987,0.9889987,3
-67.97519,-21.754833,0.99070203,0.99070203,3
-68.17295,-20.381985,0.99093163,0.99093163,3
-68.35821,-18.983936,0.9911719,0.9911719,3
-68.53099,-17.562458,0.9911225,0.9911225,3
-68.69043,-16.117775,0.9898645,0.9898645,3
-68.836876,-14.652342,0.98612,0.98612,3
-68.96919,-13.16638,0.98476505,0.98476505,3
-69.08806,-11.662832,0.98701406,0.98701406,3
-69.192154,-10.142183,0.98689926,0.98689926,3
-69.28227,-8.60746,0.9825399,0.9825399,3
-69.35733,-7.0598416,0.96351266,0.96351266,3
-69.417885,-5.5020475,0.9360915,0.9360915,3
-69.4632,-3.935911,0.9569162,0.9569162,3
-69.49364,-2.3639398,0.85181564,0.85181564,3
-69.50879,-0.7883775,0.703639,0.703639,3
-69.50879,0.7883775,0.9015056,0.9015056,3
-69.49364,2.3639398,0.9572073,0.9572073,3
-69.4632,3.935911,0.9520105,0.9520105,3
-69.417885,5.5020475,0.9432986,0.9432986,3
-69.35733,7.0598416,0.95112276,0.95112276,3
-69.28227,8.60746,0.96140176,0.96140176,3
-69.192154,10.142183,0.9505171,0.9505171,3
-69.08806,11.662832,0.90287244,0.90287244,3
-68.96919,13.16638,0.8934048,0.8934048,3
-68.836876,14.652342,0.9198465,0.9198465,3
-68.69043,16.117775,0.9516842,0.9516842,3
-68.53099,17.562458,0.9707117,0.9707117,3
-68.35821,18.983936,0.9805753,0.9805753,3
-68.17295,20.381985,0.9876408,0.9876408,3
-67.97519,21.754833,0.98792136,0.98792136,3
-67.76554,23.102123,0.98929673,0.98929673,3
-67.54425,24.422855,0.9903639,0.9903639,3
-67.3117,25.716448,0.99074805,0.99074805,3
-67.06838,26.982723,0.99117684,0.99117684,3
-66.814476,28.220787,0.99121547,0.99121547,3
-66.55067,29.431292,0.9906481,0.9906481,3
-66.27695,30.612982,0.9891885,0.9891885,3
-65.99416,31.767307,0.9838334,0.9838334,3
-65.702156,32.892624,0.9712459,0.9712459,3
-65.40188,33.991047,0.9539476,0.9539476,3
-65.09308,35.060757,0.9472352,0.9472352,3
-64.7767,36.10405,0.9564114,0.9564114,3
-64.4526,37.11961,0.95873314,0.95873314,3
-64.1215,38.10924,0.95829064,0.95829064,3
-63.78344,39.072315,0.9571463,0.9571463,3
-63.438953,40.010124,0.93785655,0.93785655,3
-63.088203,40.922676,0.9094136,0.9094136,3
-62.73157,41.81077,0.883709,0.883709,3
-62.369328,42.67497,0.8269424,0.8269424,3
-62.00171,43.515606,0.72216254,0.72216254,3
-61.629093,44.333755,0.45736897,0.45736897,2
-61.251575,45.129314,0.05508128,0.05508128,0
-60.869606,45.90377,0.006621349,0.006621349,0
-60.483204,46.65663,0.0029548092,0.0029548092,0
-60.092857,47.38976,0.0016311427,0.0016311427,0
-59.698498,48.10231,0.0012307264,0.0012307264,0
-59.30062,48.796318,0.0009376629,0.0009376629,0
-58.899193,49.47104,0.0007613959,0.0007613959,0
-58.494614,50.128166,0.0006693367,0.0006693367,0
-58.086906,50.76734,0.0006373804,0.0006373804,0
-57.676384,51.389816,0.0006331737,0.0006331737,0
-57.263134,51.99561,0.0006339191,0.0006339191,0
-56.84737,52.585556,0.0006362843,0.0006362843,0
-56.429237,53.160004,0.00063763896,0.00063763896,0
-56.008884,53.719437,0.0006381518,0.0006381518,0
-55.58648,54.26449,0.0006383367,0.0006383367,0
-55.162132,54.795326,0.0006383784,0.0006383784,0
-54.73603,55.312817,0.0006383744,0.0006383744,0
-54.308228,55.816856,0.0006383716,0.0006383716,0
-53.87895,56.308514,0.00063837075,0.00063837075,0
-53.448204,56.78744,0.00063837075,0.00063837075,0
-53.016216,57.25486,0.00063837104,0.00063837104,0
-52.582996,57.71028,0.0006384559,0.0006384559,0
-52.14875,58.154892,0.0006364523,0.0006364523,0
-51.713486,58.588367,0.00063851406,0.00063851406,0
-51.277378,59.011604,0.00061591144,0.00061591144,0
-50.840473,59.424503,0.00058596703,0.00058596703,0
-50.402885,59.827686,0.0006016315,0.0006016315,0
-49.9647,60.221275,0.00078726263,0.00078726263,0
-50.225582,-60.940582,0.0012575969,0.0012575969,0
-50.667633,-60.552856,0.0009086667,0.0009086667,0
-51.10915,-60.15554,0.00062122586,0.00062122586,0
-51.550064,-59.748505,0.00063243276,0.00063243276,0
-51.990257,-59.331127,0.0006374557,0.0006374557,0
-52.429672,-58.903484,0.0006379955,0.0006379955,0
-52.86817,-58.46468,0.0006383699,0.0006383699,0
-53.305714,-58.015022,0.00063837104,0.00063837104,0
-53.74211,-57.55332,0.00063837104,0.00063837104,0
-54.177338,-57.08006,0.00063837104,0.00063837104,0
-54.6112,-56.59398,0.00063837104,0.00063837104,0
-55.043655,-56.095436,0.00063837104,0.00063837104,0
-55.474506,-55.58333,0.00063837104,0.00063837104,0
-55.9037,-55.057762,0.00063837104,0.00063837104,0
-56.331028,-54.517834,0.00063837133,0.00063837133,0
-56.7564,-53.963364,0.000638382,0.000638382,0
-57.17964,-53.3937,0.0006382299,0.0006382299,0
-57.600613,-52.808334,0.00063723617,0.00063723617,0
-58.019157,-52.2069,0.00063556514,0.00063556514,0
-58.435074,-51.588516,0.0006322457,0.0006322457,0
-58.84826,-50.95314,0.0006228716,0.0006228716,0
-59.258415,-50.299484,0.0006389146,0.0006389146,0
-59.665512,-49.627907,0.00070519117,0.00070519117,0
-60.069153,-48.93663,0.0011586342,0.0011586342,0
-60.469368,-48.226395,0.00520427,0.00520427,0
-60.86566,-47.495083,0.1804631,0.1804631,1
-61.258095,-46.74354,0.7135881,0.7135881,3
-61.64617,-45.969826,0.70032775,0.70032775,3
-62.029884,-45.1744,0.79753405,0.79753405,3
-62.408783,-44.355705,0.84149426,0.84149426,3
-62.78275,-43.513786,0.8360179,0.8360179,3
-63.151413,-42.647522,0.872336,0.872336,3
-63.51453,-41.75651,0.87901574,0.87901574,3
-63.87182,-40.840122,0.9231096,0.9231096,3
-64.2229,-39.897476,0.9410036,0.9410036,3
-64.56758,-38.92852,0.9403491,0.9403491,3
-64.90535,-37.93186,0.95149034,0.95149034,3
-65.23613,-36.908085,0.97412246,0.97412246,3
-65.559204,-35.855263,0.98405117,0.98405117,3
-65.874695,-34.774704,0.98441863,0.98441863,3
-66.18164,-33.663944,0.9821087,0.9821087,3
-66.4803,-32.524834,0.9863696,0.9863696,3
-66.76965,-31.35508,0.98888856,0.98888856,3
-67.049904,-30.156357,0.988853,0.988853,3
-67.32015,-28.927067,0.98835737,0.98835737,3
-67.58039,-27.668478,0.98836213,0.98836213,3
-67.829895,-26.379833,0.9894545,0.9894545,3
-68.0685,-25.062027,0.9906329,0.9906329,3
-68.29566,-23.715183,0.9908415,0.9908415,3
-68.51098,-22.339872,0.9911049,0.9911049,3
-68.714195,-20.937107,0.99107707,0.99107707,3
-68.90465,-19.507221,0.99123436,0.99123436,3
-69.08235,-18.052074,0.9913612,0.9913612,3
-69.24641,-16.571861,0.9902658,0.9902658,3
-69.397156,-15.0692005,0.9858181,0.9858181,3
-69.53342,-13.544292,0.981293,0.981293,3
-69.65585,-12.000299,0.9790233,0.9790233,3
-69.76312,-10.437726,0.9762515,0.9762515,3
-69.85602,-8.8598385,0.97081155,0.97081155,3
-69.933395,-7.267906,0.95079905,0.95079905,3
-69.99585,-5.6648836,0.9356058,0.9356058,3
-70.04259,-4.0527606,0.90236014,0.90236014,3
-70.073975,-2.4342692,0.44292733,0.44292733,2
-70.0896,-0.81185734,0.009502892,0.009502892,0
-70.0896,0.81185734,0.010656924,0.010656924,0
-70.073975,2.4342692,0.41815376,0.41815376,2
-70.04259,4.0527606,0.6424078,0.6424078,2
-69.99585,5.6648836,0.4629127,0.4629127,2
-69.933395,7.267906,0.6342319,0.6342319,2
-69.85602,8.8598385,0.78052676,0.78052676,3
-69.76312,10.437726,0.7688822,0.7688822,3
-69.65585,12.000299,0.76495904,0.76495904,3
-69.53342,13.544292,0.5508226,0.5508226,2
-69.397156,15.0692005,0.74181545,0.74181545,3
-69.24641,16.571861,0.93492407,0.93492407,3
-69.08235,18.052074,0.9550861,0.9550861,3
-68.90465,19.507221,0.9764425,0.9764425,3
-68.714195,20.937107,0.9780703,0.9780703,3
-68.51098,22.339872,0.9808718,0.9808718,3
-68.29566,23.715183,0.980187,0.980187,3
-68.0685,25.062027,0.9858167,0.9858167,3
-67.829895,26.379833,0.9872433,0.9872433,3
-67.58039,27.668478,0.9891501,0.9891501,3
-67.32015,28.927067,0.9895343,0.9895343,3
-67.049904,30.156357,0.98772687,0.98772687,3
-66.76965,31.35508,0.9859066,0.9859066,3
-66.4803,32.524834,0.97312206,0.97312206,3
-66.18164,33.663944,0.94758105,0.94758105,3
-65.874695,34.774704,0.941585,0.941585,3
-65.559204,35.855263,0.95507675,0.95507675,3
-65.23613,36.908085,0.9680388,0.9680388,3
-64.90535,37.93186,0.96951306,0.96951306,3
-64.56758,38.92852,0.9721851,0.9721851,3
-64.2229,39.897476,0.96156615,0.96156615,3
-63.87182,40.840122,0.9448407,0.9448407,3
-63.51453,41.75651,0.9290563,0.9290563,3
-63.151413,42.647522,0.91614825,0.91614825,3
-62.78275,43.513786,0.89377314,0.89377314,3
-62.408783,44.355705,0.80074245,0.80074245,3
-62.029884,45.1744,0.624591,0.624591,2
-61.64617,45.969826,0.33915657,0.33915657,1
-61.258095,46.74354,0.09011812,0.09011812,0
-60.86566,47.495083,0.006643611,0.006643611,0
-60.469368,48.226395,0.0030701887,0.0030701887,0
-60.069153,48.93663,0.0017820224,0.0017820224,0
-59.665512,49.627907,0.0013363645,0.0013363645,0
-59.258415,50.299484,0.00096704444,0.00096704444,0
-58.84826,50.95314,0.0007727514,0.0007727514,0
-58.435074,51.588516,0.0006731591,0.0006731591,0
-58.019157,52.2069,0.00063995336,0.00063995336,0
-57.600613,52.808334,0.0006321164,0.0006321164,0
-57.17964,53.3937,0.0006331731,0.0006331731,0
-56.7564,53.963364,0.00063611753,0.00063611753,0
-56.331028,54.517834,0.00063761434,0.00063761434,0
-55.9037,55.057762,0.0006382345,0.0006382345,0
-55.474506,55.58333,0.00063836586,0.00063836586,0
-55.043655,56.095436,0.00063837896,0.00063837896,0
-54.6112,56.59398,0.0006383729,0.0006383729,0
-54.177338,57.08006,0.0006383716,0.0006383716,0
-53.74211,57.55332,0.00063837075,0.00063837075,0
-53.305714,58.015022,0.00063837104,0.00063837104,0
-52.86817,58.46468,0.0006384559,0.0006384559,0
-52.429672,58.903484,0.0006364523,0.0006364523,0
-51.990257,59.331127,0.00063851406,0.00063851406,0
-51.550064,59.748505,0.00061591144,0.00061591144,0
-51.10915,60.15554,0.00058596703,0.00058596703,0
-50.667633,60.552856,0.0006016315,0.0006016315,0
-50.225582,60.940582,0.00078726263,0.00078726263,0
-50.48112,-61.66983,0.0012575969,0.0012575969,0
-50.927002,-61.288296,0.0009086667,0.0009086667,0
-51.372417,-60.89719,0.00062122586,0.00062122586,0
-51.817303,-60.49638,0.00063243276,0.00063243276,0
-52.261555,-60.085217,0.0006374557,0.0006374557,0
-52.705105,-59.663795,0.0006379955,0.0006379955,0
-53.147823,-59.23119,0.0006383699,0.0006383699,0
-53.589657,-58.787716,0.00063837104,0.00063837104,0
-54.030434,-58.332153,0.00063837104,0.00063837104,0
-54.47013,-57.86499,0.00063837104,0.00063837104,0
-54.90855,-57.38494,0.00063837104,0.00063837104,0
-55.345657,-56.89236,0.00063837104,0.00063837104,0
-55.78125,-56.386124,0.00063837104,0.00063837104,0
-56.215267,-55.866325,0.00063837104,0.00063837104,0
-56.64752,-55.332047,0.00063837256,0.00063837256,0
-57.077908,-54.783085,0.0006383802,0.0006383802,0
-57.506268,-54.218758,0.0006380885,0.0006380885,0
-57.932446,-53.638542,0.0006372881,0.0006372881,0
-58.356297,-53.042038,0.00063703913,0.00063703913,0
-58.777622,-52.428345,0.0006349885,0.0006349885,0
-59.19631,-51.797394,0.0006300594,0.0006300594,0
-59.612076,-51.147854,0.000647311,0.000647311,0
-60.024876,-50.480053,0.0007897557,0.0007897557,0
-60.43432,-49.792168,0.0020363454,0.0020363454,0
-60.840424,-49.08492,0.014485543,0.014485543,0
-61.242725,-48.356117,0.20688522,0.20688522,1
-61.641247,-47.60659,0.86567426,0.86567426,3
-62.035515,-46.834305,0.8078081,0.8078081,3
-62.4255,-46.039722,0.8120657,0.8120657,3
-62.81076,-45.221172,0.84722894,0.84722894,3
-63.191177,-44.37869,0.82159805,0.82159805,3
-63.566364,-43.511047,0.85852015,0.85852015,3
-63.93608,-42.617798,0.8942249,0.8942249,3
-64.300026,-41.698242,0.9543358,0.9543358,3
-64.65784,-40.751404,0.97524977,0.97524977,3
-65.0093,-39.77718,0.96722937,0.96722937,3
-65.35388,-38.77406,0.969857,0.969857,3
-65.691505,-37.742607,0.9761614,0.9761614,3
-66.02147,-36.68073,0.9839326,0.9839326,3
-66.34383,-35.58975,0.9781321,0.9781321,3
-66.657646,-34.466995,0.97730494,0.97730494,3
-66.96315,-33.31436,0.98245054,0.98245054,3
-67.259315,-32.129356,0.98406833,0.98406833,3
-67.54632,-30.913666,0.9877308,0.9877308,3
-67.82323,-29.665546,0.98890495,0.98890495,3
-68.090034,-28.386265,0.98871756,0.98871756,3
-68.345985,-27.07494,0.98851436,0.98851436,3
-68.59088,-25.73246,0.99064773,0.99064773,3
-68.82417,-24.35889,0.9911209,0.9911209,3
-69.04541,-22.954777,0.9911856,0.9911856,3
-69.25432,-21.52114,0.9912135,0.9912135,3
-69.45022,-20.058275,0.99097604,0.99097604,3
-69.6331,-18.568134,0.9908873,0.9908873,3
-69.802,-17.050882,0.98619825,0.98619825,3
-69.957275,-15.509304,0.9824852,0.9824852,3
-70.09767,-13.943573,0.9799049,0.9799049,3
-70.22389,-12.357093,0.9761277,0.9761277,3
-70.33451,-10.750379,0.9644241,0.9644241,3
-70.430336,-9.126971,0.93810266,0.93810266,3
-70.510155,-7.4882336,0.58912355,0.58912355,2
-70.574615,-5.83738,0.01726541,0.01726541,0
-70.62285,-4.176576,0.013239258,0.013239258,0
-70.65525,-2.5088048,0.011854556,0.011854556,0
-70.671394,-0.83674365,0.003227661,0.003227661,0
-70.671394,0.83674365,0.0035992756,0.0035992756,0
-70.65525,2.5088048,0.014872987,0.014872987,0
-70.62285,4.176576,0.015169204,0.015169204,0
-70.574615,5.83738,0.012467013,0.012467013,0
-70.510155,7.4882336,0.015078631,0.015078631,0
-70.430336,9.126971,0.011421386,0.011421386,0
-70.33451,10.750379,0.009184516,0.009184516,0
-70.22389,12.357093,0.013057978,0.013057978,0
-70.09767,13.943573,0.007821026,0.007821026,0
-69.957275,15.509304,0.007954537,0.007954537,0
-69.802,17.050882,0.0068717166,0.0068717166,0
-69.6331,18.568134,0.8228042,0.8228042,3
-69.45022,20.058275,0.95421225,0.95421225,3
-69.25432,21.52114,0.9575982,0.9575982,3
-69.04541,22.954777,0.97018415,0.97018415,3
-68.82417,24.35889,0.9727075,0.9727075,3
-68.59088,25.73246,0.97926015,0.97926015,3
-68.345985,27.07494,0.97772163,0.97772163,3
-68.090034,28.386265,0.9812275,0.9812275,3
-67.82323,29.665546,0.9820696,0.9820696,3
-67.54632,30.913666,0.9822642,0.9822642,3
-67.259315,32.129356,0.9780809,0.9780809,3
-66.96315,33.31436,0.959654,0.959654,3
-66.657646,34.466995,0.9412498,0.9412498,3
-66.34383,35.58975,0.9482264,0.9482264,3
-66.02147,36.68073,0.94860274,0.94860274,3
-65.691505,37.742607,0.96163195,0.96163195,3
-65.35388,38.77406,0.968112,0.968112,3
-65.0093,39.77718,0.9563897,0.9563897,3
-64.65784,40.751404,0.9204823,0.9204823,3
-64.300026,41.698242,0.9122772,0.9122772,3
-63.93608,42.617798,0.88816357,0.88816357,3
-63.566364,43.511047,0.85478103,0.85478103,3
-63.191177,44.37869,0.83420545,0.83420545,3
-62.81076,45.221172,0.8121024,0.8121024,3
-62.4255,46.039722,0.7419933,0.7419933,3
-62.035515,46.834305,0.45463338,0.45463338,2
-61.641247,47.60659,0.25284016,0.25284016,1
-61.242725,48.356117,0.02332197,0.02332197,0
-60.840424,49.08492,0.0041813343,0.0041813343,0
-60.43432,49.792168,0.00296224,0.00296224,0
-60.024876,50.480053,0.0018640937,0.0018640937,0
-59.612076,51.147854,0.001371157,0.001371157,0
-59.19631,51.797394,0.0010154325,0.0010154325,0
-58.777622,52.428345,0.0007928768,0.0007928768,0
-58.356297,53.042038,0.00068542344,0.00068542344,0
-57.932446,53.638542,0.0006434979,0.0006434979,0
-57.506268,54.218758,0.0006325973,0.0006325973,0
-57.077908,54.783085,0.0006340517,0.0006340517,0
-56.64752,55.332047,0.000636613,0.000636613,0
-56.215267,55.866325,0.00063792465,0.00063792465,0
-55.78125,56.386124,0.0006383367,0.0006383367,0
-55.345657,56.89236,0.0006383738,0.0006383738,0
-54.90855,57.38494,0.00063837564,0.00063837564,0
-54.47013,57.86499,0.0006383738,0.0006383738,0
-54.030434,58.332153,0.00063837133,0.00063837133,0
-53.589657,58.787716,0.00063837104,0.00063837104,0
-53.147823,59.23119,0.0006384559,0.0006384559,0
-52.705105,59.663795,0.0006364523,0.0006364523,0
-52.261555,60.085217,0.00063851406,0.00063851406,0
-51.817303,60.49638,0.00061591144,0.00061591144,0
-51.372417,60.89719,0.00058596703,0.00058596703,0
-50.927002,61.288296,0.0006016315,0.0006016315,0
-50.48112,61.66983,0.00078726263,0.00078726263,0
-50.730858,-62.409576,0.0012575969,0.0012575969,0
-51.18051,-62.03459,0.0009086667,0.0009086667,0
-51.62979,-61.650063,0.00062122586,0.00062122586,0
-52.078613,-61.25585,0.00063243276,0.00063243276,0
-52.526886,-60.851307,0.0006374557,0.0006374557,0
-52.974533,-60.43651,0.0006379955,0.0006379955,0
-53.421432,-60.01053,0.0006383699,0.0006383699,0
-53.86753,-59.573677,0.00063837104,0.00063837104,0
-54.312668,-59.124714,0.00063837104,0.00063837104,0
-54.756805,-58.664127,0.00063837104,0.00063837104,0
-55.19976,-58.190605,0.00063837104,0.00063837104,0
-55.641487,-57.704514,0.00063837104,0.00063837104,0
-56.0818,-57.204685,0.00063837104,0.00063837104,0
-56.520634,-56.69121,0.00063837104,0.00063837104,0
-56.9578,-56.16314,0.0006383747,0.0006383747,0
-57.3932,-55.620277,0.00063835585,0.00063835585,0
-57.826668,-55.061897,0.00063792954,0.00063792954,0
-58.258057,-54.48746,0.0006378571,0.0006378571,0
-58.687225,-53.896545,0.0006381733,0.0006381733,0
-59.113968,-53.288216,0.00063889875,0.00063889875,0
-59.53818,-52.66238,0.0006442033,0.0006442033,0
-59.95957,-52.017662,0.0006657962,0.0006657962,0
-60.378105,-51.35437,0.0011454407,0.0011454407,0
-60.79339,-50.670624,0.0064939247,0.0064939247,0
-61.205437,-49.967125,0.06348198,0.06348198,0
-61.613785,-49.241604,0.41050756,0.41050756,2
-62.018456,-48.49488,0.8669897,0.8669897,3
-62.41898,-47.72484,0.93726814,0.93726814,3
-62.815323,-46.9319,0.8419055,0.8419055,3
-63.20703,-46.11432,0.91419154,0.91419154,3
-63.59399,-45.272076,0.8571014,0.8571014,3
-63.975803,-44.40387,0.8752225,0.8752225,3
-64.35224,-43.509186,0.92158717,0.92158717,3
-64.72299,-42.587242,0.96388763,0.96388763,3
-65.08766,-41.636986,0.98221105,0.98221105,3
-65.44605,-40.65824,0.98145515,0.98145515,3
-65.79762,-39.649372,0.9806419,0.9806419,3
-66.14228,-38.6109,0.98393065,0.98393065,3
-66.479294,-37.54058,0.97587806,0.97587806,3
-66.80875,-36.439713,0.9838275,0.9838275,3
-67.12965,-35.305435,0.9881095,0.9881095,3
-67.44222,-34.139656,0.98667437,0.98667437,3
-67.74544,-32.939667,0.9871083,0.9871083,3
-68.03942,-31.707186,0.9899567,0.9899567,3
-68.32326,-30.440266,0.9907274,0.9907274,3
-68.5969,-29.140177,0.9908289,0.9908289,3
-68.85957,-27.805908,0.99074346,0.99074346,3
-69.111046,-26.43832,0.9909444,0.9909444,3
-69.35073,-25.037403,0.9909479,0.9909479,3
-69.578186,-23.603664,0.9908427,0.9908427,3
-69.793076,-22.138134,0.9909599,0.9909599,3
-69.99469,-20.641058,0.98971975,0.98971975,3
-70.18301,-19.11448,0.98614967,0.98614967,3
-70.35703,-17.55851,0.97135836,0.97135836,3
-70.517075,-15.976117,0.96651655,0.96651655,3
-70.66187,-14.367446,0.9722663,0.9722663,3
-70.79208,-12.736158,0.96504384,0.96504384,3
-70.90624,-11.082781,0.56991744,0.56991744,2
-71.005165,-9.411152,0.026419532,0.026419532,0
-71.087616,-7.722742,0.014445756,0.014445756,0
-71.15418,-6.0210567,0.0028000826,0.0028000826,0
-71.20402,-4.308459,0.0025106417,0.0025106417,0
-71.23749,-2.5882144,0.0022387146,0.0022387146,0
-71.254166,-0.8632602,0.0011603362,0.0011603362,0
-71.254166,0.8632602,0.0010979394,0.0010979394,0
-71.23749,2.5882144,0.001471268,0.001471268,0
-71.20402,4.308459,0.0013008651,0.0013008651,0
-71.15418,6.0210567,0.0013290201,0.0013290201,0
-71.087616,7.722742,0.0014785491,0.0014785491,0
-71.005165,9.411152,0.0013514766,0.0013514766,0
-70.90624,11.082781,0.0014968686,0.0014968686,0
-70.79208,12.736158,0.0014619227,0.0014619227,0
-70.66187,14.367446,0.0012887573,0.0012887573,0
-70.517075,15.976117,0.0018722027,0.0018722027,0
-70.35703,17.55851,0.0032183758,0.0032183758,0
-70.18301,19.11448,0.022748357,0.022748357,0
-69.99469,20.641058,0.12913495,0.12913495,0
-69.793076,22.138134,0.8758739,0.8758739,3
-69.578186,23.603664,0.93392473,0.93392473,3
-69.35073,25.037403,0.9493424,0.9493424,3
-69.111046,26.43832,0.965023,0.965023,3
-68.85957,27.805908,0.96071196,0.96071196,3
-68.5969,29.140177,0.96138465,0.96138465,3
-68.32326,30.440266,0.96107966,0.96107966,3
-68.03942,31.707186,0.9648559,0.9648559,3
-67.74544,32.939667,0.94104207,0.94104207,3
-67.44222,34.139656,0.94225395,0.94225395,3
-67.12965,35.305435,0.9475088,0.9475088,3
-66.80875,36.439713,0.931293,0.931293,3
-66.479294,37.54058,0.91262084,0.91262084,3
-66.14228,38.6109,0.91772467,0.91772467,3
-65.79762,39.649372,0.93267584,0.93267584,3
-65.44605,40.65824,0.9212789,0.9212789,3
-65.08766,41.636986,0.8959649,0.8959649,3
-64.72299,42.587242,0.89082927,0.89082927,3
-64.35224,43.509186,0.8871677,0.8871677,3
-63.975803,44.40387,0.85671747,0.85671747,3
-63.59399,45.272076,0.79879,0.79879,3
-63.20703,46.11432,0.8039258,0.8039258,3
-62.815323,46.9319,0.8235323,0.8235323,3
-62.41898,47.72484,0.75240886,0.75240886,3
-62.018456,48.49488,0.48919007,0.48919007,2
-61.613785,49.241604,0.13543767,0.13543767,0
-61.205437,49.967125,0.015409764,0.015409764,0
-60.79339,50.670624,0.004878743,0.004878743,0
-60.378105,51.35437,0.0026069714,0.0026069714,0
-59.95957,52.017662,0.0020859812,0.0020859812,0
-59.53818,52.66238,0.0014863549,0.0014863549,0
-59.113968,53.288216,0.0010746216,0.0010746216,0
-58.687225,53.896545,0.00081789773,0.00081789773,0
-58.258057,54.48746,0.0006952848,0.0006952848,0
-57.826668,55.061897,0.000643443,0.000643443,0
-57.3932,55.620277,0.00063480815,0.00063480815,0
-56.9578,56.16314,0.0006349397,0.0006349397,0
-56.520634,56.69121,0.00063691346,0.00063691346,0
-56.0818,57.204685,0.00063792855,0.00063792855,0
-55.641487,57.704514,0.00063828134,0.00063828134,0
-55.19976,58.190605,0.00063835765,0.00063835765,0
-54.756805,58.664127,0.00063837715,0.00063837715,0
-54.312668,59.124714,0.000638372,0.000638372,0
-53.86753,59.573677,0.00063837104,0.00063837104,0
-53.421432,60.01053,0.0006384559,0.0006384559,0
-52.974533,60.43651,0.0006364523,0.0006364523,0
-52.526886,60.851307,0.00063851406,0.00063851406,0
-52.078613,61.25585,0.00061591144,0.00061591144,0
-51.62979,61.650063,0.00058596703,0.00058596703,0
-51.18051,62.03459,0.0006016315,0.0006016315,0
-50.730858,62.409576,0.00078726263,0.00078726263,0
-50.97495,-63.159172,0.0012575969,0.0012575969,0
-51.428352,-62.791084,0.0009086667,0.0009086667,0
-51.88145,-62.413483,0.00062122586,0.00062122586,0
-52.33417,-62.026245,0.00063243276,0.00063243276,0
-52.78642,-61.6287,0.0006374557,0.0006374557,0
-53.238125,-61.220924,0.0006379955,0.0006379955,0
-53.68917,-60.80199,0.0006383699,0.0006383699,0
-54.139503,-60.372185,0.00063837104,0.00063837104,0
-54.588963,-59.930283,0.00063837104,0.00063837104,0
-55.03751,-59.476727,0.00063837104,0.00063837104,0
-55.484966,-59.010227,0.00063837104,0.00063837104,0
-55.931297,-58.531105,0.00063837104,0.00063837104,0
-56.3763,-58.038208,0.00063837104,0.00063837104,0
-56.819927,-57.5316,0.00063837104,0.00063837104,0
-57.261993,-57.010307,0.00063837925,0.00063837925,0
-57.702385,-56.474113,0.0006382579,0.0006382579,0
-58.140953,-55.92229,0.000637669,0.000637669,0
-58.57755,-55.354256,0.0006380818,0.0006380818,0
-59.012035,-54.769585,0.0006359802,0.0006359802,0
-59.444195,-54.167274,0.000639203,0.000639203,0
-59.87394,-53.54725,0.0006491443,0.0006491443,0
-60.30098,-52.908062,0.0007360422,0.0007360422,0
-60.725266,-52.250008,0.0021329324,0.0021329324,0
-61.146416,-51.571148,0.042108774,0.042108774,0
-61.56444,-50.87217,0.50554776,0.50554776,2
-61.97888,-50.15072,0.7695301,0.7695301,3
-62.389755,-49.4076,0.9130245,0.9130245,3
-62.79659,-48.640617,0.7750189,0.7750189,3
-63.199345,-47.850147,0.90923417,0.90923417,3
-63.597588,-47.034374,0.9556535,0.9556535,3
-63.99118,-46.193222,0.9633773,0.9633773,3
-64.37973,-45.32529,0.96182185,0.96182185,3
-64.762985,-44.43002,0.9459879,0.9459879,3
-65.14064,-43.506527,0.9667564,0.9667564,3
-65.512314,-42.55367,0.9816094,0.9816094,3
-65.877785,-41.57119,0.98121864,0.98121864,3
-66.23649,-40.55734,0.9819878,0.9819878,3
-66.58835,-39.512573,0.98769414,0.98769414,3
-66.9326,-38.434486,0.9889221,0.9889221,3
-67.269325,-37.324356,0.9899755,0.9899755,3
-67.59752,-36.179096,0.98978746,0.98978746,3
-67.91739,-35.000633,0.98589545,0.98589545,3
-68.227875,-33.786026,0.98186976,0.98186976,3
-68.529106,-32.537003,0.9878263,0.9878263,3
-68.820114,-31.251396,0.9910088,0.9910088,3
-69.10085,-29.930489,0.9912087,0.9912087,3
-69.37051,-28.57309,0.99082863,0.99082863,3
-69.62883,-27.18004,0.9903786,0.9903786,3
-69.87521,-25.751232,0.99083847,0.99083847,3
-70.10915,-24.287125,0.9900006,0.9900006,3
-70.33031,-22.788742,0.9892932,0.9892932,3
-70.53793,-21.256262,0.9856754,0.9856754,3
-70.731964,-19.691824,0.9837595,0.9837595,3
-70.91137,-18.095478,0.9696702,0.9696702,3
-71.076454,-16.470383,0.94846374,0.94846374,3
-71.225876,-14.816641,0.9662306,0.9662306,3
-71.36031,-13.138191,0.9243161,0.9243161,3
-71.47822,-11.435576,0.007972763,0.007972763,0
-71.58043,-9.712959,0.0030537872,0.0030537872,0
-71.66565,-7.971931,0.003357229,0.003357229,0
-71.73447,-6.216317,0.0010092931,0.0010092931,0
-71.785995,-4.4487047,0.0008504166,0.0008504166,0
-71.820625,-2.672679,0.00071979593,0.00071979593,0
-71.837875,-0.8914678,0.00069545873,0.00069545873,0
-71.837875,0.8914678,0.00069397077,0.00069397077,0
-71.820625,2.672679,0.00075300154,0.00075300154,0
-71.785995,4.4487047,0.00076865696,0.00076865696,0
-71.73447,6.216317,0.0007252158,0.0007252158,0
-71.66565,7.971931,0.0007160331,0.0007160331,0
-71.58043,9.712959,0.0006853555,0.0006853555,0
-71.47822,11.435576,0.0006648945,0.0006648945,0
-71.36031,13.138191,0.0006934243,0.0006934243,0
-71.225876,14.816641,0.0007328444,0.0007328444,0
-71.076454,16.470383,0.00057355623,0.00057355623,0
-70.91137,18.095478,0.0007339707,0.0007339707,0
-70.731964,19.691824,0.0015096313,0.0015096313,0
-70.53793,21.256262,0.0045822933,0.0045822933,0
-70.33031,22.788742,0.019472588,0.019472588,0
-70.10915,24.287125,0.71605825,0.71605825,3
-69.87521,25.751232,0.79823625,0.79823625,3
-69.62883,27.18004,0.82861614,0.82861614,3
-69.37051,28.57309,0.8330679,0.8330679,3
-69.10085,29.930489,0.6849696,0.6849696,2
-68.820114,31.251396,0.8674756,0.8674756,3
-68.529106,32.537003,0.8683746,0.8683746,3
-68.227875,33.786026,0.86758524,0.86758524,3
-67.91739,35.000633,0.9317187,0.9317187,3
-67.59752,36.179096,0.95187676,0.95187676,3
-67.269325,37.324356,0.9310491,0.9310491,3
-66.9326,38.434486,0.8870571,0.8870571,3
-66.58835,39.512573,0.86541843,0.86541843,3
-66.23649,40.55734,0.8773384,0.8773384,3
-65.877785,41.57119,0.9136767,0.9136767,3
-65.512314,42.55367,0.9165946,0.9165946,3
-65.14064,43.506527,0.9162411,0.9162411,3
-64.762985,44.43002,0.93757266,0.93757266,3
-64.37973,45.32529,0.92464024,0.92464024,3
-63.99118,46.193222,0.8690432,0.8690432,3
-63.597588,47.034374,0.8418037,0.8418037,3
-63.199345,47.850147,0.85482275,0.85482275,3
-62.79659,48.640617,0.7754523,0.7754523,3
-62.389755,49.4076,0.534311,0.534311,2
-61.97888,50.15072,0.31686565,0.31686565,1
-61.56444,50.87217,0.20779048,0.20779048,1
-61.146416,51.571148,0.012963215,0.012963215,0
-60.725266,52.250008,0.0034211006,0.0034211006,0
-60.30098,52.908062,0.0031715971,0.0031715971,0
-59.87394,53.54725,0.0021722824,0.0021722824,0
-59.444195,54.167274,0.001606518,0.001606518,0
-59.012035,54.769585,0.0010658522,0.0010658522,0
-58.57755,55.354256,0.0008002338,0.0008002338,0
-58.140953,55.92229,0.00067569857,0.00067569857,0
-57.702385,56.474113,0.00063759036,0.00063759036,0
-57.261993,57.010307,0.0006333258,0.0006333258,0
-56.819927,57.5316,0.0006343999,0.0006343999,0
-56.3763,58.038208,0.0006369484,0.0006369484,0
-55.931297,58.531105,0.00063795777,0.00063795777,0
-55.484966,59.010227,0.00063829136,0.00063829136,0
-55.03751,59.476727,0.0006383735,0.0006383735,0
-54.588963,59.930283,0.0006383735,0.0006383735,0
-54.139503,60.372185,0.00063837104,0.00063837104,0
-53.68917,60.80199,0.0006384559,0.0006384559,0
-53.238125,61.220924,0.0006364523,0.0006364523,0
-52.78642,61.6287,0.00063851406,0.00063851406,0
-52.33417,62.026245,0.00061591144,0.00061591144,0
-51.88145,62.413483,0.00058596703,0.00058596703,0
-51.428352,62.791084,0.0006016315,0.0006016315,0
-50.97495,63.159172,0.00078726263,0.00078726263,0
-51.213062,-63.918945,0.0012575969,0.0012575969,0
-51.67015,-63.5581,0.0009086667,0.0009086667,0
-52.12702,-63.187805,0.00062122586,0.00062122586,0
-52.583595,-62.807915,0.00063243276,0.00063243276,0
-53.03977,-62.417778,0.0006374557,0.0006374557,0
-53.49549,-62.017452,0.0006379955,0.0006379955,0
-53.95064,-61.605995,0.0006383699,0.0006383699,0
-54.40516,-61.183697,0.00063837104,0.00063837104,0
-54.858902,-60.749313,0.00063837104,0.00063837104,0
-55.31182,-60.30329,0.00063837104,0.00063837104,0
-55.763752,-59.844322,0.00063837104,0.00063837104,0
-56.214645,-59.37272,0.00063837104,0.00063837104,0
-56.664314,-58.887306,0.00063837104,0.00063837104,0
-57.112705,-58.388138,0.00063837104,0.00063837104,0
-57.55964,-57.874237,0.0006383866,0.0006383866,0
-58.005013,-57.345337,0.0006380277,0.0006380277,0
-58.448666,-56.80072,0.0006372474,0.0006372474,0
-58.890457,-56.23976,0.00063678325,0.00063678325,0
-59.330246,-55.662018,0.000634523,0.000634523,0
-59.76783,-55.066467,0.0006384638,0.0006384638,0
-60.203106,-54.452988,0.00066625956,0.00066625956,0
-60.635796,-53.82011,0.0009520122,0.0009520122,0
-61.06585,-53.1681,0.006302653,0.006302653,0
-61.492886,-52.49495,0.1526797,0.1526797,1
-61.916916,-51.801334,0.78263855,0.78263855,3
-62.337486,-51.084824,0.9902242,0.9902242,3
-62.754604,-50.346207,0.9653751,0.9653751,3
-63.16781,-49.583187,0.78969383,0.78969383,3
-63.577045,-48.79612,0.96735173,0.96735173,3
-63.98189,-47.983093,0.98460174,0.98460174,3
-64.38219,-47.143982,0.984516,0.984516,3
-64.777565,-46.2773,0.9827109,0.9827109,3
-65.167755,-45.382393,0.9697981,0.9697981,3
-65.55245,-44.45831,0.98228925,0.98228925,3
-65.93126,-43.50379,0.98761207,0.98761207,3
-66.30394,-42.51852,0.9886701,0.9886701,3
-66.669945,-41.500587,0.98887306,0.98887306,3
-67.029175,-40.450405,0.9902998,0.9902998,3
-67.38087,-39.365364,0.9912209,0.9912209,3
-67.72507,-38.246735,0.9907224,0.9907224,3
-68.06076,-37.09118,0.9904439,0.9904439,3
-68.38815,-35.900627,0.98568255,0.98568255,3
-68.70616,-34.67189,0.9648877,0.9648877,3
-69.014885,-33.406693,0.96866816,0.96866816,3
-69.31334,-32.102646,0.9893519,0.9893519,3
-69.60146,-30.760986,0.99122757,0.99122757,3
-69.878395,-29.380363,0.9882541,0.9882541,3
-70.143875,-27.961555,0.9893406,0.9893406,3
-70.39725,-26.504347,0.9901372,0.9901372,3
-70.63799,-25.009136,0.9892588,0.9892588,3
-70.86574,-23.476915,0.9836674,0.9836674,3
-71.079666,-21.90779,0.9847974,0.9847974,3
-71.279724,-20.303982,0.9830925,0.9830925,3
-71.46482,-18.665466,0.9609082,0.9609082,3
-71.63523,-16.995602,0.9564992,0.9564992,3
-71.78956,-15.294434,0.91807395,0.91807395,3
-71.92847,-13.566214,0.7427613,0.7427613,3
-72.05036,-11.811481,0.006562461,0.006562461,0
-72.15607,-10.034769,0.0014138919,0.0014138919,0
-72.244225,-8.237796,0.00084830343,0.00084830343,0
-72.315445,-6.4247494,0.000673896,0.000673896,0
-72.36879,-4.598467,0.00064058247,0.00064058247,0
-72.404625,-2.7628975,0.00063222094,0.00063222094,0
-72.422485,-0.92160094,0.0006436832,0.0006436832,0
-72.422485,0.92160094,0.0006809517,0.0006809517,0
-72.404625,2.7628975,0.00075200613,0.00075200613,0
-72.36879,4.598467,0.0007688086,0.0007688086,0
-72.315445,6.4247494,0.0007436082,0.0007436082,0
-72.244225,8.237796,0.0007277317,0.0007277317,0
-72.15607,10.034769,0.0007318897,0.0007318897,0
-72.05036,11.811481,0.00071803556,0.00071803556,0
-71.92847,13.566214,0.00073762954,0.00073762954,0
-71.78956,15.294434,0.00068776985,0.00068776985,0
-71.63523,16.995602,0.00080259895,0.00080259895,0
-71.46482,18.665466,0.0006875307,0.0006875307,0
-71.279724,20.303982,0.0007439201,0.0007439201,0
-71.079666,21.90779,0.0011333941,0.0011333941,0
-70.86574,23.476915,0.0035589137,0.0035589137,0
-70.63799,25.009136,0.018587915,0.018587915,0
-70.39725,26.504347,0.010185486,0.010185486,0
-70.143875,27.961555,0.00872936,0.00872936,0
-69.878395,29.380363,0.009471951,0.009471951,0
-69.60146,30.760986,0.008838252,0.008838252,0
-69.31334,32.102646,0.1196939,0.1196939,0
-69.014885,33.406693,0.008244617,0.008244617,0
-68.70616,34.67189,0.45318127,0.45318127,2
-68.38815,35.900627,0.9205471,0.9205471,3
-68.06076,37.09118,0.9719814,0.9719814,3
-67.72507,38.246735,0.96994174,0.96994174,3
-67.38087,39.365364,0.9449343,0.9449343,3
-67.029175,40.450405,0.9172176,0.9172176,3
-66.669945,41.500587,0.928057,0.928057,3
-66.30394,42.51852,0.9490451,0.9490451,3
-65.93126,43.50379,0.9502746,0.9502746,3
-65.55245,44.45831,0.962373,0.962373,3
-65.167755,45.382393,0.97476906,0.97476906,3
-64.777565,46.2773,0.9767328,0.9767328,3
-64.38219,47.143982,0.95858663,0.95858663,3
-63.98189,47.983093,0.8829664,0.8829664,3
-63.577045,48.79612,0.7899317,0.7899317,3
-63.16781,49.583187,0.7426679,0.7426679,3
-62.754604,50.346207,0.527468,0.527468,2
-62.337486,51.084824,0.49497724,0.49497724,2
-61.916916,51.801334,0.3487367,0.3487367,1
-61.492886,52.49495,0.12553279,0.12553279,0
-61.06585,53.1681,0.009918539,0.009918539,0
-60.635796,53.82011,0.004644215,0.004644215,0
-60.203106,54.452988,0.0031104484,0.0031104484,0
-59.76783,55.066467,0.0023595665,0.0023595665,0
-59.330246,55.662018,0.0014702849,0.0014702849,0
-58.890457,56.23976,0.0009813298,0.0009813298,0
-58.448666,56.80072,0.00074760214,0.00074760214,0
-58.005013,57.345337,0.00066123344,0.00066123344,0
-57.55964,57.874237,0.0006352993,0.0006352993,0
-57.112705,58.388138,0.00063261966,0.00063261966,0
-56.664314,58.887306,0.00063538196,0.00063538196,0
-56.214645,59.37272,0.0006374102,0.0006374102,0
-55.763752,59.844322,0.00063819165,0.00063819165,0
-55.31182,60.30329,0.000638368,0.000638368,0
-54.858902,60.749313,0.0006383744,0.0006383744,0
-54.40516,61.183697,0.00063837075,0.00063837075,0
-53.95064,61.605995,0.0006384559,0.0006384559,0
-53.49549,62.017452,0.0006364523,0.0006364523,0
-53.03977,62.417778,0.00063851406,0.00063851406,0
-52.583595,62.807915,0.00061591144,0.00061591144,0
-52.12702,63.187805,0.00058596703,0.00058596703,0
-51.67015,63.5581,0.0006016315,0.0006016315,0
-51.213062,63.918945,0.00078726263,0.00078726263,0
-51.445084,-64.68872,0.0012575969,0.0012575969,0
-51.90581,-64.33547,0.0009086667,0.0009086667,0
-52.366398,-63.972847,0.00062122586,0.00062122586,0
-52.826763,-63.600708,0.00063243276,0.00063243276,0
-53.286827,-63.218384,0.0006374557,0.0006374557,0
-53.74651,-62.825924,0.0006379955,0.0006379955,0
-54.20571,-62.42239,0.0006383699,0.0006383699,0
-54.664375,-62.00806,0.00063837104,0.00063837104,0
-55.122353,-61.58168,0.00063837104,0.00063837104,0
-55.579597,-61.143696,0.00063837104,0.00063837104,0
-56.035957,-60.69278,0.00063837104,0.00063837104,0
-56.49137,-60.22924,0.00063837104,0.00063837104,0
-56.945675,-59.751884,0.00063837104,0.00063837104,0
-57.398796,-59.26075,0.00063837104,0.00063837104,0
-57.85057,-58.754845,0.0006383963,0.0006383963,0
-58.300888,-58.233894,0.0006376535,0.0006376535,0
-58.749603,-57.69714,0.000636837,0.000636837,0
-59.196564,-57.143967,0.00063244393,0.00063244393,0
-59.641647,-56.573868,0.00062561285,0.00062561285,0
-60.08464,-55.985832,0.0006255476,0.0006255476,0
-60.525444,-55.379684,0.00067350146,0.00067350146,0
-60.963783,-54.75392,0.0013474117,0.0013474117,0
-61.399605,-54.10878,0.012730173,0.012730173,0
-61.832554,-53.442215,0.35266432,0.35266432,1
-62.262608,-52.75486,0.90114325,0.90114325,3
-62.68934,-52.044212,0.9915452,0.9915452,3
-63.112732,-51.311035,0.9823632,0.9823632,3
-63.53235,-50.552956,0.96456736,0.96456736,3
-63.948128,-49.77029,0.97287345,0.97287345,3
-64.359634,-48.96102,0.98155874,0.98155874,3
-64.76672,-48.124977,0.981547,0.981547,3
-65.16902,-47.260582,0.97433454,0.97433454,3
-65.56624,-46.367104,0.9842743,0.9842743,3
-65.95808,-45.44348,0.98740256,0.98740256,3
-66.34414,-44.488365,0.9886878,0.9886878,3
-66.72419,-43.501335,0.98801905,0.98801905,3
-67.09765,-42.48034,0.9907355,0.9907355,3
-67.46442,-41.425724,0.9905909,0.9905909,3
-67.82372,-40.334682,0.9887495,0.9887495,3
-68.17559,-39.208435,0.9883074,0.9883074,3
-68.51903,-38.043404,0.99081916,0.99081916,3
-68.854164,-36.841503,0.99027306,0.99027306,3
-69.17995,-35.599266,0.9895236,0.9895236,3
-69.49643,-34.318405,0.9894299,0.9894299,3
-69.80262,-32.99627,0.9904599,0.9904599,3
-70.0984,-31.63407,0.9909973,0.9909973,3
-70.38292,-30.230228,0.9891684,0.9891684,3
-70.65587,-28.785465,0.98941994,0.98941994,3
-70.91656,-27.299438,0.99006534,0.99006534,3
-71.16444,-25.772438,0.98828983,0.98828983,3
-71.39909,-24.205433,0.9816569,0.9816569,3
-71.619675,-22.598429,0.9814724,0.9814724,3
-71.82609,-20.95372,0.97299564,0.97299564,3
-72.01718,-19.27118,0.97022635,0.97022635,3
-72.19324,-17.55439,0.91185635,0.91185635,3
-72.35276,-15.80331,0.24094594,0.24094594,1
-72.49643,-14.022533,0.01150438,0.01150438,0
-72.62257,-12.212595,0.003140457,0.003140457,0
-72.73199,-10.37843,0.0010995179,0.0010995179,0
-72.82327,-8.5219,0.0006959636,0.0006959636,0
-72.897064,-6.6476026,0.0005891866,0.0005891866,0
-72.95233,-4.7586575,0.000605511,0.000605511,0
-72.98947,-2.8594253,0.00063240866,0.00063240866,0
-73.007996,-0.95384586,0.00063927006,0.00063927006,0
-73.007996,0.95384586,0.0006412413,0.0006412413,0
-72.98947,2.8594253,0.0006444268,0.0006444268,0
-72.95233,4.7586575,0.00064408605,0.00064408605,0
-72.897064,6.6476026,0.0006404433,0.0006404433,0
-72.82327,8.5219,0.00063728326,0.00063728326,0
-72.73199,10.37843,0.0006371466,0.0006371466,0
-72.62257,12.212595,0.0006384213,0.0006384213,0
-72.49643,14.022533,0.0006456065,0.0006456065,0
-72.35276,15.80331,0.00067057443,0.00067057443,0
-72.19324,17.55439,0.00070943235,0.00070943235,0
-72.01718,19.27118,0.00076288107,0.00076288107,0
-71.82609,20.95372,0.0010136237,0.0010136237,0
-71.619675,22.598429,0.0006625468,0.0006625468,0
-71.39909,24.205433,0.0008521613,0.0008521613,0
-71.16444,25.772438,0.001143717,0.001143717,0
-70.91656,27.299438,0.0011562654,0.0011562654,0
-70.65587,28.785465,0.0014465041,0.0014465041,0
-70.38292,30.230228,0.0014186552,0.0014186552,0
-70.0984,31.63407,0.001605158,0.001605158,0
-69.80262,32.99627,0.0058446666,0.0058446666,0
-69.49643,34.318405,0.0065389983,0.0065389983,0
-69.17995,35.599266,0.22712226,0.22712226,1
-68.854164,36.841503,0.96042365,0.96042365,3
-68.51903,38.043404,0.9777248,0.9777248,3
-68.17559,39.208435,0.9632458,0.9632458,3
-67.82372,40.334682,0.9663853,0.9663853,3
-67.46442,41.425724,0.9718955,0.9718955,3
-67.09765,42.48034,0.97900885,0.97900885,3
-66.72419,43.501335,0.9780884,0.9780884,3
-66.34414,44.488365,0.9797849,0.9797849,3
-65.95808,45.44348,0.97851413,0.97851413,3
-65.56624,46.367104,0.98026216,0.98026216,3
-65.16902,47.260582,0.9840487,0.9840487,3
-64.76672,48.124977,0.9797238,0.9797238,3
-64.359634,48.96102,0.95679563,0.95679563,3
-63.948128,49.77029,0.86087745,0.86087745,3
-63.53235,50.552956,0.82130355,0.82130355,3
-63.112732,51.311035,0.7416903,0.7416903,3
-62.68934,52.044212,0.6356198,0.6356198,2
-62.262608,52.75486,0.6237503,0.6237503,2
-61.832554,53.442215,0.52683914,0.52683914,2
-61.399605,54.10878,0.063693576,0.063693576,0
-60.963783,54.75392,0.0053906185,0.0053906185,0
-60.525444,55.379684,0.0034960369,0.0034960369,0
-60.08464,55.985832,0.002452349,0.002452349,0
-59.641647,56.573868,0.001904701,0.001904701,0
-59.196564,57.143967,0.0013459219,0.0013459219,0
-58.749603,57.69714,0.00094185787,0.00094185787,0
-58.300888,58.233894,0.0007428748,0.0007428748,0
-57.85057,58.754845,0.0006643232,0.0006643232,0
-57.398796,59.26075,0.00063696963,0.00063696963,0
-56.945675,59.751884,0.0006357463,0.0006357463,0
-56.49137,60.22924,0.00063672016,0.00063672016,0
-56.035957,60.69278,0.0006379723,0.0006379723,0
-55.579597,61.143696,0.0006383607,0.0006383607,0
-55.122353,61.58168,0.0006383762,0.0006383762,0
-54.664375,62.00806,0.00063837104,0.00063837104,0
-54.20571,62.42239,0.0006384559,0.0006384559,0
-53.74651,62.825924,0.0006364523,0.0006364523,0
-53.286827,63.218384,0.00063851406,0.00063851406,0
-52.826763,63.600708,0.00061591144,0.00061591144,0
-52.366398,63.972847,0.00058596703,0.00058596703,0
-51.90581,64.33547,0.0006016315,0.0006016315,0
-51.445084,64.68872,0.00078726263,0.00078726263,0
-51.670982,-65.46822,0.0012575969,0.0012575969,0
-52.13529,-65.12294,0.0009086667,0.0009086667,0
-52.599533,-64.76836,0.00062122586,0.00062122586,0
-53.063637,-64.40436,0.00063243276,0.00063243276,0
-53.527527,-64.03024,0.0006374557,0.0006374557,0
-53.991116,-63.64607,0.0006379955,0.0006379955,0
-54.454327,-63.250908,0.0006383699,0.0006383699,0
-54.917072,-62.845005,0.00063837104,0.00063837104,0
-55.379234,-62.427116,0.00063837104,0.00063837104,0
-55.840767,-61.997665,0.00063837104,0.00063837104,0
-56.301502,-61.55533,0.00063837104,0.00063837104,0
-56.761395,-61.1004,0.00063837104,0.00063837104,0
-57.220287,-60.63167,0.00063837104,0.00063837104,0
-57.678097,-60.14917,0.00063837104,0.00063837104,0
-58.134674,-59.65189,0.00063840696,0.00063840696,0
-58.58991,-59.13954,0.0006372255,0.0006372255,0
-59.043655,-58.61134,0.0006366652,0.0006366652,0
-59.495758,-58.066647,0.00062812306,0.00062812306,0
-59.946106,-57.50495,0.0006143077,0.0006143077,0
-60.394493,-56.925182,0.00061427546,0.00061427546,0
-60.840805,-56.327164,0.00083158724,0.00083158724,0
-61.284794,-55.70935,0.0031179967,0.0031179967,0
-61.726387,-55.071953,0.049718775,0.049718775,0
-62.165234,-54.412857,0.53206986,0.53206986,2
-62.60133,-53.732693,0.72779053,0.72779053,3
-63.03423,-53.02887,0.94644403,0.94644403,3
-63.463936,-52.302128,0.9765099,0.9765099,3
-63.890003,-51.550003,0.971422,0.971422,3
-64.31237,-50.77278,0.9727783,0.9727783,3
-64.7306,-49.96835,0.97935826,0.97935826,3
-65.14454,-49.13648,0.97880024,0.97880024,3
-65.55382,-48.27549,0.9682389,0.9682389,3
-65.95816,-47.38456,0.98370105,0.98370105,3
-66.357254,-46.462555,0.98976934,0.98976934,3
-66.750694,-45.507973,0.9904011,0.9904011,3
-67.13823,-44.52033,0.9880155,0.9880155,3
-67.5193,-43.497395,0.9892212,0.9892212,3
-67.89377,-42.439457,0.9892743,0.9892743,3
-68.260864,-41.343475,0.9535375,0.9535375,3
-68.62062,-40.21064,0.94256413,0.94256413,3
-68.971985,-39.037075,0.9883536,0.9883536,3
-69.315125,-37.824703,0.9915598,0.9915598,3
-69.64892,-36.56974,0.99143726,0.99143726,3
-69.97343,-35.27386,0.991582,0.991582,3
-70.28762,-33.934143,0.9914342,0.9914342,3
-70.59138,-32.55173,0.9913449,0.9913449,3
-70.88379,-31.124815,0.9886412,0.9886412,3
-71.16452,-29.654026,0.9894376,0.9894376,3
-71.43286,-28.138851,0.9871296,0.9871296,3
-71.688225,-26.579475,0.98270077,0.98270077,3
-71.93013,-24.976805,0.97978663,0.97978663,3
-72.15772,-23.330713,0.976841,0.976841,3
-72.37084,-21.643574,0.96117765,0.96117765,3
-72.568275,-19.915134,0.9243399,0.9243399,3
-72.75029,-18.149187,0.04797039,0.04797039,0
-72.915344,-16.345602,0.004194955,0.004194955,0
-73.06406,-14.509338,0.0038616078,0.0038616078,0
-73.1947,-12.640911,0.00090419425,0.00090419425,0
-73.30809,-10.745711,0.0008130714,0.0008130714,0
-73.40273,-8.825748,0.0006517833,0.0006517833,0
-73.479256,-6.886084,0.00062904204,0.00062904204,0
-73.53658,-4.9301586,0.0006339529,0.0006339529,0
-73.57512,-2.9628,0.0006371663,0.0006371663,0
-73.59432,-0.988383,0.00063802494,0.00063802494,0
-73.59432,0.988383,0.0006383549,0.0006383549,0
-73.57512,2.9628,0.0006386644,0.0006386644,0
-73.53658,4.9301586,0.00063872436,0.00063872436,0
-73.479256,6.886084,0.0006383431,0.0006383431,0
-73.40273,8.825748,0.00063789974,0.00063789974,0
-73.30809,10.745711,0.0006368348,0.0006368348,0
-73.1947,12.640911,0.00063633034,0.00063633034,0
-73.06406,14.509338,0.0006380386,0.0006380386,0
-72.915344,16.345602,0.0006427253,0.0006427253,0
-72.75029,18.149187,0.00065018574,0.00065018574,0
-72.568275,19.915134,0.00070309377,0.00070309377,0
-72.37084,21.643574,0.0007110406,0.0007110406,0
-72.15772,23.330713,0.00083940517,0.00083940517,0
-71.93013,24.976805,0.00074321294,0.00074321294,0
-71.688225,26.579475,0.00085808785,0.00085808785,0
-71.43286,28.138851,0.00072553515,0.00072553515,0
-71.16452,29.654026,0.0006894364,0.0006894364,0
-70.88379,31.124815,0.00063384813,0.00063384813,0
-70.59138,32.55173,0.00068683777,0.00068683777,0
-70.28762,33.934143,0.001884415,0.001884415,0
-69.97343,35.27386,0.004485571,0.004485571,0
-69.64892,36.56974,0.37612167,0.37612167,1
-69.315125,37.824703,0.83187217,0.83187217,3
-68.971985,39.037075,0.94349796,0.94349796,3
-68.62062,40.21064,0.96510994,0.96510994,3
-68.260864,41.343475,0.9348031,0.9348031,3
-67.89377,42.439457,0.9498285,0.9498285,3
-67.5193,43.497395,0.9793433,0.9793433,3
-67.13823,44.52033,0.9826109,0.9826109,3
-66.750694,45.507973,0.9832993,0.9832993,3
-66.357254,46.462555,0.9832728,0.9832728,3
-65.95816,47.38456,0.9805125,0.9805125,3
-65.55382,48.27549,0.98383397,0.98383397,3
-65.14454,49.13648,0.98649895,0.98649895,3
-64.7306,49.96835,0.9822068,0.9822068,3
-64.31237,50.77278,0.92294514,0.92294514,3
-63.890003,51.550003,0.8770119,0.8770119,3
-63.463936,52.302128,0.81158197,0.81158197,3
-63.03423,53.02887,0.7096903,0.7096903,3
-62.60133,53.732693,0.7377911,0.7377911,3
-62.165234,54.412857,0.7053847,0.7053847,3
-61.726387,55.071953,0.35896975,0.35896975,1
-61.284794,55.70935,0.044535223,0.044535223,0
-60.840805,56.327164,0.006198328,0.006198328,0
-60.394493,56.925182,0.0027863586,0.0027863586,0
-59.946106,57.50495,0.0024702344,0.0024702344,0
-59.495758,58.066647,0.0018200392,0.0018200392,0
-59.043655,58.61134,0.0013124612,0.0013124612,0
-58.58991,59.13954,0.0008932711,0.0008932711,0
-58.134674,59.65189,0.00072705053,0.00072705053,0
-57.678097,60.14917,0.0006502663,0.0006502663,0
-57.220287,60.63167,0.00063841394,0.00063841394,0
-56.761395,61.1004,0.0006368837,0.0006368837,0
-56.301502,61.55533,0.0006377456,0.0006377456,0
-55.840767,61.997665,0.0006383069,0.0006383069,0
-55.379234,62.427116,0.0006383781,0.0006383781,0
-54.917072,62.845005,0.00063837133,0.00063837133,0
-54.454327,63.250908,0.0006384559,0.0006384559,0
-53.991116,63.64607,0.0006364523,0.0006364523,0
-53.527527,64.03024,0.00063851406,0.00063851406,0
-53.063637,64.40436,0.00061591144,0.00061591144,0
-52.599533,64.76836,0.00058596703,0.00058596703,0
-52.13529,65.12294,0.0006016315,0.0006016315,0
-51.670982,65.46822,0.00078726263,0.00078726263,0
-51.89031,-66.25782,0.0012575969,0.0012575969,0
-52.358128,-65.92087,0.0009086667,0.0009086667,0
-52.825966,-65.57473,0.00062122586,0.00062122586,0
-53.293747,-65.21926,0.00063243276,0.00063243276,0
-53.7614,-64.8538,0.0006374557,0.0006374557,0
-54.228836,-64.47837,0.0006379955,0.0006379955,0
-54.69598,-64.09204,0.0006383699,0.0006383699,0
-55.162758,-63.695053,0.00063837104,0.00063837104,0
-55.629044,-63.286167,0.00063837104,0.00063837104,0
-56.094795,-62.86579,0.00063837104,0.00063837104,0
-56.559856,-62.432602,0.00063837104,0.00063837104,0
-57.024178,-61.986862,0.00063837104,0.00063837104,0
-57.487595,-61.527386,0.00063837104,0.00063837104,0
-57.95005,-61.05416,0.00063837104,0.00063837104,0
-58.411377,-60.56618,0.00063841423,0.00063841423,0
-58.87148,-60.063133,0.00063688826,0.00063688826,0
-59.330208,-59.54422,0.0006369635,0.0006369635,0
-59.787422,-59.00878,0.00062401727,0.00062401727,0
-60.243004,-58.456284,0.0006016837,0.0006016837,0
-60.696747,-57.88563,0.0006061895,0.0006061895,0
-61.148552,-57.296623,0.0010760531,0.0010760531,0
-61.598167,-56.687668,0.009868583,0.009868583,0
-62.045517,-56.058968,0.34437254,0.34437254,1
-62.490273,-55.408337,0.634922,0.634922,2
-62.9324,-54.736378,0.6189068,0.6189068,2
-63.371483,-54.04045,0.79333323,0.79333323,3
-63.807518,-53.32125,0.97876406,0.97876406,3
-64.24007,-52.57623,0.98671,0.98671,3
-64.66904,-51.805634,0.98213196,0.98213196,3
-65.09404,-51.007256,0.9599044,0.9599044,3
-65.5149,-50.180798,0.96864754,0.96864754,3
-65.931244,-49.324493,0.9759939,0.9759939,3
-66.342804,-48.43742,0.98681474,0.98681474,3
-66.749245,-47.518333,0.9903604,0.9903604,3
-67.15017,-46.565628,0.9911657,0.9911657,3
-67.545334,-45.57871,0.9909781,0.9909781,3
-67.93415,-44.555176,0.99100554,0.99100554,3
-68.3165,-43.495224,0.9902976,0.9902976,3
-68.691574,-42.39559,0.98480886,0.98480886,3
-69.059395,-41.25741,0.9829107,0.9829107,3
-69.41894,-40.076504,0.98996836,0.98996836,3
-69.7703,-38.854755,0.9909272,0.9909272,3
-70.11238,-37.58805,0.9912855,0.9912855,3
-70.445206,-36.27803,0.99075073,0.99075073,3
-70.76771,-34.921444,0.99063534,0.99063534,3
-71.07976,-33.519352,0.98871416,0.98871416,3
-71.3804,-32.06968,0.98230505,0.98230505,3
-71.66928,-30.57293,0.98756844,0.98756844,3
-71.94565,-29.028408,0.98135525,0.98135525,3
-72.20886,-27.436142,0.98221374,0.98221374,3
-72.45842,-25.796955,0.98452365,0.98452365,3
-72.693405,-24.110554,0.9827261,0.9827261,3
-72.913605,-22.379375,0.97505015,0.97505015,3
-73.1178,-20.602997,0.7703786,0.7703786,3
-73.30615,-18.78545,0.007674607,0.007674607,0
-73.47708,-16.926474,0.0016998856,0.0016998856,0
-73.631195,-15.03142,0.0013096955,0.0013096955,0
-73.76665,-13.100773,0.00060343527,0.00060343527,0
-73.88429,-11.140432,0.00061488705,0.00061488705,0
-73.98253,-9.152571,0.0006137362,0.0006137362,0
-74.06197,-7.142774,0.00063539075,0.00063539075,0
-74.12153,-5.1148486,0.000638875,0.000638875,0
-74.16156,-3.074164,0.0006387271,0.0006387271,0
-74.18152,-1.0255963,0.0006384161,0.0006384161,0
-74.18152,1.0255963,0.00063867046,0.00063867046,0
-74.16156,3.074164,0.0006387475,0.0006387475,0
-74.12153,5.1148486,0.00063895236,0.00063895236,0
-74.06197,7.142774,0.00063914026,0.00063914026,0
-73.98253,9.152571,0.00063924317,0.00063924317,0
-73.88429,11.140432,0.0006393172,0.0006393172,0
-73.76665,13.100773,0.0006393952,0.0006393952,0
-73.631195,15.03142,0.000639476,0.000639476,0
-73.47708,16.926474,0.0006406252,0.0006406252,0
-73.30615,18.78545,0.0006440378,0.0006440378,0
-73.1178,20.602997,0.00065339694,0.00065339694,0
-72.913605,22.379375,0.00067651016,0.00067651016,0
-72.693405,24.110554,0.00070475147,0.00070475147,0
-72.45842,25.796955,0.00075728394,0.00075728394,0
-72.20886,27.436142,0.0008038366,0.0008038366,0
-71.94565,29.028408,0.0007892175,0.0007892175,0
-71.66928,30.57293,0.0007125485,0.0007125485,0
-71.3804,32.06968,0.0006746841,0.0006746841,0
-71.07976,33.519352,0.00067739206,0.00067739206,0
-70.76771,34.921444,0.0010329452,0.0010329452,0
-70.445206,36.27803,0.0023583365,0.0023583365,0
-70.11238,37.58805,0.012159186,0.012159186,0
-69.7703,38.854755,0.9453943,0.9453943,3
-69.41894,40.076504,0.22138816,0.22138816,1
-69.059395,41.25741,0.004352316,0.004352316,0
-68.691574,42.39559,0.0044742767,0.0044742767,0
-68.3165,43.495224,0.0067077507,0.0067077507,0
-67.93415,44.555176,0.40564343,0.40564343,2
-67.545334,45.57871,0.8915136,0.8915136,3
-67.15017,46.565628,0.9225035,0.9225035,3
-66.749245,47.518333,0.9733613,0.9733613,3
-66.342804,48.43742,0.98716146,0.98716146,3
-65.931244,49.324493,0.9821999,0.9821999,3
-65.5149,50.180798,0.9898808,0.9898808,3
-65.09404,51.007256,0.98031807,0.98031807,3
-64.66904,51.805634,0.94796747,0.94796747,3
-64.24007,52.57623,0.8881147,0.8881147,3
-63.807518,53.32125,0.7319396,0.7319396,3
-63.371483,54.04045,0.668825,0.668825,2
-62.9324,54.736378,0.72535306,0.72535306,3
-62.490273,55.408337,0.76278615,0.76278615,3
-62.045517,56.058968,0.65949225,0.65949225,2
-61.598167,56.687668,0.42628115,0.42628115,2
-61.148552,57.296623,0.050084148,0.050084148,0
-60.696747,57.88563,0.0042861053,0.0042861053,0
-60.243004,58.456284,0.004114315,0.004114315,0
-59.787422,59.00878,0.0029030668,0.0029030668,0
-59.330208,59.54422,0.0019182768,0.0019182768,0
-58.87148,60.063133,0.001119415,0.001119415,0
-58.411377,60.56618,0.00079238246,0.00079238246,0
-57.95005,61.05416,0.00066743785,0.00066743785,0
-57.487595,61.527386,0.00064022635,0.00064022635,0
-57.024178,61.986862,0.0006371551,0.0006371551,0
-56.559856,62.432602,0.0006376472,0.0006376472,0
-56.094795,62.86579,0.00063825486,0.00063825486,0
-55.629044,63.286167,0.0006383762,0.0006383762,0
-55.162758,63.695053,0.0006383729,0.0006383729,0
-54.69598,64.09204,0.0006384559,0.0006384559,0
-54.228836,64.47837,0.0006364523,0.0006364523,0
-53.7614,64.8538,0.00063851406,0.00063851406,0
-53.293747,65.21926,0.00061591144,0.00061591144,0
-52.825966,65.57473,0.00058596703,0.00058596703,0
-52.358128,65.92087,0.0006016315,0.0006016315,0
-51.89031,66.25782,0.00078726263,0.00078726263,0
-52.10325,-67.056854,0.0012575969,0.0012575969,0
-52.57452,-66.72859,0.0009086667,0.0009086667,0
-53.045887,-66.39127,0.00062122586,0.00062122586,0
-53.517273,-66.04474,0.00063243276,0.00063243276,0
-53.988617,-65.68833,0.0006374557,0.0006374557,0
-54.459843,-65.32207,0.0006379955,0.0006379955,0
-54.93086,-64.94502,0.0006383699,0.0006383699,0
-55.401596,-64.557434,0.00063837104,0.00063837104,0
-55.87195,-64.15805,0.00063837104,0.00063837104,0
-56.34185,-63.74727,0.00063837104,0.00063837104,0
-56.81118,-63.32376,0.00063837104,0.00063837104,0
-57.27986,-62.887802,0.00063837104,0.00063837104,0
-57.74776,-62.43816,0.00063837104,0.00063837104,0
-58.214794,-61.974842,0.00063837104,0.00063837104,0
-58.680824,-61.496815,0.0006384167,0.0006384167,0
-59.145744,-61.003754,0.0006367778,0.0006367778,0
-59.609413,-60.494858,0.0006375703,0.0006375703,0
-60.071693,-59.96943,0.00062228483,0.00062228483,0
-60.532463,-59.426914,0.0005957539,0.0005957539,0
-60.99153,-58.86621,0.00063520425,0.00063520425,0
-61.44879,-58.287075,0.0013450524,0.0013450524,0
-61.904007,-57.687885,0.020468544,0.020468544,0
-62.35709,-57.06881,0.42611572,0.42611572,2
-62.807724,-56.42764,0.55464965,0.55464965,2
-63.25588,-55.764915,0.015430245,0.015430245,0
-63.70115,-55.077953,0.8549419,0.8549419,3
-64.14352,-54.3674,0.9788094,0.9788094,3
-64.58254,-53.630642,0.9901044,0.9901044,3
-65.018166,-52.86787,0.9849769,0.9849769,3
-65.44997,-52.076782,0.96641046,0.96641046,3
-65.8778,-51.257023,0.96851873,0.96851873,3
-66.30126,-50.406708,0.97275597,0.97275597,3
-66.72011,-49.524837,0.97925526,0.97925526,3
-67.13398,-48.61005,0.9899058,0.9899058,3
-67.542496,-47.66062,0.9917796,0.9917796,3
-67.945404,-46.675835,0.9914316,0.9914316,3
-68.34211,-45.65312,0.99105835,0.99105835,3
-68.73247,-44.592564,0.99103385,0.99103385,3
-69.1157,-43.490677,0.9907885,0.9907885,3
-69.4918,-42.34851,0.9909113,0.9909113,3
-69.85971,-41.161568,0.9909774,0.9909774,3
-70.21954,-39.931694,0.9895175,0.9895175,3
-70.57016,-38.654396,0.9885229,0.9885229,3
-70.91156,-37.331264,0.98206776,0.98206776,3
-71.24269,-35.958687,0.9774336,0.9774336,3
-71.56333,-34.537624,0.97628444,0.97628444,3
-71.87256,-33.065685,0.9764032,0.9764032,3
-72.16994,-31.543234,0.9857874,0.9857874,3
-72.45468,-29.969326,0.97707933,0.97707933,3
-72.72614,-28.343811,0.97829217,0.97829217,3
-72.98375,-26.667406,0.9863685,0.9863685,3
-73.22652,-24.939592,0.9878471,0.9878471,3
-73.45422,-23.162859,0.9789428,0.9789428,3
-73.665535,-21.336575,0.7815155,0.7815155,3
-73.860634,-19.465012,0.008266592,0.008266592,0
-74.03781,-17.54773,0.0010480164,0.0010480164,0
-74.19768,-15.590524,0.0008095542,0.0008095542,0
-74.33829,-13.593818,0.0005700081,0.0005700081,0
-74.460464,-11.564077,0.0005872905,0.0005872905,0
-74.56255,-9.503648,0.00062466675,0.00062466675,0
-74.64514,-7.4187164,0.00063822384,0.00063822384,0
-74.707085,-5.3135,0.0006383781,0.0006383781,0
-74.748726,-3.1939914,0.00063832273,0.00063832273,0
-74.76949,-1.0656451,0.00063822296,0.00063822296,0
-74.76949,1.0656451,0.00063824083,0.00063824083,0
-74.748726,3.1939914,0.0006382874,0.0006382874,0
-74.707085,5.3135,0.0006382828,0.0006382828,0
-74.64514,7.4187164,0.00063826365,0.00063826365,0
-74.56255,9.503648,0.00063824083,0.00063824083,0
-74.460464,11.564077,0.0006382132,0.0006382132,0
-74.33829,13.593818,0.0006381661,0.0006381661,0
-74.19768,15.590524,0.00063809427,0.00063809427,0
-74.03781,17.54773,0.0006381414,0.0006381414,0
-73.860634,19.465012,0.0006384724,0.0006384724,0
-73.665535,21.336575,0.0006405144,0.0006405144,0
-73.45422,23.162859,0.0006432082,0.0006432082,0
-73.22652,24.939592,0.00064314844,0.00064314844,0
-72.98375,26.667406,0.000644141,0.000644141,0
-72.72614,28.343811,0.000642948,0.000642948,0
-72.45468,29.969326,0.0006442809,0.0006442809,0
-72.16994,31.543234,0.00063907355,0.00063907355,0
-71.87256,33.065685,0.00065686094,0.00065686094,0
-71.56333,34.537624,0.00069365534,0.00069365534,0
-71.24269,35.958687,0.0007984978,0.0007984978,0
-70.91156,37.331264,0.0011490379,0.0011490379,0
-70.57016,38.654396,0.0041820533,0.0041820533,0
-70.21954,39.931694,0.020761078,0.020761078,0
-69.85971,41.161568,0.0042386036,0.0042386036,0
-69.4918,42.34851,0.0023015814,0.0023015814,0
-69.1157,43.490677,0.0017522991,0.0017522991,0
-68.73247,44.592564,0.0027458824,0.0027458824,0
-68.34211,45.65312,0.013344934,0.013344934,0
-67.945404,46.675835,0.010370079,0.010370079,0
-67.542496,47.66062,0.26526245,0.26526245,1
-67.13398,48.61005,0.18062255,0.18062255,1
-66.72011,49.524837,0.93524927,0.93524927,3
-66.30126,50.406708,0.7241048,0.7241048,3
-65.8778,51.257023,0.9740666,0.9740666,3
-65.44997,52.076782,0.9823944,0.9823944,3
-65.018166,52.86787,0.95354086,0.95354086,3
-64.58254,53.630642,0.94156176,0.94156176,3
-64.14352,54.3674,0.86623806,0.86623806,3
-63.70115,55.077953,0.74115723,0.74115723,3
-63.25588,55.764915,0.7737554,0.7737554,3
-62.807724,56.42764,0.81722826,0.81722826,3
-62.35709,57.06881,0.8100403,0.8100403,3
-61.904007,57.687885,0.72229135,0.72229135,3
-61.44879,58.287075,0.34884632,0.34884632,1
-60.99153,58.86621,0.019295463,0.019295463,0
-60.532463,59.426914,0.00502415,0.00502415,0
-60.071693,59.96943,0.0035798775,0.0035798775,0
-59.609413,60.494858,0.0023419387,0.0023419387,0
-59.145744,61.003754,0.0013024415,0.0013024415,0
-58.680824,61.496815,0.0008521865,0.0008521865,0
-58.214794,61.974842,0.00067603774,0.00067603774,0
-57.74776,62.43816,0.0006403426,0.0006403426,0
-57.27986,62.887802,0.00063640164,0.00063640164,0
-56.81118,63.32376,0.0006374275,0.0006374275,0
-56.34185,63.74727,0.0006381879,0.0006381879,0
-55.87195,64.15805,0.00063836615,0.00063836615,0
-55.401596,64.557434,0.0006383738,0.0006383738,0
-54.93086,64.94502,0.00063845684,0.00063845684,0
-54.459843,65.32207,0.0006364526,0.0006364526,0
-53.988617,65.68833,0.00063851406,0.00063851406,0
-53.517273,66.04474,0.00061591144,0.00061591144,0
-53.045887,66.39127,0.00058596703,0.00058596703,0
-52.57452,66.72859,0.0006016315,0.0006016315,0
-52.10325,67.056854,0.00078726263,0.00078726263,0
-52.309402,-67.86559,0.0012575969,0.0012575969,0
-52.78404,-67.54639,0.0009086667,0.0009086667,0
-53.258865,-67.21828,0.00062122586,0.00062122586,0
-53.733788,-66.88109,0.00063243276,0.00063243276,0
-54.20875,-66.534164,0.0006374557,0.0006374557,0
-54.68368,-66.17753,0.0006379955,0.0006379955,0
-55.158497,-65.81024,0.0006383699,0.0006383699,0
-55.633125,-65.43254,0.00063837104,0.00063837104,0
-56.107468,-65.04318,0.00063837104,0.00063837104,0
-56.58146,-64.64253,0.00063837104,0.00063837104,0
-57.05497,-64.229294,0.00063837104,0.00063837104,0
-57.52795,-63.8037,0.00063837104,0.00063837104,0
-58.000256,-63.36454,0.00063837104,0.00063837104,0
-58.47181,-62.911797,0.00063837104,0.00063837104,0
-58.942474,-62.44442,0.00063841423,0.00063841423,0
-59.412148,-61.962082,0.00063695596,0.00063695596,0
-59.8807,-61.46396,0.00063826796,0.00063826796,0
-60.347984,-60.94935,0.0006242659,0.0006242659,0
-60.813892,-60.41768,0.0006054504,0.0006054504,0
-61.278236,-59.867805,0.00066314,0.00066314,0
-61.74091,-59.299473,0.0015884966,0.0015884966,0
-62.20168,-58.711033,0.034507412,0.034507412,0
-62.66047,-58.102615,0.46976897,0.46976897,2
-63.116962,-57.47197,0.47495964,0.47495964,2
-63.57112,-56.819607,0.13695835,0.13695835,0
-64.02256,-56.14278,0.79429406,0.79429406,3
-64.471245,-55.442112,0.9774645,0.9774645,3
-64.91677,-54.714886,0.9876445,0.9876445,3
-65.359055,-53.96126,0.98704535,0.98704535,3
-65.79769,-53.178844,0.98108655,0.98108655,3
-66.23251,-52.367203,0.98746395,0.98746395,3
-66.66314,-51.524357,0.9854114,0.9854114,3
-67.089325,-50.64921,0.97935677,0.97935677,3
-67.51071,-49.7403,0.9862132,0.9862132,3
-67.92692,-48.79573,0.99103665,0.99103665,3
-68.33768,-47.814697,0.99102014,0.99102014,3
-68.7424,-46.79444,0.99121875,0.99121875,3
-69.14094,-45.73494,0.99125165,0.99125165,3
-69.5325,-44.632446,0.9912306,0.9912306,3
-69.917046,-43.487923,0.9910904,0.9910904,3
-70.29355,-42.29653,0.98931736,0.98931736,3
-70.662094,-41.060043,0.9743022,0.9743022,3
-71.0215,-39.77359,0.9702923,0.9702923,3
-71.37179,-38.438667,0.9659619,0.9659619,3
-71.71182,-37.05126,0.9753336,0.9753336,3
-72.04143,-35.612213,0.97988737,0.97988737,3
-72.35957,-34.11875,0.9785527,0.9785527,3
-72.66584,-32.571075,0.98848933,0.98848933,3
-72.95939,-30.967953,0.98051846,0.98051846,3
-73.2395,-29.309002,0.978875,0.978875,3
-73.505585,-27.594772,0.97736585,0.97736585,3
-73.75659,-25.8245,0.92833596,0.92833596,3
-73.99225,-24.000677,0.27530658,0.27530658,1
-74.21114,-22.122416,0.30410725,0.30410725,1
-74.41342,-20.194225,0.017050575,0.017050575,0
-74.597275,-18.21544,0.0011849728,0.0011849728,0
-74.76329,-16.192333,0.0007011099,0.0007011099,0
-74.90944,-14.125233,0.0006093706,0.0006093706,0
-75.03649,-12.021239,0.0006225808,0.0006225808,0
-75.14273,-9.88289,0.0006380049,0.0006380049,0
-75.22871,-7.7170477,0.00063785596,0.00063785596,0
-75.29321,-5.5284066,0.0006383066,0.0006383066,0
-75.3366,-3.3236809,0.0006382241,0.0006382241,0
-75.35824,-1.1089996,0.00063836924,0.00063836924,0
-75.35824,1.1089996,0.0006383592,0.0006383592,0
-75.3366,3.3236809,0.0006383696,0.0006383696,0
-75.29321,5.5284066,0.00063837075,0.00063837075,0
-75.22871,7.7170477,0.00063837104,0.00063837104,0
-75.14273,9.88289,0.000638372,0.000638372,0
-75.03649,12.021239,0.0006383729,0.0006383729,0
-74.90944,14.125233,0.00063837226,0.00063837226,0
-74.76329,16.192333,0.00063835067,0.00063835067,0
-74.597275,18.21544,0.0006383026,0.0006383026,0
-74.41342,20.194225,0.0006383242,0.0006383242,0
-74.21114,22.122416,0.0006386151,0.0006386151,0
-73.99225,24.000677,0.00063925417,0.00063925417,0
-73.75659,25.8245,0.00063984515,0.00063984515,0
-73.505585,27.594772,0.00063936785,0.00063936785,0
-73.2395,29.309002,0.0006391787,0.0006391787,0
-72.95939,30.967953,0.0006384651,0.0006384651,0
-72.66584,32.571075,0.0006393096,0.0006393096,0
-72.35957,34.11875,0.00065458805,0.00065458805,0
-72.04143,35.612213,0.0006966156,0.0006966156,0
-71.71182,37.05126,0.0009137814,0.0009137814,0
-71.37179,38.438667,0.0006243138,0.0006243138,0
-71.0215,39.77359,0.0010605626,0.0010605626,0
-70.662094,41.060043,0.0020619084,0.0020619084,0
-70.29355,42.29653,0.0012820165,0.0012820165,0
-69.917046,43.487923,0.001227131,0.001227131,0
-69.5325,44.632446,0.00081079564,0.00081079564,0
-69.14094,45.73494,0.0007309198,0.0007309198,0
-68.7424,46.79444,0.0010270528,0.0010270528,0
-68.33768,47.814697,0.0016811065,0.0016811065,0
-67.92692,48.79573,0.012012878,0.012012878,0
-67.51071,49.7403,0.015905496,0.015905496,0
-67.089325,50.64921,0.7828641,0.7828641,3
-66.66314,51.524357,0.008161554,0.008161554,0
-66.23251,52.367203,0.007737914,0.007737914,0
-65.79769,53.178844,0.7488626,0.7488626,3
-65.359055,53.96126,0.9408558,0.9408558,3
-64.91677,54.714886,0.96334267,0.96334267,3
-64.471245,55.442112,0.95452714,0.95452714,3
-64.02256,56.14278,0.9352651,0.9352651,3
-63.57112,56.819607,0.9091349,0.9091349,3
-63.116962,57.47197,0.8000788,0.8000788,3
-62.66047,58.102615,0.7820814,0.7820814,3
-62.20168,58.711033,0.78845125,0.78845125,3
-61.74091,59.299473,0.50777715,0.50777715,2
-61.278236,59.867805,0.10428063,0.10428063,0
-60.813892,60.41768,0.007993283,0.007993283,0
-60.347984,60.94935,0.0035187323,0.0035187323,0
-59.8807,61.46396,0.0023338487,0.0023338487,0
-59.412148,61.962082,0.0013910724,0.0013910724,0
-58.942474,62.44442,0.0008968885,0.0008968885,0
-58.47181,62.911797,0.00070233,0.00070233,0
-58.000256,63.36454,0.0006409807,0.0006409807,0
-57.52795,63.8037,0.0006361882,0.0006361882,0
-57.05497,64.229294,0.00063685095,0.00063685095,0
-56.58146,64.64253,0.0006380271,0.0006380271,0
-56.107468,65.04318,0.00063836586,0.00063836586,0
-55.633125,65.43254,0.00063837104,0.00063837104,0
-55.158497,65.81024,0.00063845806,0.00063845806,0
-54.68368,66.17753,0.00063645316,0.00063645316,0
-54.20875,66.534164,0.00063851406,0.00063851406,0
-53.733788,66.88109,0.00061591144,0.00061591144,0
-53.258865,67.21828,0.00058596703,0.00058596703,0
-52.78404,67.54639,0.0006016315,0.0006016315,0
-52.309402,67.86559,0.00078726263,0.00078726263,0
-52.508736,-68.68368,0.0012575969,0.0012575969,0
-52.98667,-68.37391,0.0009086667,0.0009086667,0
-53.464867,-68.05539,0.00062122586,0.00062122586,0
-53.943245,-67.72795,0.00063243276,0.00063243276,0
-54.421753,-67.390945,0.0006374557,0.0006374557,0
-54.900307,-67.044365,0.0006379955,0.0006379955,0
-55.378845,-66.68731,0.0006383699,0.0006383699,0
-55.85728,-66.31999,0.00063837104,0.00063837104,0
-56.335533,-65.94116,0.00063837104,0.00063837104,0
-56.81353,-65.55121,0.00063837104,0.00063837104,0
-57.29116,-65.148796,0.00063837104,0.00063837104,0
-57.76836,-64.734184,0.00063837104,0.00063837104,0
-58.244995,-64.30613,0.00063837104,0.00063837104,0
-58.720993,-63.864616,0.00063837104,0.00063837104,0
-59.19622,-63.408596,0.00063840667,0.00063840667,0
-59.67058,-62.93772,0.0006373145,0.0006373145,0
-60.143944,-62.451157,0.0006387073,0.0006387073,0
-60.616173,-61.948174,0.00062852725,0.00062852725,0
-61.08715,-61.4282,0.0006247846,0.0006247846,0
-61.55671,-60.89006,0.0006926054,0.0006926054,0
-62.024742,-60.333485,0.0015987875,0.0015987875,0
-62.49102,-59.75679,0.020969067,0.020969067,0
-62.95546,-59.160076,0.42271736,0.42271736,2
-63.41777,-58.541054,0.24906562,0.24906562,1
-63.877907,-57.900215,0.67611045,0.67611045,2
-64.33548,-57.234737,0.35672748,0.35672748,1
-64.790474,-56.545208,0.97033983,0.97033983,3
-65.242485,-55.828846,0.99049884,0.99049884,3
-65.69142,-55.085754,0.9908833,0.9908833,3
-66.136894,-54.313457,0.98794764,0.98794764,3
-66.578735,-53.511444,0.9834947,0.9834947,3
-67.01657,-52.677635,0.988176,0.988176,3
-67.45014,-51.81083,0.9777349,0.9777349,3
-67.87911,-50.909447,0.9859616,0.9859616,3
-68.303085,-49.97147,0.9871976,0.9871976,3
-68.72178,-48.995964,0.9910074,0.9910074,3
-69.13464,-47.979965,0.9911724,0.9911724,3
-69.54149,-46.923336,0.99115074,0.99115074,3
-69.94153,-45.822063,0.9909802,0.9909802,3
-70.33472,-44.67701,0.9902389,0.9902389,3
-70.72003,-43.482964,0.9785342,0.9785342,3
-71.097496,-42.24163,0.96472836,0.96472836,3
-71.46597,-40.947697,0.9739483,0.9739483,3
-71.8254,-39.602554,0.96432775,0.96432775,3
-72.17468,-38.20175,0.9639755,0.9639755,3
-72.51356,-36.745964,0.97588784,0.97588784,3
-72.84101,-35.232014,0.9822442,0.9822442,3
-73.156555,-33.659866,0.98266166,0.98266166,3
-73.45932,-32.027946,0.97625536,0.97625536,3
-73.748535,-30.335602,0.9797706,0.9797706,3
-74.023544,-28.583158,0.96140814,0.96140814,3
-74.28325,-26.76953,0.680271,0.680271,2
-74.527336,-24.897196,0.015253484,0.015253484,0
-74.75429,-22.96493,0.014777907,0.014777907,0
-74.96422,-20.977474,0.0024492762,0.0024492762,0
-75.15523,-18.933878,0.0012018054,0.0012018054,0
-75.327835,-16.84092,0.0006751846,0.0006751846,0
-75.47992,-14.6988,0.00064579817,0.00064579817,0
-75.61224,-12.515319,0.00063591055,0.00063591055,0
-75.72293,-10.293216,0.00063845445,0.00063845445,0
-75.812584,-8.040134,0.0006376435,0.0006376435,0
-75.87987,-5.7613115,0.0006382217,0.0006382217,0
-75.92514,-3.4642997,0.0006383315,0.0006383315,0
-75.947716,-1.156019,0.0006383683,0.0006383683,0
-75.947716,1.156019,0.0006383689,0.0006383689,0
-75.92514,3.4642997,0.00063837104,0.00063837104,0
-75.87987,5.7613115,0.00063837104,0.00063837104,0
-75.812584,8.040134,0.00063837104,0.00063837104,0
-75.72293,10.293216,0.00063837104,0.00063837104,0
-75.61224,12.515319,0.00063837104,0.00063837104,0
-75.47992,14.6988,0.00063837226,0.00063837226,0
-75.327835,16.84092,0.00063837133,0.00063837133,0
-75.15523,18.933878,0.00063836225,0.00063836225,0
-74.96422,20.977474,0.0006383333,0.0006383333,0
-74.75429,22.96493,0.00063831295,0.00063831295,0
-74.527336,24.897196,0.0006383373,0.0006383373,0
-74.28325,26.76953,0.00063843344,0.00063843344,0
-74.023544,28.583158,0.0006386522,0.0006386522,0
-73.748535,30.335602,0.00063883513,0.00063883513,0
-73.45932,32.027946,0.0006391954,0.0006391954,0
-73.156555,33.659866,0.0006413559,0.0006413559,0
-72.84101,35.232014,0.00064675283,0.00064675283,0
-72.51356,36.745964,0.00070948544,0.00070948544,0
-72.17468,38.20175,0.0006966753,0.0006966753,0
-71.8254,39.602554,0.0008437917,0.0008437917,0
-71.46597,40.947697,0.0006950976,0.0006950976,0
-71.097496,42.24163,0.0009324108,0.0009324108,0
-70.72003,43.482964,0.0007318614,0.0007318614,0
-70.33472,44.67701,0.0007574936,0.0007574936,0
-69.94153,45.822063,0.0007166837,0.0007166837,0
-69.54149,46.923336,0.0007278426,0.0007278426,0
-69.13464,47.979965,0.00068040064,0.00068040064,0
-68.72178,48.995964,0.0010972432,0.0010972432,0
-68.303085,49.97147,0.0016375342,0.0016375342,0
-67.87911,50.909447,0.0055758017,0.0055758017,0
-67.45014,51.81083,0.018349601,0.018349601,0
-67.01657,52.677635,0.004184294,0.004184294,0
-66.578735,53.511444,0.006390837,0.006390837,0
-66.136894,54.313457,0.022085022,0.022085022,0
-65.69142,55.085754,0.85922503,0.85922503,3
-65.242485,55.828846,0.9629782,0.9629782,3
-64.790474,56.545208,0.9790454,0.9790454,3
-64.33548,57.234737,0.9835609,0.9835609,3
-63.877907,57.900215,0.950657,0.950657,3
-63.41777,58.541054,0.78908885,0.78908885,3
-62.95546,59.160076,0.70251316,0.70251316,3
-62.49102,59.75679,0.6844644,0.6844644,2
-62.024742,60.333485,0.46817657,0.46817657,2
-61.55671,60.89006,0.20043004,0.20043004,1
-61.08715,61.4282,0.058856532,0.058856532,0
-60.616173,61.948174,0.0090494,0.0090494,0
-60.143944,62.451157,0.0034761718,0.0034761718,0
-59.67058,62.93772,0.0017785905,0.0017785905,0
-59.19622,63.408596,0.0009920644,0.0009920644,0
-58.720993,63.864616,0.0007492689,0.0007492689,0
-58.244995,64.30613,0.0006510988,0.0006510988,0
-57.76836,64.734184,0.00063688704,0.00063688704,0
-57.29116,65.148796,0.00063599966,0.00063599966,0
-56.81353,65.55121,0.00063742476,0.00063742476,0
-56.335533,65.94116,0.00063813134,0.00063813134,0
-55.85728,66.31999,0.00063833914,0.00063833914,0
-55.378845,66.68731,0.0006384532,0.0006384532,0
-54.900307,67.044365,0.0006364544,0.0006364544,0
-54.421753,67.390945,0.00063851406,0.00063851406,0
-53.943245,67.72795,0.00061591144,0.00061591144,0
-53.464867,68.05539,0.00058596703,0.00058596703,0
-52.98667,68.37391,0.0006016315,0.0006016315,0
-52.508736,68.68368,0.00078726263,0.00078726263,0
-52.70118,-69.510864,0.0012575969,0.0012575969,0
-53.182323,-69.21089,0.0009086667,0.0009086667,0
-53.663807,-68.90234,0.00062122586,0.00062122586,0
-54.145557,-68.58506,0.00063243276,0.00063243276,0
-54.62752,-68.258385,0.0006374557,0.0006374557,0
-55.10962,-67.92232,0.0006379955,0.0006379955,0
-55.591785,-67.57596,0.0006383699,0.0006383699,0
-56.07395,-67.2195,0.00063837104,0.00063837104,0
-56.55603,-66.85173,0.00063837104,0.00063837104,0
-57.037952,-66.473,0.00063837104,0.00063837104,0
-57.51961,-66.08201,0.00063837104,0.00063837104,0
-58.000942,-65.678955,0.00063837104,0.00063837104,0
-58.481827,-65.26265,0.00063837104,0.00063837104,0
-58.96219,-64.833046,0.00063837104,0.00063837104,0
-59.4419,-64.38908,0.0006383984,0.0006383984,0
-59.920864,-63.930412,0.00063770736,0.00063770736,0
-60.39896,-63.456184,0.00063869817,0.00063869817,0
-60.876053,-62.965664,0.0006332766,0.0006332766,0
-61.35204,-62.458252,0.00064237684,0.00064237684,0
-61.826744,-61.93277,0.0007101575,0.0007101575,0
-62.30007,-61.38891,0.0011885348,0.0011885348,0
-62.771786,-60.824986,0.01493846,0.01493846,0
-63.24183,-60.241055,0.28055498,0.28055498,1
-63.7099,-59.634792,0.47418067,0.47418067,2
-64.175964,-59.00666,0.018715566,0.018715566,0
-64.63964,-58.35379,0.8957297,0.8957297,3
-65.1009,-57.67672,0.9785302,0.9785302,3
-65.55937,-56.97261,0.98823804,0.98823804,3
-66.014946,-56.24151,0.99119395,0.99119395,3
-66.467255,-55.480846,0.98837376,0.98837376,3
-66.91612,-54.690052,0.96084696,0.96084696,3
-67.361176,-53.86694,0.9666776,0.9666776,3
-67.80217,-53.010212,0.9839347,0.9839347,3
-68.23877,-52.11816,0.98828274,0.98828274,3
-68.67056,-51.188625,0.97731405,0.97731405,3
-69.09728,-50.220554,0.99052435,0.99052435,3
-69.51838,-49.210777,0.99114215,0.99114215,3
-69.93365,-48.159035,0.9901596,0.9901596,3
-70.34233,-47.06102,0.9856872,0.9856872,3
-70.74434,-45.91748,0.98577183,0.98577183,3
-71.13863,-44.72283,0.97938514,0.97938514,3
-71.525246,-43.478657,0.9678799,0.9678799,3
-71.90304,-42.1792,0.97258186,0.97258186,3
-72.27191,-40.825706,0.9728971,0.9728971,3
-72.63074,-39.413246,0.9799871,0.9799871,3
-72.97924,-37.94228,0.9806104,0.9806104,3
-73.31637,-36.40918,0.9860174,0.9860174,3
-73.64158,-34.81362,0.9754396,0.9754396,3
-73.953995,-33.153633,0.966018,0.966018,3
-74.252754,-31.428205,0.9613364,0.9613364,3
-74.53718,-29.637402,0.95276034,0.95276034,3
-74.80609,-27.779726,0.7964704,0.7964704,3
-75.0591,-25.857594,0.5899429,0.5899429,2
-75.29464,-23.86936,0.012562582,0.012562582,0
-75.51274,-21.819986,0.0013696287,0.0013696287,0
-75.71139,-19.708149,0.0007823157,0.0007823157,0
-75.89108,-17.54117,0.00062032125,0.00062032125,0
-76.049545,-15.319059,0.0006523376,0.0006523376,0
-76.18754,-13.050405,0.00063949305,0.00063949305,0
-76.30306,-10.738153,0.00063814747,0.00063814747,0
-76.39668,-8.390839,0.000638257,0.000638257,0
-76.46698,-6.014324,0.0006382944,0.0006382944,0
-76.5143,-3.6171415,0.00063836586,0.00063836586,0
-76.5379,-1.2071394,0.00063837256,0.00063837256,0
-76.5379,1.2071394,0.00063837046,0.00063837046,0
-76.5143,3.6171415,0.00063837104,0.00063837104,0
-76.46698,6.014324,0.00063837104,0.00063837104,0
-76.39668,8.390839,0.00063837104,0.00063837104,0
-76.30306,10.738153,0.00063837104,0.00063837104,0
-76.18754,13.050405,0.00063837104,0.00063837104,0
-76.049545,15.319059,0.00063837104,0.00063837104,0
-75.89108,17.54117,0.0006383716,0.0006383716,0
-75.71139,19.708149,0.0006383729,0.0006383729,0
-75.51274,21.819986,0.00063837535,0.00063837535,0
-75.29464,23.86936,0.0006383762,0.0006383762,0
-75.0591,25.857594,0.00063837535,0.00063837535,0
-74.80609,27.779726,0.0006383634,0.0006383634,0
-74.53718,29.637402,0.0006383437,0.0006383437,0
-74.252754,31.428205,0.0006382871,0.0006382871,0
-73.953995,33.153633,0.0006380937,0.0006380937,0
-73.64158,34.81362,0.0006383419,0.0006383419,0
-73.31637,36.40918,0.0006415741,0.0006415741,0
-72.97924,37.94228,0.0006547892,0.0006547892,0
-72.63074,39.413246,0.0006804772,0.0006804772,0
-72.27191,40.825706,0.000694736,0.000694736,0
-71.90304,42.1792,0.0007270364,0.0007270364,0
-71.525246,43.478657,0.0007263913,0.0007263913,0
-71.13863,44.72283,0.00067072595,0.00067072595,0
-70.74434,45.91748,0.00063671893,0.00063671893,0
-70.34233,47.06102,0.00067099545,0.00067099545,0
-69.93365,48.159035,0.00070394424,0.00070394424,0
-69.51838,49.210777,0.00083021,0.00083021,0
-69.09728,50.220554,0.00081867905,0.00081867905,0
-68.67056,51.188625,0.0006831966,0.0006831966,0
-68.23877,52.11816,0.0008939595,0.0008939595,0
-67.80217,53.010212,0.0020211202,0.0020211202,0
-67.361176,53.86694,0.0019097788,0.0019097788,0
-66.91612,54.690052,0.004629727,0.004629727,0
-66.467255,55.480846,0.013437177,0.013437177,0
-66.014946,56.24151,0.9127059,0.9127059,3
-65.55937,56.97261,0.97415835,0.97415835,3
-65.1009,57.67672,0.9879495,0.9879495,3
-64.63964,58.35379,0.98779976,0.98779976,3
-64.175964,59.00666,0.9756776,0.9756776,3
-63.7099,59.634792,0.83817333,0.83817333,3
-63.24183,60.241055,0.66159564,0.66159564,2
-62.771786,60.824986,0.5687869,0.5687869,2
-62.30007,61.38891,0.47338504,0.47338504,2
-61.826744,61.93277,0.33726615,0.33726615,1
-61.35204,62.458252,0.21211812,0.21211812,1
-60.876053,62.965664,0.09110101,0.09110101,0
-60.39896,63.456184,0.00475109,0.00475109,0
-59.920864,63.930412,0.0021448263,0.0021448263,0
-59.4419,64.38908,0.0010947551,0.0010947551,0
-58.96219,64.833046,0.000788053,0.000788053,0
-58.481827,65.26265,0.00066637865,0.00066637865,0
-58.000942,65.678955,0.000635676,0.000635676,0
-57.51961,66.08201,0.0006341708,0.0006341708,0
-57.037952,66.473,0.00063603115,0.00063603115,0
-56.55603,66.85173,0.0006377535,0.0006377535,0
-56.07395,67.2195,0.00063826155,0.00063826155,0
-55.591785,67.57596,0.0006384404,0.0006384404,0
-55.10962,67.92232,0.000636455,0.000636455,0
-54.62752,68.258385,0.00063851406,0.00063851406,0
-54.145557,68.58506,0.00061591144,0.00061591144,0
-53.663807,68.90234,0.00058596703,0.00058596703,0
-53.182323,69.21089,0.0006016315,0.0006016315,0
-52.70118,69.510864,0.00078726263,0.00078726263,0
-52.88631,-70.3473,0.0012575969,0.0012575969,0
-53.370575,-70.057495,0.0009086667,0.0009086667,0
-53.855255,-69.75931,0.00062122586,0.00062122586,0
-54.340286,-69.45259,0.00063243276,0.00063243276,0
-54.825607,-69.13668,0.0006374557,0.0006374557,0
-55.311153,-68.811584,0.0006379955,0.0006379955,0
-55.796864,-68.4764,0.0006383699,0.0006383699,0
-56.282658,-68.13133,0.00063837104,0.00063837104,0
-56.768463,-67.77515,0.00063837104,0.00063837104,0
-57.25421,-67.40821,0.00063837104,0.00063837104,0
-57.739815,-67.02922,0.00063837104,0.00063837104,0
-58.22518,-66.63838,0.00063837104,0.00063837104,0
-58.71022,-66.23448,0.00063837104,0.00063837104,0
-59.194847,-65.81748,0.00063837104,0.00063837104,0
-59.678947,-65.38632,0.000638389,0.000638389,0
-60.162426,-64.94064,0.0006380271,0.0006380271,0
-60.645164,-64.47958,0.0006384316,0.0006384316,0
-61.127037,-64.002396,0.0006367972,0.0006367972,0
-61.60794,-63.508472,0.0006546146,0.0006546146,0
-62.087708,-62.996628,0.0006930415,0.0006930415,0
-62.566235,-62.466526,0.0009120656,0.0009120656,0
-63.043324,-61.91645,0.0021541365,0.0021541365,0
-63.518883,-61.34645,0.007529211,0.007529211,0
-63.992653,-60.754173,0.011452417,0.011452417,0
-64.46458,-60.140034,0.00872058,0.00872058,0
-64.9343,-59.50113,0.91788673,0.91788673,3
-65.401794,-58.83795,0.98646045,0.98646045,3
-65.86667,-58.147606,0.98700815,0.98700815,3
-66.32886,-57.430084,0.9886558,0.9886558,3
-66.787964,-56.68273,0.9887877,0.9887877,3
-67.24384,-55.904915,0.9749649,0.9749649,3
-67.69613,-55.094337,0.98374474,0.98374474,3
-68.144554,-54.24961,0.9823883,0.9823883,3
-68.588806,-53.368904,0.9808826,0.9808826,3
-69.02847,-52.44993,0.99013245,0.99013245,3
-69.463295,-51.491467,0.991335,0.991335,3
-69.89271,-50.490166,0.9911391,0.9911391,3
-70.31651,-49.445618,0.98973536,0.98973536,3
-70.73395,-48.353233,0.9759971,0.9759971,3
-71.14493,-47.213623,0.9823883,0.9823883,3
-71.548416,-46.020786,0.98061967,0.98061967,3
-71.94441,-44.77619,0.9723173,0.9723173,3
-72.33176,-43.473595,0.9712568,0.9712568,3
-72.71036,-42.11406,0.9693579,0.9693579,3
-73.07905,-40.69214,0.9822342,0.9822342,3
-73.43753,-39.20804,0.970609,0.970609,3
-73.78472,-37.657585,0.9798054,0.9798054,3
-74.120056,-36.040134,0.97636455,0.97636455,3
-74.442566,-34.353226,0.9674178,0.9674178,3
-74.75139,-32.59543,0.9555694,0.9555694,3
-75.045746,-30.766449,0.9630003,0.9630003,3
-75.32442,-28.864288,0.9131769,0.9131769,3
-75.58693,-26.891232,0.32025406,0.32025406,1
-75.83163,-24.845104,0.015760304,0.015760304,0
-76.05847,-22.731052,0.001088007,0.001088007,0
-76.265335,-20.54728,0.00085084455,0.00085084455,0
-76.452675,-18.30167,0.00059652835,0.00059652835,0
-76.61806,-15.993969,0.00063715206,0.00063715206,0
-76.76219,-13.633642,0.00064093486,0.00064093486,0
-76.882965,-11.223845,0.00063832116,0.00063832116,0
-76.98091,-8.774136,0.0006383333,0.0006383333,0
-77.0545,-6.291109,0.0006383437,0.0006383437,0
-77.10405,-3.784451,0.0006383696,0.0006383696,0
-77.12877,-1.2631168,0.0006383716,0.0006383716,0
-77.12877,1.2631168,0.00063837075,0.00063837075,0
-77.10405,3.784451,0.00063837104,0.00063837104,0
-77.0545,6.291109,0.00063837104,0.00063837104,0
-76.98091,8.774136,0.00063837104,0.00063837104,0
-76.882965,11.223845,0.00063837104,0.00063837104,0
-76.76219,13.633642,0.00063837104,0.00063837104,0
-76.61806,15.993969,0.00063837104,0.00063837104,0
-76.452675,18.30167,0.00063837104,0.00063837104,0
-76.265335,20.54728,0.00063837104,0.00063837104,0
-76.05847,22.731052,0.00063837104,0.00063837104,0
-75.83163,24.845104,0.00063837104,0.00063837104,0
-75.58693,26.891232,0.00063837104,0.00063837104,0
-75.32442,28.864288,0.00063837104,0.00063837104,0
-75.045746,30.766449,0.000638372,0.000638372,0
-74.75139,32.59543,0.0006383689,0.0006383689,0
-74.442566,34.353226,0.00063830777,0.00063830777,0
-74.120056,36.040134,0.0006382296,0.0006382296,0
-73.78472,37.657585,0.00063843373,0.00063843373,0
-73.43753,39.20804,0.0006406036,0.0006406036,0
-73.07905,40.69214,0.0006432879,0.0006432879,0
-72.71036,42.11406,0.00064360735,0.00064360735,0
-72.33176,43.473595,0.0006456372,0.0006456372,0
-71.94441,44.77619,0.00064510456,0.00064510456,0
-71.548416,46.020786,0.0006442828,0.0006442828,0
-71.14493,47.213623,0.00063881837,0.00063881837,0
-70.73395,48.353233,0.0006435835,0.0006435835,0
-70.31651,49.445618,0.0006528601,0.0006528601,0
-69.89271,50.490166,0.0006989457,0.0006989457,0
-69.463295,51.491467,0.0006912272,0.0006912272,0
-69.02847,52.44993,0.00076301524,0.00076301524,0
-68.588806,53.368904,0.00062553835,0.00062553835,0
-68.144554,54.24961,0.00070791616,0.00070791616,0
-67.69613,55.094337,0.0014876066,0.0014876066,0
-67.24384,55.904915,0.0056189494,0.0056189494,0
-66.787964,56.68273,0.2534233,0.2534233,1
-66.32886,57.430084,0.943231,0.943231,3
-65.86667,58.147606,0.98053956,0.98053956,3
-65.401794,58.83795,0.9861848,0.9861848,3
-64.9343,59.50113,0.9890738,0.9890738,3
-64.46458,60.140034,0.98550004,0.98550004,3
-63.992653,60.754173,0.9046836,0.9046836,3
-63.518883,61.34645,0.6689422,0.6689422,2
-63.043324,61.91645,0.6071414,0.6071414,2
-62.566235,62.466526,0.49534354,0.49534354,2
-62.087708,62.996628,0.27306744,0.27306744,1
-61.60794,63.508472,0.10905709,0.10905709,0
-61.127037,64.002396,0.012893159,0.012893159,0
-60.645164,64.47958,0.0041825376,0.0041825376,0
-60.162426,64.94064,0.0021710508,0.0021710508,0
-59.678947,65.38632,0.0012828765,0.0012828765,0
-59.194847,65.81748,0.00088050053,0.00088050053,0
-58.71022,66.23448,0.0006993395,0.0006993395,0
-58.22518,66.63838,0.0006467677,0.0006467677,0
-57.739815,67.02922,0.0006334091,0.0006334091,0
-57.25421,67.40821,0.0006350266,0.0006350266,0
-56.768463,67.77515,0.00063718366,0.00063718366,0
-56.282658,68.13133,0.0006381247,0.0006381247,0
-55.796864,68.4764,0.0006384407,0.0006384407,0
-55.311153,68.811584,0.000636455,0.000636455,0
-54.825607,69.13668,0.00063851406,0.00063851406,0
-54.340286,69.45259,0.00061591144,0.00061591144,0
-53.855255,69.75931,0.00058596703,0.00058596703,0
-53.370575,70.057495,0.0006016315,0.0006016315,0
-52.88631,70.3473,0.00078726263,0.00078726263,0
-53.064346,-71.19232,0.0012575969,0.0012575969,0
-53.551636,-70.91304,0.0009086667,0.0009086667,0
-54.03942,-70.6256,0.00062122586,0.00062122586,0
-54.527634,-70.329834,0.00063243276,0.00063243276,0
-55.01622,-70.025116,0.0006374557,0.0006374557,0
-55.50512,-69.71141,0.0006379955,0.0006379955,0
-55.99427,-69.38788,0.0006383699,0.0006383699,0
-56.4836,-69.05466,0.00063837104,0.00063837104,0
-56.973045,-68.710594,0.00063837104,0.00063837104,0
-57.46252,-68.35598,0.00063837104,0.00063837104,0
-57.95195,-67.98956,0.00063837104,0.00063837104,0
-58.44126,-67.61153,0.00063837104,0.00063837104,0
-58.93035,-67.22068,0.00063837104,0.00063837104,0
-59.419147,-66.816956,0.00063837104,0.00063837104,0
-59.90754,-66.399315,0.0006383811,0.0006383811,0
-60.39543,-65.96738,0.0006382217,0.0006382217,0
-60.882717,-65.52029,0.000638201,0.000638201,0
-61.369274,-65.05728,0.0006391787,0.0006391787,0
-61.854992,-64.57775,0.00064967526,0.00064967526,0
-62.33973,-64.08048,0.0006806789,0.0006806789,0
-62.82338,-63.565147,0.0008260112,0.0008260112,0
-63.305748,-63.03,0.0010106137,0.0010106137,0
-63.786747,-62.47506,0.005078748,0.005078748,0
-64.26613,-61.89796,0.007851716,0.007851716,0
-64.743835,-61.299084,0.005406928,0.005406928,0
-65.21953,-60.675488,0.009510772,0.009510772,0
-65.69318,-60.027626,0.9222066,0.9222066,3
-66.16442,-59.35255,0.9854612,0.9854612,3
-66.63316,-58.650196,0.97465456,0.97465456,3
-67.099045,-57.91784,0.98398525,0.98398525,3
-67.561905,-57.15477,0.9823199,0.9823199,3
-68.021385,-56.358604,0.9863847,0.9863847,3
-68.47724,-55.527843,0.9822197,0.9822197,3
-68.92915,-54.66055,0.9847941,0.9847941,3
-69.376724,-53.754284,0.991146,0.991146,3
-69.81968,-52.80769,0.9913543,0.9913543,3
-70.257484,-51.817215,0.9913864,0.9913864,3
-70.68992,-50.782303,0.9899345,0.9899345,3
-71.11623,-49.69806,0.97521305,0.97521305,3
-71.53631,-48.56495,0.97889817,0.97889817,3
-71.94915,-47.376556,0.9776618,0.9776618,3
-72.354706,-46.134193,0.9810404,0.9810404,3
-72.751854,-44.831093,0.97770476,0.97770476,3
-73.14044,-43.46812,0.9709517,0.9709517,3
-73.5193,-42.03924,0.9574962,0.9574962,3
-73.88811,-40.54438,0.9613106,0.9613106,3
-74.24574,-38.978756,0.9786486,0.9786486,3
-74.591606,-37.341324,0.97875035,0.97875035,3
-74.92468,-35.629055,0.97499394,0.97499394,3
-75.24405,-33.840008,0.97196907,0.97196907,3
-75.548874,-31.973433,0.96541727,0.96541727,3
-75.83786,-30.026728,0.9154431,0.9154431,3
-76.11046,-28.001953,0.6946617,0.6946617,2
-76.36492,-25.896275,0.015169547,0.015169547,0
-76.60112,-23.714981,0.0014851728,0.0014851728,0
-76.81681,-21.455658,0.00069839606,0.00069839606,0
-77.01236,-19.126774,0.000646094,0.000646094,0
-77.18522,-16.72771,0.0006358124,0.0006358124,0
-77.33602,-14.2689,0.00063994084,0.00063994084,0
-77.46252,-11.753696,0.0006381965,0.0006381965,0
-77.56516,-9.192844,0.00063835643,0.00063835643,0
-77.642334,-6.59377,0.0006383595,0.0006383595,0
-77.69433,-3.9675303,0.00063837104,0.00063837104,0
-77.72028,-1.3243918,0.00063837104,0.00063837104,0
-77.72028,1.3243918,0.00063837104,0.00063837104,0
-77.69433,3.9675303,0.00063837104,0.00063837104,0
-77.642334,6.59377,0.00063837104,0.00063837104,0
-77.56516,9.192844,0.00063837104,0.00063837104,0
-77.46252,11.753696,0.00063837104,0.00063837104,0
-77.33602,14.2689,0.00063837104,0.00063837104,0
-77.18522,16.72771,0.00063837104,0.00063837104,0
-77.01236,19.126774,0.00063837104,0.00063837104,0
-76.81681,21.455658,0.00063837104,0.00063837104,0
-76.60112,23.714981,0.00063837104,0.00063837104,0
-76.36492,25.896275,0.00063837104,0.00063837104,0
-76.11046,28.001953,0.00063837104,0.00063837104,0
-75.83786,30.026728,0.00063837104,0.00063837104,0
-75.548874,31.973433,0.00063837133,0.00063837133,0
-75.24405,33.840008,0.00063837104,0.00063837104,0
-74.92468,35.629055,0.00063835375,0.00063835375,0
-74.591606,37.341324,0.0006383069,0.0006383069,0
-74.24574,38.978756,0.0006383613,0.0006383613,0
-73.88811,40.54438,0.0006386957,0.0006386957,0
-73.5193,42.03924,0.0006393315,0.0006393315,0
-73.14044,43.46812,0.00063955307,0.00063955307,0
-72.751854,44.831093,0.0006384362,0.0006384362,0
-72.354706,46.134193,0.0006390251,0.0006390251,0
-71.94915,47.376556,0.00063832174,0.00063832174,0
-71.53631,48.56495,0.00063890975,0.00063890975,0
-71.11623,49.69806,0.0006408295,0.0006408295,0
-70.68992,50.782303,0.0006434252,0.0006434252,0
-70.257484,51.817215,0.0006535623,0.0006535623,0
-69.81968,52.80769,0.0006759743,0.0006759743,0
-69.376724,53.754284,0.00066561194,0.00066561194,0
-68.92915,54.66055,0.00062304706,0.00062304706,0
-68.47724,55.527843,0.0006199279,0.0006199279,0
-68.021385,56.358604,0.0015614727,0.0015614727,0
-67.561905,57.15477,0.008664191,0.008664191,0
-67.099045,57.91784,0.53232425,0.53232425,2
-66.63316,58.650196,0.96619695,0.96619695,3
-66.16442,59.35255,0.98325884,0.98325884,3
-65.69318,60.027626,0.98561656,0.98561656,3
-65.21953,60.675488,0.98879504,0.98879504,3
-64.743835,61.299084,0.98845637,0.98845637,3
-64.26613,61.89796,0.9442191,0.9442191,3
-63.786747,62.47506,0.80163187,0.80163187,3
-63.305748,63.03,0.703066,0.703066,3
-62.82338,63.565147,0.52858126,0.52858126,2
-62.33973,64.08048,0.3763794,0.3763794,1
-61.854992,64.57775,0.2593721,0.2593721,1
-61.369274,65.05728,0.025789091,0.025789091,0
-60.882717,65.52029,0.0042207194,0.0042207194,0
-60.39543,65.96738,0.0025520993,0.0025520993,0
-59.90754,66.399315,0.001570858,0.001570858,0
-59.419147,66.816956,0.0010992137,0.0010992137,0
-58.93035,67.22068,0.000814631,0.000814631,0
-58.44126,67.61153,0.0006904865,0.0006904865,0
-57.95195,67.98956,0.0006453072,0.0006453072,0
-57.46252,68.35598,0.0006367414,0.0006367414,0
-56.973045,68.710594,0.00063739775,0.00063739775,0
-56.4836,69.05466,0.0006379,0.0006379,0
-55.99427,69.38788,0.0006384036,0.0006384036,0
-55.50512,69.71141,0.0006364541,0.0006364541,0
-55.01622,70.025116,0.00063851406,0.00063851406,0
-54.527634,70.329834,0.00061591144,0.00061591144,0
-54.03942,70.6256,0.00058596703,0.00058596703,0
-53.551636,70.91304,0.0006016315,0.0006016315,0
-53.064346,71.19232,0.00078726263,0.00078726263,0
-53.234825,-72.0461,0.0012575969,0.0012575969,0
-53.72504,-71.7777,0.0009086667,0.0009086667,0
-54.215824,-71.50138,0.00062122586,0.00062122586,0
-54.707115,-71.21698,0.00063243276,0.00063243276,0
-55.19886,-70.92387,0.0006374557,0.0006374557,0
-55.691006,-70.622025,0.0006379955,0.0006379955,0
-56.18349,-70.31059,0.0006383699,0.0006383699,0
-56.67624,-69.989746,0.00063837104,0.00063837104,0
-57.169205,-69.65831,0.00063837104,0.00063837104,0
-57.662296,-69.316605,0.00063837104,0.00063837104,0
-58.155457,-68.96336,0.00063837104,0.00063837104,0
-58.64859,-68.59876,0.00063837104,0.00063837104,0
-59.141624,-68.221634,0.00063837104,0.00063837104,0
-59.634476,-67.83191,0.00063837104,0.00063837104,0
-60.127045,-67.42853,0.00063837593,0.00063837593,0
-60.61924,-67.01112,0.00063831627,0.00063831627,0
-61.110954,-66.57885,0.0006381083,0.0006381083,0
-61.60208,-66.13092,0.00063935225,0.00063935225,0
-62.092514,-65.66672,0.0006416084,0.0006416084,0
-62.582108,-65.18505,0.0006725685,0.0006725685,0
-63.07077,-64.68554,0.00070922414,0.00070922414,0
-63.55831,-64.166466,0.0012740908,0.0012740908,0
-64.04465,-63.627796,0.0058110324,0.0058110324,0
-64.52954,-63.067165,0.13413216,0.13413216,0
-65.01293,-62.484913,0.0067906873,0.0067906873,0
-65.49452,-61.878075,0.003922676,0.003922676,0
-65.974236,-61.247078,0.015740959,0.015740959,0
-66.45175,-60.588905,0.30351663,0.30351663,1
-66.92698,-59.90345,0.9134842,0.9134842,3
-67.39957,-59.187935,0.9785891,0.9785891,3
-67.86935,-58.441574,0.9913715,0.9913715,3
-68.336006,-57.66189,0.9881527,0.9881527,3
-68.79926,-56.847282,0.9882979,0.9882979,3
-69.25882,-55.995705,0.988535,0.988535,3
-69.7143,-55.10458,0.9909661,0.9909661,3
-70.16542,-54.172417,0.9912288,0.9912288,3
-70.61164,-53.195454,0.9913624,0.9913624,3
-71.052765,-52.172962,0.99104416,0.99104416,3
-71.48804,-51.099777,0.9895483,0.9895483,3
-71.91734,-49.976166,0.9874133,0.9874133,3
-72.33968,-48.79531,0.986291,0.986291,3
-72.755,-47.558327,0.98671,0.98671,3
-73.16216,-46.257904,0.9806306,0.9806306,3
-73.56099,-44.89468,0.9574924,0.9574924,3
-73.95034,-43.461975,0.9567217,0.9567217,3
-74.32982,-41.95937,0.95315516,0.95315516,3
-74.6983,-40.38141,0.969024,0.969024,3
-75.05513,-38.726566,0.9838229,0.9838229,3
-75.39926,-36.99115,0.9843183,0.9843183,3
-75.72971,-35.17259,0.97454166,0.97454166,3
-76.04559,-33.269577,0.9705996,0.9705996,3
-76.34551,-31.278744,0.95804954,0.95804954,3
-76.62886,-29.201836,0.0073864344,0.0073864344,0
-76.89376,-27.035166,0.0026311483,0.0026311483,0
-77.140015,-24.7841,0.0012674418,0.0012674418,0
-77.36523,-22.445415,0.0006740941,0.0006740941,0
-77.5697,-20.02817,0.0006338016,0.0006338016,0
-77.75069,-17.531239,0.00063728355,0.00063728355,0
-77.90876,-14.966109,0.0006395393,0.0006395393,0
-78.04149,-12.3363285,0.0006383017,0.0006383017,0
-78.14931,-9.6539955,0.000638344,0.000638344,0
-78.23044,-6.927518,0.0006383671,0.0006383671,0
-78.28511,-4.1695824,0.00063837104,0.00063837104,0
-78.3124,-1.3920456,0.00063837104,0.00063837104,0
-78.3124,1.3920456,0.00063837104,0.00063837104,0
-78.28511,4.1695824,0.00063837104,0.00063837104,0
-78.23044,6.927518,0.00063837104,0.00063837104,0
-78.14931,9.6539955,0.00063837104,0.00063837104,0
-78.04149,12.3363285,0.00063837104,0.00063837104,0
-77.90876,14.966109,0.00063837104,0.00063837104,0
-77.75069,17.531239,0.00063837104,0.00063837104,0
-77.5697,20.02817,0.00063837104,0.00063837104,0
-77.36523,22.445415,0.00063837104,0.00063837104,0
-77.140015,24.7841,0.00063837104,0.00063837104,0
-76.89376,27.035166,0.00063837104,0.00063837104,0
-76.62886,29.201836,0.00063837104,0.00063837104,0
-76.34551,31.278744,0.00063837104,0.00063837104,0
-76.04559,33.269577,0.00063837104,0.00063837104,0
-75.72971,35.17259,0.000638372,0.000638372,0
-75.39926,36.99115,0.00063836924,0.00063836924,0
-75.05513,38.726566,0.0006383583,0.0006383583,0
-74.6983,40.38141,0.0006383312,0.0006383312,0
-74.32982,41.95937,0.00063833484,0.00063833484,0
-73.95034,43.461975,0.0006384246,0.0006384246,0
-73.56099,44.89468,0.0006385953,0.0006385953,0
-73.16216,46.257904,0.0006388142,0.0006388142,0
-72.755,47.558327,0.0006388269,0.0006388269,0
-72.33968,48.79531,0.00063879706,0.00063879706,0
-71.91734,49.976166,0.00063857797,0.00063857797,0
-71.48804,51.099777,0.0006384456,0.0006384456,0
-71.052765,52.172962,0.0006388866,0.0006388866,0
-70.61164,53.195454,0.00063945435,0.00063945435,0
-70.16542,54.172417,0.0006435561,0.0006435561,0
-69.7143,55.10458,0.0006308357,0.0006308357,0
-69.25882,55.995705,0.0006010804,0.0006010804,0
-68.79926,56.847282,0.00062606623,0.00062606623,0
-68.336006,57.66189,0.0012460883,0.0012460883,0
-67.86935,58.441574,0.004624048,0.004624048,0
-67.39957,59.187935,0.43157873,0.43157873,2
-66.92698,59.90345,0.96330696,0.96330696,3
-66.45175,60.588905,0.98129386,0.98129386,3
-65.974236,61.247078,0.981045,0.981045,3
-65.49452,61.878075,0.9833013,0.9833013,3
-65.01293,62.484913,0.98846895,0.98846895,3
-64.52954,63.067165,0.98514986,0.98514986,3
-64.04465,63.627796,0.95649767,0.95649767,3
-63.55831,64.166466,0.82171005,0.82171005,3
-63.07077,64.68554,0.6899708,0.6899708,2
-62.582108,65.18505,0.4731063,0.4731063,2
-62.092514,65.66672,0.39668834,0.39668834,1
-61.60208,66.13092,0.244244,0.244244,1
-61.110954,66.57885,0.016811566,0.016811566,0
-60.61924,67.01112,0.002728498,0.002728498,0
-60.127045,67.42853,0.0019441064,0.0019441064,0
-59.634476,67.83191,0.0014487403,0.0014487403,0
-59.141624,68.221634,0.00098929,0.00098929,0
-58.64859,68.59876,0.00075257575,0.00075257575,0
-58.155457,68.96336,0.00066612056,0.00066612056,0
-57.662296,69.316605,0.0006398,0.0006398,0
-57.169205,69.65831,0.0006379158,0.0006379158,0
-56.67624,69.989746,0.00063802255,0.00063802255,0
-56.18349,70.31059,0.0006383994,0.0006383994,0
-55.691006,70.622025,0.0006364523,0.0006364523,0
-55.19886,70.92387,0.00063851406,0.00063851406,0
-54.707115,71.21698,0.00061591144,0.00061591144,0
-54.215824,71.50138,0.00058596703,0.00058596703,0
-53.72504,71.7777,0.0006016315,0.0006016315,0
-53.234825,72.0461,0.00078726263,0.00078726263,0
-53.39781,-72.90812,0.0012575969,0.0012575969,0
-53.89085,-72.650955,0.0009086667,0.0009086667,0
-54.38453,-72.38614,0.00062122586,0.00062122586,0
-54.878777,-72.11348,0.00063243276,0.00063243276,0
-55.37359,-71.83239,0.0006374557,0.0006374557,0
-55.86886,-71.54283,0.0006379955,0.0006379955,0
-56.36457,-71.24399,0.0006383699,0.0006383699,0
-56.860626,-70.93598,0.00063837104,0.00063837104,0
-57.357002,-70.61771,0.00063837104,0.00063837104,0
-57.853592,-70.28944,0.00063837104,0.00063837104,0
-58.350357,-69.94995,0.00063837104,0.00063837104,0
-58.8472,-69.599396,0.00063837104,0.00063837104,0
-59.34406,-69.23663,0.00063837104,0.00063837104,0
-59.840843,-68.86158,0.00063837104,0.00063837104,0
-60.33747,-68.473206,0.0006383732,0.0006383732,0
-60.833847,-68.07112,0.0006383549,0.0006383549,0
-61.329872,-67.654465,0.00063807634,0.00063807634,0
-61.825447,-67.222496,0.0006388659,0.0006388659,0
-62.320465,-66.774574,0.0006368279,0.0006368279,0
-62.814796,-66.309494,0.00064575847,0.00064575847,0
-63.308346,-65.82687,0.0006934167,0.0006934167,0
-63.800945,-65.32498,0.0010765468,0.0010765468,0
-64.2925,-64.80379,0.0028785751,0.0028785751,0
-64.7828,-64.260895,0.036981247,0.036981247,0
-65.27177,-63.69664,0.0024612949,0.0024612949,0
-65.759125,-63.108025,0.0019274455,0.0019274455,0
-66.24481,-62.495422,0.0023162577,0.0023162577,0
-66.728516,-61.855816,0.0066058855,0.0066058855,0
-67.21014,-61.189026,0.012068394,0.012068394,0
-67.68935,-60.492226,0.8141507,0.8141507,3
-68.165985,-59.764565,0.9889282,0.9889282,3
-68.63973,-59.003475,0.99153274,0.99153274,3
-69.11035,-58.207283,0.9902469,0.9902469,3
-69.577515,-57.37382,0.9849295,0.9849295,3
-70.04088,-56.500374,0.98538303,0.98538303,3
-70.50014,-55.585323,0.99007434,0.99007434,3
-70.95481,-54.6247,0.9912464,0.9912464,3
-71.404655,-53.617615,0.9909498,0.9909498,3
-71.84897,-52.5586,0.9854533,0.9854533,3
-72.28758,-51.447754,0.96997255,0.96997255,3
-72.71955,-50.27781,0.9573653,0.9573653,3
-73.14478,-49.04969,0.9646328,0.9646328,3
-73.56216,-47.755512,0.97049576,0.97049576,3
-73.97148,-46.39563,0.96726215,0.96726215,3
-74.371574,-44.9627,0.95955926,0.95955926,3
-74.76206,-43.455887,0.96359766,0.96359766,3
-75.141754,-41.868996,0.9797911,0.9797911,3
-75.509995,-40.199924,0.98409593,0.98409593,3
-75.86567,-38.444214,0.9793783,0.9793783,3
-76.20775,-36.598534,0.9710414,0.9710414,3
-76.53527,-34.660896,0.9794241,0.9794241,3
-76.84677,-32.626987,0.9505106,0.9505106,3
-77.14155,-30.498089,0.00517243,0.00517243,0
-77.41761,-28.269464,0.0014030474,0.0014030474,0
-77.67467,-25.946436,0.0008041239,0.0008041239,0
-77.91015,-23.524746,0.00065309374,0.00065309374,0
-78.12428,-21.014015,0.0006461226,0.0006461226,0
-78.3141,-18.41241,0.00064154505,0.00064154505,0
-78.480125,-15.732582,0.0006386528,0.0006386528,0
-78.619705,-12.978203,0.0006382756,0.0006382756,0
-78.73321,-10.162951,0.0006383403,0.0006383403,0
-78.81868,-7.29637,0.00063837017,0.00063837017,0
-78.87632,-4.3931,0.00063837104,0.00063837104,0
-78.90511,-1.4669223,0.00063837104,0.00063837104,0
-78.90511,1.4669223,0.00063837104,0.00063837104,0
-78.87632,4.3931,0.00063837104,0.00063837104,0
-78.81868,7.29637,0.00063837104,0.00063837104,0
-78.73321,10.162951,0.00063837104,0.00063837104,0
-78.619705,12.978203,0.00063837104,0.00063837104,0
-78.480125,15.732582,0.00063837104,0.00063837104,0
-78.3141,18.41241,0.00063837104,0.00063837104,0
-78.12428,21.014015,0.00063837104,0.00063837104,0
-77.91015,23.524746,0.00063837104,0.00063837104,0
-77.67467,25.946436,0.00063837104,0.00063837104,0
-77.41761,28.269464,0.00063837104,0.00063837104,0
-77.14155,30.498089,0.00063837104,0.00063837104,0
-76.84677,32.626987,0.00063837104,0.00063837104,0
-76.53527,34.660896,0.00063837104,0.00063837104,0
-76.20775,36.598534,0.00063837104,0.00063837104,0
-75.86567,38.444214,0.0006383716,0.0006383716,0
-75.509995,40.199924,0.00063837226,0.00063837226,0
-75.141754,41.868996,0.00063837407,0.00063837407,0
-74.76206,43.455887,0.0006383716,0.0006383716,0
-74.371574,44.9627,0.00063836586,0.00063836586,0
-73.97148,46.39563,0.00063835405,0.00063835405,0
-73.56216,47.755512,0.00063833944,0.00063833944,0
-73.14478,49.04969,0.0006383242,0.0006383242,0
-72.71955,50.27781,0.00063831726,0.00063831726,0
-72.28758,51.447754,0.00063829013,0.00063829013,0
-71.84897,52.5586,0.000638274,0.000638274,0
-71.404655,53.617615,0.0006384033,0.0006384033,0
-70.95481,54.6247,0.0006377541,0.0006377541,0
-70.50014,55.585323,0.0006386854,0.0006386854,0
-70.04088,56.500374,0.0006297583,0.0006297583,0
-69.577515,57.37382,0.00063304906,0.00063304906,0
-69.11035,58.207283,0.0006670627,0.0006670627,0
-68.63973,59.003475,0.00090197386,0.00090197386,0
-68.165985,59.764565,0.0018977002,0.0018977002,0
-67.68935,60.492226,0.013083309,0.013083309,0
-67.21014,61.189026,0.9157697,0.9157697,3
-66.728516,61.855816,0.9635902,0.9635902,3
-66.24481,62.495422,0.9716125,0.9716125,3
-65.759125,63.108025,0.9665831,0.9665831,3
-65.27177,63.69664,0.97646266,0.97646266,3
-64.7828,64.260895,0.98160905,0.98160905,3
-64.2925,64.80379,0.97114265,0.97114265,3
-63.800945,65.32498,0.92738265,0.92738265,3
-63.308346,65.82687,0.8280704,0.8280704,3
-62.814796,66.309494,0.63386,0.63386,2
-62.320465,66.774574,0.49558187,0.49558187,2
-61.825447,67.222496,0.33477113,0.33477113,1
-61.329872,67.654465,0.02546865,0.02546865,0
-60.833847,68.07112,0.0037660792,0.0037660792,0
-60.33747,68.473206,0.00294716,0.00294716,0
-59.840843,68.86158,0.0021632945,0.0021632945,0
-59.34406,69.23663,0.0011868265,0.0011868265,0
-58.8472,69.599396,0.00081013876,0.00081013876,0
-58.350357,69.94995,0.0006758696,0.0006758696,0
-57.853592,70.28944,0.00064314046,0.00064314046,0
-57.357002,70.61771,0.00063778274,0.00063778274,0
-56.860626,70.93598,0.0006381971,0.0006381971,0
-56.36457,71.24399,0.0006383975,0.0006383975,0
-55.86886,71.54283,0.00063645106,0.00063645106,0
-55.37359,71.83239,0.00063851406,0.00063851406,0
-54.878777,72.11348,0.00061591144,0.00061591144,0
-54.38453,72.38614,0.00058596703,0.00058596703,0
-53.89085,72.650955,0.0006016315,0.0006016315,0
-53.39781,72.90812,0.00078726263,0.00078726263,0
-53.553185,-73.77812,0.0012575969,0.0012575969,0
-54.048923,-73.53255,0.0009086667,0.0009086667,0
-54.545387,-73.27958,0.00062122586,0.00062122586,0
-55.0425,-73.01906,0.00063243276,0.00063243276,0
-55.54024,-72.75039,0.0006374557,0.0006374557,0
-56.03853,-72.473564,0.0006379955,0.0006379955,0
-56.537346,-72.187744,0.0006383699,0.0006383699,0
-57.03659,-71.89307,0.00063837104,0.00063837104,0
-57.536243,-71.58845,0.00063837104,0.00063837104,0
-58.03622,-71.274155,0.00063837104,0.00063837104,0
-58.53646,-70.94899,0.00063837104,0.00063837104,0
-59.03689,-70.6131,0.00063837104,0.00063837104,0
-59.53744,-70.26534,0.00063837104,0.00063837104,0
-60.03803,-69.90565,0.00063837104,0.00063837104,0
-60.538586,-69.533005,0.000638372,0.000638372,0
-61.03901,-69.147,0.0006383696,0.0006383696,0
-61.53921,-68.74681,0.00063816784,0.00063816784,0
-62.039104,-68.33168,0.0006386419,0.0006386419,0
-62.538578,-67.90096,0.00063550344,0.00063550344,0
-63.037514,-67.45347,0.000638385,0.000638385,0
-63.535816,-66.9888,0.0006764708,0.0006764708,0
-64.03334,-66.505264,0.0007331242,0.0007331242,0
-64.52999,-66.00275,0.0012373799,0.0012373799,0
-65.02555,-65.47892,0.0017823084,0.0017823084,0
-65.51997,-64.93403,0.002382193,0.002382193,0
-66.012985,-64.36512,0.0014022447,0.0014022447,0
-66.50451,-63.772514,0.0014277976,0.0014277976,0
-66.994286,-63.153168,0.0018780713,0.0018780713,0
-67.482185,-62.506863,0.002774714,0.002774714,0
-67.96791,-61.830715,0.019675592,0.019675592,0
-68.4513,-61.12384,0.06475524,0.06475524,0
-68.93207,-60.383575,0.9808575,0.9808575,3
-69.40996,-59.608173,0.9895502,0.9895502,3
-69.88466,-58.795353,0.99032485,0.99032485,3
-70.35585,-57.942284,0.9921725,0.9921725,3
-70.823235,-57.04721,0.98861283,0.98861283,3
-71.28634,-56.10598,0.98677236,0.98677236,3
-71.74492,-55.117523,0.98604566,0.98604566,3
-72.19828,-54.076088,0.98150384,0.98150384,3
-72.646286,-52.98159,0.9773317,0.9773317,3
-73.08797,-51.82632,0.9692601,0.9692601,3
-73.52324,-50.61097,0.95767754,0.95767754,3
-73.95099,-49.32709,0.9563161,0.9563161,3
-74.370995,-47.974693,0.98168796,0.98168796,3
-74.782135,-46.545742,0.9718096,0.9718096,3
-75.18393,-45.03892,0.96805835,0.96805835,3
-75.57521,-43.447212,0.98340476,0.98340476,3
-75.955284,-41.767864,0.9849237,0.9849237,3
-76.32298,-39.995514,0.9681815,0.9681815,3
-76.67724,-38.12595,0.96969044,0.96969044,3
-77.01703,-36.15631,0.9712063,0.9712063,3
-77.34078,-34.081173,0.40028673,0.40028673,2
-77.647705,-31.901157,0.008830866,0.008830866,0
-77.935715,-29.610212,0.0012727324,0.0012727324,0
-78.20437,-27.213465,0.0007548738,0.0007548738,0
-78.45097,-24.705317,0.00059826666,0.00059826666,0
-78.67559,-22.095898,0.00063237885,0.00063237885,0
-78.87505,-19.382383,0.00064083195,0.00064083195,0
-79.049805,-16.578676,0.00063849735,0.00063849735,0
-79.196915,-13.688495,0.000638323,0.000638323,0
-79.31669,-10.727327,0.00063834916,0.00063834916,0
-79.40698,-7.706036,0.00063837075,0.00063837075,0
-79.46791,-4.6416235,0.00063837104,0.00063837104,0
-79.49837,-1.5502225,0.00063837104,0.00063837104,0
-79.49837,1.5502225,0.00063837104,0.00063837104,0
-79.46791,4.6416235,0.00063837104,0.00063837104,0
-79.40698,7.706036,0.00063837104,0.00063837104,0
-79.31669,10.727327,0.00063837104,0.00063837104,0
-79.196915,13.688495,0.00063837104,0.00063837104,0
-79.049805,16.578676,0.00063837104,0.00063837104,0
-78.87505,19.382383,0.00063837104,0.00063837104,0
-78.67559,22.095898,0.00063837104,0.00063837104,0
-78.45097,24.705317,0.00063837104,0.00063837104,0
-78.20437,27.213465,0.00063837104,0.00063837104,0
-77.935715,29.610212,0.00063837104,0.00063837104,0
-77.647705,31.901157,0.00063837104,0.00063837104,0
-77.34078,34.081173,0.00063837104,0.00063837104,0
-77.01703,36.15631,0.00063837104,0.00063837104,0
-76.67724,38.12595,0.00063837104,0.00063837104,0
-76.32298,39.995514,0.00063837104,0.00063837104,0
-75.955284,41.767864,0.00063837104,0.00063837104,0
-75.57521,43.447212,0.00063837104,0.00063837104,0
-75.18393,45.03892,0.00063837104,0.00063837104,0
-74.782135,46.545742,0.00063837104,0.00063837104,0
-74.370995,47.974693,0.00063837104,0.00063837104,0
-73.95099,49.32709,0.00063837104,0.00063837104,0
-73.52324,50.61097,0.00063837133,0.00063837133,0
-73.08797,51.82632,0.000638372,0.000638372,0
-72.646286,52.98159,0.00063836924,0.00063836924,0
-72.19828,54.076088,0.0006383595,0.0006383595,0
-71.74492,55.117523,0.0006383738,0.0006383738,0
-71.28634,56.10598,0.00063793984,0.00063793984,0
-70.823235,57.04721,0.00063745945,0.00063745945,0
-70.35585,57.942284,0.0006340472,0.0006340472,0
-69.88466,58.795353,0.00065366254,0.00065366254,0
-69.40996,59.608173,0.0006402239,0.0006402239,0
-68.93207,60.383575,0.0007192529,0.0007192529,0
-68.4513,61.12384,0.0012077845,0.0012077845,0
-67.96791,61.830715,0.006457818,0.006457818,0
-67.482185,62.506863,0.82942533,0.82942533,3
-66.994286,63.153168,0.95026094,0.95026094,3
-66.50451,63.772514,0.9271724,0.9271724,3
-66.012985,64.36512,0.93932647,0.93932647,3
-65.51997,64.93403,0.9470067,0.9470067,3
-65.02555,65.47892,0.95757294,0.95757294,3
-64.52999,66.00275,0.94368833,0.94368833,3
-64.03334,66.505264,0.9421843,0.9421843,3
-63.535816,66.9888,0.92752576,0.92752576,3
-63.037514,67.45347,0.7693482,0.7693482,3
-62.538578,67.90096,0.5775571,0.5775571,2
-62.039104,68.33168,0.44549105,0.44549105,2
-61.53921,68.74681,0.07893904,0.07893904,0
-61.03901,69.147,0.0114130275,0.0114130275,0
-60.538586,69.533005,0.0050016176,0.0050016176,0
-60.03803,69.90565,0.0022427614,0.0022427614,0
-59.53744,70.26534,0.0011263175,0.0011263175,0
-59.03689,70.6131,0.00078031287,0.00078031287,0
-58.53646,70.94899,0.00067617954,0.00067617954,0
-58.03622,71.274155,0.0006409816,0.0006409816,0
-57.536243,71.58845,0.0006373868,0.0006373868,0
-57.03659,71.89307,0.00063824054,0.00063824054,0
-56.537346,72.187744,0.00063842646,0.00063842646,0
-56.03853,72.473564,0.0006364523,0.0006364523,0
-55.54024,72.75039,0.00063851406,0.00063851406,0
-55.0425,73.01906,0.00061591144,0.00061591144,0
-54.545387,73.27958,0.00058596703,0.00058596703,0
-54.048923,73.53255,0.0006016315,0.0006016315,0
-53.553185,73.77812,0.00078726263,0.00078726263,0
-53.700592,-74.65604,0.0012575969,0.0012575969,0
-54.19892,-74.422386,0.0009086667,0.0009086667,0
-54.698044,-74.18164,0.00062122586,0.00062122586,0
-55.19789,-73.93364,0.00063243276,0.00063243276,0
-55.698444,-73.67781,0.0006374557,0.0006374557,0
-56.19962,-73.414116,0.0006379955,0.0006379955,0
-56.70141,-73.14177,0.0006383699,0.0006383699,0
-57.203716,-72.860916,0.00063837104,0.00063837104,0
-57.70652,-72.57048,0.00063837104,0.00063837104,0
-58.209732,-72.270706,0.00063837104,0.00063837104,0
-58.713318,-71.96045,0.00063837104,0.00063837104,0
-59.21719,-71.639824,0.00063837104,0.00063837104,0
-59.721294,-71.30774,0.00063837104,0.00063837104,0
-60.225548,-70.96411,0.00063837104,0.00063837104,0
-60.729877,-70.607925,0.00063837104,0.00063837104,0
-61.234207,-70.23881,0.0006383732,0.0006383732,0
-61.73844,-69.85593,0.00063826947,0.00063826947,0
-62.2425,-69.45854,0.00063849974,0.00063849974,0
-62.746273,-69.04599,0.0006359757,0.0006359757,0
-63.249664,-68.61711,0.00064357644,0.00064357644,0
-63.75258,-68.17151,0.00065744086,0.00065744086,0
-64.25487,-67.70747,0.0006553771,0.0006553771,0
-64.75645,-67.224915,0.000733019,0.000733019,0
-65.257126,-66.72149,0.0011190184,0.0011190184,0
-65.75684,-66.19743,0.0022351013,0.0022351013,0
-66.255356,-65.64979,0.0047077714,0.0047077714,0
-66.752594,-65.07884,0.0053354385,0.0053354385,0
-67.24828,-64.48156,0.0015228891,0.0015228891,0
-67.74232,-63.85766,0.0015941414,0.0015941414,0
-68.234436,-63.204247,0.0022776753,0.0022776753,0
-68.72446,-62.520355,0.0033302451,0.0033302451,0
-69.21211,-61.8033,0.015994888,0.015994888,0
-69.69716,-61.051235,0.5057996,0.5057996,2
-70.17931,-60.261806,0.9826941,0.9826941,3
-70.65825,-59.43206,0.9901101,0.9901101,3
-71.13368,-58.560104,0.9905376,0.9905376,3
-71.60516,-57.64163,0.99082804,0.99082804,3
-72.07244,-56.675385,0.99211794,0.99211794,3
-72.53486,-55.655365,0.99042237,0.99042237,3
-72.99226,-54.581257,0.98895824,0.98895824,3
-73.443726,-53.44495,0.985016,0.985016,3
-73.88913,-52.246872,0.9729354,0.9729354,3
-74.32739,-50.977997,0.96599066,0.96599066,3
-74.7583,-49.63798,0.97075856,0.97075856,3
-75.18067,-48.218033,0.98020154,0.98020154,3
-75.59407,-46.716324,0.98047996,0.98047996,3
-75.997314,-45.124916,0.97702813,0.97702813,3
-76.38963,-43.440292,0.9775574,0.9775574,3
-76.769875,-41.65609,0.9674493,0.9674493,3
-77.13688,-39.76703,0.976258,0.976258,3
-77.48957,-37.76921,0.9677883,0.9677883,3
-77.82631,-35.65582,0.35016498,0.35016498,1
-78.14618,-33.426613,0.0089060785,0.0089060785,0
-78.44699,-31.07387,0.0013702424,0.0013702424,0
-78.728165,-28.60231,0.0007564931,0.0007564931,0
-78.98682,-26.004578,0.0006133035,0.0006133035,0
-79.222885,-23.291178,0.0006374023,0.0006374023,0
-79.43295,-20.457928,0.0006402254,0.0006402254,0
-79.6173,-17.520027,0.0006383948,0.0006383948,0
-79.77278,-14.481085,0.0006383351,0.0006383351,0
-79.89954,-11.358679,0.00063835585,0.00063835585,0
-79.99521,-8.165205,0.00063837104,0.00063837104,0
-80.05983,-4.9205513,0.00063837104,0.00063837104,0
-80.09215,-1.6437771,0.00063837104,0.00063837104,0
-80.09215,1.6437771,0.00063837104,0.00063837104,0
-80.05983,4.9205513,0.00063837104,0.00063837104,0
-79.99521,8.165205,0.00063837104,0.00063837104,0
-79.89954,11.358679,0.00063837104,0.00063837104,0
-79.77278,14.481085,0.00063837104,0.00063837104,0
-79.6173,17.520027,0.00063837104,0.00063837104,0
-79.43295,20.457928,0.00063837104,0.00063837104,0
-79.222885,23.291178,0.00063837104,0.00063837104,0
-78.98682,26.004578,0.00063837104,0.00063837104,0
-78.728165,28.60231,0.00063837104,0.00063837104,0
-78.44699,31.07387,0.00063837104,0.00063837104,0
-78.14618,33.426613,0.00063837104,0.00063837104,0
-77.82631,35.65582,0.00063837104,0.00063837104,0
-77.48957,37.76921,0.00063837104,0.00063837104,0
-77.13688,39.76703,0.00063837104,0.00063837104,0
-76.769875,41.65609,0.00063837104,0.00063837104,0
-76.38963,43.440292,0.00063837104,0.00063837104,0
-75.997314,45.124916,0.00063837104,0.00063837104,0
-75.59407,46.716324,0.00063837104,0.00063837104,0
-75.18067,48.218033,0.00063837104,0.00063837104,0
-74.7583,49.63798,0.00063837104,0.00063837104,0
-74.32739,50.977997,0.00063837104,0.00063837104,0
-73.88913,52.246872,0.00063837104,0.00063837104,0
-73.443726,53.44495,0.00063837104,0.00063837104,0
-72.99226,54.581257,0.0006383716,0.0006383716,0
-72.53486,55.655365,0.00063837226,0.00063837226,0
-72.07244,56.675385,0.0006383957,0.0006383957,0
-71.60516,57.64163,0.00063824723,0.00063824723,0
-71.13368,58.560104,0.0006375241,0.0006375241,0
-70.65825,59.43206,0.0006377538,0.0006377538,0
-70.17931,60.261806,0.00064508675,0.00064508675,0
-69.69716,61.051235,0.00064330106,0.00064330106,0
-69.21211,61.8033,0.000807599,0.000807599,0
-68.72446,62.520355,0.0010403596,0.0010403596,0
-68.234436,63.204247,0.002442793,0.002442793,0
-67.74232,63.85766,0.033340797,0.033340797,0
-67.24828,64.48156,0.9382607,0.9382607,3
-66.752594,65.07884,0.9160801,0.9160801,3
-66.255356,65.64979,0.93995327,0.93995327,3
-65.75684,66.19743,0.94254935,0.94254935,3
-65.257126,66.72149,0.9477871,0.9477871,3
-64.75645,67.224915,0.9718527,0.9718527,3
-64.25487,67.70747,0.9595993,0.9595993,3
-63.75258,68.17151,0.96345675,0.96345675,3
-63.249664,68.61711,0.83786774,0.83786774,3
-62.746273,69.04599,0.66717756,0.66717756,2
-62.2425,69.45854,0.5342099,0.5342099,2
-61.73844,69.85593,0.34159526,0.34159526,1
-61.234207,70.23881,0.273679,0.273679,1
-60.729877,70.607925,0.009490248,0.009490248,0
-60.225548,70.96411,0.002028105,0.002028105,0
-59.721294,71.30774,0.0010541737,0.0010541737,0
-59.21719,71.639824,0.00074716023,0.00074716023,0
-58.713318,71.96045,0.00066895544,0.00066895544,0
-58.209732,72.270706,0.00064078,0.00064078,0
-57.70652,72.57048,0.0006365345,0.0006365345,0
-57.203716,72.860916,0.0006378286,0.0006378286,0
-56.70141,73.14177,0.0006384182,0.0006384182,0
-56.19962,73.414116,0.00063645834,0.00063645834,0
-55.698444,73.67781,0.00063851493,0.00063851493,0
-55.19789,73.93364,0.00061591144,0.00061591144,0
-54.698044,74.18164,0.00058596703,0.00058596703,0
-54.19892,74.422386,0.0006016315,0.0006016315,0
-53.700592,74.65604,0.00078726263,0.00078726263,0
-53.84025,-75.54121,0.0012575969,0.0012575969,0
-54.341057,-75.31981,0.0009086667,0.0009086667,0
-54.84272,-75.09161,0.00062122586,0.00062122586,0
-55.34518,-74.85648,0.00063243276,0.00063243276,0
-55.848415,-74.61387,0.0006374557,0.0006374557,0
-56.352356,-74.36373,0.0006379955,0.0006379955,0
-56.85699,-74.10531,0.0006383699,0.0006383699,0
-57.362225,-73.838715,0.00063837104,0.00063837104,0
-57.868042,-73.56294,0.00063837104,0.00063837104,0
-58.374363,-73.27818,0.00063837104,0.00063837104,0
-58.88115,-72.983376,0.00063837104,0.00063837104,0
-59.38832,-72.6786,0.00063837104,0.00063837104,0
-59.895832,-72.36281,0.00063837104,0.00063837104,0
-60.4036,-72.03589,0.00063837104,0.00063837104,0
-60.911564,-71.696884,0.00063837104,0.00063837104,0
-61.419643,-71.345406,0.0006383735,0.0006383735,0
-61.92775,-70.98062,0.00063833944,0.00063833944,0
-62.435814,-70.60183,0.0006382132,0.0006382132,0
-62.943745,-70.20837,0.00063678174,0.00063678174,0
-63.451427,-69.7991,0.00064363657,0.00064363657,0
-63.95878,-69.37361,0.0006452543,0.0006452543,0
-64.465675,-68.930214,0.000667359,0.000667359,0
-64.97203,-68.46881,0.0006981698,0.0006981698,0
-65.47768,-67.98711,0.0010688656,0.0010688656,0
-65.98252,-67.48527,0.0032271086,0.0032271086,0
-66.486374,-66.9604,0.07688662,0.07688662,0
-66.989136,-66.41274,0.027463418,0.027463418,0
-67.4906,-65.83926,0.01034565,0.01034565,0
-67.990616,-65.239655,0.0031708588,0.0031708588,0
-68.48896,-64.61099,0.001926741,0.001926741,0
-68.985466,-63.952286,0.0020155273,0.0020155273,0
-69.47986,-63.260796,0.0028034626,0.0028034626,0
-69.971924,-62.534622,0.0062202723,0.0062202723,0
-70.4614,-61.771317,0.008321734,0.008321734,0
-70.94796,-60.967842,0.005941976,0.005941976,0
-71.43136,-60.122196,0.9254157,0.9254157,3
-71.911125,-59.22989,0.9875395,0.9875395,3
-72.38704,-58.289536,0.9880376,0.9880376,3
-72.85847,-57.294872,0.99294335,0.99294335,3
-73.32525,-56.24537,0.98881567,0.98881567,3
-73.78651,-55.13253,0.98903126,0.98903126,3
-74.24209,-53.956505,0.98515725,0.98515725,3
-74.69096,-52.707695,0.98349655,0.98349655,3
-75.13288,-51.38536,0.98022354,0.98022354,3
-75.5667,-49.97995,0.9793336,0.9793336,3
-75.99196,-48.489044,0.9800463,0.9800463,3
-76.407455,-46.90376,0.9774555,0.9774555,3
-76.81242,-45.2197,0.9826514,0.9826514,3
-77.20564,-43.42934,0.9846896,0.9846896,3
-77.58596,-41.52619,0.97383815,0.97383815,3
-77.95218,-39.505104,0.88090205,0.88090205,3
-78.302605,-37.357613,0.23760033,0.23760033,1
-78.63624,-35.082317,0.008541988,0.008541988,0
-78.95073,-32.669445,0.0010842413,0.0010842413,0
-79.24537,-30.123005,0.00072487234,0.00072487234,0
-79.517075,-27.43337,0.0006350971,0.0006350971,0
-79.76561,-24.611233,0.00063772587,0.00063772587,0
-79.9873,-21.65052,0.0006399528,0.0006399528,0
-80.18225,-18.567738,0.00063821895,0.00063821895,0
-80.34701,-15.366137,0.0006383522,0.0006383522,0
-80.481544,-12.065672,0.0006383641,0.0006383641,0
-80.58323,-8.680512,0.00063837104,0.00063837104,0
-80.65199,-5.234059,0.00063837104,0.00063837104,0
-80.686386,-1.7490114,0.00063837104,0.00063837104,0
-80.686386,1.7490114,0.00063837104,0.00063837104,0
-80.65199,5.234059,0.00063837104,0.00063837104,0
-80.58323,8.680512,0.00063837104,0.00063837104,0
-80.481544,12.065672,0.00063837104,0.00063837104,0
-80.34701,15.366137,0.00063837104,0.00063837104,0
-80.18225,18.567738,0.00063837104,0.00063837104,0
-79.9873,21.65052,0.00063837104,0.00063837104,0
-79.76561,24.611233,0.00063837104,0.00063837104,0
-79.517075,27.43337,0.00063837104,0.00063837104,0
-79.24537,30.123005,0.00063837104,0.00063837104,0
-78.95073,32.669445,0.00063837104,0.00063837104,0
-78.63624,35.082317,0.00063837104,0.00063837104,0
-78.302605,37.357613,0.00063837104,0.00063837104,0
-77.95218,39.505104,0.00063837104,0.00063837104,0
-77.58596,41.52619,0.00063837104,0.00063837104,0
-77.20564,43.42934,0.00063837104,0.00063837104,0
-76.81242,45.2197,0.00063837104,0.00063837104,0
-76.407455,46.90376,0.00063837104,0.00063837104,0
-75.99196,48.489044,0.00063837104,0.00063837104,0
-75.5667,49.97995,0.00063837104,0.00063837104,0
-75.13288,51.38536,0.00063837104,0.00063837104,0
-74.69096,52.707695,0.00063837104,0.00063837104,0
-74.24209,53.956505,0.00063837104,0.00063837104,0
-73.78651,55.13253,0.00063837104,0.00063837104,0
-73.32525,56.24537,0.00063837104,0.00063837104,0
-72.85847,57.294872,0.00063837104,0.00063837104,0
-72.38704,58.289536,0.00063838414,0.00063838414,0
-71.911125,59.22989,0.00063833484,0.00063833484,0
-71.43136,60.122196,0.0006377386,0.0006377386,0
-70.94796,60.967842,0.00063706096,0.00063706096,0
-70.4614,61.771317,0.00063479244,0.00063479244,0
-69.971924,62.534622,0.000679747,0.000679747,0
-69.47986,63.260796,0.00067514565,0.00067514565,0
-68.985466,63.952286,0.0007614386,0.0007614386,0
-68.48896,64.61099,0.0011784139,0.0011784139,0
-67.990616,65.239655,0.010759472,0.010759472,0
-67.4906,65.83926,0.9184297,0.9184297,3
-66.989136,66.41274,0.92338437,0.92338437,3
-66.486374,66.9604,0.9505452,0.9505452,3
-65.98252,67.48527,0.9390675,0.9390675,3
-65.47768,67.98711,0.95435256,0.95435256,3
-64.97203,68.46881,0.98480934,0.98480934,3
-64.465675,68.930214,0.983297,0.983297,3
-63.95878,69.37361,0.97207874,0.97207874,3
-63.451427,69.7991,0.9192449,0.9192449,3
-62.943745,70.20837,0.7624876,0.7624876,3
-62.435814,70.60183,0.58870333,0.58870333,2
-61.92775,70.98062,0.4876543,0.4876543,2
-61.419643,71.345406,0.33259213,0.33259213,1
-60.911564,71.696884,0.014837852,0.014837852,0
-60.4036,72.03589,0.0021293378,0.0021293378,0
-59.895832,72.36281,0.0011026999,0.0011026999,0
-59.38832,72.6786,0.0007318321,0.0007318321,0
-58.88115,72.983376,0.000660631,0.000660631,0
-58.374363,73.27818,0.00063975697,0.00063975697,0
-57.868042,73.56294,0.0006365063,0.0006365063,0
-57.362225,73.838715,0.0006375092,0.0006375092,0
-56.85699,74.10531,0.0006383516,0.0006383516,0
-56.352356,74.36373,0.0006364632,0.0006364632,0
-55.848415,74.61387,0.000638518,0.000638518,0
-55.34518,74.85648,0.0006159117,0.0006159117,0
-54.84272,75.09161,0.00058596703,0.00058596703,0
-54.341057,75.31981,0.0006016315,0.0006016315,0
-53.84025,75.54121,0.00078726263,0.00078726263,0
-53.971672,-76.43367,0.0012575969,0.0012575969,0
-54.474823,-76.22484,0.0009086667,0.0009086667,0
-54.97889,-76.00955,0.00062122586,0.00062122586,0
-55.48383,-75.78766,0.00063243276,0.00063243276,0
-55.989613,-75.55864,0.0006374557,0.0006374557,0
-56.496178,-75.32246,0.0006379955,0.0006379955,0
-57.0035,-75.078384,0.0006383699,0.0006383699,0
-57.51152,-74.82652,0.00063837104,0.00063837104,0
-58.02021,-74.56589,0.00063837104,0.00063837104,0
-58.52948,-74.2967,0.00063837104,0.00063837104,0
-59.039314,-74.01789,0.00063837104,0.00063837104,0
-59.54963,-73.72955,0.00063837104,0.00063837104,0
-60.060387,-73.43068,0.00063837104,0.00063837104,0
-60.571507,-73.12115,0.00063837104,0.00063837104,0
-61.08293,-72.80004,0.00063837104,0.00063837104,0
-61.59459,-72.466965,0.00063837226,0.00063837226,0
-62.106407,-72.121124,0.00063837226,0.00063837226,0
-62.618305,-71.76181,0.00063783646,0.00063783646,0
-63.13019,-71.3884,0.00063653657,0.00063653657,0
-63.64199,-70.99975,0.0006372702,0.0006372702,0
-64.1536,-70.59546,0.00063706917,0.00063706917,0
-64.66492,-70.173904,0.0006456025,0.0006456025,0
-65.17586,-69.734924,0.0007020393,0.0007020393,0
-65.68626,-69.276306,0.00096508255,0.00096508255,0
-66.19606,-68.798164,0.002212864,0.002212864,0
-66.705055,-68.297676,0.021455845,0.021455845,0
-67.213165,-67.775,0.021251157,0.021251157,0
-67.720184,-67.22718,0.23718196,0.23718196,1
-68.22601,-66.65386,0.016739037,0.016739037,0
-68.730385,-66.05214,0.011034251,0.011034251,0
-69.23318,-65.42097,0.002239166,0.002239166,0
-69.73414,-64.75758,0.0013836958,0.0013836958,0
-70.233055,-64.06004,0.0011885172,0.0011885172,0
-70.72968,-63.325855,0.0016129921,0.0016129921,0
-71.22371,-62.551895,0.003484545,0.003484545,0
-71.714905,-61.736046,0.013133095,0.013133095,0
-72.20283,-60.873722,0.005927267,0.005927267,0
-72.687256,-59.963356,0.37557748,0.37557748,1
-73.16762,-58.99849,0.98380935,0.98380935,3
-73.64371,-57.978363,0.9920587,0.9920587,3
-74.114716,-56.894146,0.9875547,0.9875547,3
-74.580475,-55.745678,0.989042,0.989042,3
-75.04001,-54.522842,0.98875016,0.98875016,3
-75.49303,-53.224464,0.97605044,0.97605044,3
-75.93844,-51.840225,0.96893084,0.96893084,3
-76.37575,-50.36708,0.97932786,0.97932786,3
-76.8038,-48.7951,0.97432977,0.97432977,3
-77.221756,-47.11895,0.975338,0.975338,3
-77.62843,-45.32981,0.96700734,0.96700734,3
-78.02258,-43.419785,0.91648716,0.91648716,3
-78.40299,-41.38223,0.0071061784,0.0071061784,0
-78.76788,-39.20671,0.0040683714,0.0040683714,0
-79.11614,-36.89032,0.0029493468,0.0029493468,0
-79.4453,-34.42074,0.0008778266,0.0008778266,0
-79.754486,-31.80083,0.00069149106,0.00069149106,0
-80.04039,-29.018024,0.00064518733,0.00064518733,0
-80.30261,-26.082827,0.00063851464,0.00063851464,0
-80.53716,-22.986542,0.000639146,0.000639146,0
-80.74391,-19.746868,0.00063830294,0.00063830294,0
-80.91905,-16.366291,0.0006383367,0.0006383367,0
-81.06236,-12.867433,0.0006383689,0.0006383689,0
-81.17085,-9.266496,0.00063837104,0.00063837104,0
-81.24431,-5.591252,0.00063837104,0.00063837104,0
-81.28108,-1.8690262,0.00063837104,0.00063837104,0
-81.28108,1.8690262,0.00063837104,0.00063837104,0
-81.24431,5.591252,0.00063837104,0.00063837104,0
-81.17085,9.266496,0.00063837104,0.00063837104,0
-81.06236,12.867433,0.00063837104,0.00063837104,0
-80.91905,16.366291,0.00063837104,0.00063837104,0
-80.74391,19.746868,0.00063837104,0.00063837104,0
-80.53716,22.986542,0.00063837104,0.00063837104,0
-80.30261,26.082827,0.00063837104,0.00063837104,0
-80.04039,29.018024,0.00063837104,0.00063837104,0
-79.754486,31.80083,0.00063837104,0.00063837104,0
-79.4453,34.42074,0.00063837104,0.00063837104,0
-79.11614,36.89032,0.00063837104,0.00063837104,0
-78.76788,39.20671,0.00063837104,0.00063837104,0
-78.40299,41.38223,0.00063837104,0.00063837104,0
-78.02258,43.419785,0.00063837104,0.00063837104,0
-77.62843,45.32981,0.00063837104,0.00063837104,0
-77.221756,47.11895,0.00063837104,0.00063837104,0
-76.8038,48.7951,0.00063837104,0.00063837104,0
-76.37575,50.36708,0.00063837104,0.00063837104,0
-75.93844,51.840225,0.00063837104,0.00063837104,0
-75.49303,53.224464,0.00063837104,0.00063837104,0
-75.04001,54.522842,0.00063837104,0.00063837104,0
-74.580475,55.745678,0.00063837104,0.00063837104,0
-74.114716,56.894146,0.00063837104,0.00063837104,0
-73.64371,57.978363,0.00063837104,0.00063837104,0
-73.16762,58.99849,0.00063837104,0.00063837104,0
-72.687256,59.963356,0.0006383814,0.0006383814,0
-72.20283,60.873722,0.00063831446,0.00063831446,0
-71.714905,61.736046,0.00063807215,0.00063807215,0
-71.22371,62.551895,0.000636712,0.000636712,0
-70.72968,63.325855,0.00064172974,0.00064172974,0
-70.233055,64.06004,0.0006621734,0.0006621734,0
-69.73414,64.75758,0.0006268785,0.0006268785,0
-69.23318,65.42097,0.0010266727,0.0010266727,0
-68.730385,66.05214,0.0011171274,0.0011171274,0
-68.22601,66.65386,0.009760911,0.009760911,0
-67.720184,67.22718,0.5693583,0.5693583,2
-67.213165,67.775,0.8358873,0.8358873,3
-66.705055,68.297676,0.91019386,0.91019386,3
-66.19606,68.798164,0.9646583,0.9646583,3
-65.68626,69.276306,0.97891074,0.97891074,3
-65.17586,69.734924,0.98532087,0.98532087,3
-64.66492,70.173904,0.9868219,0.9868219,3
-64.1536,70.59546,0.97932935,0.97932935,3
-63.64199,70.99975,0.93465143,0.93465143,3
-63.13019,71.3884,0.73417234,0.73417234,3
-62.618305,71.76181,0.559705,0.559705,2
-62.106407,72.121124,0.43266854,0.43266854,2
-61.59459,72.466965,0.36576474,0.36576474,1
-61.08293,72.80004,0.06315193,0.06315193,0
-60.571507,73.12115,0.0034616417,0.0034616417,0
-60.060387,73.43068,0.0013507438,0.0013507438,0
-59.54963,73.72955,0.00078828324,0.00078828324,0
-59.039314,74.01789,0.0006543479,0.0006543479,0
-58.52948,74.2967,0.00064174965,0.00064174965,0
-58.02021,74.56589,0.00063614635,0.00063614635,0
-57.51152,74.82652,0.0006371329,0.0006371329,0
-57.0035,75.078384,0.00063821016,0.00063821016,0
-56.496178,75.32246,0.0006364444,0.0006364444,0
-55.989613,75.55864,0.0006385217,0.0006385217,0
-55.48383,75.78766,0.0006159132,0.0006159132,0
-54.97889,76.00955,0.00058596703,0.00058596703,0
-54.474823,76.22484,0.0006016315,0.0006016315,0
-53.971672,76.43367,0.00078726263,0.00078726263,0
-54.095024,-77.3328,0.0012575969,0.0012575969,0
-54.600388,-77.13683,0.0009086667,0.0009086667,0
-55.10673,-76.93477,0.00062122586,0.00062122586,0
-55.614006,-76.726456,0.00063243276,0.00063243276,0
-56.122208,-76.51139,0.0006374557,0.0006374557,0
-56.63125,-76.28954,0.0006379955,0.0006379955,0
-57.141136,-76.06022,0.0006383699,0.0006383699,0
-57.651783,-75.82351,0.00063837104,0.00063837104,0
-58.16319,-75.57849,0.00063837104,0.00063837104,0
-58.67526,-75.32535,0.00063837104,0.00063837104,0
-59.18798,-75.06306,0.00063837104,0.00063837104,0
-59.701283,-74.79172,0.00063837104,0.00063837104,0
-60.21512,-74.51036,0.00063837104,0.00063837104,0
-60.729424,-74.218864,0.00063837104,0.00063837104,0
-61.24414,-73.91632,0.00063837104,0.00063837104,0
-61.7592,-73.60238,0.0006383729,0.0006383729,0
-62.274544,-73.27626,0.00063838053,0.00063838053,0
-62.79009,-72.93727,0.0006374287,0.0006374287,0
-63.305763,-72.58479,0.00063609995,0.00063609995,0
-63.821484,-72.21774,0.0006342572,0.0006342572,0
-64.337166,-71.83571,0.00062402827,0.00062402827,0
-64.852715,-71.43709,0.00063446246,0.00063446246,0
-65.36803,-71.02176,0.00071462133,0.00071462133,0
-65.882996,-70.587524,0.0009065368,0.0009065368,0
-66.39753,-70.13449,0.0015102028,0.0015102028,0
-66.91146,-69.6599,0.0036188802,0.0036188802,0
-67.424706,-69.16388,0.051157653,0.051157653,0
-67.93708,-68.643524,0.29393777,0.29393777,1
-68.44849,-68.098434,0.6020083,0.6020083,2
-68.95869,-67.525764,0.2181985,0.2181985,1
-69.46757,-66.924416,0.0071464963,0.0071464963,0
-69.97488,-66.29165,0.0013083701,0.0013083701,0
-70.48044,-65.62547,0.0017351477,0.0017351477,0
-70.98402,-64.923355,0.000621333,0.000621333,0
-71.48532,-64.18214,0.00080813596,0.00080813596,0
-71.984116,-63.399605,0.0011825671,0.0011825671,0
-72.480034,-62.571087,0.0017221629,0.0017221629,0
-72.972824,-61.694878,0.013301514,0.013301514,0
-73.46195,-60.764355,0.013396826,0.013396826,0
-73.94724,-59.778538,0.98288757,0.98288757,3
-74.42792,-58.728317,0.98879445,0.98879445,3
-74.903786,-57.61322,0.9835143,0.9835143,3
-75.37395,-56.422638,0.96745443,0.96745443,3
-75.83809,-55.15497,0.6868198,0.6868198,2
-76.29517,-53.799137,0.24200672,0.24200672,1
-76.74468,-52.35143,0.0051312814,0.0051312814,0
-77.18548,-50.80085,0.0038883106,0.0038883106,0
-77.616745,-49.141052,0.004199224,0.004199224,0
-78.03726,-47.361786,0.0051736473,0.0051736473,0
-78.44575,-45.453583,0.008531616,0.008531616,0
-78.84096,-43.408054,0.0032031122,0.0032031122,0
-79.22104,-41.21246,0.0016751662,0.0016751662,0
-79.58479,-38.861996,0.0009648923,0.0009648923,0
-79.9296,-36.341183,0.00071472273,0.00071472273,0
-80.25444,-33.651245,0.00066820666,0.00066820666,0
-80.555786,-30.775772,0.0006472175,0.0006472175,0
-80.833015,-27.724579,0.0006392045,0.0006392045,0
-81.08174,-24.485325,0.0006383957,0.0006383957,0
-81.301636,-21.076637,0.00063832663,0.00063832663,0
-81.488434,-17.49955,0.00063835067,0.00063835067,0
-81.64164,-13.779629,0.00063837046,0.00063837046,0
-81.75787,-9.935343,0.00063837104,0.00063837104,0
-81.83668,-5.999878,0.00063837104,0.00063837104,0
-81.876175,-2.0064812,0.00063837104,0.00063837104,0
-81.876175,2.0064812,0.00063837104,0.00063837104,0
-81.83668,5.999878,0.00063837104,0.00063837104,0
-81.75787,9.935343,0.00063837104,0.00063837104,0
-81.64164,13.779629,0.00063837104,0.00063837104,0
-81.488434,17.49955,0.00063837104,0.00063837104,0
-81.301636,21.076637,0.00063837104,0.00063837104,0
-81.08174,24.485325,0.00063837104,0.00063837104,0
-80.833015,27.724579,0.00063837104,0.00063837104,0
-80.555786,30.775772,0.00063837104,0.00063837104,0
-80.25444,33.651245,0.00063837104,0.00063837104,0
-79.9296,36.341183,0.00063837104,0.00063837104,0
-79.58479,38.861996,0.00063837104,0.00063837104,0
-79.22104,41.21246,0.00063837104,0.00063837104,0
-78.84096,43.408054,0.00063837104,0.00063837104,0
-78.44575,45.453583,0.00063837104,0.00063837104,0
-78.03726,47.361786,0.00063837104,0.00063837104,0
-77.616745,49.141052,0.00063837104,0.00063837104,0
-77.18548,50.80085,0.00063837104,0.00063837104,0
-76.74468,52.35143,0.00063837104,0.00063837104,0
-76.29517,53.799137,0.00063837104,0.00063837104,0
-75.83809,55.15497,0.00063837104,0.00063837104,0
-75.37395,56.422638,0.00063837104,0.00063837104,0
-74.903786,57.61322,0.00063837104,0.00063837104,0
-74.42792,58.728317,0.00063837104,0.00063837104,0
-73.94724,59.778538,0.00063837104,0.00063837104,0
-73.46195,60.764355,0.00063837104,0.00063837104,0
-72.972824,61.694878,0.00063838443,0.00063838443,0
-72.480034,62.571087,0.0006381454,0.0006381454,0
-71.984116,63.399605,0.00063807965,0.00063807965,0
-71.48532,64.18214,0.000636641,0.000636641,0
-70.98402,64.923355,0.00064422074,0.00064422074,0
-70.48044,65.62547,0.0006441769,0.0006441769,0
-69.97488,66.29165,0.00064375857,0.00064375857,0
-69.46757,66.924416,0.0008386412,0.0008386412,0
-68.95869,67.525764,0.0012291337,0.0012291337,0
-68.44849,68.098434,0.006833003,0.006833003,0
-67.93708,68.643524,0.259354,0.259354,1
-67.424706,69.16388,0.632318,0.632318,2
-66.91146,69.6599,0.7640058,0.7640058,3
-66.39753,70.13449,0.94448,0.94448,3
-65.882996,70.587524,0.9755111,0.9755111,3
-65.36803,71.02176,0.98126525,0.98126525,3
-64.852715,71.43709,0.9864053,0.9864053,3
-64.337166,71.83571,0.9764376,0.9764376,3
-63.821484,72.21774,0.93968433,0.93968433,3
-63.305763,72.58479,0.7786836,0.7786836,3
-62.79009,72.93727,0.6385119,0.6385119,2
-62.274544,73.27626,0.5551656,0.5551656,2
-61.7592,73.60238,0.5719729,0.5719729,2
-61.24414,73.91632,0.3529604,0.3529604,1
-60.729424,74.218864,0.014286076,0.014286076,0
-60.21512,74.51036,0.0013964562,0.0013964562,0
-59.701283,74.79172,0.00096653606,0.00096653606,0
-59.18798,75.06306,0.000655961,0.000655961,0
-58.67526,75.32535,0.00064344704,0.00064344704,0
-58.16319,75.57849,0.00063580845,0.00063580845,0
-57.651783,75.82351,0.0006362852,0.0006362852,0
-57.141136,76.06022,0.00063790276,0.00063790276,0
-56.63125,76.28954,0.00063637766,0.00063637766,0
-56.122208,76.51139,0.00063852227,0.00063852227,0
-55.614006,76.726456,0.0006159152,0.0006159152,0
-55.10673,76.93477,0.00058596703,0.00058596703,0
-54.600388,77.13683,0.0006016315,0.0006016315,0
-54.095024,77.3328,0.00078726263,0.00078726263,0
-54.210136,-78.2383,0.0012575969,0.0012575969,0
-54.71757,-78.05549,0.0009086667,0.0009086667,0
-55.22606,-77.86694,0.00062122586,0.00062122586,0
-55.73554,-77.67253,0.00063243276,0.00063243276,0
-56.246,-77.47178,0.0006374557,0.0006374557,0
-56.757378,-77.26463,0.0006379955,0.0006379955,0
-57.26967,-77.05045,0.0006383699,0.0006383699,0
-57.782784,-76.82933,0.00063837104,0.00063837104,0
-58.296753,-76.60036,0.00063837104,0.00063837104,0
-58.811455,-76.36373,0.00063837104,0.00063837104,0
-59.326904,-76.11847,0.00063837104,0.00063837104,0
-59.843014,-75.864685,0.00063837104,0.00063837104,0
-60.359764,-75.6014,0.00063837104,0.00063837104,0
-60.87707,-75.32855,0.00063837104,0.00063837104,0
-61.3949,-75.04525,0.00063837104,0.00063837104,0
-61.913177,-74.75116,0.0006383738,0.0006383738,0
-62.43185,-74.44552,0.0006383516,0.0006383516,0
-62.95085,-74.12767,0.00063705735,0.00063705735,0
-63.470108,-73.79702,0.00063606113,0.00063606113,0
-63.98954,-73.452515,0.00063318515,0.00063318515,0
-64.50908,-73.09376,0.0006199835,0.0006199835,0
-65.02863,-72.7192,0.0006367623,0.0006367623,0
-65.54811,-72.32871,0.00075769034,0.00075769034,0
-66.06742,-71.92016,0.0010110567,0.0010110567,0
-66.58647,-71.493645,0.0015966797,0.0015966797,0
-67.10511,-71.04648,0.003975029,0.003975029,0
-67.62326,-70.57878,0.012205206,0.012205206,0
-68.140755,-70.087685,0.3432696,0.3432696,1
-68.65749,-69.5728,0.7659892,0.7659892,3
-69.17328,-69.03132,0.87804925,0.87804925,3
-69.687996,-68.46213,0.012294421,0.012294421,0
-70.201416,-67.862526,0.0015661385,0.0015661385,0
-70.71338,-67.2305,0.000943071,0.000943071,0
-71.22366,-66.5635,0.0009203272,0.0009203272,0
-71.732,-65.85837,0.0007498254,0.0007498254,0
-72.23818,-65.1128,0.000759949,0.000759949,0
-72.74185,-64.322105,0.00068339426,0.00068339426,0
-73.2428,-63.48444,0.0013892389,0.0013892389,0
-73.7405,-62.593082,0.0029200895,0.0029200895,0
-74.2348,-61.646843,0.011507108,0.011507108,0
-74.72497,-60.636406,0.9525272,0.9525272,3
-75.21084,-59.560986,0.14524838,0.14524838,0
-75.69153,-58.409573,0.005700505,0.005700505,0
-76.16674,-57.18009,0.009506124,0.009506124,0
-76.635506,-55.860813,0.0072010625,0.0072010625,0
-77.097275,-54.447315,0.0018572625,0.0018572625,0
-77.55097,-52.92755,0.0013620231,0.0013620231,0
-77.995766,-51.29406,0.0012099786,0.0012099786,0
-78.430435,-49.535103,0.0015954535,0.0015954535,0
-78.853714,-47.639473,0.0019300221,0.0019300221,0
-79.2643,-45.596783,0.001107885,0.001107885,0
-79.66031,-43.39165,0.0008338482,0.0008338482,0
-80.040405,-41.016888,0.0006575932,0.0006575932,0
-80.40191,-38.4532,0.0006146316,0.0006146316,0
-80.74361,-35.699467,0.00063189655,0.00063189655,0
-81.06172,-32.734352,0.0006386178,0.0006386178,0
-81.35539,-29.56619,0.00063861936,0.00063861936,0
-81.619865,-26.177574,0.000638368,0.000638368,0
-81.85447,-22.587498,0.00063833914,0.00063833914,0
-82.05443,-18.79448,0.00063835795,0.00063835795,0
-82.21892,-14.827173,0.00063837104,0.00063837104,0
-82.34402,-10.706463,0.00063837104,0.00063837104,0
-82.42899,-6.4723034,0.00063837104,0.00063837104,0
-82.471634,-2.1656241,0.00063837104,0.00063837104,0
-82.471634,2.1656241,0.00063837104,0.00063837104,0
-82.42899,6.4723034,0.00063837104,0.00063837104,0
-82.34402,10.706463,0.00063837104,0.00063837104,0
-82.21892,14.827173,0.00063837104,0.00063837104,0
-82.05443,18.79448,0.00063837104,0.00063837104,0
-81.85447,22.587498,0.00063837104,0.00063837104,0
-81.619865,26.177574,0.00063837104,0.00063837104,0
-81.35539,29.56619,0.00063837104,0.00063837104,0
-81.06172,32.734352,0.00063837104,0.00063837104,0
-80.74361,35.699467,0.00063837104,0.00063837104,0
-80.40191,38.4532,0.00063837104,0.00063837104,0
-80.040405,41.016888,0.00063837104,0.00063837104,0
-79.66031,43.39165,0.00063837104,0.00063837104,0
-79.2643,45.596783,0.00063837104,0.00063837104,0
-78.853714,47.639473,0.00063837104,0.00063837104,0
-78.430435,49.535103,0.00063837104,0.00063837104,0
-77.995766,51.29406,0.00063837104,0.00063837104,0
-77.55097,52.92755,0.00063837104,0.00063837104,0
-77.097275,54.447315,0.00063837104,0.00063837104,0
-76.635506,55.860813,0.00063837104,0.00063837104,0
-76.16674,57.18009,0.00063837104,0.00063837104,0
-75.69153,58.409573,0.00063837104,0.00063837104,0
-75.21084,59.560986,0.00063837104,0.00063837104,0
-74.72497,60.636406,0.00063837104,0.00063837104,0
-74.2348,61.646843,0.00063837104,0.00063837104,0
-73.7405,62.593082,0.00063837104,0.00063837104,0
-73.2428,63.48444,0.00063839264,0.00063839264,0
-72.74185,64.322105,0.000637814,0.000637814,0
-72.23818,65.1128,0.0006374309,0.0006374309,0
-71.732,65.85837,0.0006336409,0.0006336409,0
-71.22366,66.5635,0.0006443543,0.0006443543,0
-70.71338,67.2305,0.0006622403,0.0006622403,0
-70.201416,67.862526,0.0006701218,0.0006701218,0
-69.687996,68.46213,0.0008327132,0.0008327132,0
-69.17328,69.03132,0.0015456069,0.0015456069,0
-68.65749,69.5728,0.009350566,0.009350566,0
-68.140755,70.087685,0.33502996,0.33502996,1
-67.62326,70.57878,0.7818992,0.7818992,3
-67.10511,71.04648,0.8360936,0.8360936,3
-66.58647,71.493645,0.9354642,0.9354642,3
-66.06742,71.92016,0.965059,0.965059,3
-65.54811,72.32871,0.97052705,0.97052705,3
-65.02863,72.7192,0.97171164,0.97171164,3
-64.50908,73.09376,0.9751688,0.9751688,3
-63.98954,73.452515,0.94887316,0.94887316,3
-63.470108,73.79702,0.79068404,0.79068404,3
-62.95085,74.12767,0.74232435,0.74232435,3
-62.43185,74.44552,0.7218549,0.7218549,3
-61.913177,74.75116,0.6314447,0.6314447,2
-61.3949,75.04525,0.50823915,0.50823915,2
-60.87707,75.32855,0.015261393,0.015261393,0
-60.359764,75.6014,0.00163437,0.00163437,0
-59.843014,75.864685,0.0010139714,0.0010139714,0
-59.326904,76.11847,0.00072295417,0.00072295417,0
-58.811455,76.36373,0.00064109097,0.00064109097,0
-58.296753,76.60036,0.00063698995,0.00063698995,0
-57.782784,76.82933,0.00063530146,0.00063530146,0
-57.26967,77.05045,0.00063721277,0.00063721277,0
-56.757378,77.26463,0.00063623604,0.00063623604,0
-56.246,77.47178,0.00063850614,0.00063850614,0
-55.73554,77.67253,0.000615919,0.000615919,0
-55.22606,77.86694,0.0005859679,0.0005859679,0
-54.71757,78.05549,0.0006016315,0.0006016315,0
-54.210136,78.2383,0.00078726263,0.00078726263,0
-54.316742,-79.14987,0.0012575969,0.0012575969,0
-54.826115,-78.9805,0.0009086667,0.0009086667,0
-55.336594,-78.805786,0.00062122586,0.00062122586,0
-55.848118,-78.625595,0.00063243276,0.00063243276,0
-56.360695,-78.43947,0.0006374557,0.0006374557,0
-56.874245,-78.24739,0.0006379955,0.0006379955,0
-57.388786,-78.04875,0.0006383699,0.0006383699,0
-57.904213,-77.84359,0.00063837104,0.00063837104,0
-58.420567,-77.6311,0.00063837104,0.00063837104,0
-58.937737,-77.41145,0.00063837104,0.00063837104,0
-59.455734,-77.18373,0.00063837104,0.00063837104,0
-59.974472,-76.948,0.00063837104,0.00063837104,0
-60.493942,-76.703384,0.00063837104,0.00063837104,0
-61.01406,-76.449776,0.00063837104,0.00063837104,0
-61.5348,-76.18637,0.00063837104,0.00063837104,0
-62.05609,-75.91281,0.00063837564,0.00063837564,0
-62.577892,-75.6284,0.00063827675,0.00063827675,0
-63.100136,-75.332504,0.00063663156,0.00063663156,0
-63.62275,-75.02455,0.0006355412,0.0006355412,0
-64.14569,-74.70354,0.000630738,0.000630738,0
-64.668846,-74.369064,0.00061566196,0.00061566196,0
-65.192184,-74.019684,0.00064978,0.00064978,0
-65.71559,-73.65521,0.00079670904,0.00079670904,0
-66.23898,-73.27365,0.0010658096,0.0010658096,0
-66.76229,-72.87505,0.0018448549,0.0018448549,0
-67.285385,-72.45685,0.0068061003,0.0068061003,0
-67.80817,-72.019104,0.10907929,0.10907929,0
-68.33052,-71.5591,0.5733052,0.5733052,2
-68.85232,-71.0764,0.10648268,0.10648268,0
-69.37341,-70.56827,0.009509236,0.009509236,0
-69.893684,-70.033615,0.0071152006,0.0071152006,0
-70.41294,-69.469765,0.0012669818,0.0012669818,0
-70.93101,-68.87474,0.0011290223,0.0011290223,0
-71.44771,-68.246,0.00071748253,0.00071748253,0
-71.96279,-67.5804,0.00087267725,0.00087267725,0
-72.47606,-66.87561,0.00081010436,0.00081010436,0
-72.98721,-66.12693,0.00085757824,0.00085757824,0
-73.49602,-65.33243,0.00067170657,0.00067170657,0
-74.002045,-64.485344,0.0012695387,0.0012695387,0
-74.5051,-63.584312,0.004132439,0.004132439,0
-75.00453,-62.619896,0.021228407,0.021228407,0
-75.50018,-61.591015,0.004094145,0.004094145,0
-75.99123,-60.48635,0.0027727277,0.0027727277,0
-76.47737,-59.30342,0.0020622136,0.0020622136,0
-76.95771,-58.02987,0.0017483731,0.0017483731,0
-77.431725,-56.66059,0.0010226347,0.0010226347,0
-77.89836,-55.182556,0.0007472695,0.0007472695,0
-78.35681,-53.587166,0.00062605063,0.00062605063,0
-78.80588,-51.861137,0.00058447354,0.00058447354,0
-79.24431,-49.991383,0.0006231543,0.0006231543,0
-79.670784,-47.965332,0.0005883387,0.0005883387,0
-80.083374,-45.76458,0.0006074463,0.0006074463,0
-80.4807,-43.37905,0.00058700144,0.00058700144,0
-80.85996,-40.784897,0.0006124239,0.0006124239,0
-81.21976,-37.97775,0.00063349213,0.00063349213,0
-81.55614,-34.929955,0.0006385725,0.0006385725,0
-81.867905,-31.647182,0.00063829654,0.00063829654,0
-82.14992,-28.104961,0.00063834427,0.00063834427,0
-82.401085,-24.321598,0.0006383598,0.0006383598,0
-82.61606,-20.291307,0.00063836377,0.00063836377,0
-82.7935,-16.045677,0.00063837104,0.00063837104,0
-82.92889,-11.607946,0.00063837104,0.00063837104,0
-83.02108,-7.0265794,0.00063837104,0.00063837104,0
-83.067406,-2.3526845,0.00063837104,0.00063837104,0
-83.067406,2.3526845,0.00063837104,0.00063837104,0
-83.02108,7.0265794,0.00063837104,0.00063837104,0
-82.92889,11.607946,0.00063837104,0.00063837104,0
-82.7935,16.045677,0.00063837104,0.00063837104,0
-82.61606,20.291307,0.00063837104,0.00063837104,0
-82.401085,24.321598,0.00063837104,0.00063837104,0
-82.14992,28.104961,0.00063837104,0.00063837104,0
-81.867905,31.647182,0.00063837104,0.00063837104,0
-81.55614,34.929955,0.00063837104,0.00063837104,0
-81.21976,37.97775,0.00063837104,0.00063837104,0
-80.85996,40.784897,0.00063837104,0.00063837104,0
-80.4807,43.37905,0.00063837104,0.00063837104,0
-80.083374,45.76458,0.00063837104,0.00063837104,0
-79.670784,47.965332,0.00063837104,0.00063837104,0
-79.24431,49.991383,0.00063837104,0.00063837104,0
-78.80588,51.861137,0.00063837104,0.00063837104,0
-78.35681,53.587166,0.00063837104,0.00063837104,0
-77.89836,55.182556,0.00063837104,0.00063837104,0
-77.431725,56.66059,0.00063837104,0.00063837104,0
-76.95771,58.02987,0.00063837104,0.00063837104,0
-76.47737,59.30342,0.00063837104,0.00063837104,0
-75.99123,60.48635,0.00063837104,0.00063837104,0
-75.50018,61.591015,0.00063837104,0.00063837104,0
-75.00453,62.619896,0.00063837104,0.00063837104,0
-74.5051,63.584312,0.00063837104,0.00063837104,0
-74.002045,64.485344,0.00063837104,0.00063837104,0
-73.49602,65.33243,0.0006383994,0.0006383994,0
-72.98721,66.12693,0.0006374427,0.0006374427,0
-72.47606,66.87561,0.0006367132,0.0006367132,0
-71.96279,67.5804,0.00062669604,0.00062669604,0
-71.44771,68.246,0.00062029314,0.00062029314,0
-70.93101,68.87474,0.0006335727,0.0006335727,0
-70.41294,69.469765,0.0006570278,0.0006570278,0
-69.893684,70.033615,0.000997944,0.000997944,0
-69.37341,70.56827,0.0017669566,0.0017669566,0
-68.85232,71.0764,0.009431673,0.009431673,0
-68.33052,71.5591,0.6205944,0.6205944,2
-67.80817,72.019104,0.9307576,0.9307576,3
-67.285385,72.45685,0.9431953,0.9431953,3
-66.76229,72.87505,0.9421637,0.9421637,3
-66.23898,73.27365,0.9467257,0.9467257,3
-65.71559,73.65521,0.95587546,0.95587546,3
-65.192184,74.019684,0.95738614,0.95738614,3
-64.668846,74.369064,0.9571947,0.9571947,3
-64.14569,74.70354,0.89862907,0.89862907,3
-63.62275,75.02455,0.79430884,0.79430884,3
-63.100136,75.332504,0.73223543,0.73223543,3
-62.577892,75.6284,0.69780767,0.69780767,2
-62.05609,75.91281,0.59980816,0.59980816,2
-61.5348,76.18637,0.4504448,0.4504448,2
-61.01406,76.449776,0.021856625,0.021856625,0
-60.493942,76.703384,0.0022645646,0.0022645646,0
-59.974472,76.948,0.0011509291,0.0011509291,0
-59.455734,77.18373,0.00084102433,0.00084102433,0
-58.937737,77.41145,0.0006622072,0.0006622072,0
-58.420567,77.6311,0.0006409626,0.0006409626,0
-57.904213,77.84359,0.0006358151,0.0006358151,0
-57.388786,78.04875,0.00063651387,0.00063651387,0
-56.874245,78.24739,0.00063593994,0.00063593994,0
-56.360695,78.43947,0.0006384459,0.0006384459,0
-55.848118,78.625595,0.00061591936,0.00061591936,0
-55.336594,78.805786,0.00058596843,0.00058596843,0
-54.826115,78.9805,0.0006016315,0.0006016315,0
-54.316742,79.14987,0.00078726263,0.00078726263,0
-54.415073,-80.06692,0.0012575969,0.0012575969,0
-54.926247,-79.911224,0.0009086667,0.0009086667,0
-55.438576,-79.75061,0.00062122586,0.00062122586,0
-55.952003,-79.584915,0.00063243276,0.00063243276,0
-56.46654,-79.41375,0.0006374557,0.0006374557,0
-56.98211,-79.23705,0.0006379955,0.0006379955,0
-57.498734,-79.05426,0.0006383699,0.0006383699,0
-58.016315,-78.865456,0.00063837104,0.00063837104,0
-58.534885,-78.66985,0.00063837104,0.00063837104,0
-59.054348,-78.4676,0.00063837104,0.00063837104,0
-59.574715,-78.25785,0.00063837104,0.00063837104,0
-60.095898,-78.040665,0.00063837104,0.00063837104,0
-60.617897,-77.815216,0.00063837104,0.00063837104,0
-61.140633,-77.58141,0.00063837104,0.00063837104,0
-61.664093,-77.33849,0.00063837104,0.00063837104,0
-62.188198,-77.08612,0.0006383781,0.0006383781,0
-62.712914,-76.82363,0.00063818553,0.00063818553,0
-63.238182,-76.55042,0.00063631305,0.00063631305,0
-63.76394,-76.265976,0.0006343944,0.0006343944,0
-64.29014,-75.969315,0.00062584784,0.00062584784,0
-64.8167,-75.660065,0.0006121414,0.0006121414,0
-65.34357,-75.336876,0.00066512334,0.00066512334,0
-65.87065,-74.99953,0.0008076472,0.0008076472,0
-66.39788,-74.64616,0.0011027829,0.0011027829,0
-66.92519,-74.27678,0.0026558456,0.0026558456,0
-67.45246,-73.88897,0.015718833,0.015718833,0
-67.97961,-73.48275,0.38253188,0.38253188,1
-68.50652,-73.05554,0.5915833,0.5915833,2
-69.03311,-72.606865,0.93853974,0.93853974,3
-69.55922,-72.13414,0.53186417,0.53186417,2
-70.08474,-71.63625,0.007373444,0.007373444,0
-70.609505,-71.11065,0.0017370716,0.0017370716,0
-71.13337,-70.55536,0.0014314272,0.0014314272,0
-71.656166,-69.96789,0.0009976024,0.0009976024,0
-72.17768,-69.34513,0.0010347157,0.0010347157,0
-72.69772,-68.684784,0.00097418495,0.00097418495,0
-73.21601,-67.982216,0.0008537096,0.0008537096,0
-73.73237,-67.2354,0.0011206458,0.0011206458,0
-74.24638,-66.43764,0.0006156074,0.0006156074,0
-74.75788,-65.58742,0.0011995878,0.0011995878,0
-75.26629,-64.67528,0.002126196,0.002126196,0
-75.77142,-63.69988,0.0011831124,0.0011831124,0
-76.27256,-62.649734,0.0009818297,0.0009818297,0
-76.76942,-61.521946,0.0007560941,0.0007560941,0
-77.26115,-60.30371,0.0007017122,0.0007017122,0
-77.74725,-58.989285,0.0006964802,0.0006964802,0
-78.22676,-57.56473,0.0006936894,0.0006936894,0
-78.69888,-56.020344,0.0006751421,0.0006751421,0
-79.16247,-54.34133,0.00065189175,0.00065189175,0
-79.61629,-52.512688,0.0006140393,0.0006140393,0
-80.05902,-50.519463,0.00059754093,0.00059754093,0
-80.48877,-48.33999,0.0005906516,0.0005906516,0
-80.904076,-45.960808,0.0006157791,0.0006157791,0
-81.302086,-43.352745,0.0006343228,0.0006343228,0
-81.68122,-40.50717,0.0006372301,0.0006372301,0
-82.037346,-37.388523,0.0006382336,0.0006382336,0
-82.36893,-33.998238,0.0006382302,0.0006382302,0
-82.67041,-30.30211,0.0006383312,0.0006383312,0
-82.94022,-26.316034,0.0006383696,0.0006383696,0
-83.17231,-22.027208,0.0006383686,0.0006383686,0
-83.364716,-17.469404,0.00063837104,0.00063837104,0
-83.51211,-12.667647,0.00063837104,0.00063837104,0
-83.61276,-7.6809793,0.00063837104,0.00063837104,0
-83.66343,-2.574033,0.00063837104,0.00063837104,0
-83.66343,2.574033,0.00063837104,0.00063837104,0
-83.61276,7.6809793,0.00063837104,0.00063837104,0
-83.51211,12.667647,0.00063837104,0.00063837104,0
-83.364716,17.469404,0.00063837104,0.00063837104,0
-83.17231,22.027208,0.00063837104,0.00063837104,0
-82.94022,26.316034,0.00063837104,0.00063837104,0
-82.67041,30.30211,0.00063837104,0.00063837104,0
-82.36893,33.998238,0.00063837104,0.00063837104,0
-82.037346,37.388523,0.00063837104,0.00063837104,0
-81.68122,40.50717,0.00063837104,0.00063837104,0
-81.302086,43.352745,0.00063837104,0.00063837104,0
-80.904076,45.960808,0.00063837104,0.00063837104,0
-80.48877,48.33999,0.00063837104,0.00063837104,0
-80.05902,50.519463,0.00063837104,0.00063837104,0
-79.61629,52.512688,0.00063837104,0.00063837104,0
-79.16247,54.34133,0.00063837104,0.00063837104,0
-78.69888,56.020344,0.00063837104,0.00063837104,0
-78.22676,57.56473,0.00063837104,0.00063837104,0
-77.74725,58.989285,0.00063837104,0.00063837104,0
-77.26115,60.30371,0.00063837104,0.00063837104,0
-76.76942,61.521946,0.00063837104,0.00063837104,0
-76.27256,62.649734,0.00063837104,0.00063837104,0
-75.77142,63.69988,0.00063837104,0.00063837104,0
-75.26629,64.67528,0.00063837104,0.00063837104,0
-74.75788,65.58742,0.00063837104,0.00063837104,0
-74.24638,66.43764,0.00063837104,0.00063837104,0
-73.73237,67.2354,0.0006384045,0.0006384045,0
-73.21601,67.982216,0.0006372911,0.0006372911,0
-72.69772,68.684784,0.0006367022,0.0006367022,0
-72.17768,69.34513,0.00062719494,0.00062719494,0
-71.656166,69.96789,0.0006113441,0.0006113441,0
-71.13337,70.55536,0.0006016343,0.0006016343,0
-70.609505,71.11065,0.000887629,0.000887629,0
-70.08474,71.63625,0.0032704636,0.0032704636,0
-69.55922,72.13414,0.01877911,0.01877911,0
-69.03311,72.606865,0.014392526,0.014392526,0
-68.50652,73.05554,0.62376916,0.62376916,2
-67.97961,73.48275,0.9188117,0.9188117,3
-67.45246,73.88897,0.9532702,0.9532702,3
-66.92519,74.27678,0.9304229,0.9304229,3
-66.39788,74.64616,0.92847806,0.92847806,3
-65.87065,74.99953,0.9070202,0.9070202,3
-65.34357,75.336876,0.91563,0.91563,3
-64.8167,75.660065,0.9252488,0.9252488,3
-64.29014,75.969315,0.8058388,0.8058388,3
-63.76394,76.265976,0.73623425,0.73623425,3
-63.238182,76.55042,0.70574,0.70574,3
-62.712914,76.82363,0.64239556,0.64239556,2
-62.188198,77.08612,0.5443933,0.5443933,2
-61.664093,77.33849,0.3565707,0.3565707,1
-61.140633,77.58141,0.022373779,0.022373779,0
-60.617897,77.815216,0.003774067,0.003774067,0
-60.095898,78.040665,0.0013854429,0.0013854429,0
-59.574715,78.25785,0.0010113028,0.0010113028,0
-59.054348,78.4676,0.00072593073,0.00072593073,0
-58.534885,78.66985,0.00064562773,0.00064562773,0
-58.016315,78.865456,0.0006367123,0.0006367123,0
-57.498734,79.05426,0.0006359496,0.0006359496,0
-56.98211,79.23705,0.00063528656,0.00063528656,0
-56.46654,79.41375,0.0006383598,0.0006383598,0
-55.952003,79.584915,0.0006158999,0.0006158999,0
-55.438576,79.75061,0.0005859704,0.0005859704,0
-54.926247,79.911224,0.0006016315,0.0006016315,0
-54.415073,80.06692,0.00078726263,0.00078726263,0
-54.50461,-80.989265,0.0012575969,0.0012575969,0
-55.017426,-80.84753,0.0009086667,0.0009086667,0
-55.53144,-80.70126,0.00062122586,0.00062122586,0
-56.046608,-80.550354,0.00063243276,0.00063243276,0
-56.562946,-80.394424,0.0006374557,0.0006374557,0
-57.080368,-80.233444,0.0006379955,0.0006379955,0
-57.5989,-80.066864,0.0006383699,0.0006383699,0
-58.118446,-79.89476,0.00063837104,0.00063837104,0
-58.639053,-79.71642,0.00063837104,0.00063837104,0
-59.160614,-79.53198,0.00063837104,0.00063837104,0
-59.68316,-79.340645,0.00063837104,0.00063837104,0
-60.20659,-79.14249,0.00063837104,0.00063837104,0
-60.73092,-78.93673,0.00063837075,0.00063837075,0
-61.256065,-78.72328,0.00063837075,0.00063837075,0
-61.782013,-78.50143,0.0006383716,0.0006383716,0
-62.30871,-78.270874,0.00063838356,0.00063838356,0
-62.836105,-78.03099,0.00063813536,0.00063813536,0
-63.364162,-77.78123,0.00063623604,0.00063623604,0
-63.892815,-77.521065,0.000634318,0.000634318,0
-64.42203,-77.24964,0.00062414305,0.00062414305,0
-64.95172,-76.96656,0.00061210117,0.00061210117,0
-65.48185,-76.67056,0.0006723544,0.0006723544,0
-66.01234,-76.361465,0.00083762413,0.00083762413,0
-66.54312,-76.0375,0.0013345109,0.0013345109,0
-67.07413,-75.69867,0.0058461237,0.0058461237,0
-67.60527,-75.34268,0.13640887,0.13640887,0
-68.13647,-74.96957,0.49427623,0.49427623,2
-68.66763,-74.576866,0.5751647,0.5751647,2
-69.19866,-74.16414,0.8392221,0.8392221,3
-69.72943,-73.72892,0.9525752,0.9525752,3
-70.25986,-73.27012,0.015309962,0.015309962,0
-70.78979,-72.7853,0.008813703,0.008813703,0
-71.31908,-72.27255,0.0035632167,0.0035632167,0
-71.84758,-71.72946,0.0029848076,0.0029848076,0
-72.37513,-71.153046,0.0027717128,0.0027717128,0
-72.90155,-70.541016,0.0018590647,0.0018590647,0
-73.42658,-69.88887,0.0009796867,0.0009796867,0
-73.95007,-69.194534,0.00081707747,0.00081707747,0
-74.47167,-68.45151,0.0008249615,0.0008249615,0
-74.99121,-67.65811,0.0007007435,0.0007007435,0
-75.50818,-66.80504,0.00094267656,0.00094267656,0
-76.0224,-65.89072,0.00068533915,0.00068533915,0
-76.53326,-64.90366,0.0006986014,0.0006986014,0
-77.04046,-63.840645,0.0006207574,0.0006207574,0
-77.54326,-62.688576,0.0005992148,0.0005992148,0
-78.04118,-61.441177,0.00060109183,0.00060109183,0
-78.53334,-60.083786,0.00061399426,0.00061399426,0
-79.01899,-58.605705,0.00062827393,0.00062827393,0
-79.49704,-56.99073,0.00063295104,0.00063295104,0
-79.96634,-55.222015,0.0006344673,0.0006344673,0
-80.42558,-53.28219,0.0006322655,0.0006322655,0
-80.87293,-51.146145,0.00063184893,0.00063184893,0
-81.30688,-48.796604,0.0006356624,0.0006356624,0
-81.72458,-46.19832,0.0006375797,0.0006375797,0
-82.12431,-43.33725,0.00063774805,0.00063774805,0
-82.501785,-40.16794,0.0006380505,0.0006380505,0
-82.85515,-36.68538,0.0006383285,0.0006383285,0
-83.17841,-32.841908,0.0006383516,0.0006383516,0
-83.469406,-28.647945,0.0006383689,0.0006383689,0
-83.72125,-24.079056,0.00063837046,0.00063837046,0
-83.93123,-19.169136,0.00063837104,0.00063837104,0
-84.092896,-13.943208,0.00063837104,0.00063837104,0
-84.203735,-8.473409,0.00063837104,0.00063837104,0
-84.25967,-2.842908,0.00063837104,0.00063837104,0
-84.25967,2.842908,0.00063837104,0.00063837104,0
-84.203735,8.473409,0.00063837104,0.00063837104,0
-84.092896,13.943208,0.00063837104,0.00063837104,0
-83.93123,19.169136,0.00063837104,0.00063837104,0
-83.72125,24.079056,0.00063837104,0.00063837104,0
-83.469406,28.647945,0.00063837104,0.00063837104,0
-83.17841,32.841908,0.00063837104,0.00063837104,0
-82.85515,36.68538,0.00063837104,0.00063837104,0
-82.501785,40.16794,0.00063837104,0.00063837104,0
-82.12431,43.33725,0.00063837104,0.00063837104,0
-81.72458,46.19832,0.00063837104,0.00063837104,0
-81.30688,48.796604,0.00063837104,0.00063837104,0
-80.87293,51.146145,0.00063837104,0.00063837104,0
-80.42558,53.28219,0.00063837104,0.00063837104,0
-79.96634,55.222015,0.00063837104,0.00063837104,0
-79.49704,56.99073,0.00063837104,0.00063837104,0
-79.01899,58.605705,0.00063837104,0.00063837104,0
-78.53334,60.083786,0.00063837104,0.00063837104,0
-78.04118,61.441177,0.00063837104,0.00063837104,0
-77.54326,62.688576,0.00063837104,0.00063837104,0
-77.04046,63.840645,0.00063837104,0.00063837104,0
-76.53326,64.90366,0.00063837104,0.00063837104,0
-76.0224,65.89072,0.00063837104,0.00063837104,0
-75.50818,66.80504,0.00063837104,0.00063837104,0
-74.99121,67.65811,0.00063837104,0.00063837104,0
-74.47167,68.45151,0.00063837104,0.00063837104,0
-73.95007,69.194534,0.0006384012,0.0006384012,0
-73.42658,69.88887,0.00063738227,0.00063738227,0
-72.90155,70.541016,0.000637536,0.000637536,0
-72.37513,71.153046,0.00062854943,0.00062854943,0
-71.84758,71.72946,0.00060817186,0.00060817186,0
-71.31908,72.27255,0.00057855446,0.00057855446,0
-70.78979,72.7853,0.00093707,0.00093707,0
-70.25986,73.27012,0.010350426,0.010350426,0
-69.72943,73.72892,0.4023177,0.4023177,2
-69.19866,74.16414,0.7160398,0.7160398,3
-68.66763,74.576866,0.9489866,0.9489866,3
-68.13647,74.96957,0.95603365,0.95603365,3
-67.60527,75.34268,0.93458086,0.93458086,3
-67.07413,75.69867,0.8887722,0.8887722,3
-66.54312,76.0375,0.86843544,0.86843544,3
-66.01234,76.361465,0.8352769,0.8352769,3
-65.48185,76.67056,0.79108906,0.79108906,3
-64.95172,76.96656,0.7927024,0.7927024,3
-64.42203,77.24964,0.7179763,0.7179763,3
-63.892815,77.521065,0.6169425,0.6169425,2
-63.364162,77.78123,0.5973736,0.5973736,2
-62.836105,78.03099,0.60701156,0.60701156,2
-62.30871,78.270874,0.46738034,0.46738034,2
-61.782013,78.50143,0.3594284,0.3594284,1
-61.256065,78.72328,0.17716424,0.17716424,1
-60.73092,78.93673,0.009233073,0.009233073,0
-60.20659,79.14249,0.0018601101,0.0018601101,0
-59.68316,79.340645,0.0012000375,0.0012000375,0
-59.160614,79.53198,0.00082417927,0.00082417927,0
-58.639053,79.71642,0.0006641194,0.0006641194,0
-58.118446,79.89476,0.0006381797,0.0006381797,0
-57.5989,80.066864,0.0006352203,0.0006352203,0
-57.080368,80.233444,0.00063447823,0.00063447823,0
-56.562946,80.394424,0.00063820166,0.00063820166,0
-56.046608,80.550354,0.00061587204,0.00061587204,0
-55.53144,80.70126,0.0005859701,0.0005859701,0
-55.017426,80.84753,0.0006016315,0.0006016315,0
-54.50461,80.989265,0.00078726263,0.00078726263,0
-54.58564,-81.91627,0.0012575969,0.0012575969,0
-55.09995,-81.78869,0.0009086667,0.0009086667,0
-55.61551,-81.65701,0.00062122586,0.00062122586,0
-56.132263,-81.52113,0.00063243276,0.00063243276,0
-56.65023,-81.38072,0.0006374557,0.0006374557,0
-57.16934,-81.23571,0.0006379955,0.0006379955,0
-57.689606,-81.08565,0.0006383699,0.0006383699,0
-58.210953,-80.93057,0.00063837104,0.00063837104,0
-58.733418,-80.76984,0.00063837104,0.00063837104,0
-59.256886,-80.60358,0.00063837104,0.00063837104,0
-59.78141,-80.43106,0.00063837104,0.00063837104,0
-60.30689,-80.252335,0.00063837104,0.00063837104,0
-60.83334,-80.06673,0.00063837075,0.00063837075,0
-61.36068,-79.87411,0.0006383716,0.0006383716,0
-61.888912,-79.67385,0.0006383735,0.0006383735,0
-62.41797,-79.4657,0.00063837104,0.00063837104,0
-62.94782,-79.24904,0.00063806144,0.00063806144,0
-63.478424,-79.02338,0.0006364232,0.0006364232,0
-64.00973,-78.78822,0.000635102,0.000635102,0
-64.541695,-78.542786,0.0006254084,0.0006254084,0
-65.07426,-78.28673,0.00060930266,0.00060930266,0
-65.607376,-78.01885,0.0006734594,0.0006734594,0
-66.14098,-77.73899,0.0008558741,0.0008558741,0
-66.67503,-77.44552,0.0015918572,0.0015918572,0
-67.20944,-77.13841,0.011403041,0.011403041,0
-67.744156,-76.815575,0.2679688,0.2679688,1
-68.279076,-76.47699,0.5475346,0.5475346,2
-68.81415,-76.1204,0.6511354,0.6511354,2
-69.34927,-75.74534,0.85374236,0.85374236,3
-69.88436,-75.349525,0.14239052,0.14239052,0
-70.41931,-74.93194,0.8863661,0.8863661,3
-70.95401,-74.490234,0.1744809,0.1744809,1
-71.48833,-74.022644,0.18409845,0.18409845,1
-72.022156,-73.526855,0.052467026,0.052467026,0
-72.55531,-73.0,0.18026574,0.18026574,1
-73.08767,-72.4399,0.0070745926,0.0070745926,0
-73.61901,-71.84221,0.0012398136,0.0012398136,0
-74.149185,-71.20494,0.0010658776,0.0010658776,0
-74.67791,-70.52176,0.0006611868,0.0006611868,0
-75.204994,-69.79096,0.00072197244,0.00072197244,0
-75.73005,-69.0035,0.0007213909,0.0007213909,0
-76.2529,-68.15766,0.00065965386,0.00065965386,0
-76.772995,-67.24214,0.00061605463,0.00061605463,0
-77.29009,-66.25345,0.00061559095,0.00061559095,0
-77.8035,-65.178474,0.0006303684,0.0006303684,0
-78.312836,-64.010506,0.0006325551,0.0006325551,0
-78.81726,-62.734444,0.00063316495,0.00063316495,0
-79.316124,-61.33877,0.00063341483,0.00063341483,0
-79.80842,-59.806133,0.0006335491,0.0006335491,0
-80.29307,-58.118023,0.0006347404,0.0006347404,0
-80.768845,-56.25477,0.00063531596,0.00063531596,0
-81.234,-54.187912,0.0006368251,0.0006368251,0
-81.68704,-51.89608,0.00063731906,0.00063731906,0
-82.12519,-49.33751,0.0006375715,0.0006375715,0
-82.54659,-46.49157,0.00063822325,0.00063822325,0
-82.94693,-43.301056,0.0006382886,0.0006382886,0
-83.324005,-39.751778,0.0006383549,0.0006383549,0
-83.67142,-35.77797,0.0006383689,0.0006383689,0
-83.98638,-31.379997,0.00063837133,0.00063837133,0
-84.26107,-26.51474,0.00063837104,0.00063837104,0
-84.49171,-21.211802,0.00063837104,0.00063837104,0
-84.670456,-15.492052,0.00063837104,0.00063837104,0
-84.79364,-9.443014,0.00063837104,0.00063837104,0
-84.856026,-3.1732318,0.00063837104,0.00063837104,0
-84.856026,3.1732318,0.00063837104,0.00063837104,0
-84.79364,9.443014,0.00063837104,0.00063837104,0
-84.670456,15.492052,0.00063837104,0.00063837104,0
-84.49171,21.211802,0.00063837104,0.00063837104,0
-84.26107,26.51474,0.00063837104,0.00063837104,0
-83.98638,31.379997,0.00063837104,0.00063837104,0
-83.67142,35.77797,0.00063837104,0.00063837104,0
-83.324005,39.751778,0.00063837104,0.00063837104,0
-82.94693,43.301056,0.00063837104,0.00063837104,0
-82.54659,46.49157,0.00063837104,0.00063837104,0
-82.12519,49.33751,0.00063837104,0.00063837104,0
-81.68704,51.89608,0.00063837104,0.00063837104,0
-81.234,54.187912,0.00063837104,0.00063837104,0
-80.768845,56.25477,0.00063837104,0.00063837104,0
-80.29307,58.118023,0.00063837104,0.00063837104,0
-79.80842,59.806133,0.00063837104,0.00063837104,0
-79.316124,61.33877,0.00063837104,0.00063837104,0
-78.81726,62.734444,0.00063837104,0.00063837104,0
-78.312836,64.010506,0.00063837104,0.00063837104,0
-77.8035,65.178474,0.00063837104,0.00063837104,0
-77.29009,66.25345,0.00063837104,0.00063837104,0
-76.772995,67.24214,0.00063837104,0.00063837104,0
-76.2529,68.15766,0.00063837104,0.00063837104,0
-75.73005,69.0035,0.00063837104,0.00063837104,0
-75.204994,69.79096,0.00063837104,0.00063837104,0
-74.67791,70.52176,0.00063837104,0.00063837104,0
-74.149185,71.20494,0.00063839665,0.00063839665,0
-73.61901,71.84221,0.0006376444,0.0006376444,0
-73.08767,72.4399,0.0006378708,0.0006378708,0
-72.55531,73.0,0.0006321902,0.0006321902,0
-72.022156,73.526855,0.00061626575,0.00061626575,0
-71.48833,74.022644,0.0006235699,0.0006235699,0
-70.95401,74.490234,0.0008908304,0.0008908304,0
-70.41931,74.93194,0.0034738271,0.0034738271,0
-69.88436,75.349525,0.012348423,0.012348423,0
-69.34927,75.74534,0.97302973,0.97302973,3
-68.81415,76.1204,0.9852541,0.9852541,3
-68.279076,76.47699,0.95593435,0.95593435,3
-67.744156,76.815575,0.88877326,0.88877326,3
-67.20944,77.13841,0.8364608,0.8364608,3
-66.67503,77.44552,0.83245856,0.83245856,3
-66.14098,77.73899,0.8438127,0.8438127,3
-65.607376,78.01885,0.8012694,0.8012694,3
-65.07426,78.28673,0.8150486,0.8150486,3
-64.541695,78.542786,0.7971269,0.7971269,3
-64.00973,78.78822,0.6405726,0.6405726,2
-63.478424,79.02338,0.53563976,0.53563976,2
-62.94782,79.24904,0.49871805,0.49871805,2
-62.41797,79.4657,0.4439349,0.4439349,2
-61.888912,79.67385,0.41453183,0.41453183,2
-61.36068,79.87411,0.2128205,0.2128205,1
-60.83334,80.06673,0.010791534,0.010791534,0
-60.30689,80.252335,0.002660872,0.002660872,0
-59.78141,80.43106,0.0013983812,0.0013983812,0
-59.256886,80.60358,0.0009452277,0.0009452277,0
-58.733418,80.76984,0.0007300172,0.0007300172,0
-58.210953,80.93057,0.0006357512,0.0006357512,0
-57.689606,81.08565,0.0006365002,0.0006365002,0
-57.16934,81.23571,0.000633583,0.000633583,0
-56.65023,81.38072,0.000637849,0.000637849,0
-56.132263,81.52113,0.00061585737,0.00061585737,0
-55.61551,81.65701,0.0005859704,0.0005859704,0
-55.09995,81.78869,0.0006016315,0.0006016315,0
-54.58564,81.91627,0.00078726263,0.00078726263,0
-54.657948,-82.847565,0.0012575969,0.0012575969,0
-55.173595,-82.73434,0.0009086667,0.0009086667,0
-55.69053,-82.61747,0.00062122586,0.00062122586,0
-56.20871,-82.496864,0.00063243276,0.00063243276,0
-56.728134,-82.37219,0.0006374557,0.0006374557,0
-57.248756,-82.24344,0.0006379955,0.0006379955,0
-57.77059,-82.11016,0.0006383699,0.0006383699,0
-58.29354,-81.97241,0.00063837104,0.00063837104,0
-58.817665,-81.829605,0.00063837104,0.00063837104,0
-59.342857,-81.68186,0.00063837104,0.00063837104,0
-59.86916,-81.52852,0.00063837104,0.00063837104,0
-60.396477,-81.369644,0.00063837104,0.00063837104,0
-60.924835,-81.20459,0.00063837104,0.00063837104,0
-61.45415,-81.03328,0.00063837226,0.00063837226,0
-61.984436,-80.85511,0.00063835795,0.00063835795,0
-62.515617,-80.66987,0.0006382941,0.0006382941,0
-63.04768,-80.477005,0.00063804776,0.00063804776,0
-63.580578,-80.276054,0.0006372371,0.0006372371,0
-64.11427,-80.066605,0.0006372255,0.0006372255,0
-64.64873,-79.84791,0.0006310543,0.0006310543,0
-65.18387,-79.619644,0.0006225606,0.0006225606,0
-65.7197,-79.38077,0.0006686832,0.0006686832,0
-66.25613,-79.1311,0.0008462588,0.0008462588,0
-66.79312,-78.86914,0.0013819252,0.0013819252,0
-67.3306,-78.59491,0.007467663,0.007467663,0
-67.86854,-78.30645,0.18544306,0.18544306,1
-68.406845,-78.00378,0.48306695,0.48306695,2
-68.94546,-77.68478,0.67773646,0.67773646,2
-69.484314,-77.34907,0.9336407,0.9336407,3
-70.02332,-76.994514,0.97029907,0.97029907,3
-70.562386,-76.620155,0.93652153,0.93652153,3
-71.10143,-76.22386,0.20758994,0.20758994,1
-71.64035,-75.803955,0.7551637,0.7551637,3
-72.179016,-75.35827,0.9033085,0.9033085,3
-72.71732,-74.88416,0.85571504,0.85571504,3
-73.25513,-74.37952,0.014207879,0.014207879,0
-73.792274,-73.840324,0.0013277903,0.0013277903,0
-74.328606,-73.2646,0.0007377287,0.0007377287,0
-74.8639,-72.6464,0.0006534013,0.0006534013,0
-75.398,-71.983986,0.0006383732,0.0006383732,0
-75.93057,-71.26878,0.0006455643,0.0006455643,0
-76.46146,-70.49896,0.0006421932,0.0006421932,0
-76.99019,-69.66364,0.00063432794,0.00063432794,0
-77.516556,-68.75919,0.000633509,0.000633509,0
-78.04001,-67.77277,0.0006358721,0.0006358721,0
-78.560135,-66.69742,0.00063744176,0.00063744176,0
-79.076294,-65.517944,0.0006382141,0.0006382141,0
-79.587845,-64.2223,0.000639115,0.000639115,0
-80.093925,-62.79239,0.0006395381,0.0006395381,0
-80.59355,-61.208435,0.0006394537,0.0006394537,0
-81.08565,-59.448803,0.0006391147,0.0006391147,0
-81.56854,-57.482094,0.0006386467,0.0006386467,0
-82.04085,-55.28286,0.0006383525,0.0006383525,0
-82.499916,-52.802826,0.000638302,0.000638302,0
-82.94388,-50.01383,0.0006383203,0.0006383203,0
-83.36844,-46.845276,0.0006383601,0.0006383601,0
-83.77113,-43.27063,0.0006383696,0.0006383696,0
-84.145294,-39.20034,0.0006383699,0.0006383699,0
-84.48739,-34.617805,0.00063837104,0.00063837104,0
-84.78862,-29.450134,0.00063837104,0.00063837104,0
-85.04386,-23.713642,0.00063837104,0.00063837104,0
-85.243416,-17.415714,0.00063837104,0.00063837104,0
-85.38193,-10.660048,0.00063837104,0.00063837104,0
-85.4524,-3.5901952,0.00063837104,0.00063837104,0
-85.4524,3.5901952,0.00063837104,0.00063837104,0
-85.38193,10.660048,0.00063837104,0.00063837104,0
-85.243416,17.415714,0.00063837104,0.00063837104,0
-85.04386,23.713642,0.00063837104,0.00063837104,0
-84.78862,29.450134,0.00063837104,0.00063837104,0
-84.48739,34.617805,0.00063837104,0.00063837104,0
-84.145294,39.20034,0.00063837104,0.00063837104,0
-83.77113,43.27063,0.00063837104,0.00063837104,0
-83.36844,46.845276,0.00063837104,0.00063837104,0
-82.94388,50.01383,0.00063837104,0.00063837104,0
-82.499916,52.802826,0.00063837104,0.00063837104,0
-82.04085,55.28286,0.00063837104,0.00063837104,0
-81.56854,57.482094,0.00063837104,0.00063837104,0
-81.08565,59.448803,0.00063837104,0.00063837104,0
-80.59355,61.208435,0.00063837104,0.00063837104,0
-80.093925,62.79239,0.00063837104,0.00063837104,0
-79.587845,64.2223,0.00063837104,0.00063837104,0
-79.076294,65.517944,0.00063837104,0.00063837104,0
-78.560135,66.69742,0.00063837104,0.00063837104,0
-78.04001,67.77277,0.00063837104,0.00063837104,0
-77.516556,68.75919,0.00063837104,0.00063837104,0
-76.99019,69.66364,0.00063837104,0.00063837104,0
-76.46146,70.49896,0.00063837104,0.00063837104,0
-75.93057,71.26878,0.00063837104,0.00063837104,0
-75.398,71.983986,0.00063837104,0.00063837104,0
-74.8639,72.6464,0.00063837104,0.00063837104,0
-74.328606,73.2646,0.0006383896,0.0006383896,0
-73.792274,73.840324,0.00063799066,0.00063799066,0
-73.25513,74.37952,0.00063812075,0.00063812075,0
-72.71732,74.88416,0.0006340218,0.0006340218,0
-72.179016,75.35827,0.0006456188,0.0006456188,0
-71.64035,75.803955,0.0006596869,0.0006596869,0
-71.10143,76.22386,0.0006954537,0.0006954537,0
-70.562386,76.620155,0.0011191246,0.0011191246,0
-70.02332,76.994514,0.0024934048,0.0024934048,0
-69.484314,77.34907,0.014902149,0.014902149,0
-68.94546,77.68478,0.9418182,0.9418182,3
-68.406845,78.00378,0.7627061,0.7627061,3
-67.86854,78.30645,0.7957161,0.7957161,3
-67.3306,78.59491,0.77714515,0.77714515,3
-66.79312,78.86914,0.8304184,0.8304184,3
-66.25613,79.1311,0.8686789,0.8686789,3
-65.7197,79.38077,0.86830455,0.86830455,3
-65.18387,79.619644,0.8566116,0.8566116,3
-64.64873,79.84791,0.8508006,0.8508006,3
-64.11427,80.066605,0.8082817,0.8082817,3
-63.580578,80.276054,0.6576291,0.6576291,2
-63.04768,80.477005,0.5190718,0.5190718,2
-62.515617,80.66987,0.5821373,0.5821373,2
-61.984436,80.85511,0.54897213,0.54897213,2
-61.45415,81.03328,0.31517917,0.31517917,1
-60.924835,81.20459,0.054708738,0.054708738,0
-60.396477,81.369644,0.0037751195,0.0037751195,0
-59.86916,81.52852,0.0019679393,0.0019679393,0
-59.342857,81.68186,0.0011141797,0.0011141797,0
-58.817665,81.829605,0.0008302942,0.0008302942,0
-58.29354,81.97241,0.00067810644,0.00067810644,0
-57.77059,82.11016,0.00063315406,0.00063315406,0
-57.248756,82.24344,0.0006361033,0.0006361033,0
-56.728134,82.37219,0.0006375533,0.0006375533,0
-56.20871,82.496864,0.00061578606,0.00061578606,0
-55.69053,82.61747,0.00058596814,0.00058596814,0
-55.173595,82.73434,0.0006016315,0.0006016315,0
-54.657948,82.847565,0.00078726263,0.00078726263,0
-54.721375,-83.7827,0.0012575969,0.0012575969,0
-55.238197,-83.68403,0.0009086667,0.0009086667,0
-55.756348,-83.58217,0.00062122586,0.00062122586,0
-56.275772,-83.47702,0.00063243276,0.00063243276,0
-56.7965,-83.36833,0.0006374557,0.0006374557,0
-57.318443,-83.25606,0.0006379955,0.0006379955,0
-57.841652,-83.139824,0.0006383699,0.0006383699,0
-58.36602,-83.01967,0.00063837104,0.00063837104,0
-58.891617,-82.89508,0.00063837104,0.00063837104,0
-59.418327,-82.766174,0.00063837104,0.00063837104,0
-59.946198,-82.63235,0.00063837104,0.00063837104,0
-60.475143,-82.49367,0.00063837104,0.00063837104,0
-61.00518,-82.34956,0.00063837104,0.00063837104,0
-61.536247,-82.19995,0.00063837104,0.00063837104,0
-62.068336,-82.04434,0.0006383224,0.0006383224,0
-62.601402,-81.88249,0.0006384225,0.0006384225,0
-63.135418,-81.71394,0.00063912716,0.00063912716,0
-63.67035,-81.538284,0.0006405694,0.0006405694,0
-64.20615,-81.35515,0.0006420216,0.0006420216,0
-64.742805,-81.16385,0.00064598746,0.00064598746,0
-65.28026,-80.96414,0.0006523932,0.0006523932,0
-65.818474,-80.75505,0.0006772339,0.0006772339,0
-66.35739,-80.53643,0.0008269208,0.0008269208,0
-66.897,-80.30696,0.0012893645,0.0012893645,0
-67.43722,-80.066635,0.0045639467,0.0045639467,0
-67.97803,-79.81372,0.069899276,0.069899276,0
-68.51934,-79.5482,0.47759932,0.47759932,2
-69.06111,-79.26822,0.7172727,0.7172727,3
-69.60329,-78.97339,0.9471538,0.9471538,3
-70.14578,-78.661804,0.984245,0.984245,3
-70.68854,-78.332596,0.96612865,0.96612865,3
-71.231476,-77.98383,0.9407554,0.9407554,3
-71.7745,-77.61398,0.9684589,0.9684589,3
-72.31752,-77.221085,0.8048849,0.8048849,3
-72.86044,-76.802704,0.008171044,0.008171044,0
-73.40316,-76.35692,0.005085641,0.005085641,0
-73.945526,-75.88003,0.0012245511,0.0012245511,0
-74.48742,-75.37018,0.00081191777,0.00081191777,0
-75.028656,-74.82191,0.00063079724,0.00063079724,0
-75.569115,-74.23351,0.0006361279,0.0006361279,0
-76.10852,-73.59707,0.00063711626,0.00063711626,0
-76.646736,-72.91068,0.00063751196,0.00063751196,0
-77.183395,-72.16418,0.000638483,0.000638483,0
-77.71831,-71.353935,0.0006387362,0.0006387362,0
-78.25101,-70.46769,0.0006380885,0.0006380885,0
-78.78119,-69.49849,0.0006384112,0.0006384112,0
-79.30827,-68.431496,0.00063822843,0.00063822843,0
-79.83176,-67.25454,0.0006381332,0.0006381332,0
-80.35089,-65.94933,0.00063812593,0.00063812593,0
-80.86484,-64.495445,0.0006381697,0.0006381697,0
-81.37262,-62.86997,0.0006382223,0.0006382223,0
-81.87284,-61.03938,0.0006382704,0.0006382704,0
-82.36418,-58.974705,0.00063831935,0.00063831935,0
-82.84425,-56.621914,0.00063834887,0.00063834887,0
-83.31123,-53.945026,0.0006383634,0.0006383634,0
-83.761055,-50.859398,0.00063836924,0.00063836924,0
-84.19108,-47.323036,0.00063837133,0.00063837133,0
-84.59454,-43.21666,0.00063837075,0.00063837075,0
-84.96727,-38.49698,0.00063837104,0.00063837104,0
-85.29942,-33.04455,0.00063837104,0.00063837104,0
-85.58425,-26.844803,0.00063837104,0.00063837104,0
-85.80965,-19.870888,0.00063837104,0.00063837104,0
-85.96768,-12.237284,0.00063837104,0.00063837104,0
-86.04866,-4.1350946,0.00063837104,0.00063837104,0
-86.04866,4.1350946,0.00063837104,0.00063837104,0
-85.96768,12.237284,0.00063837104,0.00063837104,0
-85.80965,19.870888,0.00063837104,0.00063837104,0
-85.58425,26.844803,0.00063837104,0.00063837104,0
-85.29942,33.04455,0.00063837104,0.00063837104,0
-84.96727,38.49698,0.00063837104,0.00063837104,0
-84.59454,43.21666,0.00063837104,0.00063837104,0
-84.19108,47.323036,0.00063837104,0.00063837104,0
-83.761055,50.859398,0.00063837104,0.00063837104,0
-83.31123,53.945026,0.00063837104,0.00063837104,0
-82.84425,56.621914,0.00063837104,0.00063837104,0
-82.36418,58.974705,0.00063837104,0.00063837104,0
-81.87284,61.03938,0.00063837104,0.00063837104,0
-81.37262,62.86997,0.00063837104,0.00063837104,0
-80.86484,64.495445,0.00063837104,0.00063837104,0
-80.35089,65.94933,0.00063837104,0.00063837104,0
-79.83176,67.25454,0.00063837104,0.00063837104,0
-79.30827,68.431496,0.00063837104,0.00063837104,0
-78.78119,69.49849,0.00063837104,0.00063837104,0
-78.25101,70.46769,0.00063837104,0.00063837104,0
-77.71831,71.353935,0.00063837104,0.00063837104,0
-77.183395,72.16418,0.00063837104,0.00063837104,0
-76.646736,72.91068,0.00063837104,0.00063837104,0
-76.10852,73.59707,0.00063837104,0.00063837104,0
-75.569115,74.23351,0.00063837104,0.00063837104,0
-75.028656,74.82191,0.00063837104,0.00063837104,0
-74.48742,75.37018,0.00063838385,0.00063838385,0
-73.945526,75.88003,0.0006382241,0.0006382241,0
-73.40316,76.35692,0.0006381685,0.0006381685,0
-72.86044,76.802704,0.00063826365,0.00063826365,0
-72.31752,77.221085,0.0006506401,0.0006506401,0
-71.7745,77.61398,0.00067743956,0.00067743956,0
-71.231476,77.98383,0.0008265427,0.0008265427,0
-70.68854,78.332596,0.00064046105,0.00064046105,0
-70.14578,78.661804,0.001145994,0.001145994,0
-69.60329,78.97339,0.00245633,0.00245633,0
-69.06111,79.26822,0.013441901,0.013441901,0
-68.51934,79.5482,0.010142967,0.010142967,0
-67.97803,79.81372,0.6387437,0.6387437,2
-67.43722,80.066635,0.688797,0.688797,2
-66.897,80.30696,0.66884375,0.66884375,2
-66.35739,80.53643,0.72540605,0.72540605,3
-65.818474,80.75505,0.87600136,0.87600136,3
-65.28026,80.96414,0.92030585,0.92030585,3
-64.742805,81.16385,0.90654266,0.90654266,3
-64.20615,81.35515,0.8628086,0.8628086,3
-63.67035,81.538284,0.68597263,0.68597263,2
-63.135418,81.71394,0.60333276,0.60333276,2
-62.601402,81.88249,0.6976874,0.6976874,2
-62.068336,82.04434,0.5321907,0.5321907,2
-61.536247,82.19995,0.12774216,0.12774216,0
-61.00518,82.34956,0.009102276,0.009102276,0
-60.475143,82.49367,0.0032562935,0.0032562935,0
-59.946198,82.63235,0.002488862,0.002488862,0
-59.418327,82.766174,0.0015433268,0.0015433268,0
-58.891617,82.89508,0.0009109987,0.0009109987,0
-58.36602,83.01967,0.0007865855,0.0007865855,0
-57.841652,83.139824,0.0006312826,0.0006312826,0
-57.318443,83.25606,0.0006352718,0.0006352718,0
-56.7965,83.36833,0.0006381344,0.0006381344,0
-56.275772,83.47702,0.00061578845,0.00061578845,0
-55.756348,83.58217,0.0005859654,0.0005859654,0
-55.238197,83.68403,0.0006016315,0.0006016315,0
-54.721375,83.7827,0.00078726263,0.00078726263,0
-54.77617,-84.72111,0.0012575969,0.0012575969,0
-55.294018,-84.63712,0.0009086667,0.0009086667,0
-55.813213,-84.55044,0.00062122586,0.00062122586,0
-56.33373,-84.46094,0.00063243276,0.00063243276,0
-56.85557,-84.36841,0.0006374557,0.0006374557,0
-57.378674,-84.27282,0.0006379955,0.0006379955,0
-57.90307,-84.17385,0.0006383699,0.0006383699,0
-58.428673,-84.071526,0.00063837104,0.00063837104,0
-58.955544,-83.96541,0.00063837104,0.00063837104,0
-59.48357,-83.85559,0.00063837104,0.00063837104,0
-60.012802,-83.74158,0.00063837104,0.00063837104,0
-60.543156,-83.62339,0.00063837104,0.00063837104,0
-61.07466,-83.50057,0.0006383716,0.0006383716,0
-61.607235,-83.37304,0.00063836377,0.00063836377,0
-62.140903,-83.24035,0.0006382065,0.0006382065,0
-62.675602,-83.10232,0.00063847605,0.00063847605,0
-63.211315,-82.95854,0.00063963054,0.00063963054,0
-63.748013,-82.80867,0.0006434433,0.0006434433,0
-64.28566,-82.65235,0.0006473452,0.0006473452,0
-64.824234,-82.489044,0.00064910966,0.00064910966,0
-65.36367,-82.3185,0.0006703256,0.0006703256,0
-65.903984,-82.139885,0.00068520295,0.00068520295,0
-66.445076,-81.95309,0.00094017363,0.00094017363,0
-66.98698,-81.75692,0.0014539168,0.0014539168,0
-67.52957,-81.55141,0.0055516805,0.0055516805,0
-68.0729,-81.33504,0.14609256,0.14609256,0
-68.61684,-81.10779,0.49481708,0.49481708,2
-69.16138,-80.86802,0.8227896,0.8227896,3
-69.70644,-80.61543,0.98099387,0.98099387,3
-70.25201,-80.34833,0.98865336,0.98865336,3
-70.798,-80.06594,0.98839104,0.98839104,3
-71.34434,-79.76657,0.98860186,0.98860186,3
-71.89099,-79.44888,0.96718776,0.96718776,3
-72.43784,-79.111115,0.15619439,0.15619439,1
-72.98484,-78.751144,0.020064691,0.020064691,0
-73.531876,-78.3672,0.005701356,0.005701356,0
-74.078865,-77.95604,0.0017310814,0.0017310814,0
-74.62568,-77.51596,0.0010021505,0.0010021505,0
-75.1722,-77.04209,0.0006556885,0.0006556885,0
-75.71832,-76.53283,0.0006366258,0.0006366258,0
-76.26382,-75.98103,0.0006396445,0.0006396445,0
-76.80859,-75.38492,0.00063756056,0.00063756056,0
-77.35236,-74.73522,0.00063843676,0.00063843676,0
-77.89496,-74.02846,0.00063835096,0.00063835096,0
-78.436035,-73.25335,0.0006382479,0.0006382479,0
-78.975334,-72.403206,0.00063824333,0.00063824333,0
-79.512405,-71.46402,0.0006383066,0.0006383066,0
-80.04683,-70.423996,0.0006383452,0.0006383452,0
-80.57804,-69.265366,0.0006383598,0.0006383598,0
-81.105316,-67.96786,0.0006383683,0.0006383683,0
-81.62788,-66.50823,0.00063837017,0.00063837017,0
-82.144554,-64.852135,0.00063837104,0.00063837104,0
-82.65422,-62.968243,0.00063837104,0.00063837104,0
-83.15482,-60.798542,0.00063837104,0.00063837104,0
-83.644714,-58.299984,0.00063837104,0.00063837104,0
-84.120224,-55.375137,0.00063837104,0.00063837104,0
-84.5787,-51.96472,0.00063837104,0.00063837104,0
-85.01364,-47.91548,0.00063837104,0.00063837104,0
-85.420334,-43.146347,0.00063837104,0.00063837104,0
-85.78818,-37.469353,0.00063837104,0.00063837104,0
-86.10856,-30.808846,0.00063837104,0.00063837104,0
-86.3663,-23.062252,0.00063837104,0.00063837104,0
-86.54965,-14.3319025,0.00063837104,0.00063837104,0
-86.6446,-4.8675017,0.00063837104,0.00063837104,0
-86.6446,4.8675017,0.00063837104,0.00063837104,0
-86.54965,14.3319025,0.00063837104,0.00063837104,0
-86.3663,23.062252,0.00063837104,0.00063837104,0
-86.10856,30.808846,0.00063837104,0.00063837104,0
-85.78818,37.469353,0.00063837104,0.00063837104,0
-85.420334,43.146347,0.00063837104,0.00063837104,0
-85.01364,47.91548,0.00063837104,0.00063837104,0
-84.5787,51.96472,0.00063837104,0.00063837104,0
-84.120224,55.375137,0.00063837104,0.00063837104,0
-83.644714,58.299984,0.00063837104,0.00063837104,0
-83.15482,60.798542,0.00063837104,0.00063837104,0
-82.65422,62.968243,0.00063837104,0.00063837104,0
-82.144554,64.852135,0.00063837104,0.00063837104,0
-81.62788,66.50823,0.00063837104,0.00063837104,0
-81.105316,67.96786,0.00063837104,0.00063837104,0
-80.57804,69.265366,0.00063837104,0.00063837104,0
-80.04683,70.423996,0.00063837104,0.00063837104,0
-79.512405,71.46402,0.00063837104,0.00063837104,0
-78.975334,72.403206,0.00063837104,0.00063837104,0
-78.436035,73.25335,0.00063837104,0.00063837104,0
-77.89496,74.02846,0.00063837104,0.00063837104,0
-77.35236,74.73522,0.00063837104,0.00063837104,0
-76.80859,75.38492,0.00063837104,0.00063837104,0
-76.26382,75.98103,0.00063837104,0.00063837104,0
-75.71832,76.53283,0.00063837104,0.00063837104,0
-75.1722,77.04209,0.00063837104,0.00063837104,0
-74.62568,77.51596,0.00063837745,0.00063837745,0
-74.078865,77.95604,0.0006383251,0.0006383251,0
-73.531876,78.3672,0.00063837256,0.00063837256,0
-72.98484,78.751144,0.0006394921,0.0006394921,0
-72.43784,79.111115,0.00064452353,0.00064452353,0
-71.89099,79.44888,0.0006879521,0.0006879521,0
-71.34434,79.76657,0.00070764404,0.00070764404,0
-70.798,80.06594,0.001051412,0.001051412,0
-70.25201,80.34833,0.0005945913,0.0005945913,0
-69.70644,80.61543,0.0008408617,0.0008408617,0
-69.16138,80.86802,0.0012967496,0.0012967496,0
-68.61684,81.10779,0.0021354589,0.0021354589,0
-68.0729,81.33504,0.022229688,0.022229688,0
-67.52957,81.55141,0.3377646,0.3377646,1
-66.98698,81.75692,0.36348158,0.36348158,1
-66.445076,81.95309,0.6870019,0.6870019,2
-65.903984,82.139885,0.9330922,0.9330922,3
-65.36367,82.3185,0.95234996,0.95234996,3
-64.824234,82.489044,0.88986844,0.88986844,3
-64.28566,82.65235,0.79755974,0.79755974,3
-63.748013,82.80867,0.6431674,0.6431674,2
-63.211315,82.95854,0.70322466,0.70322466,3
-62.675602,83.10232,0.7365278,0.7365278,3
-62.140903,83.24035,0.5681657,0.5681657,2
-61.607235,83.37304,0.27972424,0.27972424,1
-61.07466,83.50057,0.010291866,0.010291866,0
-60.543156,83.62339,0.0028004367,0.0028004367,0
-60.012802,83.74158,0.007968999,0.007968999,0
-59.48357,83.85559,0.0032035308,0.0032035308,0
-58.955544,83.96541,0.0011158776,0.0011158776,0
-58.428673,84.071526,0.00074952573,0.00074952573,0
-57.90307,84.17385,0.0006507408,0.0006507408,0
-57.378674,84.27282,0.00063291576,0.00063291576,0
-56.85557,84.36841,0.0006384891,0.0006384891,0
-56.33373,84.46094,0.0006158131,0.0006158131,0
-55.813213,84.55044,0.000585962,0.000585962,0
-55.294018,84.63712,0.0006016315,0.0006016315,0
-54.77617,84.72111,0.00078726263,0.00078726263,0
-54.82177,-85.662445,0.0012575969,0.0012575969,0
-55.34046,-85.59332,0.0009086667,0.0009086667,0
-55.860542,-85.52194,0.00062122586,0.00062122586,0
-56.381958,-85.44826,0.00063243276,0.00063243276,0
-56.904743,-85.37206,0.0006374557,0.0006374557,0
-57.428802,-85.29335,0.0006379955,0.0006379955,0
-57.9542,-85.21182,0.0006383699,0.0006383699,0
-58.480827,-85.12754,0.00063837104,0.00063837104,0
-59.008766,-85.04013,0.00063837104,0.00063837104,0
-59.53788,-84.949646,0.00063837104,0.00063837104,0
-60.06826,-84.85569,0.00063837104,0.00063837104,0
-60.599796,-84.758286,0.00063837104,0.00063837104,0
-61.13252,-84.65704,0.000638372,0.000638372,0
-61.666367,-84.55191,0.0006383464,0.0006383464,0
-62.20135,-84.442505,0.00063790486,0.00063790486,0
-62.73742,-84.32867,0.00063783984,0.00063783984,0
-63.274555,-84.21008,0.0006377234,0.0006377234,0
-63.812733,-84.086426,0.0006462353,0.0006462353,0
-64.35191,-83.957436,0.000669839,0.000669839,0
-64.8921,-83.82265,0.0006864504,0.0006864504,0
-65.43321,-83.68184,0.000733496,0.000733496,0
-65.97528,-83.53435,0.00087680505,0.00087680505,0
-66.5182,-83.380035,0.001918873,0.001918873,0
-67.06201,-83.21796,0.00568149,0.00568149,0
-67.60662,-83.04808,0.012472919,0.012472919,0
-68.15205,-82.86919,0.2721276,0.2721276,1
-68.69819,-82.68121,0.59982073,0.59982073,2
-69.24506,-82.48282,0.8246603,0.8246603,3
-69.79258,-82.2737,0.98437333,0.98437333,3
-70.34073,-82.05247,0.9905529,0.9905529,3
-70.889435,-81.81847,0.99116194,0.99116194,3
-71.438675,-81.57025,0.9884262,0.9884262,3
-71.98837,-81.30668,0.97813976,0.97813976,3
-72.538475,-81.02627,0.9188069,0.9188069,3
-73.08892,-80.72719,0.5880325,0.5880325,2
-73.63963,-80.40796,0.03140138,0.03140138,0
-74.19054,-80.065765,0.003144765,0.003144765,0
-74.741554,-79.69915,0.0011974131,0.0011974131,0
-75.29259,-79.30393,0.0007705711,0.0007705711,0
-75.84353,-78.87869,0.00062978826,0.00062978826,0
-76.39427,-78.41728,0.00063937146,0.00063937146,0
-76.944664,-77.91806,0.0006378444,0.0006378444,0
-77.49456,-77.372986,0.0006381317,0.0006381317,0
-78.0438,-76.778885,0.0006383315,0.0006383315,0
-78.59214,-76.12581,0.00063835096,0.00063835096,0
-79.13938,-75.40767,0.0006383619,0.0006383619,0
-79.685196,-74.611916,0.00063836743,0.00063836743,0
-80.22928,-73.72766,0.00063837075,0.00063837075,0
-80.77118,-72.738525,0.00063837104,0.00063837104,0
-81.31038,-71.62548,0.00063837104,0.00063837104,0
-81.846275,-70.366264,0.00063837104,0.00063837104,0
-82.37796,-68.92769,0.00063837104,0.00063837104,0
-82.90456,-67.27797,0.00063837104,0.00063837104,0
-83.42445,-65.35849,0.00063837104,0.00063837104,0
-83.93624,-63.12163,0.00063837104,0.00063837104,0
-84.43692,-60.461815,0.00063837104,0.00063837104,0
-84.92406,-57.30365,0.00063837104,0.00063837104,0
-85.39186,-53.461052,0.00063837104,0.00063837104,0
-85.83551,-48.805286,0.00063837104,0.00063837104,0
-86.24422,-43.05423,0.00063837104,0.00063837104,0
-86.60763,-36.019623,0.00063837104,0.00063837104,0
-86.90706,-27.433638,0.00063837104,0.00063837104,0
-87.12496,-17.305231,0.00063837104,0.00063837104,0
-87.23979,-5.929227,0.00063837104,0.00063837104,0
-87.23979,5.929227,0.00063837104,0.00063837104,0
-87.12496,17.305231,0.00063837104,0.00063837104,0
-86.90706,27.433638,0.00063837104,0.00063837104,0
-86.60763,36.019623,0.00063837104,0.00063837104,0
-86.24422,43.05423,0.00063837104,0.00063837104,0
-85.83551,48.805286,0.00063837104,0.00063837104,0
-85.39186,53.461052,0.00063837104,0.00063837104,0
-84.92406,57.30365,0.00063837104,0.00063837104,0
-84.43692,60.461815,0.00063837104,0.00063837104,0
-83.93624,63.12163,0.00063837104,0.00063837104,0
-83.42445,65.35849,0.00063837104,0.00063837104,0
-82.90456,67.27797,0.00063837104,0.00063837104,0
-82.37796,68.92769,0.00063837104,0.00063837104,0
-81.846275,70.366264,0.00063837104,0.00063837104,0
-81.31038,71.62548,0.00063837104,0.00063837104,0
-80.77118,72.738525,0.00063837104,0.00063837104,0
-80.22928,73.72766,0.00063837104,0.00063837104,0
-79.685196,74.611916,0.00063837104,0.00063837104,0
-79.13938,75.40767,0.00063837104,0.00063837104,0
-78.59214,76.12581,0.00063837104,0.00063837104,0
-78.0438,76.778885,0.00063837104,0.00063837104,0
-77.49456,77.372986,0.00063837104,0.00063837104,0
-76.944664,77.91806,0.00063837104,0.00063837104,0
-76.39427,78.41728,0.00063837104,0.00063837104,0
-75.84353,78.87869,0.00063837104,0.00063837104,0
-75.29259,79.30393,0.00063837104,0.00063837104,0
-74.741554,79.69915,0.0006383738,0.0006383738,0
-74.19054,80.065765,0.0006383568,0.0006383568,0
-73.63963,80.40796,0.0006382494,0.0006382494,0
-73.08892,80.72719,0.0006382701,0.0006382701,0
-72.538475,81.02627,0.00064158946,0.00064158946,0
-71.98837,81.30668,0.00065013213,0.00065013213,0
-71.438675,81.57025,0.00071059656,0.00071059656,0
-70.889435,81.81847,0.00069927715,0.00069927715,0
-70.34073,82.05247,0.0008557037,0.0008557037,0
-69.79258,82.2737,0.00074334047,0.00074334047,0
-69.24506,82.48282,0.00074134476,0.00074134476,0
-68.69819,82.68121,0.0008606595,0.0008606595,0
-68.15205,82.86919,0.0022982485,0.0022982485,0
-67.60662,83.04808,0.018791256,0.018791256,0
-67.06201,83.21796,0.79851604,0.79851604,3
-66.5182,83.380035,0.8844121,0.8844121,3
-65.97528,83.53435,0.9752324,0.9752324,3
-65.43321,83.68184,0.9722482,0.9722482,3
-64.8921,83.82265,0.9081844,0.9081844,3
-64.35191,83.957436,0.785338,0.785338,3
-63.812733,84.086426,0.67480624,0.67480624,2
-63.274555,84.21008,0.6729609,0.6729609,2
-62.73742,84.32867,0.6296119,0.6296119,2
-62.20135,84.442505,0.5968988,0.5968988,2
-61.666367,84.55191,0.47072577,0.47072577,2
-61.13252,84.65704,0.08797967,0.08797967,0
-60.599796,84.758286,0.0045352615,0.0045352615,0
-60.06826,84.85569,0.0027305058,0.0027305058,0
-59.53788,84.949646,0.0016194183,0.0016194183,0
-59.008766,85.04013,0.0010516184,0.0010516184,0
-58.480827,85.12754,0.0007159382,0.0007159382,0
-57.9542,85.21182,0.00064789417,0.00064789417,0
-57.428802,85.29335,0.0006335404,0.0006335404,0
-56.904743,85.37206,0.0006385326,0.0006385326,0
-56.381958,85.44826,0.0006158747,0.0006158747,0
-55.860542,85.52194,0.0005859609,0.0005859609,0
-55.34046,85.59332,0.0006016315,0.0006016315,0
-54.82177,85.662445,0.00078726263,0.00078726263,0
-54.858624,-86.60609,0.0012575969,0.0012575969,0
-55.37801,-86.55192,0.0009086667,0.0009086667,0
-55.8988,-86.49598,0.00062122586,0.00062122586,0
-56.42095,-86.43822,0.00063243276,0.00063243276,0
-56.944485,-86.3785,0.0006374557,0.0006374557,0
-57.46933,-86.316795,0.0006379955,0.0006379955,0
-57.99553,-86.252884,0.0006383699,0.0006383699,0
-58.522995,-86.186806,0.00063837104,0.00063837104,0
-59.05179,-86.11825,0.00063837104,0.00063837104,0
-59.581806,-86.0473,0.00063837104,0.00063837104,0
-60.113106,-85.97362,0.00063837104,0.00063837104,0
-60.645596,-85.89723,0.00063837104,0.00063837104,0
-61.179314,-85.817795,0.0006383729,0.0006383729,0
-61.714195,-85.735306,0.0006383206,0.0006383206,0
-62.250237,-85.64946,0.0006374475,0.0006374475,0
-62.78742,-85.56013,0.0006365767,0.0006365767,0
-63.32571,-85.46704,0.0006312011,0.0006312011,0
-63.86509,-85.36996,0.00063300173,0.00063300173,0
-64.40553,-85.268684,0.00067309104,0.00067309104,0
-64.947014,-85.16283,0.000695764,0.000695764,0
-65.489494,-85.05223,0.0008453071,0.0008453071,0
-66.03298,-84.93634,0.0010613054,0.0010613054,0
-66.57739,-84.81509,0.0034873495,0.0034873495,0
-67.12277,-84.687675,0.08391523,0.08391523,0
-67.66901,-84.554115,0.13972838,0.13972838,0
-68.21615,-84.413414,0.2687017,0.2687017,1
-68.76409,-84.26553,0.6784438,0.6784438,2
-69.31287,-84.10939,0.9373289,0.9373289,3
-69.86238,-83.94476,0.9874142,0.9874142,3
-70.412636,-83.77052,0.9905344,0.9905344,3
-70.96358,-83.58616,0.9909157,0.9909157,3
-71.51517,-83.390495,0.99038434,0.99038434,3
-72.067375,-83.18261,0.9883387,0.9883387,3
-72.620125,-82.961334,0.9826245,0.9826245,3
-73.1734,-82.725174,0.8933793,0.8933793,3
-73.72713,-82.47293,0.5106228,0.5106228,2
-74.281265,-82.20235,0.016186697,0.016186697,0
-74.83573,-81.91221,0.0016917661,0.0016917661,0
-75.39048,-81.59914,0.00071414985,0.00071414985,0
-75.94541,-81.261955,0.0006518609,0.0006518609,0
-76.50047,-80.89565,0.00063751894,0.00063751894,0
-77.05554,-80.49881,0.0006386397,0.0006386397,0
-77.61052,-80.06488,0.00063819916,0.00063819916,0
-78.16528,-79.59114,0.0006383595,0.0006383595,0
-78.7197,-79.06932,0.00063837104,0.00063837104,0
-79.273605,-78.49428,0.00063837104,0.00063837104,0
-79.82678,-77.85541,0.00063837104,0.00063837104,0
-80.37901,-77.14337,0.00063837104,0.00063837104,0
-80.930016,-76.344025,0.00063837104,0.00063837104,0
-81.47943,-75.44076,0.00063837104,0.00063837104,0
-82.02683,-74.41374,0.00063837104,0.00063837104,0
-82.57161,-73.23319,0.00063837104,0.00063837104,0
-83.11311,-71.86944,0.00063837104,0.00063837104,0
-83.650246,-70.267654,0.00063837104,0.00063837104,0
-84.18195,-68.38002,0.00063837104,0.00063837104,0
-84.706024,-66.101265,0.00063837104,0.00063837104,0
-85.220535,-63.34616,0.00063837104,0.00063837104,0
-85.720894,-59.90756,0.00063837104,0.00063837104,0
-86.20274,-55.609947,0.00063837104,0.00063837104,0
-86.656265,-50.06553,0.00063837104,0.00063837104,0
-87.070274,-42.91324,0.00063837104,0.00063837104,0
-87.42303,-33.56745,0.00063837104,0.00063837104,0
-87.68901,-21.719246,0.00063837104,0.00063837104,0
-87.8335,-7.56307,0.00063837104,0.00063837104,0
-87.8335,7.56307,0.00063837104,0.00063837104,0
-87.68901,21.719246,0.00063837104,0.00063837104,0
-87.42303,33.56745,0.00063837104,0.00063837104,0
-87.070274,42.91324,0.00063837104,0.00063837104,0
-86.656265,50.06553,0.00063837104,0.00063837104,0
-86.20274,55.609947,0.00063837104,0.00063837104,0
-85.720894,59.90756,0.00063837104,0.00063837104,0
-85.220535,63.34616,0.00063837104,0.00063837104,0
-84.706024,66.101265,0.00063837104,0.00063837104,0
-84.18195,68.38002,0.00063837104,0.00063837104,0
-83.650246,70.267654,0.00063837104,0.00063837104,0
-83.11311,71.86944,0.00063837104,0.00063837104,0
-82.57161,73.23319,0.00063837104,0.00063837104,0
-82.02683,74.41374,0.00063837104,0.00063837104,0
-81.47943,75.44076,0.00063837104,0.00063837104,0
-80.930016,76.344025,0.00063837104,0.00063837104,0
-80.37901,77.14337,0.00063837104,0.00063837104,0
-79.82678,77.85541,0.00063837104,0.00063837104,0
-79.273605,78.49428,0.00063837104,0.00063837104,0
-78.7197,79.06932,0.00063837104,0.00063837104,0
-78.16528,79.59114,0.00063837104,0.00063837104,0
-77.61052,80.06488,0.00063837104,0.00063837104,0
-77.05554,80.49881,0.00063837104,0.00063837104,0
-76.50047,80.89565,0.00063837104,0.00063837104,0
-75.94541,81.261955,0.00063837104,0.00063837104,0
-75.39048,81.59914,0.00063837104,0.00063837104,0
-74.83573,81.91221,0.000638372,0.000638372,0
-74.281265,82.20235,0.0006383689,0.0006383689,0
-73.72713,82.47293,0.0006383288,0.0006383288,0
-73.1734,82.725174,0.0006381612,0.0006381612,0
-72.620125,82.961334,0.0006386912,0.0006386912,0
-72.067375,83.18261,0.00064221007,0.00064221007,0
-71.51517,83.390495,0.0006548095,0.0006548095,0
-70.96358,83.58616,0.0006751254,0.0006751254,0
-70.412636,83.77052,0.00072248,0.00072248,0
-69.86238,83.94476,0.0007430139,0.0007430139,0
-69.31287,84.10939,0.00084134936,0.00084134936,0
-68.76409,84.26553,0.0007278017,0.0007278017,0
-68.21615,84.413414,0.0011541948,0.0011541948,0
-67.66901,84.554115,0.0028042346,0.0028042346,0
-67.12277,84.687675,0.009562429,0.009562429,0
-66.57739,84.81509,0.44539133,0.44539133,2
-66.03298,84.93634,0.87445223,0.87445223,3
-65.489494,85.05223,0.9643913,0.9643913,3
-64.947014,85.16283,0.9165795,0.9165795,3
-64.40553,85.268684,0.8096684,0.8096684,3
-63.86509,85.36996,0.72355133,0.72355133,3
-63.32571,85.46704,0.67767054,0.67767054,2
-62.78742,85.56013,0.5617402,0.5617402,2
-62.250237,85.64946,0.5089112,0.5089112,2
-61.714195,85.735306,0.5189823,0.5189823,2
-61.179314,85.817795,0.39942625,0.39942625,1
-60.645596,85.89723,0.033776898,0.033776898,0
-60.113106,85.97362,0.0027206528,0.0027206528,0
-59.581806,86.0473,0.0012763257,0.0012763257,0
-59.05179,86.11825,0.00095486816,0.00095486816,0
-58.522995,86.186806,0.0006933576,0.0006933576,0
-57.99553,86.252884,0.000648601,0.000648601,0
-57.46933,86.316795,0.00063604995,0.00063604995,0
-56.944485,86.3785,0.00063812773,0.00063812773,0
-56.42095,86.43822,0.0006158571,0.0006158571,0
-55.8988,86.49598,0.00058596174,0.00058596174,0
-55.37801,86.55192,0.0006016315,0.0006016315,0
-54.858624,86.60609,0.00078726263,0.00078726263,0
-54.88644,-87.55159,0.0012575969,0.0012575969,0
-55.406357,-87.51246,0.0009086667,0.0009086667,0
-55.92768,-87.47206,0.00062122586,0.00062122586,0
-56.45039,-87.43034,0.00063243276,0.00063243276,0
-56.974495,-87.3872,0.0006374557,0.0006374557,0
-57.49993,-87.34263,0.0006379955,0.0006379955,0
-58.026745,-87.29645,0.0006383699,0.0006383699,0
-58.55484,-87.24871,0.00063837104,0.00063837104,0
-59.084286,-87.19918,0.00063837104,0.00063837104,0
-59.614975,-87.147896,0.00063837104,0.00063837104,0
-60.146976,-87.09465,0.00063837104,0.00063837104,0
-60.68019,-87.03943,0.00063837104,0.00063837104,0
-61.214664,-86.982025,0.0006383738,0.0006383738,0
-61.750313,-86.92239,0.00063830294,0.00063830294,0
-62.287174,-86.86033,0.0006370431,0.0006370431,0
-62.8252,-86.79573,0.00063602783,0.00063602783,0
-63.364365,-86.728424,0.0006262661,0.0006262661,0
-63.904655,-86.65822,0.00061655365,0.00061655365,0
-64.446045,-86.58495,0.0006770758,0.0006770758,0
-64.98852,-86.508385,0.0008911343,0.0008911343,0
-65.53203,-86.42835,0.002190439,0.002190439,0
-66.0766,-86.3445,0.0056128437,0.0056128437,0
-66.62215,-86.25673,0.0143507905,0.0143507905,0
-67.16871,-86.1645,0.09668247,0.09668247,0
-67.71619,-86.067795,0.2885345,0.2885345,1
-68.264626,-85.96589,0.52580136,0.52580136,2
-68.81394,-85.858765,0.8143823,0.8143823,3
-69.36416,-85.745636,0.9816622,0.9816622,3
-69.91519,-85.62632,0.99032766,0.99032766,3
-70.46706,-85.49999,0.9907692,0.9907692,3
-71.01969,-85.36629,0.99104005,0.99104005,3
-71.57308,-85.22433,0.9915624,0.9915624,3
-72.12718,-85.07346,0.9901416,0.9901416,3
-72.68198,-84.912796,0.97674805,0.97674805,3
-73.23741,-84.74124,0.8691867,0.8691867,3
-73.79344,-84.55791,0.013373344,0.013373344,0
-74.350044,-84.36113,0.0040205894,0.0040205894,0
-74.90716,-84.15001,0.0009694743,0.0009694743,0
-75.46475,-83.92204,0.0007375223,0.0007375223,0
-76.022766,-83.676315,0.00064135774,0.00064135774,0
-76.58114,-83.4091,0.0006372441,0.0006372441,0
-77.13979,-83.11937,0.00063892134,0.00063892134,0
-77.69871,-82.80215,0.00063831935,0.00063831935,0
-78.25777,-82.45538,0.0006383592,0.0006383592,0
-78.816895,-82.07286,0.0006383716,0.0006383716,0
-79.37598,-81.65057,0.00063837133,0.00063837133,0
-79.934906,-81.180466,0.00063837075,0.00063837075,0
-80.493546,-80.655266,0.00063837104,0.00063837104,0
-81.05173,-80.064,0.00063837104,0.00063837104,0
-81.60923,-79.393616,0.00063837104,0.00063837104,0
-82.1658,-78.62829,0.00063837104,0.00063837104,0
-82.7211,-77.744125,0.00063837104,0.00063837104,0
-83.27474,-76.716545,0.00063837104,0.00063837104,0
-83.82608,-75.50001,0.00063837104,0.00063837104,0
-84.37445,-74.05259,0.00063837104,0.00063837104,0
-84.91853,-72.28185,0.00063837104,0.00063837104,0
-85.45706,-70.10553,0.00063837104,0.00063837104,0
-85.987076,-67.32293,0.00063837104,0.00063837104,0
-86.50541,-63.73511,0.00063837104,0.00063837104,0
-87.004715,-58.88231,0.00063837104,0.00063837104,0
-87.475174,-52.206913,0.00063837104,0.00063837104,0
-87.895,-42.613907,0.00063837104,0.00063837104,0
-88.230515,-28.91412,0.00063837104,0.00063837104,0
-88.42383,-10.42848,0.00063837104,0.00063837104,0
-88.42383,10.42848,0.00063837104,0.00063837104,0
-88.230515,28.91412,0.00063837104,0.00063837104,0
-87.895,42.613907,0.00063837104,0.00063837104,0
-87.475174,52.206913,0.00063837104,0.00063837104,0
-87.004715,58.88231,0.00063837104,0.00063837104,0
-86.50541,63.73511,0.00063837104,0.00063837104,0
-85.987076,67.32293,0.00063837104,0.00063837104,0
-85.45706,70.10553,0.00063837104,0.00063837104,0
-84.91853,72.28185,0.00063837104,0.00063837104,0
-84.37445,74.05259,0.00063837104,0.00063837104,0
-83.82608,75.50001,0.00063837104,0.00063837104,0
-83.27474,76.716545,0.00063837104,0.00063837104,0
-82.7211,77.744125,0.00063837104,0.00063837104,0
-82.1658,78.62829,0.00063837104,0.00063837104,0
-81.60923,79.393616,0.00063837104,0.00063837104,0
-81.05173,80.064,0.00063837104,0.00063837104,0
-80.493546,80.655266,0.00063837104,0.00063837104,0
-79.934906,81.180466,0.00063837104,0.00063837104,0
-79.37598,81.65057,0.00063837104,0.00063837104,0
-78.816895,82.07286,0.00063837104,0.00063837104,0
-78.25777,82.45538,0.00063837104,0.00063837104,0
-77.69871,82.80215,0.00063837104,0.00063837104,0
-77.13979,83.11937,0.00063837104,0.00063837104,0
-76.58114,83.4091,0.00063837104,0.00063837104,0
-76.022766,83.676315,0.00063837104,0.00063837104,0
-75.46475,83.92204,0.00063837104,0.00063837104,0
-74.90716,84.15001,0.00063837133,0.00063837133,0
-74.350044,84.36113,0.00063837104,0.00063837104,0
-73.79344,84.55791,0.0006383616,0.0006383616,0
-73.23741,84.74124,0.0006382859,0.0006382859,0
-72.68198,84.912796,0.00063823874,0.00063823874,0
-72.12718,85.07346,0.0006383826,0.0006383826,0
-71.57308,85.22433,0.00064052845,0.00064052845,0
-71.01969,85.36629,0.000643712,0.000643712,0
-70.46706,85.49999,0.0006468879,0.0006468879,0
-69.91519,85.62632,0.00066982623,0.00066982623,0
-69.36416,85.745636,0.00069066946,0.00069066946,0
-68.81394,85.858765,0.00084428507,0.00084428507,0
-68.264626,85.96589,0.0006003421,0.0006003421,0
-67.71619,86.067795,0.0010082489,0.0010082489,0
-67.16871,86.1645,0.002592642,0.002592642,0
-66.62215,86.25673,0.0109899845,0.0109899845,0
-66.0766,86.3445,0.75241524,0.75241524,3
-65.53203,86.42835,0.93062055,0.93062055,3
-64.98852,86.508385,0.9343011,0.9343011,3
-64.446045,86.58495,0.8397205,0.8397205,3
-63.904655,86.65822,0.76893884,0.76893884,3
-63.364365,86.728424,0.6722521,0.6722521,2
-62.8252,86.79573,0.53507954,0.53507954,2
-62.287174,86.86033,0.4501135,0.4501135,2
-61.750313,86.92239,0.441908,0.441908,2
-61.214664,86.982025,0.29689768,0.29689768,1
-60.68019,87.03943,0.020186834,0.020186834,0
-60.146976,87.09465,0.00294397,0.00294397,0
-59.614975,87.147896,0.0011015366,0.0011015366,0
-59.084286,87.19918,0.0008400201,0.0008400201,0
-58.55484,87.24871,0.00064692914,0.00064692914,0
-58.026745,87.29645,0.00063503085,0.00063503085,0
-57.49993,87.34263,0.00063670165,0.00063670165,0
-56.974495,87.3872,0.00063833274,0.00063833274,0
-56.45039,87.43034,0.00061587204,0.00061587204,0
-55.92768,87.47206,0.00058596313,0.00058596313,0
-55.406357,87.51246,0.0006016315,0.0006016315,0
-54.88644,87.55159,0.00078726263,0.00078726263,0
-54.905212,-88.49843,0.0012575969,0.0012575969,0
-55.42547,-88.47441,0.0009086667,0.0009086667,0
-55.947166,-88.449615,0.00062122586,0.00062122586,0
-56.47025,-88.42401,0.00063243276,0.00063243276,0
-56.994736,-88.39752,0.0006374557,0.0006374557,0
-57.520576,-88.370155,0.0006379955,0.0006379955,0
-58.0478,-88.34183,0.0006383699,0.0006383699,0
-58.57632,-88.3125,0.00063837104,0.00063837104,0
-59.10621,-88.2821,0.00063837104,0.00063837104,0
-59.63736,-88.25061,0.00063837104,0.00063837104,0
-60.16983,-88.21791,0.00063837104,0.00063837104,0
-60.70353,-88.184006,0.00063837104,0.00063837104,0
-61.23851,-88.14876,0.0006383747,0.0006383747,0
-61.774693,-88.11214,0.0006383017,0.0006383017,0
-62.312103,-88.07402,0.000636769,0.000636769,0
-62.850693,-88.03435,0.0006362727,0.0006362727,0
-63.39045,-87.993,0.00062404905,0.00062404905,0
-63.93136,-87.94987,0.0006058305,0.0006058305,0
-64.47339,-87.90486,0.00066891714,0.00066891714,0
-65.01654,-87.85781,0.0011981786,0.0011981786,0
-65.56075,-87.80864,0.009492795,0.009492795,0
-66.10605,-87.757095,0.19251414,0.19251414,1
-66.65236,-87.703156,0.33030215,0.33030215,1
-67.19972,-87.646454,0.39920843,0.39920843,1
-67.74805,-87.587,0.5982072,0.5982072,2
-68.29736,-87.52434,0.8410613,0.8410613,3
-68.84761,-87.45846,0.9544427,0.9544427,3
-69.3988,-87.38887,0.9878442,0.9878442,3
-69.95087,-87.31547,0.9910256,0.9910256,3
-70.50382,-87.23773,0.99081904,0.99081904,3
-71.0576,-87.15544,0.99125457,0.99125457,3
-71.61222,-87.068054,0.99109054,0.99109054,3
-72.167625,-86.97514,0.9906412,0.9906412,3
-72.723785,-86.87618,0.86433214,0.86433214,3
-73.2807,-86.77048,0.008166802,0.008166802,0
-73.8383,-86.657486,0.0024589123,0.0024589123,0
-74.39659,-86.53615,0.0013547093,0.0013547093,0
-74.955505,-86.40591,0.00087878475,0.00087878475,0
-75.515045,-86.265205,0.0006997218,0.0006997218,0
-76.075134,-86.113464,0.00064876204,0.00064876204,0
-76.63579,-85.948364,0.0006395104,0.0006395104,0
-77.196915,-85.76921,0.0006383546,0.0006383546,0
-77.758514,-85.57291,0.00063829136,0.00063829136,0
-78.32051,-85.35814,0.0006383616,0.0006383616,0
-78.88288,-85.12096,0.0006383732,0.0006383732,0
-79.44555,-84.858826,0.00063837256,0.00063837256,0
-80.00845,-84.566574,0.00063837133,0.00063837133,0
-80.57153,-84.23956,0.00063837104,0.00063837104,0
-81.1347,-83.87067,0.00063837104,0.00063837104,0
-81.69785,-83.451416,0.00063837104,0.00063837104,0
-82.26088,-82.971436,0.00063837104,0.00063837104,0
-82.82363,-82.4149,0.00063837104,0.00063837104,0
-83.385925,-81.7653,0.00063837104,0.00063837104,0
-83.94748,-80.991806,0.00063837104,0.00063837104,0
-84.50801,-80.06495,0.00063837104,0.00063837104,0
-85.06694,-78.91963,0.00063837104,0.00063837104,0
-85.623695,-77.49396,0.00063837104,0.00063837104,0
-86.17694,-75.635376,0.00063837104,0.00063837104,0
-86.72514,-73.17492,0.00063837104,0.00063837104,0
-87.264595,-69.69983,0.00063837104,0.00063837104,0
-87.789566,-64.594864,0.00063837104,0.00063837104,0
-88.28526,-56.34949,0.00063837104,0.00063837104,0
-88.71944,-42.10546,0.00063837104,0.00063837104,0
-89.00427,-16.774523,0.00063837104,0.00063837104,0
-89.00427,16.774523,0.00063837104,0.00063837104,0
-88.71944,42.10546,0.00063837104,0.00063837104,0
-88.28526,56.34949,0.00063837104,0.00063837104,0
-87.789566,64.594864,0.00063837104,0.00063837104,0
-87.264595,69.69983,0.00063837104,0.00063837104,0
-86.72514,73.17492,0.00063837104,0.00063837104,0
-86.17694,75.635376,0.00063837104,0.00063837104,0
-85.623695,77.49396,0.00063837104,0.00063837104,0
-85.06694,78.91963,0.00063837104,0.00063837104,0
-84.50801,80.06495,0.00063837104,0.00063837104,0
-83.94748,80.991806,0.00063837104,0.00063837104,0
-83.385925,81.7653,0.00063837104,0.00063837104,0
-82.82363,82.4149,0.00063837104,0.00063837104,0
-82.26088,82.971436,0.00063837104,0.00063837104,0
-81.69785,83.451416,0.00063837104,0.00063837104,0
-81.1347,83.87067,0.00063837104,0.00063837104,0
-80.57153,84.23956,0.00063837104,0.00063837104,0
-80.00845,84.566574,0.00063837104,0.00063837104,0
-79.44555,84.858826,0.00063837104,0.00063837104,0
-78.88288,85.12096,0.00063837104,0.00063837104,0
-78.32051,85.35814,0.00063837104,0.00063837104,0
-77.758514,85.57291,0.00063837104,0.00063837104,0
-77.196915,85.76921,0.00063837104,0.00063837104,0
-76.63579,85.948364,0.00063837104,0.00063837104,0
-76.075134,86.113464,0.00063837104,0.00063837104,0
-75.515045,86.265205,0.00063837104,0.00063837104,0
-74.955505,86.40591,0.00063837104,0.00063837104,0
-74.39659,86.53615,0.000638372,0.000638372,0
-73.8383,86.657486,0.00063837133,0.00063837133,0
-73.2807,86.77048,0.00063835375,0.00063835375,0
-72.723785,86.87618,0.00063831237,0.00063831237,0
-72.167625,86.97514,0.0006383373,0.0006383373,0
-71.61222,87.068054,0.0006385582,0.0006385582,0
-71.0576,87.15544,0.0006391397,0.0006391397,0
-70.50382,87.23773,0.0006398677,0.0006398677,0
-69.95087,87.31547,0.0006441367,0.0006441367,0
-69.3988,87.38887,0.0006728612,0.0006728612,0
-68.84761,87.45846,0.00063074246,0.00063074246,0
-68.29736,87.52434,0.0008058498,0.0008058498,0
-67.74805,87.587,0.0011235704,0.0011235704,0
-67.19972,87.646454,0.0053128097,0.0053128097,0
-66.65236,87.703156,0.022667931,0.022667931,0
-66.10605,87.757095,0.9441717,0.9441717,3
-65.56075,87.80864,0.9694054,0.9694054,3
-65.01654,87.85781,0.95901424,0.95901424,3
-64.47339,87.90486,0.92497617,0.92497617,3
-63.93136,87.94987,0.7949162,0.7949162,3
-63.39045,87.993,0.5868745,0.5868745,2
-62.850693,88.03435,0.5112233,0.5112233,2
-62.312103,88.07402,0.41898274,0.41898274,2
-61.774693,88.11214,0.27319083,0.27319083,1
-61.23851,88.14876,0.026970513,0.026970513,0
-60.70353,88.184006,0.009064503,0.009064503,0
-60.16983,88.21791,0.0025784601,0.0025784601,0
-59.63736,88.25061,0.001038827,0.001038827,0
-59.10621,88.2821,0.0007741064,0.0007741064,0
-58.57632,88.3125,0.000644879,0.000644879,0
-58.0478,88.34183,0.0006350738,0.0006350738,0
-57.520576,88.370155,0.00063626457,0.00063626457,0
-56.994736,88.39752,0.0006383912,0.0006383912,0
-56.47025,88.42401,0.0006158914,0.0006158914,0
-55.947166,88.449615,0.00058596395,0.00058596395,0
-55.42547,88.47441,0.0006016315,0.0006016315,0
-54.905212,88.49843,0.00078726263,0.00078726263,0
-54.915154,-89.446075,0.0012575969,0.0012575969,0
-55.435608,-89.43722,0.0009086667,0.0009086667,0
-55.957493,-89.428055,0.00062122586,0.00062122586,0
-56.48077,-89.41861,0.00063243276,0.00063243276,0
-57.00547,-89.40884,0.0006374557,0.0006374557,0
-57.53151,-89.398735,0.0006379955,0.0006379955,0
-58.058956,-89.388275,0.0006383699,0.0006383699,0
-58.587708,-89.37746,0.00063837104,0.00063837104,0
-59.11783,-89.36623,0.00063837104,0.00063837104,0
-59.64922,-89.35461,0.00063837104,0.00063837104,0
-60.181942,-89.342545,0.00063837104,0.00063837104,0
-60.7159,-89.330025,0.00063837104,0.00063837104,0
-61.251152,-89.31701,0.0006383762,0.0006383762,0
-61.787617,-89.30349,0.0006383002,0.0006383002,0
-62.325314,-89.28941,0.0006364948,0.0006364948,0
-62.864204,-89.274765,0.0006365363,0.0006365363,0
-63.40428,-89.25951,0.0006232912,0.0006232912,0
-63.94552,-89.243576,0.0006048947,0.0006048947,0
-64.487885,-89.22696,0.00069052266,0.00069052266,0
-65.031395,-89.20958,0.0013551642,0.0013551642,0
-65.575966,-89.19143,0.01722133,0.01722133,0
-66.121666,-89.172386,0.35048094,0.35048094,1
-66.66837,-89.15246,0.6309647,0.6309647,2
-67.21616,-89.13152,0.62697977,0.62697977,2
-67.76492,-89.10956,0.6715341,0.6715341,2
-68.31473,-89.08641,0.8543281,0.8543281,3
-68.86546,-89.062065,0.93520975,0.93520975,3
-69.41717,-89.036354,0.9845115,0.9845115,3
-69.969795,-89.00923,0.9920587,0.9920587,3
-70.52332,-88.98051,0.9907013,0.9907013,3
-71.07772,-88.95009,0.98938304,0.98938304,3
-71.63298,-88.91779,0.9901181,0.9901181,3
-72.18909,-88.88343,0.97720397,0.97720397,3
-72.74598,-88.84683,0.011722317,0.011722317,0
-73.303665,-88.80775,0.0025792266,0.0025792266,0
-73.86211,-88.765945,0.0018348946,0.0018348946,0
-74.42129,-88.721054,0.00072716735,0.00072716735,0
-74.981155,-88.67285,0.0006945639,0.0006945639,0
-75.54174,-88.620766,0.00064971676,0.00064971676,0
-76.10296,-88.564575,0.0006391738,0.0006391738,0
-76.664825,-88.50341,0.0006387831,0.0006387831,0
-77.22727,-88.43703,0.0006382856,0.0006382856,0
-77.79031,-88.364265,0.0006382807,0.0006382807,0
-78.3539,-88.2846,0.0006383689,0.0006383689,0
-78.918,-88.19657,0.0006383699,0.0006383699,0
-79.48257,-88.09922,0.00063837535,0.00063837535,0
-80.04762,-87.99061,0.000638372,0.000638372,0
-80.6131,-87.86895,0.00063837104,0.00063837104,0
-81.178955,-87.73157,0.00063837104,0.00063837104,0
-81.74518,-87.57521,0.00063837104,0.00063837104,0
-82.31172,-87.39593,0.00063837104,0.00063837104,0
-82.87853,-87.18762,0.00063837104,0.00063837104,0
-83.44557,-86.94388,0.00063837104,0.00063837104,0
-84.012764,-86.65267,0.00063837104,0.00063837104,0
-84.58007,-86.30229,0.00063837104,0.00063837104,0
-85.14737,-85.86676,0.00063837104,0.00063837104,0
-85.71455,-85.32045,0.00063837104,0.00063837104,0
-86.2814,-84.59966,0.00063837104,0.00063837104,0
-86.84765,-83.62919,0.00063837104,0.00063837104,0
-87.4127,-82.21752,0.00063837104,0.00063837104,0
-87.975464,-80.039246,0.00063837104,0.00063837104,0
-88.532936,-76.13211,0.00063837104,0.00063837104,0
-89.07568,-67.58168,0.00063837104,0.00063837104,0
-89.540535,-37.753025,0.00063837104,0.00063837104,0
-89.540535,37.753025,0.00063837104,0.00063837104,0
-89.07568,67.58168,0.00063837104,0.00063837104,0
-88.532936,76.13211,0.00063837104,0.00063837104,0
-87.975464,80.039246,0.00063837104,0.00063837104,0
-87.4127,82.21752,0.00063837104,0.00063837104,0
-86.84765,83.62919,0.00063837104,0.00063837104,0
-86.2814,84.59966,0.00063837104,0.00063837104,0
-85.71455,85.32045,0.00063837104,0.00063837104,0
-85.14737,85.86676,0.00063837104,0.00063837104,0
-84.58007,86.30229,0.00063837104,0.00063837104,0
-84.012764,86.65267,0.00063837104,0.00063837104,0
-83.44557,86.94388,0.00063837104,0.00063837104,0
-82.87853,87.18762,0.00063837104,0.00063837104,0
-82.31172,87.39593,0.00063837104,0.00063837104,0
-81.74518,87.57521,0.00063837104,0.00063837104,0
-81.178955,87.73157,0.00063837104,0.00063837104,0
-80.6131,87.86895,0.00063837104,0.00063837104,0
-80.04762,87.99061,0.00063837104,0.00063837104,0
-79.48257,88.09922,0.00063837104,0.00063837104,0
-78.918,88.19657,0.00063837104,0.00063837104,0
-78.3539,88.2846,0.00063837104,0.00063837104,0
-77.79031,88.364265,0.00063837104,0.00063837104,0
-77.22727,88.43703,0.00063837104,0.00063837104,0
-76.664825,88.50341,0.00063837104,0.00063837104,0
-76.10296,88.564575,0.00063837104,0.00063837104,0
-75.54174,88.620766,0.00063837104,0.00063837104,0
-74.981155,88.67285,0.00063837104,0.00063837104,0
-74.42129,88.721054,0.00063837104,0.00063837104,0
-73.86211,88.765945,0.000638372,0.000638372,0
-73.303665,88.80775,0.00063837017,0.00063837017,0
-72.74598,88.84683,0.00063836225,0.00063836225,0
-72.18909,88.88343,0.00063832995,0.00063832995,0
-71.63298,88.91779,0.0006382874,0.0006382874,0
-71.07772,88.95009,0.0006382795,0.0006382795,0
-70.52332,88.98051,0.0006367347,0.0006367347,0
-69.969795,89.00923,0.000641701,0.000641701,0
-69.41717,89.036354,0.00063536654,0.00063536654,0
-68.86546,89.062065,0.0006137514,0.0006137514,0
-68.31473,89.08641,0.0005836864,0.0005836864,0
-67.76492,89.10956,0.0016766199,0.0016766199,0
-67.21616,89.13152,0.008530144,0.008530144,0
-66.66837,89.15246,0.9141075,0.9141075,3
-66.121666,89.172386,0.9612683,0.9612683,3
-65.575966,89.19143,0.9715235,0.9715235,3
-65.031395,89.20958,0.950655,0.950655,3
-64.487885,89.22696,0.92713,0.92713,3
-63.94552,89.243576,0.821907,0.821907,3
-63.40428,89.25951,0.5902146,0.5902146,2
-62.864204,89.274765,0.5051746,0.5051746,2
-62.325314,89.28941,0.4255524,0.4255524,2
-61.787617,89.30349,0.2482303,0.2482303,1
-61.251152,89.31701,0.006175623,0.006175623,0
-60.7159,89.330025,0.0021557433,0.0021557433,0
-60.181942,89.342545,0.0015453774,0.0015453774,0
-59.64922,89.35461,0.00083838793,0.00083838793,0
-59.11783,89.36623,0.0007155897,0.0007155897,0
-58.587708,89.37746,0.000639203,0.000639203,0
-58.058956,89.388275,0.0006359445,0.0006359445,0
-57.53151,89.398735,0.0006362076,0.0006362076,0
-57.00547,89.40884,0.0006383656,0.0006383656,0
-56.48077,89.41861,0.0006159029,0.0006159029,0
-55.957493,89.428055,0.00058596645,0.00058596645,0
-55.435608,89.43722,0.0006016315,0.0006016315,0
-54.915154,89.446075,0.00078726263,0.00078726263,0
-54.915764,-90.394035,0.0012575969,0.0012575969,0
-55.436226,-90.40034,0.0009086667,0.0009086667,0
-55.958122,-90.40685,0.00062122586,0.00062122586,0
-56.481415,-90.413574,0.00063243276,0.00063243276,0
-57.006126,-90.42052,0.0006374557,0.0006374557,0
-57.53218,-90.42771,0.0006379955,0.0006379955,0
-58.05964,-90.43515,0.0006383699,0.0006383699,0
-58.5884,-90.44284,0.00063837104,0.00063837104,0
-59.11854,-90.450836,0.00063837104,0.00063837104,0
-59.649944,-90.45909,0.00063837104,0.00063837104,0
-60.18268,-90.46768,0.00063837104,0.00063837104,0
-60.71666,-90.47659,0.00063837104,0.00063837104,0
-61.25193,-90.48584,0.00063837774,0.00063837774,0
-61.788406,-90.49546,0.0006382792,0.0006382792,0
-62.326126,-90.50548,0.00063638674,0.00063638674,0
-62.865036,-90.51589,0.00063717365,0.00063717365,0
-63.405125,-90.52675,0.0006245572,0.0006245572,0
-63.94638,-90.538086,0.00061719154,0.00061719154,0
-64.48877,-90.549904,0.00070740364,0.00070740364,0
-65.0323,-90.56226,0.0010671467,0.0010671467,0
-65.576904,-90.57518,0.004236597,0.004236597,0
-66.12262,-90.58872,0.10995619,0.10995619,0
-66.66936,-90.6029,0.5125613,0.5125613,2
-67.21716,-90.6178,0.6631716,0.6631716,2
-67.76596,-90.633415,0.7697145,0.7697145,3
-68.315796,-90.64989,0.79474604,0.79474604,3
-68.866554,-90.667206,0.87256485,0.87256485,3
-69.418304,-90.68549,0.9718597,0.9718597,3
-69.97095,-90.70479,0.99159664,0.99159664,3
-70.52451,-90.72522,0.99025154,0.99025154,3
-71.07895,-90.746864,0.989576,0.989576,3
-71.634254,-90.76984,0.98939425,0.98939425,3
-72.19039,-90.79428,0.97271144,0.97271144,3
-72.74734,-90.82031,0.006073756,0.006073756,0
-73.30508,-90.84813,0.0013458526,0.0013458526,0
-73.86356,-90.87785,0.0010415134,0.0010415134,0
-74.422806,-90.909805,0.00058648107,0.00058648107,0
-74.982735,-90.94409,0.0006184275,0.0006184275,0
-75.54338,-90.98115,0.0006365952,0.0006365952,0
-76.10466,-91.02112,0.000638507,0.000638507,0
-76.6666,-91.06464,0.00063748827,0.00063748827,0
-77.229126,-91.11186,0.0006371806,0.0006371806,0
-77.79227,-91.163635,0.00063784595,0.00063784595,0
-78.35594,-91.220314,0.0006381417,0.0006381417,0
-78.92015,-91.28294,0.0006383245,0.0006383245,0
-79.48485,-91.3522,0.00063837256,0.00063837256,0
-80.05003,-91.42949,0.0006383747,0.0006383747,0
-80.61565,-91.51605,0.00063837104,0.00063837104,0
-81.18167,-91.613815,0.00063837104,0.00063837104,0
-81.74809,-91.72507,0.00063837104,0.00063837104,0
-82.314835,-91.852646,0.00063837104,0.00063837104,0
-82.88191,-92.00091,0.00063837104,0.00063837104,0
-83.449234,-92.17439,0.00063837104,0.00063837104,0
-84.01679,-92.38167,0.00063837104,0.00063837104,0
-84.58451,-92.63111,0.00063837104,0.00063837104,0
-85.15233,-92.94124,0.00063837104,0.00063837104,0
-85.72017,-93.330345,0.00063837104,0.00063837104,0
-86.287895,-93.84393,0.00063837104,0.00063837104,0
-86.855316,-94.53584,0.00063837104,0.00063837104,0
-87.42206,-95.543365,0.00063837104,0.00063837104,0
-87.98746,-97.10094,0.00063837104,0.00063837104,0
-88.54965,-99.90718,0.00063837104,0.00063837104,0
-89.10278,-106.12879,0.00063837104,0.00063837104,0
-89.60479,-130.84921,0.00063837104,0.00063837104,0
-89.60479,130.84921,0.00063837104,0.00063837104,0
-89.10278,106.12879,0.00063837104,0.00063837104,0
-88.54965,99.90718,0.00063837104,0.00063837104,0
-87.98746,97.10094,0.00063837104,0.00063837104,0
-87.42206,95.543365,0.00063837104,0.00063837104,0
-86.855316,94.53584,0.00063837104,0.00063837104,0
-86.287895,93.84393,0.00063837104,0.00063837104,0
-85.72017,93.330345,0.00063837104,0.00063837104,0
-85.15233,92.94124,0.00063837104,0.00063837104,0
-84.58451,92.63111,0.00063837104,0.00063837104,0
-84.01679,92.38167,0.00063837104,0.00063837104,0
-83.449234,92.17439,0.00063837104,0.00063837104,0
-82.88191,92.00091,0.00063837104,0.00063837104,0
-82.314835,91.852646,0.00063837104,0.00063837104,0
-81.74809,91.72507,0.00063837104,0.00063837104,0
-81.18167,91.613815,0.00063837104,0.00063837104,0
-80.61565,91.51605,0.00063837104,0.00063837104,0
-80.05003,91.42949,0.00063837104,0.00063837104,0
-79.48485,91.3522,0.00063837104,0.00063837104,0
-78.92015,91.28294,0.00063837104,0.00063837104,0
-78.35594,91.220314,0.00063837104,0.00063837104,0
-77.79227,91.163635,0.00063837104,0.00063837104,0
-77.229126,91.11186,0.00063837104,0.00063837104,0
-76.6666,91.06464,0.00063837104,0.00063837104,0
-76.10466,91.02112,0.00063837104,0.00063837104,0
-75.54338,90.98115,0.00063837104,0.00063837104,0
-74.982735,90.94409,0.00063837104,0.00063837104,0
-74.422806,90.909805,0.00063837104,0.00063837104,0
-73.86356,90.87785,0.00063837104,0.00063837104,0
-73.30508,90.84813,0.000638372,0.000638372,0
-72.74734,90.82031,0.00063837407,0.00063837407,0
-72.19039,90.79428,0.0006383747,0.0006383747,0
-71.634254,90.76984,0.00063836615,0.00063836615,0
-71.07895,90.746864,0.00063835585,0.00063835585,0
-70.52451,90.72522,0.0006366261,0.0006366261,0
-69.97095,90.70479,0.00063807116,0.00063807116,0
-69.418304,90.68549,0.00062737754,0.00062737754,0
-68.866554,90.667206,0.000587862,0.000587862,0
-68.315796,90.64989,0.0006446719,0.0006446719,0
-67.76596,90.633415,0.001244931,0.001244931,0
-67.21716,90.6178,0.004429606,0.004429606,0
-66.66936,90.6029,0.30984163,0.30984163,1
-66.12262,90.58872,0.92546487,0.92546487,3
-65.576904,90.57518,0.89806926,0.89806926,3
-65.0323,90.56226,0.9274472,0.9274472,3
-64.48877,90.549904,0.92340916,0.92340916,3
-63.94638,90.538086,0.85257655,0.85257655,3
-63.405125,90.52675,0.66971457,0.66971457,2
-62.865036,90.51589,0.5258088,0.5258088,2
-62.326126,90.50548,0.37970182,0.37970182,1
-61.788406,90.49546,0.03782685,0.03782685,0
-61.25193,90.48584,0.003659575,0.003659575,0
-60.71666,90.47659,0.0013731621,0.0013731621,0
-60.18268,90.46768,0.0010209607,0.0010209607,0
-59.649944,90.45909,0.00073071884,0.00073071884,0
-59.11854,90.450836,0.0006576938,0.0006576938,0
-58.5884,90.44284,0.0006401907,0.0006401907,0
-58.05964,90.43515,0.0006342246,0.0006342246,0
-57.53218,90.42771,0.00063569326,0.00063569326,0
-57.006126,90.42052,0.00063835614,0.00063835614,0
-56.481415,90.413574,0.00061589526,0.00061589526,0
-55.958122,90.40685,0.0005859687,0.0005859687,0
-55.436226,90.40034,0.0006016315,0.0006016315,0
-54.915764,90.394035,0.00078726263,0.00078726263,0
-54.907562,-91.34178,0.0012575969,0.0012575969,0
-55.427864,-91.363235,0.0009086667,0.0009086667,0
-55.949608,-91.38541,0.00062122586,0.00062122586,0
-56.472733,-91.40828,0.00063243276,0.00063243276,0
-56.997272,-91.431946,0.0006374557,0.0006374557,0
-57.52316,-91.456406,0.0006379955,0.0006379955,0
-58.050434,-91.481735,0.0006383699,0.0006383699,0
-58.57901,-91.507935,0.00063837104,0.00063837104,0
-59.108955,-91.53511,0.00063837104,0.00063837104,0
-59.64016,-91.56325,0.00063837104,0.00063837104,0
-60.17269,-91.59247,0.00063837104,0.00063837104,0
-60.706455,-91.622765,0.00063837104,0.00063837104,0
-61.241493,-91.65428,0.0006383814,0.0006383814,0
-61.77775,-91.687004,0.0006381931,0.0006381931,0
-62.315228,-91.72107,0.000636455,0.000636455,0
-62.853886,-91.75653,0.00063781766,0.00063781766,0
-63.39372,-91.793495,0.00062762277,0.00062762277,0
-63.934708,-91.83204,0.0006267907,0.0006267907,0
-64.476814,-91.87226,0.00069386227,0.00069386227,0
-65.02005,-91.91432,0.0011110177,0.0011110177,0
-65.56435,-91.95827,0.003996708,0.003996708,0
-66.10974,-92.00434,0.03979505,0.03979505,0
-66.65614,-92.05255,0.30106568,0.30106568,1
-67.203606,-92.10324,0.586445,0.586445,2
-67.75203,-92.15638,0.76878625,0.76878625,3
-68.30147,-92.21239,0.8380072,0.8380072,3
-68.85183,-92.27128,0.91919535,0.91919535,3
-69.40314,-92.33348,0.9772012,0.9772012,3
-69.95534,-92.3991,0.99039876,0.99039876,3
-70.50843,-92.4686,0.9907392,0.9907392,3
-71.062355,-92.54216,0.9913455,0.9913455,3
-71.61713,-92.6203,0.98899823,0.98899823,3
-72.17269,-92.703354,0.9741203,0.9741203,3
-72.729034,-92.79184,0.0065855337,0.0065855337,0
-73.28612,-92.886345,0.0009894652,0.0009894652,0
-73.84392,-92.9874,0.00089561945,0.00089561945,0
-74.40242,-93.095894,0.0005638645,0.0005638645,0
-74.96156,-93.212364,0.0006350384,0.0006350384,0
-75.52135,-93.338196,0.00064912695,0.00064912695,0
-76.08171,-93.47391,0.0006357473,0.0006357473,0
-76.64264,-93.6216,0.00063237734,0.00063237734,0
-77.20408,-93.78185,0.0006339061,0.0006339061,0
-77.76603,-93.95747,0.0006360939,0.0006360939,0
-78.328384,-94.149635,0.0006376235,0.0006376235,0
-78.89117,-94.36188,0.0006382059,0.0006382059,0
-79.454285,-94.5965,0.0006383458,0.0006383458,0
-80.0177,-94.8581,0.0006383784,0.0006383784,0
-80.58134,-95.15091,0.00063837104,0.00063837104,0
-81.145134,-95.48129,0.00063837104,0.00063837104,0
-81.709015,-95.8569,0.00063837104,0.00063837104,0
-82.272865,-96.28709,0.00063837104,0.00063837104,0
-82.83656,-96.78611,0.00063837104,0.00063837104,0
-83.39997,-97.36894,0.00063837104,0.00063837104,0
-83.96284,-98.06346,0.00063837104,0.00063837104,0
-84.52494,-98.896515,0.00063837104,0.00063837104,0
-85.085815,-99.927345,0.00063837104,0.00063837104,0
-85.64497,-101.21278,0.00063837104,0.00063837104,0
-86.20135,-102.89322,0.00063837104,0.00063837104,0
-86.75365,-105.12646,0.00063837104,0.00063837104,0
-87.298805,-108.301544,0.00063837104,0.00063837104,0
-87.831955,-113.01574,0.00063837104,0.00063837104,0
-88.340195,-120.79212,0.00063837104,0.00063837104,0
-88.793465,-134.77734,0.00063837104,0.00063837104,0
-89.100235,-161.48695,0.00063837104,0.00063837104,0
-89.100235,161.48695,0.00063837104,0.00063837104,0
-88.793465,134.77734,0.00063837104,0.00063837104,0
-88.340195,120.79212,0.00063837104,0.00063837104,0
-87.831955,113.01574,0.00063837104,0.00063837104,0
-87.298805,108.301544,0.00063837104,0.00063837104,0
-86.75365,105.12646,0.00063837104,0.00063837104,0
-86.20135,102.89322,0.00063837104,0.00063837104,0
-85.64497,101.21278,0.00063837104,0.00063837104,0
-85.085815,99.927345,0.00063837104,0.00063837104,0
-84.52494,98.896515,0.00063837104,0.00063837104,0
-83.96284,98.06346,0.00063837104,0.00063837104,0
-83.39997,97.36894,0.00063837104,0.00063837104,0
-82.83656,96.78611,0.00063837104,0.00063837104,0
-82.272865,96.28709,0.00063837104,0.00063837104,0
-81.709015,95.8569,0.00063837104,0.00063837104,0
-81.145134,95.48129,0.00063837104,0.00063837104,0
-80.58134,95.15091,0.00063837104,0.00063837104,0
-80.0177,94.8581,0.00063837104,0.00063837104,0
-79.454285,94.5965,0.00063837104,0.00063837104,0
-78.89117,94.36188,0.00063837104,0.00063837104,0
-78.328384,94.149635,0.00063837104,0.00063837104,0
-77.76603,93.95747,0.00063837104,0.00063837104,0
-77.20408,93.78185,0.00063837104,0.00063837104,0
-76.64264,93.6216,0.00063837104,0.00063837104,0
-76.08171,93.47391,0.00063837104,0.00063837104,0
-75.52135,93.338196,0.00063837104,0.00063837104,0
-74.96156,93.212364,0.00063837104,0.00063837104,0
-74.40242,93.095894,0.00063837104,0.00063837104,0
-73.84392,92.9874,0.00063837104,0.00063837104,0
-73.28612,92.886345,0.00063837104,0.00063837104,0
-72.729034,92.79184,0.00063837104,0.00063837104,0
-72.17269,92.703354,0.000638372,0.000638372,0
-71.61713,92.6203,0.0006383729,0.0006383729,0
-71.062355,92.54216,0.00063840847,0.00063840847,0
-70.50843,92.4686,0.00063745177,0.00063745177,0
-69.95534,92.3991,0.0006371071,0.0006371071,0
-69.40314,92.33348,0.00062698784,0.00062698784,0
-68.85183,92.27128,0.0006377219,0.0006377219,0
-68.30147,92.21239,0.0006676275,0.0006676275,0
-67.75203,92.15638,0.0007671034,0.0007671034,0
-67.203606,92.10324,0.001282609,0.001282609,0
-66.65614,92.05255,0.010012924,0.010012924,0
-66.10974,92.00434,0.81058836,0.81058836,3
-65.56435,91.95827,0.7351752,0.7351752,3
-65.02005,91.91432,0.8947421,0.8947421,3
-64.476814,91.87226,0.9041893,0.9041893,3
-63.934708,91.83204,0.88747865,0.88747865,3
-63.39372,91.793495,0.760261,0.760261,3
-62.853886,91.75653,0.590768,0.590768,2
-62.315228,91.72107,0.39400274,0.39400274,1
-61.77775,91.687004,0.024140615,0.024140615,0
-61.241493,91.65428,0.0044017527,0.0044017527,0
-60.706455,91.622765,0.0014632569,0.0014632569,0
-60.17269,91.59247,0.00095349445,0.00095349445,0
-59.64016,91.56325,0.00074754376,0.00074754376,0
-59.108955,91.53511,0.00064508425,0.00064508425,0
-58.57901,91.507935,0.0006310561,0.0006310561,0
-58.050434,91.481735,0.00063498336,0.00063498336,0
-57.52316,91.456406,0.00063442835,0.00063442835,0
-56.997272,91.431946,0.00063822535,0.00063822535,0
-56.472733,91.40828,0.00061589264,0.00061589264,0
-55.949608,91.38541,0.0005859715,0.0005859715,0
-55.427864,91.363235,0.00060163205,0.00060163205,0
-54.907562,91.34178,0.00078726263,0.00078726263,0
-54.890236,-92.28879,0.0012575969,0.0012575969,0
-55.41022,-92.32536,0.0009086667,0.0009086667,0
-55.93162,-92.363144,0.00062122586,0.00062122586,0
-56.454403,-92.402145,0.00063243276,0.00063243276,0
-56.97859,-92.44248,0.0006374557,0.0006374557,0
-57.504105,-92.48416,0.0006379955,0.0006379955,0
-58.031002,-92.52733,0.0006383699,0.0006383699,0
-58.55918,-92.57196,0.00063837104,0.00063837104,0
-59.08872,-92.61828,0.00063837104,0.00063837104,0
-59.6195,-92.66623,0.00063837104,0.00063837104,0
-60.151596,-92.71602,0.00063837104,0.00063837104,0
-60.68491,-92.76765,0.00063837104,0.00063837104,0
-61.219482,-92.82132,0.00063838717,0.00063838717,0
-61.75524,-92.87708,0.00063797785,0.00063797785,0
-62.292217,-92.93512,0.00063639856,0.00063639856,0
-62.830353,-92.99553,0.00063625764,0.00063625764,0
-63.36964,-93.05847,0.00062928133,0.00062928133,0
-63.910057,-93.124115,0.0006266578,0.0006266578,0
-64.45157,-93.19262,0.0007153258,0.0007153258,0
-64.99419,-93.26424,0.0011965943,0.0011965943,0
-65.537834,-93.33907,0.009785234,0.009785234,0
-66.08255,-93.417496,0.29735097,0.29735097,1
-66.62826,-93.49958,0.5221245,0.5221245,2
-67.17497,-93.58584,0.65772754,0.65772754,2
-67.722626,-93.67628,0.8024817,0.8024817,3
-68.27124,-93.77159,0.87533987,0.87533987,3
-68.82074,-93.87179,0.93847066,0.93847066,3
-69.371155,-93.97761,0.98331255,0.98331255,3
-69.9224,-94.08922,0.99000275,0.99000275,3
-70.47449,-94.20739,0.99119496,0.99119496,3
-71.02735,-94.332466,0.99023575,0.99023575,3
-71.58099,-94.46527,0.9898616,0.9898616,3
-72.13535,-94.60642,0.949475,0.949475,3
-72.69042,-94.75675,0.0055389637,0.0055389637,0
-73.246155,-94.91727,0.0011773474,0.0011773474,0
-73.802505,-95.08881,0.00069099833,0.00069099833,0
-74.35944,-95.272964,0.0006754706,0.0006754706,0
-74.91692,-95.47056,0.00069627643,0.00069627643,0
-75.474915,-95.68394,0.00069284666,0.00069284666,0
-76.03334,-95.91397,0.00065856375,0.00065856375,0
-76.59217,-96.16412,0.0006410689,0.0006410689,0
-77.15132,-96.43543,0.0006307696,0.0006307696,0
-77.710785,-96.732506,0.000634108,0.000634108,0
-78.270424,-97.057304,0.0006366376,0.0006366376,0
-78.83021,-97.41568,0.00063796993,0.00063796993,0
-79.39001,-97.81139,0.0006383251,0.0006383251,0
-79.94974,-98.25206,0.0006383817,0.0006383817,0
-80.50926,-98.74452,0.00063837104,0.00063837104,0
-81.06844,-99.29915,0.00063837104,0.00063837104,0
-81.627075,-99.92829,0.00063837104,0.00063837104,0
-82.18494,-100.64696,0.00063837104,0.00063837104,0
-82.741714,-101.4778,0.00063837104,0.00063837104,0
-83.29707,-102.44423,0.00063837104,0.00063837104,0
-83.85043,-103.589676,0.00063837104,0.00063837104,0
-84.4012,-104.954414,0.00063837104,0.00063837104,0
-84.9482,-106.62724,0.00063837104,0.00063837104,0
-85.49026,-108.688286,0.00063837104,0.00063837104,0
-86.02473,-111.33322,0.00063837104,0.00063837104,0
-86.548706,-114.760315,0.00063837104,0.00063837104,0
-87.055405,-119.43204,0.00063837104,0.00063837104,0
-87.53549,-125.93146,0.00063837104,0.00063837104,0
-87.96783,-135.4466,0.00063837104,0.00063837104,0
-88.31789,-149.40277,0.00063837104,0.00063837104,0
-88.52274,-168.85005,0.00063837104,0.00063837104,0
-88.52274,168.85005,0.00063837104,0.00063837104,0
-88.31789,149.40277,0.00063837104,0.00063837104,0
-87.96783,135.4466,0.00063837104,0.00063837104,0
-87.53549,125.93146,0.00063837104,0.00063837104,0
-87.055405,119.43204,0.00063837104,0.00063837104,0
-86.548706,114.760315,0.00063837104,0.00063837104,0
-86.02473,111.33322,0.00063837104,0.00063837104,0
-85.49026,108.688286,0.00063837104,0.00063837104,0
-84.9482,106.62724,0.00063837104,0.00063837104,0
-84.4012,104.954414,0.00063837104,0.00063837104,0
-83.85043,103.589676,0.00063837104,0.00063837104,0
-83.29707,102.44423,0.00063837104,0.00063837104,0
-82.741714,101.4778,0.00063837104,0.00063837104,0
-82.18494,100.64696,0.00063837104,0.00063837104,0
-81.627075,99.92829,0.00063837104,0.00063837104,0
-81.06844,99.29915,0.00063837104,0.00063837104,0
-80.50926,98.74452,0.00063837104,0.00063837104,0
-79.94974,98.25206,0.00063837104,0.00063837104,0
-79.39001,97.81139,0.00063837104,0.00063837104,0
-78.83021,97.41568,0.00063837104,0.00063837104,0
-78.270424,97.057304,0.00063837104,0.00063837104,0
-77.710785,96.732506,0.00063837104,0.00063837104,0
-77.15132,96.43543,0.00063837104,0.00063837104,0
-76.59217,96.16412,0.00063837104,0.00063837104,0
-76.03334,95.91397,0.00063837104,0.00063837104,0
-75.474915,95.68394,0.00063837104,0.00063837104,0
-74.91692,95.47056,0.00063837104,0.00063837104,0
-74.35944,95.272964,0.00063837104,0.00063837104,0
-73.802505,95.08881,0.00063837104,0.00063837104,0
-73.246155,94.91727,0.00063837104,0.00063837104,0
-72.69042,94.75675,0.00063837104,0.00063837104,0
-72.13535,94.60642,0.00063837104,0.00063837104,0
-71.58099,94.46527,0.000638372,0.000638372,0
-71.02735,94.332466,0.00063840573,0.00063840573,0
-70.47449,94.20739,0.0006380347,0.0006380347,0
-69.9224,94.08922,0.0006361285,0.0006361285,0
-69.371155,93.97761,0.00063455047,0.00063455047,0
-68.82074,93.87179,0.0006597507,0.0006597507,0
-68.27124,93.77159,0.00061250065,0.00061250065,0
-67.722626,93.67628,0.0008691508,0.0008691508,0
-67.17497,93.58584,0.0011059,0.0011059,0
-66.62826,93.49958,0.011971743,0.011971743,0
-66.08255,93.417496,0.8712986,0.8712986,3
-65.537834,93.33907,0.9423845,0.9423845,3
-64.99419,93.26424,0.93761593,0.93761593,3
-64.45157,93.19262,0.9372229,0.9372229,3
-63.910057,93.124115,0.8883462,0.8883462,3
-63.36964,93.05847,0.8089847,0.8089847,3
-62.830353,92.99553,0.7480169,0.7480169,3
-62.292217,92.93512,0.5105035,0.5105035,2
-61.75524,92.87708,0.26401523,0.26401523,1
-61.219482,92.82132,0.015092795,0.015092795,0
-60.68491,92.76765,0.0031860648,0.0031860648,0
-60.151596,92.71602,0.0012977361,0.0012977361,0
-59.6195,92.66623,0.00094438286,0.00094438286,0
-59.08872,92.61828,0.0007400601,0.0007400601,0
-58.55918,92.57196,0.0006386434,0.0006386434,0
-58.031002,92.52733,0.0006337545,0.0006337545,0
-57.504105,92.48416,0.0006347229,0.0006347229,0
-56.97859,92.44248,0.000637859,0.000637859,0
-56.454403,92.402145,0.0006158304,0.0006158304,0
-55.93162,92.363144,0.0005859662,0.0005859662,0
-55.41022,92.32536,0.0006016332,0.0006016332,0
-54.890236,92.28879,0.00078726263,0.00078726263,0
-54.8639,-93.23454,0.0012575969,0.0012575969,0
-55.383385,-93.28618,0.0009086667,0.0009086667,0
-55.90428,-93.33949,0.00062122586,0.00062122586,0
-56.426537,-93.394554,0.00063243276,0.00063243276,0
-56.950176,-93.45148,0.0006374557,0.0006374557,0
-57.475136,-93.51031,0.0006379955,0.0006379955,0
-58.00145,-93.57123,0.0006383699,0.0006383699,0
-58.529034,-93.63423,0.00063837104,0.00063837104,0
-59.057953,-93.69958,0.00063837104,0.00063837104,0
-59.588097,-93.76722,0.00063837104,0.00063837104,0
-60.11953,-93.83747,0.00063837104,0.00063837104,0
-60.652157,-93.9103,0.00063837104,0.00063837104,0
-61.18602,-93.98602,0.0006383929,0.0006383929,0
-61.721043,-94.06467,0.00063766236,0.00063766236,0
-62.257244,-94.146515,0.0006362761,0.0006362761,0
-62.79458,-94.23169,0.00063102,0.00063102,0
-63.333042,-94.32045,0.000621905,0.000621905,0
-63.872593,-94.41302,0.00062052725,0.00062052725,0
-64.41321,-94.50958,0.0007307324,0.0007307324,0
-64.95488,-94.61051,0.0012263042,0.0012263042,0
-65.49756,-94.71599,0.0044605997,0.0044605997,0
-66.04125,-94.826485,0.1346347,0.1346347,0
-66.58588,-94.94212,0.6342708,0.6342708,2
-67.131485,-95.06363,0.7609895,0.7609895,3
-67.67795,-95.191,0.85854536,0.85854536,3
-68.22534,-95.32519,0.91834736,0.91834736,3
-68.773544,-95.46624,0.96473575,0.96473575,3
-69.322586,-95.615166,0.98260015,0.98260015,3
-69.87239,-95.7722,0.9898145,0.9898145,3
-70.42295,-95.93841,0.9906771,0.9906771,3
-70.97421,-96.114296,0.9889733,0.9889733,3
-71.52615,-96.300964,0.9777776,0.9777776,3
-72.078705,-96.499306,0.16051267,0.16051267,1
-72.63185,-96.71045,0.0033687698,0.0033687698,0
-73.18553,-96.9358,0.001859777,0.001859777,0
-73.7397,-97.17653,0.00086454477,0.00086454477,0
-74.2943,-97.4348,0.00093540625,0.00093540625,0
-74.84926,-97.711754,0.0010915248,0.0010915248,0
-75.40455,-98.01064,0.001074959,0.001074959,0
-75.96005,-98.332596,0.0008556491,0.0008556491,0
-76.51574,-98.68242,0.00072868686,0.00072868686,0
-77.07149,-99.061455,0.00064626924,0.00064626924,0
-77.627205,-99.47603,0.0006352418,0.0006352418,0
-78.18278,-99.92874,0.00063647045,0.00063647045,0
-78.73808,-100.42753,0.0006374296,0.0006374296,0
-79.29296,-100.97738,0.00063826464,0.00063826464,0
-79.84722,-101.588486,0.000638386,0.000638386,0
-80.40065,-102.269875,0.00063837104,0.00063837104,0
-80.953,-103.0352,0.00063837104,0.00063837104,0
-81.50392,-103.90057,0.00063837104,0.00063837104,0
-82.05303,-104.88522,0.00063837104,0.00063837104,0
-82.59976,-106.01811,0.00063837104,0.00063837104,0
-83.143524,-107.32825,0.00063837104,0.00063837104,0
-83.68327,-108.869255,0.00063837104,0.00063837104,0
-84.21803,-110.688385,0.00063837104,0.00063837104,0
-84.74575,-112.889656,0.00063837104,0.00063837104,0
-85.26459,-115.5588,0.00063837104,0.00063837104,0
-85.770226,-118.904106,0.00063837104,0.00063837104,0
-86.25845,-123.10741,0.00063837104,0.00063837104,0
-86.71977,-128.5728,0.00063837104,0.00063837104,0
-87.143036,-135.69559,0.00063837104,0.00063837104,0
-87.506226,-145.13614,0.00063837104,0.00063837104,0
-87.78229,-157.30264,0.00063837104,0.00063837104,0
-87.93338,-172.06319,0.00063837104,0.00063837104,0
-87.93338,172.06319,0.00063837104,0.00063837104,0
-87.78229,157.30264,0.00063837104,0.00063837104,0
-87.506226,145.13614,0.00063837104,0.00063837104,0
-87.143036,135.69559,0.00063837104,0.00063837104,0
-86.71977,128.5728,0.00063837104,0.00063837104,0
-86.25845,123.10741,0.00063837104,0.00063837104,0
-85.770226,118.904106,0.00063837104,0.00063837104,0
-85.26459,115.5588,0.00063837104,0.00063837104,0
-84.74575,112.889656,0.00063837104,0.00063837104,0
-84.21803,110.688385,0.00063837104,0.00063837104,0
-83.68327,108.869255,0.00063837104,0.00063837104,0
-83.143524,107.32825,0.00063837104,0.00063837104,0
-82.59976,106.01811,0.00063837104,0.00063837104,0
-82.05303,104.88522,0.00063837104,0.00063837104,0
-81.50392,103.90057,0.00063837104,0.00063837104,0
-80.953,103.0352,0.00063837104,0.00063837104,0
-80.40065,102.269875,0.00063837104,0.00063837104,0
-79.84722,101.588486,0.00063837104,0.00063837104,0
-79.29296,100.97738,0.00063837104,0.00063837104,0
-78.73808,100.42753,0.00063837104,0.00063837104,0
-78.18278,99.92874,0.00063837104,0.00063837104,0
-77.627205,99.47603,0.00063837104,0.00063837104,0
-77.07149,99.061455,0.00063837104,0.00063837104,0
-76.51574,98.68242,0.00063837104,0.00063837104,0
-75.96005,98.332596,0.00063837104,0.00063837104,0
-75.40455,98.01064,0.00063837104,0.00063837104,0
-74.84926,97.711754,0.00063837104,0.00063837104,0
-74.2943,97.4348,0.00063837104,0.00063837104,0
-73.7397,97.17653,0.00063837104,0.00063837104,0
-73.18553,96.9358,0.00063837104,0.00063837104,0
-72.63185,96.71045,0.00063837104,0.00063837104,0
-72.078705,96.499306,0.00063837104,0.00063837104,0
-71.52615,96.300964,0.00063837104,0.00063837104,0
-70.97421,96.114296,0.0006383963,0.0006383963,0
-70.42295,95.93841,0.000638323,0.000638323,0
-69.87239,95.7722,0.00063622155,0.00063622155,0
-69.322586,95.615166,0.00063990004,0.00063990004,0
-68.773544,95.46624,0.0006390915,0.0006390915,0
-68.22534,95.32519,0.0006300915,0.0006300915,0
-67.67795,95.191,0.0008653623,0.0008653623,0
-67.131485,95.06363,0.0013462199,0.0013462199,0
-66.58588,94.94212,0.00857487,0.00857487,0
-66.04125,94.826485,0.5754911,0.5754911,2
-65.49756,94.71599,0.6923436,0.6923436,2
-64.95488,94.61051,0.7653314,0.7653314,3
-64.41321,94.50958,0.9232885,0.9232885,3
-63.872593,94.41302,0.9534329,0.9534329,3
-63.333042,94.32045,0.8665226,0.8665226,3
-62.79458,94.23169,0.7896534,0.7896534,3
-62.257244,94.146515,0.5622328,0.5622328,2
-61.721043,94.06467,0.42500404,0.42500404,2
-61.18602,93.98602,0.18304512,0.18304512,1
-60.652157,93.9103,0.016603015,0.016603015,0
-60.11953,93.83747,0.0035892446,0.0035892446,0
-59.588097,93.76722,0.001522892,0.001522892,0
-59.057953,93.69958,0.00092630053,0.00092630053,0
-58.529034,93.63423,0.0006756596,0.0006756596,0
-58.00145,93.57123,0.00063154823,0.00063154823,0
-57.475136,93.51031,0.0006324099,0.0006324099,0
-56.950176,93.45148,0.00063743326,0.00063743326,0
-56.426537,93.394554,0.000615787,0.000615787,0
-55.90428,93.33949,0.000585945,0.000585945,0
-55.383385,93.28618,0.0006016346,0.0006016346,0
-54.8639,93.23454,0.00078726263,0.00078726263,0
-54.82873,-94.178566,0.0012575969,0.0012575969,0
-55.347557,-94.24518,0.0009086667,0.0009086667,0
-55.867775,-94.313965,0.00062122586,0.00062122586,0
-56.38933,-94.38497,0.00063243276,0.00063243276,0
-56.91225,-94.4584,0.0006374557,0.0006374557,0
-57.43646,-94.534256,0.0006379955,0.0006379955,0
-57.96201,-94.612816,0.0006383699,0.0006383699,0
-58.488796,-94.694046,0.00063837104,0.00063837104,0
-59.01689,-94.7783,0.00063837104,0.00063837104,0
-59.54618,-94.86549,0.00063837104,0.00063837104,0
-60.076736,-94.95605,0.00063837104,0.00063837104,0
-60.608448,-95.04993,0.00063837104,0.00063837104,0
-61.141357,-95.14751,0.0006383984,0.0006383984,0
-61.675404,-95.24884,0.00063740567,0.00063740567,0
-62.210587,-95.35429,0.0006365396,0.0006365396,0
-62.746864,-95.46402,0.00062678533,0.00062678533,0
-63.284218,-95.57833,0.0006122946,0.0006122946,0
-63.822624,-95.69754,0.0006119947,0.0006119947,0
-64.362045,-95.821884,0.00074998796,0.00074998796,0
-64.90247,-95.95182,0.0015939994,0.0015939994,0
-65.44384,-96.08757,0.0055076,0.0055076,0
-65.986176,-96.22978,0.15756825,0.15756825,1
-66.52939,-96.37855,0.64203125,0.64203125,2
-67.07349,-96.53483,0.78448147,0.78448147,3
-67.6184,-96.69863,0.885454,0.885454,3
-68.164154,-96.87115,0.951996,0.951996,3
-68.710625,-97.05242,0.97429526,0.97429526,3
-69.257866,-97.24377,0.9824119,0.9824119,3
-69.805756,-97.44546,0.9895559,0.9895559,3
-70.354294,-97.658844,0.9902084,0.9902084,3
-70.90343,-97.884575,0.9889037,0.9889037,3
-71.45311,-98.12403,0.9717468,0.9717468,3
-72.00327,-98.37835,0.009567475,0.009567475,0
-72.55388,-98.648926,0.0031979217,0.0031979217,0
-73.10486,-98.93756,0.0019768332,0.0019768332,0
-73.656136,-99.24568,0.0015257465,0.0015257465,0
-74.20765,-99.576,0.0033231038,0.0033231038,0
-74.75931,-99.929955,0.007534711,0.007534711,0
-75.311035,-100.3116,0.005556247,0.005556247,0
-75.862724,-100.722305,0.0021965653,0.0021965653,0
-76.414276,-101.16807,0.0010342607,0.0010342607,0
-76.96554,-101.65047,0.00070086704,0.00070086704,0
-77.51639,-102.17732,0.00063167344,0.00063167344,0
-78.06666,-102.75174,0.00063803926,0.00063803926,0
-78.61613,-103.38343,0.0006372993,0.0006372993,0
-79.164604,-104.07834,0.00063816394,0.00063816394,0
-79.711784,-104.84874,0.00063838385,0.00063838385,0
-80.25738,-105.7053,0.00063837104,0.00063837104,0
-80.80095,-106.6641,0.00063837104,0.00063837104,0
-81.34203,-107.743866,0.00063837104,0.00063837104,0
-81.880035,-108.966576,0.00063837104,0.00063837104,0
-82.414116,-110.36505,0.00063837104,0.00063837104,0
-82.94342,-111.970924,0.00063837104,0.00063837104,0
-83.466415,-113.84263,0.00063837104,0.00063837104,0
-83.981766,-116.02821,0.00063837104,0.00063837104,0
-84.48658,-118.63404,0.00063837104,0.00063837104,0
-84.9785,-121.737885,0.00063837104,0.00063837104,0
-85.45187,-125.53076,0.00063837104,0.00063837104,0
-85.90192,-130.14977,0.00063837104,0.00063837104,0
-86.317894,-135.89464,0.00063837104,0.00063837104,0
-86.68921,-142.9776,0.00063837104,0.00063837104,0
-86.99656,-151.70502,0.00063837104,0.00063837104,0
-87.22126,-162.09627,0.00063837104,0.00063837104,0
-87.34009,-173.85428,0.00063837104,0.00063837104,0
-87.34009,173.85428,0.00063837104,0.00063837104,0
-87.22126,162.09627,0.00063837104,0.00063837104,0
-86.99656,151.70502,0.00063837104,0.00063837104,0
-86.68921,142.9776,0.00063837104,0.00063837104,0
-86.317894,135.89464,0.00063837104,0.00063837104,0
-85.90192,130.14977,0.00063837104,0.00063837104,0
-85.45187,125.53076,0.00063837104,0.00063837104,0
-84.9785,121.737885,0.00063837104,0.00063837104,0
-84.48658,118.63404,0.00063837104,0.00063837104,0
-83.981766,116.02821,0.00063837104,0.00063837104,0
-83.466415,113.84263,0.00063837104,0.00063837104,0
-82.94342,111.970924,0.00063837104,0.00063837104,0
-82.414116,110.36505,0.00063837104,0.00063837104,0
-81.880035,108.966576,0.00063837104,0.00063837104,0
-81.34203,107.743866,0.00063837104,0.00063837104,0
-80.80095,106.6641,0.00063837104,0.00063837104,0
-80.25738,105.7053,0.00063837104,0.00063837104,0
-79.711784,104.84874,0.00063837104,0.00063837104,0
-79.164604,104.07834,0.00063837104,0.00063837104,0
-78.61613,103.38343,0.00063837104,0.00063837104,0
-78.06666,102.75174,0.00063837104,0.00063837104,0
-77.51639,102.17732,0.00063837104,0.00063837104,0
-76.96554,101.65047,0.00063837104,0.00063837104,0
-76.414276,101.16807,0.00063837104,0.00063837104,0
-75.862724,100.722305,0.00063837104,0.00063837104,0
-75.311035,100.3116,0.00063837104,0.00063837104,0
-74.75931,99.929955,0.00063837104,0.00063837104,0
-74.20765,99.576,0.00063837104,0.00063837104,0
-73.656136,99.24568,0.00063837104,0.00063837104,0
-73.10486,98.93756,0.00063837104,0.00063837104,0
-72.55388,98.648926,0.00063837104,0.00063837104,0
-72.00327,98.37835,0.00063837075,0.00063837075,0
-71.45311,98.12403,0.0006383735,0.0006383735,0
-70.90343,97.884575,0.00063840026,0.00063840026,0
-70.354294,97.658844,0.000638385,0.000638385,0
-69.805756,97.44546,0.0006359272,0.0006359272,0
-69.257866,97.24377,0.00063856336,0.00063856336,0
-68.710625,97.05242,0.00062333304,0.00062333304,0
-68.164154,96.87115,0.00064841524,0.00064841524,0
-67.6184,96.69863,0.00083140656,0.00083140656,0
-67.07349,96.53483,0.0010842847,0.0010842847,0
-66.52939,96.37855,0.0027987834,0.0027987834,0
-65.986176,96.22978,0.0093768,0.0093768,0
-65.44384,96.08757,0.013113111,0.013113111,0
-64.90247,95.95182,0.2586763,0.2586763,1
-64.362045,95.821884,0.79972416,0.79972416,3
-63.822624,95.69754,0.93812406,0.93812406,3
-63.284218,95.57833,0.9170252,0.9170252,3
-62.746864,95.46402,0.822271,0.822271,3
-62.210587,95.35429,0.556245,0.556245,2
-61.675404,95.24884,0.49999636,0.49999636,2
-61.141357,95.14751,0.36309227,0.36309227,1
-60.608448,95.04993,0.16522308,0.16522308,1
-60.076736,94.95605,0.016630575,0.016630575,0
-59.54618,94.86549,0.0020953624,0.0020953624,0
-59.01689,94.7783,0.0011401501,0.0011401501,0
-58.488796,94.694046,0.0006936768,0.0006936768,0
-57.96201,94.612816,0.00063319516,0.00063319516,0
-57.43646,94.534256,0.000631483,0.000631483,0
-56.91225,94.4584,0.00063625973,0.00063625973,0
-56.38933,94.38497,0.0006156288,0.0006156288,0
-55.867775,94.313965,0.0005859291,0.0005859291,0
-55.347557,94.24518,0.0006016346,0.0006016346,0
-54.82873,94.178566,0.00078726263,0.00078726263,0
-54.784355,-95.12027,0.0012575969,0.0012575969,0
-55.302357,-95.20174,0.0009086667,0.0009086667,0
-55.821712,-95.28586,0.00062122586,0.00062122586,0
-56.342392,-95.372696,0.00063243276,0.00063243276,0
-56.8644,-95.46248,0.0006374557,0.0006374557,0
-57.387672,-95.55523,0.0006379955,0.0006379955,0
-57.91225,-95.65126,0.0006383699,0.0006383699,0
-58.438038,-95.750565,0.00063837104,0.00063837104,0
-58.965096,-95.85352,0.00063837104,0.00063837104,0
-59.493317,-95.9601,0.00063837104,0.00063837104,0
-60.02276,-96.07075,0.00063837104,0.00063837104,0
-60.55332,-96.18544,0.00063837104,0.00063837104,0
-61.085045,-96.304634,0.0006383994,0.0006383994,0
-61.61785,-96.428406,0.0006373485,0.0006373485,0
-62.151756,-96.557175,0.0006373157,0.0006373157,0
-62.6867,-96.69115,0.0006263165,0.0006263165,0
-63.222664,-96.8307,0.00060836057,0.00060836057,0
-63.75963,-96.97618,0.0005992137,0.0005992137,0
-64.29755,-97.1279,0.0008166439,0.0008166439,0
-64.83641,-97.28642,0.0024658968,0.0024658968,0
-65.37615,-97.45198,0.025236402,0.025236402,0
-65.91678,-97.62538,0.39834693,0.39834693,1
-66.458206,-97.80674,0.6571366,0.6571366,2
-67.00044,-97.99719,0.77994245,0.77994245,3
-67.5434,-98.19673,0.8766407,0.8766407,3
-68.0871,-98.40683,0.9219762,0.9219762,3
-68.631424,-98.62751,0.94296235,0.94296235,3
-69.176384,-98.86034,0.9633628,0.9633628,3
-69.72189,-99.10567,0.9857261,0.9857261,3
-70.26792,-99.365105,0.98980546,0.98980546,3
-70.8144,-99.63941,0.989618,0.989618,3
-71.36127,-99.93022,0.9765406,0.9765406,3
-71.908455,-100.23889,0.23865406,0.23865406,1
-72.45589,-100.56709,0.0077953157,0.0077953157,0
-73.0035,-100.91693,0.0063877674,0.0063877674,0
-73.55119,-101.290085,0.024345033,0.024345033,0
-74.09888,-101.68978,0.18599196,0.18599196,1
-74.64645,-102.11766,0.32672194,0.32672194,1
-75.19377,-102.57849,0.16024897,0.16024897,1
-75.74075,-103.07382,0.005757645,0.005757645,0
-76.287186,-103.61066,0.0015686922,0.0015686922,0
-76.832954,-104.190765,0.0007460464,0.0007460464,0
-77.377815,-104.82322,0.0006382111,0.0006382111,0
-77.921585,-105.511444,0.0006368573,0.0006368573,0
-78.46396,-106.26653,0.00063758914,0.00063758914,0
-79.004654,-107.09509,0.00063817395,0.00063817395,0
-79.54328,-108.010895,0.00063837954,0.00063837954,0
-80.07942,-109.02562,0.00063837104,0.00063837104,0
-80.6125,-110.156876,0.00063837104,0.00063837104,0
-81.141884,-111.42476,0.00063837104,0.00063837104,0
-81.66678,-112.85245,0.00063837104,0.00063837104,0
-82.18609,-114.47419,0.00063837104,0.00063837104,0
-82.6987,-116.32153,0.00063837104,0.00063837104,0
-83.20265,-118.452805,0.00063837104,0.00063837104,0
-83.69632,-120.911995,0.00063837104,0.00063837104,0
-84.17612,-123.79828,0.00063837104,0.00063837104,0
-84.63946,-127.17386,0.00063837104,0.00063837104,0
-85.07991,-131.19778,0.00063837104,0.00063837104,0
-85.4927,-135.9588,0.00063837104,0.00063837104,0
-85.86716,-141.65945,0.00063837104,0.00063837104,0
-86.19437,-148.39111,0.00063837104,0.00063837104,0
-86.45857,-156.27777,0.00063837104,0.00063837104,0
-86.64715,-165.22595,0.00063837104,0.00063837104,0
-86.74505,-174.97606,0.00063837104,0.00063837104,0
-86.74505,174.97606,0.00063837104,0.00063837104,0
-86.64715,165.22595,0.00063837104,0.00063837104,0
-86.45857,156.27777,0.00063837104,0.00063837104,0
-86.19437,148.39111,0.00063837104,0.00063837104,0
-85.86716,141.65945,0.00063837104,0.00063837104,0
-85.4927,135.9588,0.00063837104,0.00063837104,0
-85.07991,131.19778,0.00063837104,0.00063837104,0
-84.63946,127.17386,0.00063837104,0.00063837104,0
-84.17612,123.79828,0.00063837104,0.00063837104,0
-83.69632,120.911995,0.00063837104,0.00063837104,0
-83.20265,118.452805,0.00063837104,0.00063837104,0
-82.6987,116.32153,0.00063837104,0.00063837104,0
-82.18609,114.47419,0.00063837104,0.00063837104,0
-81.66678,112.85245,0.00063837104,0.00063837104,0
-81.141884,111.42476,0.00063837104,0.00063837104,0
-80.6125,110.156876,0.00063837104,0.00063837104,0
-80.07942,109.02562,0.00063837104,0.00063837104,0
-79.54328,108.010895,0.00063837104,0.00063837104,0
-79.004654,107.09509,0.00063837104,0.00063837104,0
-78.46396,106.26653,0.00063837104,0.00063837104,0
-77.921585,105.511444,0.00063837104,0.00063837104,0
-77.377815,104.82322,0.00063837104,0.00063837104,0
-76.832954,104.190765,0.00063837104,0.00063837104,0
-76.287186,103.61066,0.00063837104,0.00063837104,0
-75.74075,103.07382,0.00063837104,0.00063837104,0
-75.19377,102.57849,0.00063837104,0.00063837104,0
-74.64645,102.11766,0.00063837104,0.00063837104,0
-74.09888,101.68978,0.00063837104,0.00063837104,0
-73.55119,101.290085,0.00063837104,0.00063837104,0
-73.0035,100.91693,0.00063837104,0.00063837104,0
-72.45589,100.56709,0.00063837104,0.00063837104,0
-71.908455,100.23889,0.00063837256,0.00063837256,0
-71.36127,99.93022,0.0006383847,0.0006383847,0
-70.8144,99.63941,0.00063836254,0.00063836254,0
-70.26792,99.365105,0.0006381065,0.0006381065,0
-69.72189,99.10567,0.0006359281,0.0006359281,0
-69.176384,98.86034,0.00063896267,0.00063896267,0
-68.631424,98.62751,0.00062830385,0.00062830385,0
-68.0871,98.40683,0.000672134,0.000672134,0
-67.5434,98.19673,0.0007292447,0.0007292447,0
-67.00044,97.99719,0.0011552034,0.0011552034,0
-66.458206,97.80674,0.0028060246,0.0028060246,0
-65.91678,97.62538,0.03340217,0.03340217,0
-65.37615,97.45198,0.36320263,0.36320263,1
-64.83641,97.28642,0.7591309,0.7591309,3
-64.29755,97.1279,0.7837859,0.7837859,3
-63.75963,96.97618,0.8942833,0.8942833,3
-63.222664,96.8307,0.94114786,0.94114786,3
-62.6867,96.69115,0.85350055,0.85350055,3
-62.151756,96.557175,0.5722465,0.5722465,2
-61.61785,96.428406,0.39948925,0.39948925,1
-61.085045,96.304634,0.3110312,0.3110312,1
-60.55332,96.18544,0.029458966,0.029458966,0
-60.02276,96.07075,0.005346874,0.005346874,0
-59.493317,95.9601,0.0019837231,0.0019837231,0
-58.965096,95.85352,0.0010543962,0.0010543962,0
-58.438038,95.750565,0.0008177509,0.0008177509,0
-57.91225,95.65126,0.00063900504,0.00063900504,0
-57.387672,95.55523,0.0006307088,0.0006307088,0
-56.8644,95.46248,0.0006363446,0.0006363446,0
-56.342392,95.372696,0.00061529625,0.00061529625,0
-55.821712,95.28586,0.0005859048,0.0005859048,0
-55.302357,95.20174,0.0006016335,0.0006016335,0
-54.784355,95.12027,0.00078726263,0.00078726263,0
-54.731297,-96.05925,0.0012575969,0.0012575969,0
-55.248302,-96.155464,0.0009086667,0.0009086667,0
-55.766644,-96.25478,0.00062122586,0.00062122586,0
-56.286266,-96.3573,0.00063243276,0.00063243276,0
-56.807194,-96.46328,0.0006374557,0.0006374557,0
-57.329346,-96.57275,0.0006379955,0.0006379955,0
-57.852768,-96.68609,0.0006383699,0.0006383699,0
-58.377365,-96.80326,0.00063837104,0.00063837104,0
-58.903187,-96.924736,0.00063837104,0.00063837104,0
-59.430138,-97.050446,0.00063837104,0.00063837104,0
-59.958252,-97.180954,0.00063837104,0.00063837104,0
-60.487453,-97.3162,0.00063837104,0.00063837104,0
-61.017754,-97.45674,0.00063839694,0.00063839694,0
-61.549095,-97.60265,0.0006374895,0.0006374895,0
-62.081467,-97.754425,0.0006380402,0.0006380402,0
-62.614826,-97.912285,0.0006280264,0.0006280264,0
-63.14915,-98.07669,0.0006110228,0.0006110228,0
-63.684402,-98.24803,0.0006233535,0.0006233535,0
-64.220535,-98.4267,0.00087009417,0.00087009417,0
-64.75754,-98.61331,0.0026478134,0.0026478134,0
-65.29534,-98.80814,0.041051358,0.041051358,0
-65.83394,-99.012146,0.48865035,0.48865035,2
-66.37325,-99.225464,0.66290784,0.66290784,2
-66.913284,-99.44937,0.75879586,0.75879586,3
-67.45392,-99.68389,0.8308444,0.8308444,3
-67.99518,-99.93072,0.8667519,0.8667519,3
-68.536964,-100.189865,0.90871805,0.90871805,3
-69.07924,-100.463165,0.95645416,0.95645416,3
-69.621925,-100.75097,0.9848881,0.9848881,3
-70.16498,-101.05516,0.99027973,0.99027973,3
-70.70831,-101.37659,0.9908269,0.9908269,3
-71.25187,-101.71717,0.9825251,0.9825251,3
-71.79554,-102.07838,0.80767846,0.80767846,3
-72.33925,-102.46215,0.04434037,0.04434037,0
-72.882904,-102.87088,0.09888999,0.09888999,0
-73.42639,-103.30646,0.73590595,0.73590595,3
-73.96959,-103.77252,0.82704765,0.82704765,3
-74.51237,-104.2709,0.849566,0.849566,3
-75.05455,-104.80696,0.37419,0.37419,1
-75.59602,-105.3824,0.009383464,0.009383464,0
-76.13652,-106.00501,0.0015999213,0.0015999213,0
-76.675896,-106.67669,0.00073423865,0.00073423865,0
-77.21382,-107.40748,0.0006404366,0.0006404366,0
-77.750114,-108.20098,0.00063888746,0.00063888746,0
-78.284294,-109.06932,0.00063768635,0.00063768635,0
-78.816086,-110.01945,0.00063810707,0.00063810707,0
-79.34494,-111.06607,0.0006383744,0.0006383744,0
-79.87035,-112.22136,0.00063837104,0.00063837104,0
-80.39161,-113.50357,0.00063837104,0.00063837104,0
-80.90788,-114.93315,0.00063837104,0.00063837104,0
-81.41825,-116.53319,0.00063837104,0.00063837104,0
-81.921326,-118.33743,0.00063837104,0.00063837104,0
-82.41583,-120.37538,0.00063837104,0.00063837104,0
-82.899414,-122.70191,0.00063837104,0.00063837104,0
-83.37029,-125.354294,0.00063837104,0.00063837104,0
-83.82443,-128.41948,0.00063837104,0.00063837104,0
-84.259186,-131.94232,0.00063837104,0.00063837104,0
-84.667816,-136.04756,0.00063837104,0.00063837104,0
-85.046005,-140.78397,0.00063837104,0.00063837104,0
-85.3838,-146.28067,0.00063837104,0.00063837104,0
-85.67412,-152.55972,0.00063837104,0.00063837104,0
-85.90441,-159.65663,0.00063837104,0.00063837104,0
-86.066185,-167.4563,0.00063837104,0.00063837104,0
-86.149216,-175.75851,0.00063837104,0.00063837104,0
-86.149216,175.75851,0.00063837104,0.00063837104,0
-86.066185,167.4563,0.00063837104,0.00063837104,0
-85.90441,159.65663,0.00063837104,0.00063837104,0
-85.67412,152.55972,0.00063837104,0.00063837104,0
-85.3838,146.28067,0.00063837104,0.00063837104,0
-85.046005,140.78397,0.00063837104,0.00063837104,0
-84.667816,136.04756,0.00063837104,0.00063837104,0
-84.259186,131.94232,0.00063837104,0.00063837104,0
-83.82443,128.41948,0.00063837104,0.00063837104,0
-83.37029,125.354294,0.00063837104,0.00063837104,0
-82.899414,122.70191,0.00063837104,0.00063837104,0
-82.41583,120.37538,0.00063837104,0.00063837104,0
-81.921326,118.33743,0.00063837104,0.00063837104,0
-81.41825,116.53319,0.00063837104,0.00063837104,0
-80.90788,114.93315,0.00063837104,0.00063837104,0
-80.39161,113.50357,0.00063837104,0.00063837104,0
-79.87035,112.22136,0.00063837104,0.00063837104,0
-79.34494,111.06607,0.00063837104,0.00063837104,0
-78.816086,110.01945,0.00063837104,0.00063837104,0
-78.284294,109.06932,0.00063837104,0.00063837104,0
-77.750114,108.20098,0.00063837104,0.00063837104,0
-77.21382,107.40748,0.00063837104,0.00063837104,0
-76.675896,106.67669,0.00063837104,0.00063837104,0
-76.13652,106.00501,0.00063837104,0.00063837104,0
-75.59602,105.3824,0.00063837104,0.00063837104,0
-75.05455,104.80696,0.00063837104,0.00063837104,0
-74.51237,104.2709,0.00063837104,0.00063837104,0
-73.96959,103.77252,0.00063837104,0.00063837104,0
-73.42639,103.30646,0.00063837104,0.00063837104,0
-72.882904,102.87088,0.00063837104,0.00063837104,0
-72.33925,102.46215,0.00063837104,0.00063837104,0
-71.79554,102.07838,0.0006383765,0.0006383765,0
-71.25187,101.71717,0.0006383671,0.0006383671,0
-70.70831,101.37659,0.00063811254,0.00063811254,0
-70.16498,101.05516,0.00063793286,0.00063793286,0
-69.621925,100.75097,0.0006377854,0.0006377854,0
-69.07924,100.463165,0.000645234,0.000645234,0
-68.536964,100.189865,0.0006409718,0.0006409718,0
-67.99518,99.93072,0.0006574453,0.0006574453,0
-67.45392,99.68389,0.0006111775,0.0006111775,0
-66.913284,99.44937,0.0011374685,0.0011374685,0
-66.37325,99.225464,0.0050935633,0.0050935633,0
-65.83394,99.012146,0.36787564,0.36787564,1
-65.29534,98.80814,0.8874133,0.8874133,3
-64.75754,98.61331,0.63098174,0.63098174,2
-64.220535,98.4267,0.7870176,0.7870176,3
-63.684402,98.24803,0.9359626,0.9359626,3
-63.14915,98.07669,0.95256746,0.95256746,3
-62.614826,97.912285,0.85582435,0.85582435,3
-62.081467,97.754425,0.6310759,0.6310759,2
-61.549095,97.60265,0.40709838,0.40709838,2
-61.017754,97.45674,0.35160244,0.35160244,1
-60.487453,97.3162,0.16018517,0.16018517,1
-59.958252,97.180954,0.011320562,0.011320562,0
-59.430138,97.050446,0.0028014183,0.0028014183,0
-58.903187,96.924736,0.0013518699,0.0013518699,0
-58.377365,96.80326,0.0009606256,0.0009606256,0
-57.852768,96.68609,0.00071068626,0.00071068626,0
-57.329346,96.57275,0.0006257387,0.0006257387,0
-56.807194,96.46328,0.0006376733,0.0006376733,0
-56.286266,96.3573,0.00061524665,0.00061524665,0
-55.766644,96.25478,0.0005858643,0.0005858643,0
-55.248302,96.155464,0.00060163176,0.00060163176,0
-54.731297,96.05925,0.00078726263,0.00078726263,0
-54.66924,-96.99496,0.0012575969,0.0012575969,0
-55.185097,-97.10573,0.0009086667,0.0009086667,0
-55.702248,-97.22008,0.00062122586,0.00062122586,0
-56.22065,-97.3381,0.00063243276,0.00063243276,0
-56.740303,-97.460075,0.0006374557,0.0006374557,0
-57.26116,-97.586075,0.0006379955,0.0006379955,0
-57.78324,-97.71649,0.0006383699,0.0006383699,0
-58.306442,-97.85129,0.00063837104,0.00063837104,0
-58.830826,-97.99104,0.00063837104,0.00063837104,0
-59.356293,-98.13563,0.00063837104,0.00063837104,0
-59.882874,-98.2857,0.00063837104,0.00063837104,0
-60.410477,-98.44119,0.00063837104,0.00063837104,0
-60.93914,-98.60274,0.00063839176,0.00063839176,0
-61.468765,-98.77042,0.0006377635,0.0006377635,0
-61.999367,-98.9448,0.0006382609,0.0006382609,0
-62.530884,-99.12614,0.00063070195,0.00063070195,0
-63.063293,-99.314926,0.00062816165,0.00062816165,0
-63.59655,-99.51164,0.0006705234,0.0006705234,0
-64.130615,-99.7167,0.0007570148,0.0007570148,0
-64.66547,-99.93082,0.0015951231,0.0015951231,0
-65.20102,-100.154305,0.01102571,0.01102571,0
-65.737274,-100.388214,0.20823908,0.20823908,1
-66.27414,-100.6327,0.54752,0.54752,2
-66.8116,-100.88924,0.7845878,0.7845878,3
-67.34956,-101.15782,0.85794175,0.85794175,3
-67.88801,-101.44035,0.85174483,0.85174483,3
-68.42685,-101.736855,0.8808072,0.8808072,3
-68.96602,-102.049355,0.963484,0.963484,3
-69.50546,-102.37827,0.98844504,0.98844504,3
-70.04509,-102.725685,0.99040425,0.99040425,3
-70.58481,-103.09255,0.99069095,0.99069095,3
-71.12454,-103.48096,0.9884765,0.9884765,3
-71.66418,-103.89259,0.9495061,0.9495061,3
-72.20362,-104.32953,0.8828284,0.8828284,3
-72.742744,-104.79444,0.87353873,0.87353873,3
-73.28141,-105.289375,0.9195331,0.9195331,3
-73.81947,-105.818306,0.97440195,0.97440195,3
-74.35679,-106.3832,0.9377656,0.9377656,3
-74.89313,-106.98993,0.13723016,0.13723016,0
-75.42835,-107.64023,0.008388112,0.008388112,0
-75.96212,-108.342575,0.0014227458,0.0014227458,0
-76.49428,-109.09881,0.0008413618,0.0008413618,0
-77.02441,-109.91972,0.0006354337,0.0006354337,0
-77.55228,-110.808945,0.0006386206,0.0006386206,0
-78.07733,-111.779236,0.00063833024,0.00063833024,0
-78.59922,-112.837585,0.0006381052,0.0006381052,0
-79.11728,-113.99915,0.0006383781,0.0006383781,0
-79.6309,-115.27604,0.00063837104,0.00063837104,0
-80.13924,-116.68641,0.00063837104,0.00063837104,0
-80.641335,-118.2502,0.00063837104,0.00063837104,0
-81.13612,-119.98932,0.00063837104,0.00063837104,0
-81.62198,-121.93558,0.00063837104,0.00063837104,0
-82.09752,-124.11508,0.00063837104,0.00063837104,0
-82.56014,-126.57715,0.00063837104,0.00063837104,0
-83.007965,-129.35127,0.00063837104,0.00063837104,0
-83.43674,-132.51038,0.00063837104,0.00063837104,0
-83.84393,-136.08347,0.00063837104,0.00063837104,0
-84.22286,-140.16469,0.00063837104,0.00063837104,0
-84.5699,-144.77443,0.00063837104,0.00063837104,0
-84.87604,-149.99217,0.00063837104,0.00063837104,0
-85.1359,-155.80534,0.00063837104,0.00063837104,0
-85.33945,-162.21051,0.00063837104,0.00063837104,0
-85.48093,-169.10156,0.00063837104,0.00063837104,0
-85.55299,-176.32776,0.00063837104,0.00063837104,0
-85.55299,176.32776,0.00063837104,0.00063837104,0
-85.48093,169.10156,0.00063837104,0.00063837104,0
-85.33945,162.21051,0.00063837104,0.00063837104,0
-85.1359,155.80534,0.00063837104,0.00063837104,0
-84.87604,149.99217,0.00063837104,0.00063837104,0
-84.5699,144.77443,0.00063837104,0.00063837104,0
-84.22286,140.16469,0.00063837104,0.00063837104,0
-83.84393,136.08347,0.00063837104,0.00063837104,0
-83.43674,132.51038,0.00063837104,0.00063837104,0
-83.007965,129.35127,0.00063837104,0.00063837104,0
-82.56014,126.57715,0.00063837104,0.00063837104,0
-82.09752,124.11508,0.00063837104,0.00063837104,0
-81.62198,121.93558,0.00063837104,0.00063837104,0
-81.13612,119.98932,0.00063837104,0.00063837104,0
-80.641335,118.2502,0.00063837104,0.00063837104,0
-80.13924,116.68641,0.00063837104,0.00063837104,0
-79.6309,115.27604,0.00063837104,0.00063837104,0
-79.11728,113.99915,0.00063837104,0.00063837104,0
-78.59922,112.837585,0.00063837104,0.00063837104,0
-78.07733,111.779236,0.00063837104,0.00063837104,0
-77.55228,110.808945,0.00063837104,0.00063837104,0
-77.02441,109.91972,0.00063837104,0.00063837104,0
-76.49428,109.09881,0.00063837104,0.00063837104,0
-75.96212,108.342575,0.00063837104,0.00063837104,0
-75.42835,107.64023,0.00063837104,0.00063837104,0
-74.89313,106.98993,0.00063837104,0.00063837104,0
-74.35679,106.3832,0.00063837104,0.00063837104,0
-73.81947,105.818306,0.00063837104,0.00063837104,0
-73.28141,105.289375,0.00063837104,0.00063837104,0
-72.742744,104.79444,0.00063837104,0.00063837104,0
-72.20362,104.32953,0.00063837104,0.00063837104,0
-71.66418,103.89259,0.00063838327,0.00063838327,0
-71.12454,103.48096,0.0006382822,0.0006382822,0
-70.58481,103.09255,0.0006380359,0.0006380359,0
-70.04509,102.725685,0.00063939794,0.00063939794,0
-69.50546,102.37827,0.0006432272,0.0006432272,0
-68.96602,102.049355,0.0006562355,0.0006562355,0
-68.42685,101.736855,0.0006612382,0.0006612382,0
-67.88801,101.44035,0.0006545328,0.0006545328,0
-67.34956,101.15782,0.0006722897,0.0006722897,0
-66.8116,100.88924,0.0015859659,0.0015859659,0
-66.27414,100.6327,0.0073741316,0.0073741316,0
-65.737274,100.388214,0.028082319,0.028082319,0
-65.20102,100.154305,0.8994284,0.8994284,3
-64.66547,99.93082,0.9716205,0.9716205,3
-64.130615,99.7167,0.9627303,0.9627303,3
-63.59655,99.51164,0.96932316,0.96932316,3
-63.063293,99.314926,0.94178116,0.94178116,3
-62.530884,99.12614,0.81475174,0.81475174,3
-61.999367,98.9448,0.6082541,0.6082541,2
-61.468765,98.77042,0.4093485,0.4093485,2
-60.93914,98.60274,0.3184334,0.3184334,1
-60.410477,98.44119,0.16134045,0.16134045,1
-59.882874,98.2857,0.013604995,0.013604995,0
-59.356293,98.13563,0.0056402613,0.0056402613,0
-58.830826,97.99104,0.002136268,0.002136268,0
-58.306442,97.85129,0.0010521425,0.0010521425,0
-57.78324,97.71649,0.0007882411,0.0007882411,0
-57.26116,97.586075,0.00063176797,0.00063176797,0
-56.740303,97.460075,0.0006364814,0.0006364814,0
-56.22065,97.3381,0.0006157732,0.0006157732,0
-55.702248,97.22008,0.0005858679,0.0005858679,0
-55.185097,97.10573,0.0006016289,0.0006016289,0
-54.66924,96.99496,0.00078726263,0.00078726263,0
-54.59842,-97.92692,0.0012575969,0.0012575969,0
-55.11297,-98.05209,0.0009086667,0.0009086667,0
-55.62877,-98.181274,0.00062122586,0.00062122586,0
-56.14577,-98.31459,0.00063243276,0.00063243276,0
-56.663994,-98.45238,0.0006374557,0.0006374557,0
-57.18337,-98.59466,0.0006379955,0.0006379955,0
-57.70392,-98.74191,0.0006383699,0.0006383699,0
-58.225544,-98.89408,0.00063837104,0.00063837104,0
-58.748306,-99.05181,0.00063837104,0.00063837104,0
-59.27207,-99.21497,0.00063837104,0.00063837104,0
-59.796913,-99.38428,0.00063837104,0.00063837104,0
-60.322712,-99.55967,0.00063837104,0.00063837104,0
-60.849503,-99.74185,0.000638386,0.000638386,0
-61.37719,-99.9309,0.0006380423,0.0006380423,0
-61.905785,-100.12746,0.00063818187,0.00063818187,0
-62.43522,-100.33179,0.00063431734,0.00063431734,0
-62.965458,-100.54448,0.0006481888,0.0006481888,0
-63.49647,-100.76601,0.00066891586,0.00066891586,0
-64.02819,-100.996864,0.000657901,0.000657901,0
-64.5606,-101.23784,0.00096159446,0.00096159446,0
-65.09361,-101.48926,0.0021058875,0.0021058875,0
-65.62721,-101.7523,0.027442131,0.027442131,0
-66.161316,-102.02712,0.41516322,0.41516322,2
-66.69588,-102.31535,0.7285907,0.7285907,3
-67.23082,-102.616974,0.8414544,0.8414544,3
-67.766106,-102.9341,0.82662266,0.82662266,3
-68.30162,-103.26671,0.827644,0.827644,3
-68.83732,-103.617065,0.9276537,0.9276537,3
-69.3731,-103.985596,0.98069006,0.98069006,3
-69.908875,-104.37456,0.98872185,0.98872185,3
-70.44454,-104.785,0.9904385,0.9904385,3
-70.979996,-105.21918,0.9903306,0.9903306,3
-71.51513,-105.678894,0.9876439,0.9876439,3
-72.049805,-106.16642,0.9811218,0.9811218,3
-72.58386,-106.68457,0.97536206,0.97536206,3
-73.11717,-107.235565,0.9724706,0.9724706,3
-73.649536,-107.82364,0.95963633,0.95963633,3
-74.180786,-108.45083,0.883246,0.883246,3
-74.71065,-109.12338,0.41471526,0.41471526,2
-75.23896,-109.843025,0.011058307,0.011058307,0
-75.76532,-110.61874,0.0016841063,0.0016841063,0
-76.28957,-111.452255,0.00070697704,0.00070697704,0
-76.81117,-112.35483,0.00065559824,0.00065559824,0
-77.329865,-113.32997,0.0006372678,0.0006372678,0
-77.84502,-114.39078,0.00063836615,0.00063836615,0
-78.35622,-115.54401,0.00063802284,0.00063802284,0
-78.86266,-116.80482,0.0006383912,0.0006383912,0
-79.36371,-118.18482,0.00063837226,0.00063837226,0
-79.85837,-119.70154,0.00063837075,0.00063837075,0
-80.34558,-121.3737,0.00063837075,0.00063837075,0
-80.82413,-123.221375,0.00063837075,0.00063837075,0
-81.29229,-125.27353,0.00063837104,0.00063837104,0
-81.74857,-127.552246,0.00063837104,0.00063837104,0
-82.19023,-130.1004,0.00063837104,0.00063837104,0
-82.61539,-132.93988,0.00063837104,0.00063837104,0
-83.01973,-136.12999,0.00063837104,0.00063837104,0
-83.40099,-139.68683,0.00063837104,0.00063837104,0
-83.752754,-143.67975,0.00063837104,0.00063837104,0
-84.07207,-148.11073,0.00063837104,0.00063837104,0
-84.350975,-153.02707,0.00063837104,0.00063837104,0
-84.585464,-158.40056,0.00063837104,0.00063837104,0
-84.76745,-164.21184,0.00063837104,0.00063837104,0
-84.89299,-170.37057,0.00063837104,0.00063837104,0
-84.95661,-176.76309,0.00063837104,0.00063837104,0
-84.95661,176.76309,0.00063837104,0.00063837104,0
-84.89299,170.37057,0.00063837104,0.00063837104,0
-84.76745,164.21184,0.00063837104,0.00063837104,0
-84.585464,158.40056,0.00063837104,0.00063837104,0
-84.350975,153.02707,0.00063837104,0.00063837104,0
-84.07207,148.11073,0.00063837104,0.00063837104,0
-83.752754,143.67975,0.00063837104,0.00063837104,0
-83.40099,139.68683,0.00063837104,0.00063837104,0
-83.01973,136.12999,0.00063837104,0.00063837104,0
-82.61539,132.93988,0.00063837104,0.00063837104,0
-82.19023,130.1004,0.00063837104,0.00063837104,0
-81.74857,127.552246,0.00063837104,0.00063837104,0
-81.29229,125.27353,0.00063837104,0.00063837104,0
-80.82413,123.221375,0.00063837104,0.00063837104,0
-80.34558,121.3737,0.00063837104,0.00063837104,0
-79.85837,119.70154,0.00063837104,0.00063837104,0
-79.36371,118.18482,0.00063837104,0.00063837104,0
-78.86266,116.80482,0.00063837104,0.00063837104,0
-78.35622,115.54401,0.00063837104,0.00063837104,0
-77.84502,114.39078,0.00063837104,0.00063837104,0
-77.329865,113.32997,0.00063837104,0.00063837104,0
-76.81117,112.35483,0.00063837104,0.00063837104,0
-76.28957,111.452255,0.00063837104,0.00063837104,0
-75.76532,110.61874,0.00063837104,0.00063837104,0
-75.23896,109.843025,0.00063837104,0.00063837104,0
-74.71065,109.12338,0.00063837104,0.00063837104,0
-74.180786,108.45083,0.00063837104,0.00063837104,0
-73.649536,107.82364,0.00063837104,0.00063837104,0
-73.11717,107.235565,0.00063837104,0.00063837104,0
-72.58386,106.68457,0.00063837104,0.00063837104,0
-72.049805,106.16642,0.00063837104,0.00063837104,0
-71.51513,105.678894,0.0006383957,0.0006383957,0
-70.979996,105.21918,0.0006380487,0.0006380487,0
-70.44454,104.785,0.0006378833,0.0006378833,0
-69.908875,104.37456,0.00064026145,0.00064026145,0
-69.3731,103.985596,0.0006466817,0.0006466817,0
-68.83732,103.617065,0.0006643077,0.0006643077,0
-68.30162,103.26671,0.0006402059,0.0006402059,0
-67.766106,102.9341,0.0006867998,0.0006867998,0
-67.23082,102.616974,0.0006856246,0.0006856246,0
-66.69588,102.31535,0.0018053433,0.0018053433,0
-66.161316,102.02712,0.0055783563,0.0055783563,0
-65.62721,101.7523,0.49467385,0.49467385,2
-65.09361,101.48926,0.88614273,0.88614273,3
-64.5606,101.23784,0.9359127,0.9359127,3
-64.02819,100.996864,0.9746489,0.9746489,3
-63.49647,100.76601,0.97770303,0.97770303,3
-62.965458,100.54448,0.91079026,0.91079026,3
-62.43522,100.33179,0.7900437,0.7900437,3
-61.905785,100.12746,0.7161131,0.7161131,3
-61.37719,99.9309,0.5216096,0.5216096,2
-60.849503,99.74185,0.2586795,0.2586795,1
-60.322712,99.55967,0.017919779,0.017919779,0
-59.796913,99.38428,0.0065864134,0.0065864134,0
-59.27207,99.21497,0.0088317385,0.0088317385,0
-58.748306,99.05181,0.0030163259,0.0030163259,0
-58.225544,98.89408,0.001102286,0.001102286,0
-57.70392,98.74191,0.00077086233,0.00077086233,0
-57.18337,98.59466,0.0006444105,0.0006444105,0
-56.663994,98.45238,0.00063485594,0.00063485594,0
-56.14577,98.31459,0.00061609014,0.00061609014,0
-55.62877,98.181274,0.00058589916,0.00058589916,0
-55.11297,98.05209,0.00060162577,0.00060162577,0
-54.59842,97.92692,0.00078726263,0.00078726263,0
-54.51898,-98.854744,0.0012575969,0.0012575969,0
-55.03206,-98.99411,0.0009086667,0.0009086667,0
-55.546352,-99.13793,0.00062122586,0.00062122586,0
-56.0618,-99.28633,0.00063243276,0.00063243276,0
-56.578426,-99.43966,0.0006374557,0.0006374557,0
-57.096146,-99.59798,0.0006379955,0.0006379955,0
-57.614986,-99.76179,0.0006383699,0.0006383699,0
-58.13485,-99.93105,0.00063837104,0.00063837104,0
-58.655785,-100.10644,0.00063837104,0.00063837104,0
-59.177685,-100.28785,0.00063837104,0.00063837104,0
-59.70058,-100.47604,0.00063837104,0.00063837104,0
-60.224365,-100.67096,0.00063837104,0.00063837104,0
-60.74907,-100.87335,0.0006383799,0.0006383799,0
-61.27461,-101.08333,0.00063822814,0.00063822814,0
-61.800957,-101.301575,0.00063813897,0.00063813897,0
-62.32807,-101.528404,0.0006374922,0.0006374922,0
-62.8559,-101.76441,0.0006502253,0.0006502253,0
-63.384407,-102.01017,0.00065085245,0.00065085245,0
-63.913532,-102.26617,0.00068751135,0.00068751135,0
-64.44323,-102.53327,0.00079722895,0.00079722895,0
-64.97343,-102.81187,0.0014197505,0.0014197505,0
-65.50408,-103.10319,0.008892327,0.008892327,0
-66.03512,-103.40744,0.16716525,0.16716525,1
-66.56648,-103.72635,0.5192899,0.5192899,2
-67.09808,-104.05992,0.73386025,0.73386025,3
-67.62986,-104.41042,0.7645021,0.7645021,3
-68.16171,-104.77783,0.7881519,0.7881519,3
-68.69356,-105.164566,0.84548134,0.84548134,3
-69.22531,-105.57108,0.94633746,0.94633746,3
-69.75684,-105.99982,0.9877095,0.9877095,3
-70.288055,-106.451836,0.9910403,0.9910403,3
-70.818825,-106.92957,0.9909054,0.9909054,3
-71.34899,-107.43491,0.99096113,0.99096113,3
-71.87843,-107.97026,0.9906963,0.9906963,3
-72.40696,-108.53858,0.9879246,0.9879246,3
-72.934425,-109.14215,0.9707925,0.9707925,3
-73.460556,-109.785446,0.88493764,0.88493764,3
-73.98522,-110.47052,0.7099267,0.7099267,3
-74.50806,-111.20388,0.011406891,0.011406891,0
-75.02891,-111.9872,0.0030917563,0.0030917563,0
-75.54728,-112.82975,0.001372619,0.001372619,0
-76.063,-113.73312,0.0006852752,0.0006852752,0
-76.57546,-114.708824,0.00064501294,0.00064501294,0
-77.08437,-115.76009,0.0006405321,0.0006405321,0
-77.589005,-116.90008,0.00063813536,0.00063813536,0
-78.08888,-118.13513,0.00063793315,0.00063793315,0
-78.583145,-119.479996,0.00063842157,0.00063842157,0
-79.07106,-120.94554,0.00063838385,0.00063838385,0
-79.551544,-122.54819,0.0006383744,0.0006383744,0
-80.02344,-124.305084,0.00063837226,0.00063837226,0
-80.48548,-126.234024,0.00063837133,0.00063837133,0
-80.93582,-128.36066,0.00063837075,0.00063837075,0
-81.372955,-130.70296,0.00063837104,0.00063837104,0
-81.79405,-133.29721,0.00063837104,0.00063837104,0
-82.19736,-136.15854,0.00063837104,0.00063837104,0
-82.57857,-139.33417,0.00063837104,0.00063837104,0
-82.93576,-142.83044,0.00063837104,0.00063837104,0
-83.2629,-146.69766,0.00063837104,0.00063837104,0
-83.557686,-150.92667,0.00063837104,0.00063837104,0
-83.81313,-155.54439,0.00063837104,0.00063837104,0
-84.02632,-160.5172,0.00063837104,0.00063837104,0
-84.190605,-165.8203,0.00063837104,0.00063837104,0
-84.30334,-171.37917,0.00063837104,0.00063837104,0
-84.360245,-177.10698,0.00063837104,0.00063837104,0
-84.360245,177.10698,0.00063837104,0.00063837104,0
-84.30334,171.37917,0.00063837104,0.00063837104,0
-84.190605,165.8203,0.00063837104,0.00063837104,0
-84.02632,160.5172,0.00063837104,0.00063837104,0
-83.81313,155.54439,0.00063837104,0.00063837104,0
-83.557686,150.92667,0.00063837104,0.00063837104,0
-83.2629,146.69766,0.00063837104,0.00063837104,0
-82.93576,142.83044,0.00063837104,0.00063837104,0
-82.57857,139.33417,0.00063837104,0.00063837104,0
-82.19736,136.15854,0.00063837104,0.00063837104,0
-81.79405,133.29721,0.00063837104,0.00063837104,0
-81.372955,130.70296,0.00063837104,0.00063837104,0
-80.93582,128.36066,0.00063837104,0.00063837104,0
-80.48548,126.234024,0.00063837104,0.00063837104,0
-80.02344,124.305084,0.00063837104,0.00063837104,0
-79.551544,122.54819,0.00063837104,0.00063837104,0
-79.07106,120.94554,0.00063837104,0.00063837104,0
-78.583145,119.479996,0.00063837104,0.00063837104,0
-78.08888,118.13513,0.00063837104,0.00063837104,0
-77.589005,116.90008,0.00063837104,0.00063837104,0
-77.08437,115.76009,0.00063837104,0.00063837104,0
-76.57546,114.708824,0.00063837104,0.00063837104,0
-76.063,113.73312,0.00063837104,0.00063837104,0
-75.54728,112.82975,0.00063837104,0.00063837104,0
-75.02891,111.9872,0.00063837104,0.00063837104,0
-74.50806,111.20388,0.00063837104,0.00063837104,0
-73.98522,110.47052,0.00063837104,0.00063837104,0
-73.460556,109.785446,0.00063837104,0.00063837104,0
-72.934425,109.14215,0.00063837104,0.00063837104,0
-72.40696,108.53858,0.00063837104,0.00063837104,0
-71.87843,107.97026,0.00063837104,0.00063837104,0
-71.34899,107.43491,0.0006384213,0.0006384213,0
-70.818825,106.92957,0.0006375411,0.0006375411,0
-70.288055,106.451836,0.0006369863,0.0006369863,0
-69.75684,105.99982,0.0006371517,0.0006371517,0
-69.22531,105.57108,0.000644946,0.000644946,0
-68.69356,105.164566,0.00067036843,0.00067036843,0
-68.16171,104.77783,0.0006643048,0.0006643048,0
-67.62986,104.41042,0.00070391846,0.00070391846,0
-67.09808,104.05992,0.0012431027,0.0012431027,0
-66.56648,103.72635,0.004006954,0.004006954,0
-66.03512,103.40744,0.029693814,0.029693814,0
-65.50408,103.10319,0.06952521,0.06952521,0
-64.97343,102.81187,0.88669,0.88669,3
-64.44323,102.53327,0.95989776,0.95989776,3
-63.913532,102.26617,0.982312,0.982312,3
-63.384407,102.01017,0.9773786,0.9773786,3
-62.8559,101.76441,0.9247496,0.9247496,3
-62.32807,101.528404,0.804824,0.804824,3
-61.800957,101.301575,0.6243667,0.6243667,2
-61.27461,101.08333,0.5031518,0.5031518,2
-60.74907,100.87335,0.3427163,0.3427163,1
-60.224365,100.67096,0.019056795,0.019056795,0
-59.70058,100.47604,0.0034373703,0.0034373703,0
-59.177685,100.28785,0.0025099074,0.0025099074,0
-58.655785,100.10644,0.0019472111,0.0019472111,0
-58.13485,99.93105,0.0009389539,0.0009389539,0
-57.614986,99.76179,0.0007423126,0.0007423126,0
-57.096146,99.59798,0.00064426404,0.00064426404,0
-56.578426,99.43966,0.00063604815,0.00063604815,0
-56.0618,99.28633,0.00061605993,0.00061605993,0
-55.546352,99.13793,0.0005859349,0.0005859349,0
-55.03206,98.99411,0.0006016251,0.0006016251,0
-54.51898,98.854744,0.00078726263,0.00078726263,0
-54.43067,-99.7778,0.0012575969,0.0012575969,0
-54.942127,-99.93114,0.0009086667,0.0009086667,0
-55.45475,-100.089355,0.00062122586,0.00062122586,0
-55.968483,-100.25256,0.00063243276,0.00063243276,0
-56.48333,-100.42118,0.0006374557,0.0006374557,0
-56.99922,-100.595245,0.0006379955,0.0006379955,0
-57.516174,-100.775314,0.0006383699,0.0006383699,0
-58.0341,-100.96133,0.00063837104,0.00063837104,0
-58.553024,-101.15404,0.00063837104,0.00063837104,0
-59.072853,-101.3533,0.00063837104,0.00063837104,0
-59.593597,-101.55998,0.00063837104,0.00063837104,0
-60.115166,-101.77399,0.00063837104,0.00063837104,0
-60.637573,-101.99613,0.00063837593,0.00063837593,0
-61.16073,-102.22653,0.00063831726,0.00063831726,0
-61.684616,-102.46593,0.0006381746,0.0006381746,0
-62.209175,-102.71466,0.0006378523,0.0006378523,0
-62.73436,-102.97337,0.0006428398,0.0006428398,0
-63.26011,-103.24266,0.00064908236,0.00064908236,0
-63.78637,-103.523056,0.00067875435,0.00067875435,0
-64.313095,-103.815506,0.00076792995,0.00076792995,0
-64.840195,-104.12039,0.0011266255,0.0011266255,0
-65.36763,-104.43906,0.0019029768,0.0019029768,0
-65.895294,-104.77169,0.027336001,0.027336001,0
-66.42315,-105.12018,0.22953452,0.22953452,1
-66.951096,-105.48447,0.56820315,0.56820315,2
-67.479034,-105.86699,0.6854112,0.6854112,2
-68.00688,-106.2677,0.7815688,0.7815688,3
-68.53454,-106.68919,0.8481637,0.8481637,3
-69.06189,-107.131905,0.94707394,0.94707394,3
-69.588806,-107.59843,0.9874844,0.9874844,3
-70.11517,-108.08983,0.9910115,0.9910115,3
-70.64083,-108.6087,0.99117285,0.99117285,3
-71.165634,-109.15698,0.99128914,0.99128914,3
-71.68942,-109.73714,0.9913573,0.9913573,3
-72.211975,-110.352264,0.9870776,0.9870776,3
-72.73311,-111.00467,0.87798524,0.87798524,3
-73.25256,-111.698975,0.71861035,0.71861035,3
-73.77015,-112.43721,0.6864976,0.6864976,2
-74.28546,-113.22604,0.014909087,0.014909087,0
-74.79835,-114.06702,0.0029392177,0.0029392177,0
-75.30822,-114.969574,0.0012610728,0.0012610728,0
-75.81491,-115.93509,0.0007877575,0.0007877575,0
-76.31772,-116.975075,0.00062779116,0.00062779116,0
-76.816345,-118.09248,0.0006484267,0.0006484267,0
-77.30995,-119.300186,0.0006372547,0.0006372547,0
-77.79808,-120.604004,0.00063753326,0.00063753326,0
-78.27974,-122.01802,0.00063833606,0.00063833606,0
-78.75415,-123.55212,0.0006383863,0.0006383863,0
-79.220184,-125.22133,0.0006383768,0.0006383768,0
-79.67661,-127.040985,0.0006383811,0.0006383811,0
-80.12212,-129.02646,0.0006383765,0.0006383765,0
-80.554825,-131.19995,0.0006383732,0.0006383732,0
-80.97324,-133.57558,0.0006383716,0.0006383716,0
-81.37451,-136.1835,0.00063837133,0.00063837133,0
-81.75706,-139.03317,0.00063837075,0.00063837075,0
-82.1167,-142.16174,0.00063837104,0.00063837104,0
-82.45184,-145.5687,0.00063837104,0.00063837104,0
-82.75687,-149.29028,0.00063837104,0.00063837104,0
-83.030106,-153.31133,0.00063837104,0.00063837104,0
-83.26536,-157.64624,0.00063837104,0.00063837104,0
-83.46058,-162.26111,0.00063837104,0.00063837104,0
-83.61023,-167.13077,0.00063837104,0.00063837104,0
-83.712494,-172.19408,0.00063837104,0.00063837104,0
-83.76399,-177.38364,0.00063837104,0.00063837104,0
-83.76399,177.38364,0.00063837104,0.00063837104,0
-83.712494,172.19408,0.00063837104,0.00063837104,0
-83.61023,167.13077,0.00063837104,0.00063837104,0
-83.46058,162.26111,0.00063837104,0.00063837104,0
-83.26536,157.64624,0.00063837104,0.00063837104,0
-83.030106,153.31133,0.00063837104,0.00063837104,0
-82.75687,149.29028,0.00063837104,0.00063837104,0
-82.45184,145.5687,0.00063837104,0.00063837104,0
-82.1167,142.16174,0.00063837104,0.00063837104,0
-81.75706,139.03317,0.00063837104,0.00063837104,0
-81.37451,136.1835,0.00063837104,0.00063837104,0
-80.97324,133.57558,0.00063837104,0.00063837104,0
-80.554825,131.19995,0.00063837104,0.00063837104,0
-80.12212,129.02646,0.00063837104,0.00063837104,0
-79.67661,127.040985,0.00063837104,0.00063837104,0
-79.220184,125.22133,0.00063837104,0.00063837104,0
-78.75415,123.55212,0.00063837104,0.00063837104,0
-78.27974,122.01802,0.00063837104,0.00063837104,0
-77.79808,120.604004,0.00063837104,0.00063837104,0
-77.30995,119.300186,0.00063837104,0.00063837104,0
-76.816345,118.09248,0.00063837104,0.00063837104,0
-76.31772,116.975075,0.00063837104,0.00063837104,0
-75.81491,115.93509,0.00063837104,0.00063837104,0
-75.30822,114.969574,0.00063837104,0.00063837104,0
-74.79835,114.06702,0.00063837104,0.00063837104,0
-74.28546,113.22604,0.00063837104,0.00063837104,0
-73.77015,112.43721,0.00063837104,0.00063837104,0
-73.25256,111.698975,0.00063837104,0.00063837104,0
-72.73311,111.00467,0.00063837075,0.00063837075,0
-72.211975,110.352264,0.00063837256,0.00063837256,0
-71.68942,109.73714,0.0006383814,0.0006383814,0
-71.165634,109.15698,0.00063846813,0.00063846813,0
-70.64083,108.6087,0.00063676655,0.00063676655,0
-70.11517,108.08983,0.00063577114,0.00063577114,0
-69.588806,107.59843,0.0006279249,0.0006279249,0
-69.06189,107.131905,0.0006211066,0.0006211066,0
-68.53454,106.68919,0.0006623331,0.0006623331,0
-68.00688,106.2677,0.00066424947,0.00066424947,0
-67.479034,105.86699,0.0009803888,0.0009803888,0
-66.951096,105.48447,0.0020391915,0.0020391915,0
-66.42315,105.12018,0.01621252,0.01621252,0
-65.895294,104.77169,0.9040389,0.9040389,3
-65.36763,104.43906,0.94114596,0.94114596,3
-64.840195,104.12039,0.84119064,0.84119064,3
-64.313095,103.815506,0.9415586,0.9415586,3
-63.78637,103.523056,0.97473776,0.97473776,3
-63.26011,103.24266,0.95793563,0.95793563,3
-62.73436,102.97337,0.9043043,0.9043043,3
-62.209175,102.71466,0.78980094,0.78980094,3
-61.684616,102.46593,0.61588305,0.61588305,2
-61.16073,102.22653,0.47635376,0.47635376,2
-60.637573,101.99613,0.34738606,0.34738606,1
-60.115166,101.77399,0.06333788,0.06333788,0
-59.593597,101.55998,0.0032904951,0.0032904951,0
-59.072853,101.3533,0.0017438069,0.0017438069,0
-58.553024,101.15404,0.00095830375,0.00095830375,0
-58.0341,100.96133,0.0007907369,0.0007907369,0
-57.516174,100.775314,0.00069562806,0.00069562806,0
-56.99922,100.595245,0.0006445555,0.0006445555,0
-56.48333,100.42118,0.00063781976,0.00063781976,0
-55.968483,100.25256,0.00061582716,0.00061582716,0
-55.45475,100.089355,0.000585933,0.000585933,0
-54.942127,99.93114,0.0006016263,0.0006016263,0
-54.43067,99.7778,0.00078726263,0.00078726263,0
-54.333996,-100.695885,0.0012575969,0.0012575969,0
-54.84369,-100.86296,0.0009086667,0.0009086667,0
-55.354492,-101.03531,0.00062122586,0.00062122586,0
-55.866344,-101.21309,0.00063243276,0.00063243276,0
-56.379265,-101.396706,0.0006374557,0.0006374557,0
-56.89317,-101.58621,0.0006379955,0.0006379955,0
-57.40807,-101.78222,0.0006383699,0.0006383699,0
-57.92388,-101.98465,0.00063837104,0.00063837104,0
-58.44062,-102.19432,0.00063837104,0.00063837104,0
-58.95819,-102.41107,0.00063837104,0.00063837104,0
-59.4766,-102.635796,0.00063837104,0.00063837104,0
-59.99577,-102.86843,0.00063837104,0.00063837104,0
-60.515682,-103.109856,0.00063837256,0.00063837256,0
-61.03625,-103.36017,0.00063835405,0.00063835405,0
-61.557476,-103.62018,0.0006382214,0.0006382214,0
-62.079254,-103.890205,0.000636911,0.000636911,0
-62.601562,-104.17097,0.00063890393,0.00063890393,0
-63.124336,-104.46309,0.00063881447,0.00063881447,0
-63.647503,-104.76715,0.0006470155,0.0006470155,0
-64.171005,-105.08412,0.0007395282,0.0007395282,0
-64.694756,-105.41441,0.0009172999,0.0009172999,0
-65.218704,-105.75947,0.0014187827,0.0014187827,0
-65.74276,-106.11944,0.0081699,0.0081699,0
-66.26682,-106.496346,0.06579512,0.06579512,0
-66.79082,-106.890114,0.41581407,0.41581407,2
-67.31464,-107.30331,0.6470519,0.6470519,2
-67.83818,-107.735855,0.7484757,0.7484757,3
-68.36133,-108.19046,0.8415269,0.8415269,3
-68.88396,-108.66757,0.9314439,0.9314439,3
-69.40593,-109.16991,0.9834536,0.9834536,3
-69.92711,-109.69853,0.99092066,0.99092066,3
-70.44731,-110.25613,0.9910649,0.9910649,3
-70.96639,-110.844666,0.9911238,0.9911238,3
-71.484146,-111.46669,0.99139154,0.99139154,3
-72.00034,-112.12534,0.98693526,0.98693526,3
-72.51478,-112.82292,0.88703203,0.88703203,3
-73.02716,-113.56416,0.86890787,0.86890787,3
-73.53728,-114.35099,0.83723223,0.83723223,3
-74.04468,-115.19016,0.35149607,0.35149607,1
-74.54918,-116.08308,0.0090786,0.0090786,0
-75.050156,-117.039185,0.001214888,0.001214888,0
-75.547424,-118.059616,0.0008677932,0.0008677932,0
-76.040184,-119.155716,0.0006060919,0.0006060919,0
-76.52817,-120.33006,0.00064849283,0.00064849283,0
-77.010445,-121.59509,0.0006391707,0.0006391707,0
-77.48652,-122.95599,0.00063733244,0.00063733244,0
-77.95533,-124.42599,0.0006378541,0.0006378541,0
-78.41609,-126.01387,0.00063825515,0.00063825515,0
-78.867615,-127.73317,0.0006383102,0.0006383102,0
-79.30861,-129.59727,0.00063838443,0.00063838443,0
-79.7378,-131.6192,0.00063842064,0.00063842064,0
-80.15326,-133.81784,0.0006384249,0.0006384249,0
-80.55355,-136.2038,0.00063843286,0.00063843286,0
-80.93589,-138.80179,0.0006384444,0.0006384444,0
-81.29885,-141.6168,0.0006384559,0.0006384559,0
-81.63844,-144.67769,0.0006384599,0.0006384599,0
-81.95341,-147.97932,0.0006384553,0.0006384553,0
-82.23854,-151.54762,0.00063844287,0.00063844287,0
-82.492676,-155.36452,0.0006384258,0.0006384258,0
-82.71035,-159.43668,0.0006384115,0.0006384115,0
-82.89015,-163.73212,0.00063840084,0.00063840084,0
-83.02742,-168.2272,0.00063839357,0.00063839357,0
-83.12093,-172.87186,0.00063838746,0.00063838746,0
-83.167915,-177.613,0.0006383817,0.0006383817,0
-83.167915,177.613,0.00063837745,0.00063837745,0
-83.12093,172.87186,0.0006383735,0.0006383735,0
-83.02742,168.2272,0.0006383716,0.0006383716,0
-82.89015,163.73212,0.00063837104,0.00063837104,0
-82.71035,159.43668,0.00063837104,0.00063837104,0
-82.492676,155.36452,0.00063837104,0.00063837104,0
-82.23854,151.54762,0.00063837104,0.00063837104,0
-81.95341,147.97932,0.00063837104,0.00063837104,0
-81.63844,144.67769,0.00063837104,0.00063837104,0
-81.29885,141.6168,0.00063837104,0.00063837104,0
-80.93589,138.80179,0.00063837104,0.00063837104,0
-80.55355,136.2038,0.00063837104,0.00063837104,0
-80.15326,133.81784,0.00063837104,0.00063837104,0
-79.7378,131.6192,0.00063837104,0.00063837104,0
-79.30861,129.59727,0.00063837104,0.00063837104,0
-78.867615,127.73317,0.00063837104,0.00063837104,0
-78.41609,126.01387,0.00063837104,0.00063837104,0
-77.95533,124.42599,0.00063837104,0.00063837104,0
-77.48652,122.95599,0.00063837104,0.00063837104,0
-77.010445,121.59509,0.00063837104,0.00063837104,0
-76.52817,120.33006,0.00063837104,0.00063837104,0
-76.040184,119.155716,0.00063837104,0.00063837104,0
-75.547424,118.059616,0.00063837104,0.00063837104,0
-75.050156,117.039185,0.00063837104,0.00063837104,0
-74.54918,116.08308,0.00063837104,0.00063837104,0
-74.04468,115.19016,0.00063837104,0.00063837104,0
-73.53728,114.35099,0.00063837104,0.00063837104,0
-73.02716,113.56416,0.00063837104,0.00063837104,0
-72.51478,112.82292,0.0006383732,0.0006383732,0
-72.00034,112.12534,0.000638386,0.000638386,0
-71.484146,111.46669,0.000638368,0.000638368,0
-70.96639,110.844666,0.00063833094,0.00063833094,0
-70.44731,110.25613,0.0006355982,0.0006355982,0
-69.92711,109.69853,0.0006354522,0.0006354522,0
-69.40593,109.16991,0.0006244831,0.0006244831,0
-68.88396,108.66757,0.000598204,0.000598204,0
-68.36133,108.19046,0.0006259704,0.0006259704,0
-67.83818,107.735855,0.00079975283,0.00079975283,0
-67.31464,107.30331,0.0032385604,0.0032385604,0
-66.79082,106.890114,0.0132698165,0.0132698165,0
-66.26682,106.496346,0.4494189,0.4494189,2
-65.74276,106.11944,0.961877,0.961877,3
-65.218704,105.75947,0.97464764,0.97464764,3
-64.694756,105.41441,0.9467104,0.9467104,3
-64.171005,105.08412,0.95345235,0.95345235,3
-63.647503,104.76715,0.9296576,0.9296576,3
-63.124336,104.46309,0.85714334,0.85714334,3
-62.601562,104.17097,0.85870934,0.85870934,3
-62.079254,103.890205,0.824068,0.824068,3
-61.557476,103.62018,0.71043736,0.71043736,3
-61.03625,103.36017,0.42505607,0.42505607,2
-60.515682,103.109856,0.08865801,0.08865801,0
-59.99577,102.86843,0.00826279,0.00826279,0
-59.4766,102.635796,0.0022046883,0.0022046883,0
-58.95819,102.41107,0.0012233586,0.0012233586,0
-58.44062,102.19432,0.0007352697,0.0007352697,0
-57.92388,101.98465,0.0006645841,0.0006645841,0
-57.40807,101.78222,0.0006436798,0.0006436798,0
-56.89317,101.58621,0.00063686614,0.00063686614,0
-56.379265,101.396706,0.00063809,0.00063809,0
-55.866344,101.21309,0.0006158709,0.0006158709,0
-55.354492,101.03531,0.0005859489,0.0005859489,0
-54.84369,100.86296,0.00060162693,0.00060162693,0
-54.333996,100.695885,0.00078726263,0.00078726263,0
-54.22867,-101.60832,0.0012575969,0.0012575969,0
-54.736435,-101.78888,0.0009086667,0.0009086667,0
-55.24527,-101.97511,0.00062122586,0.00062122586,0
-55.755104,-102.167145,0.00063243276,0.00063243276,0
-56.265934,-102.365456,0.0006374557,0.0006374557,0
-56.777687,-102.57008,0.0006379955,0.0006379955,0
-57.290363,-102.78166,0.0006383699,0.0006383699,0
-57.803886,-103.00012,0.00063837104,0.00063837104,0
-58.318264,-103.22634,0.00063837104,0.00063837104,0
-58.833397,-103.46013,0.00063837104,0.00063837104,0
-59.34929,-103.70246,0.00063837104,0.00063837104,0
-59.865852,-103.95324,0.00063837104,0.00063837104,0
-60.383068,-104.2134,0.000638372,0.000638372,0
-60.900864,-104.483055,0.0006383683,0.0006383683,0
-61.4192,-104.76303,0.00063832785,0.00063832785,0
-61.938,-105.0537,0.0006366516,0.0006366516,0
-62.457214,-105.35581,0.00063862297,0.00063862297,0
-62.976772,-105.670006,0.00063003,0.00063003,0
-63.496613,-105.99689,0.0006284533,0.0006284533,0
-64.01665,-106.337494,0.0006886865,0.0006886865,0
-64.53681,-106.69222,0.00091054314,0.00091054314,0
-65.05702,-107.0626,0.0012989943,0.0012989943,0
-65.57718,-107.44877,0.009811911,0.009811911,0
-66.09719,-107.85286,0.07440525,0.07440525,0
-66.616974,-108.27475,0.5135335,0.5135335,2
-67.13638,-108.71712,0.70080733,0.70080733,3
-67.655334,-109.17988,0.71271545,0.71271545,3
-68.17367,-109.66585,0.7797758,0.7797758,3
-68.69128,-110.17543,0.89869386,0.89869386,3
-69.207985,-110.71142,0.96067554,0.96067554,3
-69.72365,-111.27494,0.9898914,0.9898914,3
-70.238075,-111.86868,0.99118125,0.99118125,3
-70.75109,-112.494644,0.9912157,0.9912157,3
-71.262474,-113.15538,0.9909276,0.9909276,3
-71.77197,-113.85408,0.989664,0.989664,3
-72.279366,-114.59302,0.97607666,0.97607666,3
-72.78432,-115.37689,0.9528086,0.9528086,3
-73.286606,-116.20758,0.92897975,0.92897975,3
-73.785736,-117.091805,0.72435874,0.72435874,3
-74.281525,-118.03078,0.025387695,0.025387695,0
-74.77327,-119.033875,0.0009876352,0.0009876352,0
-75.26081,-120.10188,0.0010567342,0.0010567342,0
-75.743256,-121.245926,0.0005884646,0.0005884646,0
-76.22033,-122.468094,0.0006511097,0.0006511097,0
-76.69105,-123.78027,0.00064253114,0.00064253114,0
-77.15489,-125.18698,0.0006355373,0.0006355373,0
-77.61077,-126.70044,0.0006376387,0.0006376387,0
-78.05786,-128.3283,0.0006375047,0.0006375047,0
-78.49495,-130.08258,0.00063760584,0.00063760584,0
-78.92076,-131.97475,0.00063794927,0.00063794927,0
-79.33399,-134.0156,0.0006378733,0.0006378733,0
-79.73276,-136.22096,0.00063790823,0.00063790823,0
-80.115715,-138.59851,0.00063762406,0.00063762406,0
-80.48014,-141.16827,0.00063738803,0.00063738803,0
-80.82481,-143.93176,0.00063703035,0.00063703035,0
-81.14592,-146.91142,0.00063691527,0.00063691527,0
-81.44252,-150.09915,0.0006368412,0.0006368412,0
-81.70983,-153.5135,0.0006369711,0.0006369711,0
-81.947105,-157.13545,0.0006372714,0.0006372714,0
-82.149475,-160.96709,0.0006376064,0.0006376064,0
-82.316025,-164.97925,0.0006379338,0.0006379338,0
-82.44276,-169.15062,0.00063820835,0.00063820835,0
-82.528885,-173.43997,0.00063831324,0.00063831324,0
-82.572105,-177.8048,0.0006383929,0.0006383929,0
-82.572105,177.8048,0.00063840725,0.00063840725,0
-82.528885,173.43997,0.00063841545,0.00063841545,0
-82.44276,169.15062,0.000638417,0.000638417,0
-82.316025,164.97925,0.0006384124,0.0006384124,0
-82.149475,160.96709,0.00063840486,0.00063840486,0
-81.947105,157.13545,0.000638396,0.000638396,0
-81.70983,153.5135,0.00063839054,0.00063839054,0
-81.44252,150.09915,0.00063838536,0.00063838536,0
-81.14592,146.91142,0.0006383826,0.0006383826,0
-80.82481,143.93176,0.00063837896,0.00063837896,0
-80.48014,141.16827,0.0006383765,0.0006383765,0
-80.115715,138.59851,0.0006383738,0.0006383738,0
-79.73276,136.22096,0.00063837226,0.00063837226,0
-79.33399,134.0156,0.00063837133,0.00063837133,0
-78.92076,131.97475,0.00063837075,0.00063837075,0
-78.49495,130.08258,0.00063837104,0.00063837104,0
-78.05786,128.3283,0.00063837104,0.00063837104,0
-77.61077,126.70044,0.00063837104,0.00063837104,0
-77.15489,125.18698,0.00063837104,0.00063837104,0
-76.69105,123.78027,0.00063837104,0.00063837104,0
-76.22033,122.468094,0.00063837104,0.00063837104,0
-75.743256,121.245926,0.00063837104,0.00063837104,0
-75.26081,120.10188,0.00063837104,0.00063837104,0
-74.77327,119.033875,0.00063837104,0.00063837104,0
-74.281525,118.03078,0.00063837104,0.00063837104,0
-73.785736,117.091805,0.00063837104,0.00063837104,0
-73.286606,116.20758,0.00063837104,0.00063837104,0
-72.78432,115.37689,0.00063837104,0.00063837104,0
-72.279366,114.59302,0.0006383802,0.0006383802,0
-71.77197,113.85408,0.00063835765,0.00063835765,0
-71.262474,113.15538,0.0006381131,0.0006381131,0
-70.75109,112.494644,0.0006380086,0.0006380086,0
-70.238075,111.86868,0.00063580024,0.00063580024,0
-69.72365,111.27494,0.00064058555,0.00064058555,0
-69.207985,110.71142,0.0006333846,0.0006333846,0
-68.69128,110.17543,0.000597322,0.000597322,0
-68.17367,109.66585,0.0005859095,0.0005859095,0
-67.655334,109.17988,0.0011263406,0.0011263406,0
-67.13638,108.71712,0.008981273,0.008981273,0
-66.616974,108.27475,0.49746504,0.49746504,2
-66.09719,107.85286,0.81392753,0.81392753,3
-65.57718,107.44877,0.9225018,0.9225018,3
-65.05702,107.0626,0.9585997,0.9585997,3
-64.53681,106.69222,0.95638764,0.95638764,3
-64.01665,106.337494,0.9446354,0.9446354,3
-63.496613,105.99689,0.92074656,0.92074656,3
-62.976772,105.670006,0.8479145,0.8479145,3
-62.457214,105.35581,0.84264714,0.84264714,3
-61.938,105.0537,0.82862914,0.82862914,3
-61.4192,104.76303,0.7347788,0.7347788,3
-60.900864,104.483055,0.453437,0.453437,2
-60.383068,104.2134,0.0743215,0.0743215,0
-59.865852,103.95324,0.005181635,0.005181635,0
-59.34929,103.70246,0.001423094,0.001423094,0
-58.833397,103.46013,0.00088200864,0.00088200864,0
-58.318264,103.22634,0.00068317447,0.00068317447,0
-57.803886,103.00012,0.00063612964,0.00063612964,0
-57.290363,102.78166,0.00063523935,0.00063523935,0
-56.777687,102.57008,0.0006357433,0.0006357433,0
-56.265934,102.365456,0.000638118,0.000638118,0
-55.755104,102.167145,0.0006158794,0.0006158794,0
-55.24527,101.97511,0.00058596284,0.00058596284,0
-54.736435,101.78888,0.0006016281,0.0006016281,0
-54.22867,101.60832,0.00078726263,0.00078726263,0
-54.115005,-102.51489,0.0012575969,0.0012575969,0
-54.620728,-102.70866,0.0009086667,0.0009086667,0
-55.12745,-102.90846,0.00062122586,0.00062122586,0
-55.635105,-103.11445,0.00063243276,0.00063243276,0
-56.143692,-103.32713,0.0006374557,0.0006374557,0
-56.653137,-103.54652,0.0006379955,0.0006379955,0
-57.163445,-103.773315,0.0006383699,0.0006383699,0
-57.674515,-104.00742,0.00063837104,0.00063837104,0
-58.186367,-104.24977,0.00063837104,0.00063837104,0
-58.69889,-104.50016,0.00063837104,0.00063837104,0
-59.21209,-104.759605,0.00063837104,0.00063837104,0
-59.725876,-105.028015,0.00063837104,0.00063837104,0
-60.24021,-105.306366,0.00063837104,0.00063837104,0
-60.755035,-105.59477,0.00063837226,0.00063837226,0
-61.270294,-105.894104,0.00063839176,0.00063839176,0
-61.78591,-106.20475,0.0006367808,0.0006367808,0
-62.301823,-106.52746,0.0006384916,0.0006384916,0
-62.817963,-106.862946,0.00062787347,0.00062787347,0
-63.33426,-107.2118,0.0006234495,0.0006234495,0
-63.850624,-107.5751,0.0006577743,0.0006577743,0
-64.36697,-107.95329,0.0009809489,0.0009809489,0
-64.88321,-108.34792,0.0013841524,0.0013841524,0
-65.39924,-108.75914,0.013910736,0.013910736,0
-65.914955,-109.18914,0.11116034,0.11116034,0
-66.43027,-109.63779,0.5770409,0.5770409,2
-66.94501,-110.107864,0.61740375,0.61740375,2
-67.45909,-110.59921,0.70155895,0.70155895,3
-67.97235,-111.11477,0.83911103,0.83911103,3
-68.484665,-111.65489,0.90521526,0.90521526,3
-68.995834,-112.22245,0.9404971,0.9404971,3
-69.50572,-112.81853,0.98882234,0.98882234,3
-70.014084,-113.44588,0.9910453,0.9910453,3
-70.52074,-114.106476,0.99117976,0.99117976,3
-71.02547,-114.80289,0.990957,0.990957,3
-71.52797,-115.53825,0.9905849,0.9905849,3
-72.02803,-116.314804,0.98514605,0.98514605,3
-72.52527,-117.13721,0.9714064,0.9714064,3
-73.019455,-118.00723,0.961658,0.961658,3
-73.51005,-118.93149,0.89514303,0.89514303,3
-73.996864,-119.910995,0.009013147,0.009013147,0
-74.47915,-120.954895,0.0013624552,0.0013624552,0
-74.956726,-122.06375,0.0010076334,0.0010076334,0
-75.42866,-123.248215,0.00062245206,0.00062245206,0
-75.894684,-124.50999,0.00064404914,0.00064404914,0
-76.35374,-125.86022,0.00064959604,0.00064959604,0
-76.80531,-127.302795,0.0006389822,0.0006389822,0
-77.24828,-128.84885,0.00064176065,0.00064176065,0
-77.68181,-130.50494,0.0006379687,0.0006379687,0
-78.10469,-132.28154,0.0006384015,0.0006384015,0
-78.51565,-134.18843,0.00063620997,0.00063620997,0
-78.91341,-136.23428,0.00063787965,0.00063787965,0
-79.29614,-138.43228,0.0006382421,0.0006382421,0
-79.66258,-140.78761,0.00063834124,0.00063834124,0
-80.01014,-143.31631,0.0006380748,0.0006380748,0
-80.33773,-146.01755,0.00063863274,0.00063863274,0
-80.64183,-148.90845,0.00063972163,0.00063972163,0
-80.921715,-151.97935,0.00064082217,0.00064082217,0
-81.17299,-155.24342,0.0006409544,0.0006409544,0
-81.39525,-158.68187,0.0006401022,0.0006401022,0
-81.58415,-162.29399,0.00063889264,0.00063889264,0
-81.73917,-166.05373,0.00063794776,0.00063794776,0
-81.856804,-169.9422,0.0006375314,0.0006375314,0
-81.9366,-173.9252,0.0006374573,0.0006374573,0
-81.97659,-177.96829,0.0006374342,0.0006374342,0
-81.97659,177.96829,0.00063775596,0.00063775596,0
-81.9366,173.9252,0.0006378061,0.0006378061,0
-81.856804,169.9422,0.0006379149,0.0006379149,0
-81.73917,166.05373,0.00063788664,0.00063788664,0
-81.58415,162.29399,0.0006378426,0.0006378426,0
-81.39525,158.68187,0.0006378857,0.0006378857,0
-81.17299,155.24342,0.00063793955,0.00063793955,0
-80.921715,151.97935,0.0006381776,0.0006381776,0
-80.64183,148.90845,0.0006382773,0.0006382773,0
-80.33773,146.01755,0.0006383534,0.0006383534,0
-80.01014,143.31631,0.00063837226,0.00063837226,0
-79.66258,140.78761,0.000638372,0.000638372,0
-79.29614,138.43228,0.0006383744,0.0006383744,0
-78.91341,136.23428,0.0006383729,0.0006383729,0
-78.51565,134.18843,0.00063837133,0.00063837133,0
-78.10469,132.28154,0.00063837104,0.00063837104,0
-77.68181,130.50494,0.00063837104,0.00063837104,0
-77.24828,128.84885,0.00063837104,0.00063837104,0
-76.80531,127.302795,0.00063837104,0.00063837104,0
-76.35374,125.86022,0.00063837104,0.00063837104,0
-75.894684,124.50999,0.00063837104,0.00063837104,0
-75.42866,123.248215,0.00063837104,0.00063837104,0
-74.956726,122.06375,0.00063837104,0.00063837104,0
-74.47915,120.954895,0.00063837104,0.00063837104,0
-73.996864,119.910995,0.00063837104,0.00063837104,0
-73.51005,118.93149,0.00063837104,0.00063837104,0
-73.019455,118.00723,0.00063837075,0.00063837075,0
-72.52527,117.13721,0.0006383732,0.0006383732,0
-72.02803,116.314804,0.0006383896,0.0006383896,0
-71.52797,115.53825,0.0006382059,0.0006382059,0
-71.02547,114.80289,0.0006381253,0.0006381253,0
-70.52074,114.106476,0.00063990854,0.00063990854,0
-70.014084,113.44588,0.0006429732,0.0006429732,0
-69.50572,112.81853,0.00065691693,0.00065691693,0
-68.995834,112.22245,0.0006525982,0.0006525982,0
-68.484665,111.65489,0.0006130949,0.0006130949,0
-67.97235,111.11477,0.00063406955,0.00063406955,0
-67.45909,110.59921,0.0012556788,0.0012556788,0
-66.94501,110.107864,0.007525706,0.007525706,0
-66.43027,109.63779,0.5374998,0.5374998,2
-65.914955,109.18914,0.7783828,0.7783828,3
-65.39924,108.75914,0.9093073,0.9093073,3
-64.88321,108.34792,0.96100754,0.96100754,3
-64.36697,107.95329,0.9467708,0.9467708,3
-63.850624,107.5751,0.91803056,0.91803056,3
-63.33426,107.2118,0.88452595,0.88452595,3
-62.817963,106.862946,0.87192273,0.87192273,3
-62.301823,106.52746,0.8698377,0.8698377,3
-61.78591,106.20475,0.781906,0.781906,3
-61.270294,105.894104,0.4864493,0.4864493,2
-60.755035,105.59477,0.1692869,0.1692869,1
-60.24021,105.306366,0.013687886,0.013687886,0
-59.725876,105.028015,0.0028869554,0.0028869554,0
-59.21209,104.759605,0.0010250116,0.0010250116,0
-58.69889,104.50016,0.0007278201,0.0007278201,0
-58.186367,104.24977,0.0006429955,0.0006429955,0
-57.674515,104.00742,0.00063315645,0.00063315645,0
-57.163445,103.773315,0.000636952,0.000636952,0
-56.653137,103.54652,0.0006359957,0.0006359957,0
-56.143692,103.32713,0.00063835643,0.00063835643,0
-55.635105,103.11445,0.0006158747,0.0006158747,0
-55.12745,102.90846,0.00058596843,0.00058596843,0
-54.620728,102.70866,0.0006016297,0.0006016297,0
-54.115005,102.51489,0.00078726263,0.00078726263,0
-53.993126,-103.41519,0.0012575969,0.0012575969,0
-54.49666,-103.62188,0.0009086667,0.0009086667,0
-55.00112,-103.83496,0.00062122586,0.00062122586,0
-55.506466,-104.054596,0.00063243276,0.00063243276,0
-56.01267,-104.28128,0.0006374557,0.0006374557,0
-56.51966,-104.515076,0.0006379955,0.0006379955,0
-57.027435,-104.75669,0.0006383699,0.0006383699,0
-57.535908,-105.00604,0.00063837104,0.00063837104,0
-58.045063,-105.26407,0.00063837104,0.00063837104,0
-58.55482,-105.530594,0.00063837104,0.00063837104,0
-59.065155,-105.80665,0.00063837104,0.00063837104,0
-59.57599,-106.09217,0.00063837104,0.00063837104,0
-60.087276,-106.38814,0.00063837104,0.00063837104,0
-60.598946,-106.69468,0.000638372,0.000638372,0
-61.11094,-107.0127,0.00063841365,0.00063841365,0
-61.623184,-107.34262,0.00063698116,0.00063698116,0
-62.135612,-107.68518,0.0006380171,0.0006380171,0
-62.648144,-108.04114,0.0006284862,0.0006284862,0
-63.160686,-108.41109,0.0006274556,0.0006274556,0
-63.67316,-108.79618,0.00068543025,0.00068543025,0
-64.18547,-109.19679,0.00096349866,0.00096349866,0
-64.69752,-109.61457,0.0013549138,0.0013549138,0
-65.20921,-110.049644,0.011414271,0.011414271,0
-65.7204,-110.50427,0.094859794,0.094859794,0
-66.23102,-110.97829,0.45320216,0.45320216,2
-66.74086,-111.474525,0.5983157,0.5983157,2
-67.249855,-111.99284,0.742191,0.742191,3
-67.7578,-112.53616,0.88241243,0.88241243,3
-68.26458,-113.10488,0.927944,0.927944,3
-68.76995,-113.70187,0.941515,0.941515,3
-69.27379,-114.32821,0.9886882,0.9886882,3
-69.77585,-114.98662,0.99090123,0.99090123,3
-70.2759,-115.67909,0.9914163,0.9914163,3
-70.77371,-116.408104,0.99114764,0.99114764,3
-71.26898,-117.17682,0.990831,0.990831,3
-71.76148,-117.98732,0.9893253,0.9893253,3
-72.25076,-118.84425,0.9859207,0.9859207,3
-72.73662,-119.74919,0.967706,0.967706,3
-73.218475,-120.70863,0.9021104,0.9021104,3
-73.69613,-121.72338,0.013608061,0.013608061,0
-74.16877,-122.8023,0.004139282,0.004139282,0
-74.636246,-123.94562,0.0013209501,0.0013209501,0
-75.09757,-125.16353,0.0010095816,0.0010095816,0
-75.55246,-126.45729,0.0006282479,0.0006282479,0
-75.99985,-127.83733,0.0007015246,0.0007015246,0
-76.43919,-129.30682,0.0006477852,0.0006477852,0
-76.869385,-130.87589,0.00065112207,0.00065112207,0
-77.289566,-132.55,0.0006470994,0.0006470994,0
-77.69855,-134.3382,0.0006381746,0.0006381746,0
-78.09508,-136.24867,0.00064768025,0.00064768025,0
-78.477936,-138.2883,0.0006491288,0.0006491288,0
-78.84533,-140.46791,0.0006555685,0.0006555685,0
-79.19614,-142.79066,0.0006590994,0.0006590994,0
-79.52785,-145.2694,0.0006634216,0.0006634216,0
-79.83958,-147.90144,0.0006573992,0.0006573992,0
-80.128,-150.69998,0.0006623924,0.0006623924,0
-80.39265,-153.65454,0.000658128,0.000658128,0
-80.62947,-156.77437,0.00065576757,0.00065576757,0
-80.838326,-160.04158,0.0006532245,0.0006532245,0
-81.01532,-163.45384,0.0006468219,0.0006468219,0
-81.1602,-166.98811,0.00064271584,0.00064271584,0
-81.26992,-170.62776,0.00064296945,0.00064296945,0
-81.34422,-174.34422,0.0006396851,0.0006396851,0
-81.38143,-178.10928,0.0006394903,0.0006394903,0
-81.38143,178.10928,0.00063791673,0.00063791673,0
-81.34422,174.34422,0.0006377107,0.0006377107,0
-81.26992,170.62776,0.0006383236,0.0006383236,0
-81.1602,166.98811,0.00063909334,0.00063909334,0
-81.01532,163.45384,0.0006393011,0.0006393011,0
-80.838326,160.04158,0.0006386723,0.0006386723,0
-80.62947,156.77437,0.0006384109,0.0006384109,0
-80.39265,153.65454,0.00063809,0.00063809,0
-80.128,150.69998,0.0006383984,0.0006383984,0
-79.83958,147.90144,0.00063816784,0.00063816784,0
-79.52785,145.2694,0.0006383668,0.0006383668,0
-79.19614,142.79066,0.00063835375,0.00063835375,0
-78.84533,140.46791,0.0006383619,0.0006383619,0
-78.477936,138.2883,0.00063837774,0.00063837774,0
-78.09508,136.24867,0.0006383729,0.0006383729,0
-77.69855,134.3382,0.00063837104,0.00063837104,0
-77.289566,132.55,0.00063837104,0.00063837104,0
-76.869385,130.87589,0.00063837104,0.00063837104,0
-76.43919,129.30682,0.00063837104,0.00063837104,0
-75.99985,127.83733,0.00063837104,0.00063837104,0
-75.55246,126.45729,0.00063837104,0.00063837104,0
-75.09757,125.16353,0.00063837104,0.00063837104,0
-74.636246,123.94562,0.00063837104,0.00063837104,0
-74.16877,122.8023,0.00063837104,0.00063837104,0
-73.69613,121.72338,0.00063837104,0.00063837104,0
-73.218475,120.70863,0.00063837104,0.00063837104,0
-72.73662,119.74919,0.00063837075,0.00063837075,0
-72.25076,118.84425,0.00063837925,0.00063837925,0
-71.76148,117.98732,0.00063837954,0.00063837954,0
-71.26898,117.17682,0.000637866,0.000637866,0
-70.77371,116.408104,0.0006384885,0.0006384885,0
-70.2759,115.67909,0.0006424666,0.0006424666,0
-69.77585,114.98662,0.00065226457,0.00065226457,0
-69.27379,114.32821,0.0006703118,0.0006703118,0
-68.76995,113.70187,0.0006424341,0.0006424341,0
-68.26458,113.10488,0.00064267754,0.00064267754,0
-67.7578,112.53616,0.0007547242,0.0007547242,0
-67.249855,111.99284,0.0010719498,0.0010719498,0
-66.74086,111.474525,0.004668392,0.004668392,0
-66.23102,110.97829,0.017221225,0.017221225,0
-65.7204,110.50427,0.835466,0.835466,3
-65.20921,110.049644,0.86705285,0.86705285,3
-64.69752,109.61457,0.94867754,0.94867754,3
-64.18547,109.19679,0.92327386,0.92327386,3
-63.67316,108.79618,0.9115597,0.9115597,3
-63.160686,108.41109,0.8688692,0.8688692,3
-62.648144,108.04114,0.86762697,0.86762697,3
-62.135612,107.68518,0.88149863,0.88149863,3
-61.623184,107.34262,0.77153355,0.77153355,3
-61.11094,107.0127,0.46307054,0.46307054,2
-60.598946,106.69468,0.16112684,0.16112684,1
-60.087276,106.38814,0.0075078765,0.0075078765,0
-59.57599,106.09217,0.0015969337,0.0015969337,0
-59.065155,105.80665,0.0009208956,0.0009208956,0
-58.55482,105.530594,0.00066484767,0.00066484767,0
-58.045063,105.26407,0.0006376049,0.0006376049,0
-57.535908,105.00604,0.0006368124,0.0006368124,0
-57.027435,104.75669,0.0006377958,0.0006377958,0
-56.51966,104.515076,0.0006361648,0.0006361648,0
-56.01267,104.28128,0.0006384654,0.0006384654,0
-55.506466,104.054596,0.000615897,0.000615897,0
-55.00112,103.83496,0.00058596674,0.00058596674,0
-54.49666,103.62188,0.0006016309,0.0006016309,0
-53.993126,103.41519,0.00078726263,0.00078726263,0
-53.862896,-104.308655,0.0012575969,0.0012575969,0
-54.364105,-104.52797,0.0009086667,0.0009086667,0
-54.86618,-104.75399,0.00062122586,0.00062122586,0
-55.369064,-104.986916,0.00063243276,0.00063243276,0
-55.87274,-105.22725,0.0006374557,0.0006374557,0
-56.377132,-105.47507,0.0006379955,0.0006379955,0
-56.88223,-105.731094,0.0006383699,0.0006383699,0
-57.38794,-105.995224,0.00063837104,0.00063837104,0
-57.89425,-106.26848,0.00063837104,0.00063837104,0
-58.401077,-106.55063,0.00063837104,0.00063837104,0
-58.908386,-106.84278,0.00063837104,0.00063837104,0
-59.4161,-107.14481,0.00063837104,0.00063837104,0
-59.924168,-107.457794,0.00063837104,0.00063837104,0
-60.43251,-107.78182,0.00063837104,0.00063837104,0
-60.94107,-108.11784,0.0006384179,0.0006384179,0
-61.44976,-108.46628,0.00063713203,0.00063713203,0
-61.958504,-108.827896,0.0006374603,0.0006374603,0
-62.467224,-109.20345,0.0006284081,0.0006284081,0
-62.975834,-109.59358,0.00064008875,0.00064008875,0
-63.484222,-109.999435,0.000708685,0.000708685,0
-63.992302,-110.42142,0.00086301635,0.00086301635,0
-64.499954,-110.86119,0.0011623711,0.0011623711,0
-65.007095,-111.31888,0.0021500406,0.0021500406,0
-65.51355,-111.796776,0.028276702,0.028276702,0
-66.01925,-112.2947,0.41215307,0.41215307,2
-66.52398,-112.815544,0.6639713,0.6639713,2
-67.027664,-113.35909,0.75446934,0.75446934,3
-67.53006,-113.928345,0.8460935,0.8460935,3
-68.031075,-114.523636,0.88574815,0.88574815,3
-68.53046,-115.14788,0.90756935,0.90756935,3
-69.02803,-115.80208,0.9836368,0.9836368,3
-69.52354,-116.48897,0.9886065,0.9886065,3
-70.01677,-117.21048,0.99126667,0.99126667,3
-70.50746,-117.96905,0.99124193,0.99124193,3
-70.9953,-118.76772,0.99111533,0.99111533,3
-71.48001,-119.60857,0.99110717,0.99110717,3
-71.96117,-120.496025,0.99047965,0.99047965,3
-72.43852,-121.431564,0.986048,0.986048,3
-72.91147,-122.42146,0.9742488,0.9742488,3
-73.37982,-123.46629,0.90864915,0.90864915,3
-73.84273,-124.574615,0.011270951,0.011270951,0
-74.30003,-125.74632,0.0023575155,0.0023575155,0
-74.75071,-126.991104,0.001299417,0.001299417,0
-75.19449,-128.30978,0.0009457479,0.0009457479,0
-75.630264,-129.71202,0.0007273351,0.0007273351,0
-76.05754,-131.20035,0.0006802032,0.0006802032,0
-76.47514,-132.78384,0.00067995075,0.00067995075,0
-76.88228,-134.46701,0.0006435985,0.0006435985,0
-77.27774,-136.25764,0.000666237,0.000666237,0
-77.660355,-138.16241,0.00064642995,0.00064642995,0
-78.02893,-140.18672,0.00066716725,0.00066716725,0
-78.38176,-142.33932,0.0006617182,0.0006617182,0
-78.717804,-144.6219,0.00068832655,0.00068832655,0
-79.034706,-147.04459,0.0006748185,0.0006748185,0
-79.33174,-149.60355,0.0006463471,0.0006463471,0
-79.605774,-152.30887,0.00061990484,0.00061990484,0
-79.85655,-155.14986,0.00061084237,0.00061084237,0
-80.08034,-158.13297,0.00061868544,0.00061868544,0
-80.2772,-161.24152,0.00063231675,0.00063231675,0
-80.443634,-164.47232,0.00064270175,0.00064270175,0
-80.57959,-167.80501,0.0006445088,0.0006445088,0
-80.68237,-171.22507,0.0006417221,0.0006417221,0
-80.75189,-174.70844,0.00064894016,0.00064894016,0
-80.78667,-178.23169,0.00064726034,0.00064726034,0
-80.78667,178.23169,0.0006471012,0.0006471012,0
-80.75189,174.70844,0.0006470229,0.0006470229,0
-80.68237,171.22507,0.00065116736,0.00065116736,0
-80.57959,167.80501,0.00065227575,0.00065227575,0
-80.443634,164.47232,0.000653943,0.000653943,0
-80.2772,161.24152,0.0006521514,0.0006521514,0
-80.08034,158.13297,0.0006418515,0.0006418515,0
-79.85655,155.14986,0.00064063654,0.00064063654,0
-79.605774,152.30887,0.00063661695,0.00063661695,0
-79.33174,149.60355,0.00063768483,0.00063768483,0
-79.034706,147.04459,0.0006377918,0.0006377918,0
-78.717804,144.6219,0.00063819916,0.00063819916,0
-78.38176,142.33932,0.0006382585,0.0006382585,0
-78.02893,140.18672,0.0006383744,0.0006383744,0
-77.660355,138.16241,0.00063837896,0.00063837896,0
-77.27774,136.25764,0.00063837104,0.00063837104,0
-76.88228,134.46701,0.00063837104,0.00063837104,0
-76.47514,132.78384,0.00063837104,0.00063837104,0
-76.05754,131.20035,0.00063837104,0.00063837104,0
-75.630264,129.71202,0.00063837104,0.00063837104,0
-75.19449,128.30978,0.00063837104,0.00063837104,0
-74.75071,126.991104,0.00063837104,0.00063837104,0
-74.30003,125.74632,0.00063837104,0.00063837104,0
-73.84273,124.574615,0.00063837104,0.00063837104,0
-73.37982,123.46629,0.00063837104,0.00063837104,0
-72.91147,122.42146,0.00063837104,0.00063837104,0
-72.43852,121.431564,0.00063837256,0.00063837256,0
-71.96117,120.496025,0.0006383945,0.0006383945,0
-71.48001,119.60857,0.0006382421,0.0006382421,0
-70.9953,118.76772,0.0006373015,0.0006373015,0
-70.50746,117.96905,0.00063869177,0.00063869177,0
-70.01677,117.21048,0.0006437138,0.0006437138,0
-69.52354,116.48897,0.00066224945,0.00066224945,0
-69.02803,115.80208,0.0006885946,0.0006885946,0
-68.53046,115.14788,0.00066775247,0.00066775247,0
-68.031075,114.523636,0.00068955304,0.00068955304,0
-67.53006,113.928345,0.0008223558,0.0008223558,0
-67.027664,113.35909,0.0017540933,0.0017540933,0
-66.52398,112.815544,0.0034633495,0.0034633495,0
-66.01925,112.2947,0.023267496,0.023267496,0
-65.51355,111.796776,0.79841,0.79841,3
-65.007095,111.31888,0.9167586,0.9167586,3
-64.499954,110.86119,0.9700843,0.9700843,3
-63.992302,110.42142,0.94341123,0.94341123,3
-63.484222,109.999435,0.91854674,0.91854674,3
-62.975834,109.59358,0.8723396,0.8723396,3
-62.467224,109.20345,0.8484735,0.8484735,3
-61.958504,108.827896,0.8609743,0.8609743,3
-61.44976,108.46628,0.82999074,0.82999074,3
-60.94107,108.11784,0.61414844,0.61414844,2
-60.43251,107.78182,0.23309347,0.23309347,1
-59.924168,107.457794,0.007944481,0.007944481,0
-59.4161,107.14481,0.0013010864,0.0013010864,0
-58.908386,106.84278,0.0007867613,0.0007867613,0
-58.401077,106.55063,0.00063442555,0.00063442555,0
-57.89425,106.26848,0.00063249096,0.00063249096,0
-57.38794,105.995224,0.0006360699,0.0006360699,0
-56.88223,105.731094,0.00063794287,0.00063794287,0
-56.377132,105.47507,0.00063632673,0.00063632673,0
-55.87274,105.22725,0.0006384991,0.0006384991,0
-55.369064,104.986916,0.0006159079,0.0006159079,0
-54.86618,104.75399,0.0005859673,0.0005859673,0
-54.364105,104.52797,0.0006016315,0.0006016315,0
-53.862896,104.308655,0.00078726263,0.00078726263,0
-53.724796,-105.19525,0.0012575969,0.0012575969,0
-54.223557,-105.426865,0.0009086667,0.0009086667,0
-54.723114,-105.66552,0.00062122586,0.00062122586,0
-55.22341,-105.91138,0.00063243276,0.00063243276,0
-55.72443,-106.165016,0.0006374557,0.0006374557,0
-56.22608,-106.42645,0.0006379955,0.0006379955,0
-56.728363,-106.69648,0.0006383699,0.0006383699,0
-57.23117,-106.97496,0.00063837104,0.00063837104,0
-57.734497,-107.26297,0.00063837104,0.00063837104,0
-58.238243,-107.56024,0.00063837104,0.00063837104,0
-58.742386,-107.86795,0.00063837104,0.00063837104,0
-59.246826,-108.18594,0.00063837104,0.00063837104,0
-59.751514,-108.515335,0.00063837104,0.00063837104,0
-60.256374,-108.8562,0.00063837104,0.00063837104,0
-60.76133,-109.20955,0.0006384176,0.0006384176,0
-61.266304,-109.57575,0.0006371384,0.0006371384,0
-61.771202,-109.95564,0.0006370015,0.0006370015,0
-62.27595,-110.34997,0.00062689703,0.00062689703,0
-62.78044,-110.75938,0.00063603994,0.00063603994,0
-63.28457,-111.18503,0.00066897774,0.00066897774,0
-63.78824,-111.62732,0.0008362923,0.0008362923,0
-64.29132,-112.08797,0.0010190265,0.0010190265,0
-64.79372,-112.56707,0.0019059915,0.0019059915,0
-65.29526,-113.06693,0.014452177,0.014452177,0
-65.79585,-113.58736,0.25040236,0.25040236,1
-66.29529,-114.13129,0.5127508,0.5127508,2
-66.79346,-114.69844,0.7477662,0.7477662,3
-67.29014,-115.29186,0.8321941,0.8321941,3
-67.785194,-115.91182,0.9171444,0.9171444,3
-68.27837,-116.56122,0.9699024,0.9699024,3
-68.769516,-117.24104,0.9850307,0.9850307,3
-69.258316,-117.95399,0.99035054,0.99035054,3
-69.74455,-118.70189,0.99082536,0.99082536,3
-70.22796,-119.48716,0.99080443,0.99080443,3
-70.70818,-120.31271,0.9900489,0.9900489,3
-71.18497,-121.180504,0.9913651,0.9913651,3
-71.65785,-122.09486,0.9911239,0.9911239,3
-72.12661,-123.05704,0.9901237,0.9901237,3
-72.59055,-124.07313,0.9902863,0.9902863,3
-73.04953,-125.14345,0.9633647,0.9633647,3
-73.50265,-126.27618,0.014243272,0.014243272,0
-73.94977,-127.47095,0.067510374,0.067510374,0
-74.38982,-128.73688,0.030896105,0.030896105,0
-74.822556,-130.07437,0.0042325296,0.0042325296,0
-75.246864,-131.49234,0.002018137,0.002018137,0
-75.66223,-132.99274,0.001423605,0.001423605,0
-76.06752,-134.58363,0.0008358048,0.0008358048,0
-76.461945,-136.26866,0.00085823756,0.00085823756,0
-76.84434,-138.05441,0.00063630973,0.00063630973,0
-77.21354,-139.94635,0.00064188783,0.00064188783,0
-77.56847,-141.94855,0.0006101418,0.0006101418,0
-77.90744,-144.06807,0.00064697635,0.00064697635,0
-78.22957,-146.30534,0.0006923355,0.0006923355,0
-78.53261,-148.6684,0.0007554981,0.0007554981,0
-78.81599,-151.15263,0.00064031663,0.00064031663,0
-79.076744,-153.7657,0.0006743682,0.0006743682,0
-79.314835,-156.49707,0.000623547,0.000623547,0
-79.52678,-159.35117,0.00062485103,0.00062485103,0
-79.71282,-162.31258,0.00064979045,0.00064979045,0
-79.86979,-165.37775,0.00063449243,0.00063449243,0
-79.99779,-168.52873,0.0006128843,0.0006128843,0
-80.09442,-171.75282,0.0006307407,0.0006307407,0
-80.1597,-175.02962,0.00061715185,0.00061715185,0
-80.19234,-178.33951,0.00064777816,0.00064777816,0
-80.19234,178.33951,0.0006519038,0.0006519038,0
-80.1597,175.02962,0.0006534271,0.0006534271,0
-80.09442,171.75282,0.0006578198,0.0006578198,0
-79.99779,168.52873,0.00065032666,0.00065032666,0
-79.86979,165.37775,0.0006681984,0.0006681984,0
-79.71282,162.31258,0.0006594059,0.0006594059,0
-79.52678,159.35117,0.0006540636,0.0006540636,0
-79.314835,156.49707,0.00063067186,0.00063067186,0
-79.076744,153.7657,0.0006336911,0.0006336911,0
-78.81599,151.15263,0.0006334027,0.0006334027,0
-78.53261,148.6684,0.0006371156,0.0006371156,0
-78.22957,146.30534,0.00063787994,0.00063787994,0
-77.90744,144.06807,0.0006381092,0.0006381092,0
-77.56847,141.94855,0.0006383075,0.0006383075,0
-77.21354,139.94635,0.00063839176,0.00063839176,0
-76.84434,138.05441,0.00063837104,0.00063837104,0
-76.461945,136.26866,0.00063837104,0.00063837104,0
-76.06752,134.58363,0.00063837104,0.00063837104,0
-75.66223,132.99274,0.00063837104,0.00063837104,0
-75.246864,131.49234,0.00063837104,0.00063837104,0
-74.822556,130.07437,0.00063837104,0.00063837104,0
-74.38982,128.73688,0.00063837104,0.00063837104,0
-73.94977,127.47095,0.00063837104,0.00063837104,0
-73.50265,126.27618,0.00063837104,0.00063837104,0
-73.04953,125.14345,0.00063837075,0.00063837075,0
-72.59055,124.07313,0.00063837226,0.00063837226,0
-72.12661,123.05704,0.00063838385,0.00063838385,0
-71.65785,122.09486,0.0006383975,0.0006383975,0
-71.18497,121.180504,0.00063782494,0.00063782494,0
-70.70818,120.31271,0.00063696835,0.00063696835,0
-70.22796,119.48716,0.0006392024,0.0006392024,0
-69.74455,118.70189,0.0006443728,0.0006443728,0
-69.258316,117.95399,0.0006465843,0.0006465843,0
-68.769516,117.24104,0.0006919611,0.0006919611,0
-68.27837,116.56122,0.0006794753,0.0006794753,0
-67.785194,115.91182,0.00087375304,0.00087375304,0
-67.29014,115.29186,0.0010938315,0.0010938315,0
-66.79346,114.69844,0.0038153732,0.0038153732,0
-66.29529,114.13129,0.04604003,0.04604003,0
-65.79585,113.58736,0.80743974,0.80743974,3
-65.29526,113.06693,0.7971897,0.7971897,3
-64.79372,112.56707,0.93875295,0.93875295,3
-64.29132,112.08797,0.9691656,0.9691656,3
-63.78824,111.62732,0.9545847,0.9545847,3
-63.28457,111.18503,0.9105774,0.9105774,3
-62.78044,110.75938,0.8624202,0.8624202,3
-62.27595,110.34997,0.826571,0.826571,3
-61.771202,109.95564,0.8485989,0.8485989,3
-61.266304,109.57575,0.8373422,0.8373422,3
-60.76133,109.20955,0.5762894,0.5762894,2
-60.256374,108.8562,0.04320045,0.04320045,0
-59.751514,108.515335,0.0047275657,0.0047275657,0
-59.246826,108.18594,0.0013120152,0.0013120152,0
-58.742386,107.86795,0.0008540709,0.0008540709,0
-58.238243,107.56024,0.0006466428,0.0006466428,0
-57.734497,107.26297,0.00063166325,0.00063166325,0
-57.23117,106.97496,0.0006368989,0.0006368989,0
-56.728363,106.69648,0.0006377037,0.0006377037,0
-56.22608,106.42645,0.00063635036,0.00063635036,0
-55.72443,106.165016,0.0006385086,0.0006385086,0
-55.22341,105.91138,0.0006159105,0.0006159105,0
-54.723114,105.66552,0.0005859673,0.0005859673,0
-54.223557,105.426865,0.0006016315,0.0006016315,0
-53.724796,105.19525,0.00078726263,0.00078726263,0
-53.578545,-106.07427,0.0012575969,0.0012575969,0
-54.074726,-106.317856,0.0009086667,0.0009086667,0
-54.571644,-106.56879,0.00062122586,0.00062122586,0
-55.06923,-106.827225,0.00063243276,0.00063243276,0
-55.56745,-107.09375,0.0006374557,0.0006374557,0
-56.066235,-107.36838,0.0006379955,0.0006379955,0
-56.56556,-107.65196,0.0006383699,0.0006383699,0
-57.06533,-107.944336,0.00063837104,0.00063837104,0
-57.565525,-108.24659,0.00063837104,0.00063837104,0
-58.06605,-108.55847,0.00063837104,0.00063837104,0
-58.566864,-108.881165,0.00063837104,0.00063837104,0
-59.067886,-109.214516,0.00063837104,0.00063837104,0
-59.569046,-109.55966,0.00063837104,0.00063837104,0
-60.070263,-109.91669,0.00063837104,0.00063837104,0
-60.57146,-110.28661,0.00063841516,0.00063841516,0
-61.07255,-110.66981,0.0006370871,0.0006370871,0
-61.57345,-111.06713,0.00063693256,0.00063693256,0
-62.074047,-111.479324,0.0006268988,0.0006268988,0
-62.57426,-111.907036,0.0006253947,0.0006253947,0
-63.073956,-112.35145,0.0006366343,0.0006366343,0
-63.573044,-112.81297,0.000915087,0.000915087,0
-64.07139,-113.293304,0.0013903261,0.0013903261,0
-64.56887,-113.79253,0.005872115,0.005872115,0
-65.065315,-114.313,0.02541501,0.02541501,0
-65.56064,-114.85446,0.20925856,0.20925856,1
-66.05458,-115.419876,0.52005494,0.52005494,2
-66.54708,-116.00894,0.77989876,0.77989876,3
-67.037865,-116.62467,0.84491885,0.84491885,3
-67.52681,-117.26731,0.92197955,0.92197955,3
-68.013626,-117.93976,0.9838254,0.9838254,3
-68.49814,-118.64291,0.989179,0.989179,3
-68.98008,-119.3794,0.9902726,0.9902726,3
-69.459175,-120.151024,0.99027514,0.99027514,3
-69.93515,-120.960075,0.9894265,0.9894265,3
-70.407646,-121.80939,0.98934305,0.98934305,3
-70.876396,-122.70076,0.9908097,0.9908097,3
-71.34091,-123.63837,0.9913004,0.9913004,3
-71.800964,-124.6233,0.9909133,0.9909133,3
-72.25586,-125.66137,0.98906416,0.98906416,3
-72.705444,-126.752686,0.8876138,0.8876138,3
-73.14877,-127.905045,0.7226571,0.7226571,3
-73.585754,-129.11777,0.85857785,0.85857785,3
-74.015274,-130.39941,0.8802592,0.8802592,3
-74.4371,-131.75003,0.0615622,0.0615622,0
-74.85012,-133.17781,0.012956817,0.012956817,0
-75.25385,-134.6841,0.0040827887,0.0040827887,0
-75.64714,-136.2761,0.0029653076,0.0029653076,0
-76.02925,-137.95667,0.0015667509,0.0015667509,0
-76.39904,-139.73134,0.0011064959,0.0011064959,0
-76.75541,-141.60449,0.0006673765,0.0006673765,0
-77.09733,-143.57915,0.00063110597,0.00063110597,0
-77.42323,-145.66096,0.00067376916,0.00067376916,0
-77.732285,-147.84943,0.0010344348,0.0010344348,0
-78.0224,-150.15085,0.000992728,0.000992728,0
-78.293106,-152.56018,0.001144499,0.001144499,0
-78.54168,-155.08325,0.00084747124,0.00084747124,0
-78.76817,-157.7099,0.0007552433,0.0007552433,0
-78.96936,-160.4431,0.0007876705,0.0007876705,0
-79.14567,-163.26878,0.0008123806,0.0008123806,0
-79.29414,-166.18323,0.0009285083,0.0009285083,0
-79.41505,-169.1706,0.0009196023,0.0009196023,0
-79.50621,-172.21979,0.00067943416,0.00067943416,0
-79.56774,-175.31332,0.0006569436,0.0006569436,0
-79.59849,-178.4347,0.00064057426,0.00064057426,0
-79.59849,178.4347,0.0006440839,0.0006440839,0
-79.56774,175.31332,0.0006248799,0.0006248799,0
-79.50621,172.21979,0.0006323399,0.0006323399,0
-79.41505,169.1706,0.00063179596,0.00063179596,0
-79.29414,166.18323,0.0006707982,0.0006707982,0
-79.14567,163.26878,0.00074624724,0.00074624724,0
-78.96936,160.4431,0.00065984816,0.00065984816,0
-78.76817,157.7099,0.0006683382,0.0006683382,0
-78.54168,155.08325,0.000633608,0.000633608,0
-78.293106,152.56018,0.0006328259,0.0006328259,0
-78.0224,150.15085,0.00063554273,0.00063554273,0
-77.732285,147.84943,0.00063746667,0.00063746667,0
-77.42323,145.66096,0.00063799944,0.00063799944,0
-77.09733,143.57915,0.00063819165,0.00063819165,0
-76.75541,141.60449,0.00063840934,0.00063840934,0
-76.39904,139.73134,0.00063837104,0.00063837104,0
-76.02925,137.95667,0.00063837104,0.00063837104,0
-75.64714,136.2761,0.00063837104,0.00063837104,0
-75.25385,134.6841,0.00063837104,0.00063837104,0
-74.85012,133.17781,0.00063837104,0.00063837104,0
-74.4371,131.75003,0.00063837104,0.00063837104,0
-74.015274,130.39941,0.00063837104,0.00063837104,0
-73.585754,129.11777,0.00063837104,0.00063837104,0
-73.14877,127.905045,0.00063837104,0.00063837104,0
-72.705444,126.752686,0.00063837256,0.00063837256,0
-72.25586,125.66137,0.00063838356,0.00063838356,0
-71.800964,124.6233,0.0006383744,0.0006383744,0
-71.34091,123.63837,0.000638208,0.000638208,0
-70.876396,122.70076,0.00063713995,0.00063713995,0
-70.407646,121.80939,0.0006375551,0.0006375551,0
-69.93515,120.960075,0.0006397759,0.0006397759,0
-69.459175,120.151024,0.0006480683,0.0006480683,0
-68.98008,119.3794,0.00062730344,0.00062730344,0
-68.49814,118.64291,0.00068890414,0.00068890414,0
-68.013626,117.93976,0.000985274,0.000985274,0
-67.52681,117.26731,0.0032222222,0.0032222222,0
-67.037865,116.62467,0.018393476,0.018393476,0
-66.54708,116.00894,0.037447736,0.037447736,0
-66.05458,115.419876,0.94778866,0.94778866,3
-65.56064,114.85446,0.8964724,0.8964724,3
-65.065315,114.313,0.8863593,0.8863593,3
-64.56887,113.79253,0.9564953,0.9564953,3
-64.07139,113.293304,0.95397854,0.95397854,3
-63.573044,112.81297,0.9496599,0.9496599,3
-63.073956,112.35145,0.9042312,0.9042312,3
-62.57426,111.907036,0.8139167,0.8139167,3
-62.074047,111.479324,0.7765651,0.7765651,3
-61.57345,111.06713,0.83108944,0.83108944,3
-61.07255,110.66981,0.798014,0.798014,3
-60.57146,110.28661,0.45627913,0.45627913,2
-60.070263,109.91669,0.12847406,0.12847406,0
-59.569046,109.55966,0.009067514,0.009067514,0
-59.067886,109.214516,0.002194424,0.002194424,0
-58.566864,108.881165,0.001099253,0.001099253,0
-58.06605,108.55847,0.00071429036,0.00071429036,0
-57.565525,108.24659,0.000630585,0.000630585,0
-57.06533,107.944336,0.0006369505,0.0006369505,0
-56.56556,107.65196,0.0006378976,0.0006378976,0
-56.066235,107.36838,0.0006363562,0.0006363562,0
-55.56745,107.09375,0.0006385122,0.0006385122,0
-55.06923,106.827225,0.00061591144,0.00061591144,0
-54.571644,106.56879,0.00058596703,0.00058596703,0
-54.074726,106.317856,0.0006016315,0.0006016315,0
-53.578545,106.07427,0.00078726263,0.00078726263,0
-53.424557,-106.945694,0.0012575969,0.0012575969,0
-53.91806,-107.20092,0.0009086667,0.0009086667,0
-54.412212,-107.46376,0.00062122586,0.00062122586,0
-54.90696,-107.734406,0.00063243276,0.00063243276,0
-55.402267,-108.01343,0.0006374557,0.0006374557,0
-55.89806,-108.30086,0.0006379955,0.0006379955,0
-56.394302,-108.59754,0.0006383699,0.0006383699,0
-56.890907,-108.90333,0.00063837104,0.00063837104,0
-57.38784,-109.21934,0.00063837104,0.00063837104,0
-57.885014,-109.54529,0.00063837104,0.00063837104,0
-58.38237,-109.8824,0.00063837104,0.00063837104,0
-58.87983,-110.23053,0.00063837104,0.00063837104,0
-59.37732,-110.5908,0.00063837104,0.00063837104,0
-59.874756,-110.96331,0.00063837104,0.00063837104,0
-60.372055,-111.34909,0.0006384115,0.0006384115,0
-60.869125,-111.74851,0.0006370819,0.0006370819,0
-61.365864,-112.162445,0.000637187,0.000637187,0
-61.862175,-112.59163,0.0006242522,0.0006242522,0
-62.357956,-113.03673,0.0006096921,0.0006096921,0
-62.853073,-113.49892,0.00062727655,0.00062727655,0
-63.34744,-113.97858,0.0008572037,0.0008572037,0
-63.840874,-114.477455,0.0014692113,0.0014692113,0
-64.3333,-114.995575,0.0195024,0.0195024,0
-64.8245,-115.53535,0.2938193,0.2938193,1
-65.31439,-116.096436,0.57920325,0.57920325,2
-65.80272,-116.68182,0.6983787,0.6983787,2
-66.28939,-117.291176,0.7939436,0.7939436,3
-66.77413,-117.92749,0.86113137,0.86113137,3
-67.25681,-118.59095,0.9203324,0.9203324,3
-67.73714,-119.28442,0.98176414,0.98176414,3
-68.21492,-120.008705,0.9881422,0.9881422,3
-68.689865,-120.76645,0.989326,0.989326,3
-69.16171,-121.559296,0.9909396,0.9909396,3
-69.63015,-122.389465,0.9912572,0.9912572,3
-70.09483,-123.259674,0.9886413,0.9886413,3
-70.55548,-124.17155,0.9897501,0.9897501,3
-71.011566,-125.129135,0.99126524,0.99126524,3
-71.46289,-126.133316,0.9914135,0.9914135,3
-71.90872,-127.189606,0.9904523,0.9904523,3
-72.34892,-128.29796,0.9774445,0.9774445,3
-72.78252,-129.4657,0.9495448,0.9495448,3
-73.20944,-130.69196,0.9765514,0.9765514,3
-73.628555,-131.9847,0.9499157,0.9499157,3
-74.03966,-133.34363,0.76839525,0.76839525,3
-74.441605,-134.77618,0.55606335,0.55606335,2
-74.83397,-136.28333,0.045415867,0.045415867,0
-75.2156,-137.87134,0.12996891,0.12996891,0
-75.58581,-139.54245,0.021174723,0.021174723,0
-75.94348,-141.30124,0.0030769738,0.0030769738,0
-76.28757,-143.15121,0.0015336777,0.0015336777,0
-76.61711,-145.09445,0.0008005195,0.0008005195,0
-76.93063,-147.1355,0.0009116456,0.0009116456,0
-77.2274,-149.27307,0.0026232342,0.0026232342,0
-77.505424,-151.5122,0.016340112,0.016340112,0
-77.76438,-153.84756,0.0038076204,0.0038076204,0
-78.00168,-156.28362,0.0040118727,0.0040118727,0
-78.217514,-158.81061,0.02211427,0.02211427,0
-78.408905,-161.43057,0.030297259,0.030297259,0
-78.57634,-164.13063,0.033387896,0.033387896,0
-78.71715,-166.9071,0.019216623,0.019216623,0
-78.831665,-169.746,0.0028795376,0.0028795376,0
-78.91791,-172.63759,0.0013302547,0.0013302547,0
-78.97608,-175.56685,0.0008088467,0.0008088467,0
-79.00515,-178.51965,0.0008405849,0.0008405849,0
-79.00515,178.51965,0.00096151745,0.00096151745,0
-78.97608,175.56685,0.0008380513,0.0008380513,0
-78.91791,172.63759,0.00067717064,0.00067717064,0
-78.831665,169.746,0.00066590606,0.00066590606,0
-78.71715,166.9071,0.00094395375,0.00094395375,0
-78.57634,164.13063,0.00097629457,0.00097629457,0
-78.408905,161.43057,0.0012036844,0.0012036844,0
-78.217514,158.81061,0.00078152213,0.00078152213,0
-78.00168,156.28362,0.0007442126,0.0007442126,0
-77.76438,153.84756,0.00063601235,0.00063601235,0
-77.505424,151.5122,0.0006405602,0.0006405602,0
-77.2274,149.27307,0.0006386826,0.0006386826,0
-76.93063,147.1355,0.0006374509,0.0006374509,0
-76.61711,145.09445,0.0006380666,0.0006380666,0
-76.28757,143.15121,0.0006384298,0.0006384298,0
-75.94348,141.30124,0.00063837104,0.00063837104,0
-75.58581,139.54245,0.00063837104,0.00063837104,0
-75.2156,137.87134,0.00063837104,0.00063837104,0
-74.83397,136.28333,0.00063837104,0.00063837104,0
-74.441605,134.77618,0.00063837104,0.00063837104,0
-74.03966,133.34363,0.00063837104,0.00063837104,0
-73.628555,131.9847,0.00063837104,0.00063837104,0
-73.20944,130.69196,0.00063837104,0.00063837104,0
-72.78252,129.4657,0.00063837104,0.00063837104,0
-72.34892,128.29796,0.00063837745,0.00063837745,0
-71.90872,127.189606,0.00063835894,0.00063835894,0
-71.46289,126.133316,0.00063815113,0.00063815113,0
-71.011566,125.129135,0.0006377918,0.0006377918,0
-70.55548,124.17155,0.00063707976,0.00063707976,0
-70.09483,123.259674,0.00063989847,0.00063989847,0
-69.63015,122.389465,0.0006428892,0.0006428892,0
-69.16171,121.559296,0.00064699084,0.00064699084,0
-68.689865,120.76645,0.0006091433,0.0006091433,0
-68.21492,120.008705,0.00072486786,0.00072486786,0
-67.73714,119.28442,0.0016465645,0.0016465645,0
-67.25681,118.59095,0.013247432,0.013247432,0
-66.77413,117.92749,0.7450896,0.7450896,3
-66.28939,117.291176,0.94123495,0.94123495,3
-65.80272,116.68182,0.9794773,0.9794773,3
-65.31439,116.096436,0.93642515,0.93642515,3
-64.8245,115.53535,0.94007605,0.94007605,3
-64.3333,114.995575,0.9626706,0.9626706,3
-63.840874,114.477455,0.9425093,0.9425093,3
-63.34744,113.97858,0.9187136,0.9187136,3
-62.853073,113.49892,0.89629674,0.89629674,3
-62.357956,113.03673,0.84937996,0.84937996,3
-61.862175,112.59163,0.7770048,0.7770048,3
-61.365864,112.162445,0.8367909,0.8367909,3
-60.869125,111.74851,0.8166938,0.8166938,3
-60.372055,111.34909,0.7034871,0.7034871,3
-59.874756,110.96331,0.554372,0.554372,2
-59.37732,110.5908,0.121909395,0.121909395,0
-58.87983,110.23053,0.004492571,0.004492571,0
-58.38237,109.8824,0.0013399374,0.0013399374,0
-57.885014,109.54529,0.000723729,0.000723729,0
-57.38784,109.21934,0.0006426191,0.0006426191,0
-56.890907,108.90333,0.00063615426,0.00063615426,0
-56.394302,108.59754,0.00063832116,0.00063832116,0
-55.89806,108.30086,0.0006363616,0.0006363616,0
-55.402267,108.01343,0.00063850975,0.00063850975,0
-54.90696,107.734406,0.00061591144,0.00061591144,0
-54.412212,107.46376,0.00058596703,0.00058596703,0
-53.91806,107.20092,0.0006016315,0.0006016315,0
-53.424557,106.945694,0.00078726263,0.00078726263,0
-53.262897,-107.809135,0.0012575969,0.0012575969,0
-53.753597,-108.07566,0.0009086667,0.0009086667,0
-54.244877,-108.350075,0.00062122586,0.00062122586,0
-54.736675,-108.63252,0.00063243276,0.00063243276,0
-55.228947,-108.92363,0.0006374557,0.0006374557,0
-55.72163,-109.223434,0.0006379955,0.0006379955,0
-56.214672,-109.53278,0.0006383699,0.0006383699,0
-56.707985,-109.8515,0.00063837104,0.00063837104,0
-57.20153,-110.180756,0.00063837104,0.00063837104,0
-57.695225,-110.52023,0.00063837104,0.00063837104,0
-58.189003,-110.8712,0.00063837104,0.00063837104,0
-58.68277,-111.23348,0.00063837104,0.00063837104,0
-59.17646,-111.60824,0.00063837104,0.00063837104,0
-59.669983,-111.99555,0.00063837104,0.00063837104,0
-60.163242,-112.396454,0.00063840667,0.00063840667,0
-60.65616,-112.811325,0.00063725194,0.00063725194,0
-61.148613,-113.24104,0.0006374764,0.0006374764,0
-61.640495,-113.68633,0.00062615395,0.00062615395,0
-62.13171,-114.147865,0.00061592343,0.00061592343,0
-62.622112,-114.62682,0.0006420329,0.0006420329,0
-63.111607,-115.12356,0.000849873,0.000849873,0
-63.60001,-115.63982,0.0014881699,0.0014881699,0
-64.087234,-116.17564,0.005015985,0.005015985,0
-64.57305,-116.73337,0.18578307,0.18578307,1
-65.057396,-117.31269,0.60455585,0.60455585,2
-65.53996,-117.91657,0.74737495,0.74737495,3
-66.0207,-118.5446,0.78796124,0.78796124,3
-66.49927,-119.19976,0.8674126,0.8674126,3
-66.97557,-119.8822,0.8990824,0.8990824,3
-67.449295,-120.59471,0.9681331,0.9681331,3
-67.92023,-121.33808,0.9856399,0.9856399,3
-68.38809,-122.114784,0.98808587,0.98808587,3
-68.85259,-122.92647,0.98972905,0.98972905,3
-69.313446,-123.77518,0.99033195,0.99033195,3
-69.77025,-124.66351,0.9884774,0.9884774,3
-70.22274,-125.59301,0.98780674,0.98780674,3
-70.670395,-126.567444,0.9882653,0.9882653,3
-71.11298,-127.58757,0.98802406,0.98802406,3
-71.54978,-128.65862,0.98974574,0.98974574,3
-71.98065,-129.78033,0.9895482,0.9895482,3
-72.4046,-130.95963,0.98761535,0.98761535,3
-72.82158,-132.19539,0.98656845,0.98656845,3
-73.230446,-133.49504,0.9823376,0.9823376,3
-73.63103,-134.858,0.959981,0.959981,3
-74.02217,-136.29105,0.9444466,0.9444466,3
-74.40348,-137.79463,0.93039954,0.93039954,3
-74.77383,-139.3744,0.949039,0.949039,3
-75.132545,-141.0319,0.8167529,0.8167529,3
-75.478584,-142.77098,0.026862517,0.026862517,0
-75.81097,-144.59433,0.021677908,0.021677908,0
-76.12876,-146.50333,0.019000953,0.019000953,0
-76.43058,-148.50153,0.034798343,0.034798343,0
-76.715805,-150.58722,0.07161237,0.07161237,0
-76.98254,-152.7643,0.72781646,0.72781646,3
-77.230545,-155.02734,0.036250137,0.036250137,0
-77.45743,-157.37973,0.0359146,0.0359146,0
-77.663475,-159.81236,0.66703594,0.66703594,2
-77.84589,-162.32642,0.7501149,0.7501149,3
-78.00525,-164.91022,0.77859014,0.77859014,3
-78.139084,-167.56023,0.585249,0.585249,2
-78.24782,-170.26404,0.040213365,0.040213365,0
-78.32964,-173.01312,0.02218565,0.02218565,0
-78.3848,-175.79446,0.025858853,0.025858853,0
-78.41233,-178.5959,0.026062954,0.026062954,0
-78.41233,178.5959,0.0074569127,0.0074569127,0
-78.3848,175.79446,0.0020330246,0.0020330246,0
-78.32964,173.01312,0.001105653,0.001105653,0
-78.24782,170.26404,0.0009761168,0.0009761168,0
-78.139084,167.56023,0.0019434283,0.0019434283,0
-78.00525,164.91022,0.015038038,0.015038038,0
-77.84589,162.32642,0.0070058214,0.0070058214,0
-77.663475,159.81236,0.0019581413,0.0019581413,0
-77.45743,157.37973,0.001042175,0.001042175,0
-77.230545,155.02734,0.00069335464,0.00069335464,0
-76.98254,152.7643,0.00062451494,0.00062451494,0
-76.715805,150.58722,0.00064530596,0.00064530596,0
-76.43058,148.50153,0.00063729024,0.00063729024,0
-76.12876,146.50333,0.0006378474,0.0006378474,0
-75.81097,144.59433,0.00063844956,0.00063844956,0
-75.478584,142.77098,0.00063837104,0.00063837104,0
-75.132545,141.0319,0.00063837104,0.00063837104,0
-74.77383,139.3744,0.00063837104,0.00063837104,0
-74.40348,137.79463,0.00063837104,0.00063837104,0
-74.02217,136.29105,0.00063837104,0.00063837104,0
-73.63103,134.858,0.00063837104,0.00063837104,0
-73.230446,133.49504,0.00063837104,0.00063837104,0
-72.82158,132.19539,0.00063837104,0.00063837104,0
-72.4046,130.95963,0.00063837075,0.00063837075,0
-71.98065,129.78033,0.00063838746,0.00063838746,0
-71.54978,128.65862,0.00063826365,0.00063826365,0
-71.11298,127.58757,0.00063820434,0.00063820434,0
-70.670395,126.567444,0.0006394129,0.0006394129,0
-70.22274,125.59301,0.00064298604,0.00064298604,0
-69.77025,124.66351,0.00064987905,0.00064987905,0
-69.313446,123.77518,0.00065348257,0.00065348257,0
-68.85259,122.92647,0.0006416221,0.0006416221,0
-68.38809,122.114784,0.0006254686,0.0006254686,0
-67.92023,121.33808,0.0009739492,0.0009739492,0
-67.449295,120.59471,0.0036768753,0.0036768753,0
-66.97557,119.8822,0.038938884,0.038938884,0
-66.49927,119.19976,0.8976315,0.8976315,3
-66.0207,118.5446,0.9597462,0.9597462,3
-65.53996,117.91657,0.9815338,0.9815338,3
-65.057396,117.31269,0.97490567,0.97490567,3
-64.57305,116.73337,0.96932834,0.96932834,3
-64.087234,116.17564,0.96374744,0.96374744,3
-63.60001,115.63982,0.93334097,0.93334097,3
-63.111607,115.12356,0.8984788,0.8984788,3
-62.622112,114.62682,0.88431644,0.88431644,3
-62.13171,114.147865,0.8643808,0.8643808,3
-61.640495,113.68633,0.8425505,0.8425505,3
-61.148613,113.24104,0.8184206,0.8184206,3
-60.65616,112.811325,0.8271317,0.8271317,3
-60.163242,112.396454,0.7722658,0.7722658,3
-59.669983,111.99555,0.54417384,0.54417384,2
-59.17646,111.60824,0.052838467,0.052838467,0
-58.68277,111.23348,0.0033368166,0.0033368166,0
-58.189003,110.8712,0.0010533831,0.0010533831,0
-57.695225,110.52023,0.00072384835,0.00072384835,0
-57.20153,110.180756,0.0006422504,0.0006422504,0
-56.707985,109.8515,0.0006361782,0.0006361782,0
-56.214672,109.53278,0.00063856127,0.00063856127,0
-55.72163,109.223434,0.0006364053,0.0006364053,0
-55.228947,108.92363,0.0006385083,0.0006385083,0
-54.736675,108.63252,0.00061591144,0.00061591144,0
-54.244877,108.350075,0.00058596703,0.00058596703,0
-53.753597,108.07566,0.0006016315,0.0006016315,0
-53.262897,107.809135,0.00078726263,0.00078726263,0
-53.09355,-108.66417,0.0012575969,0.0012575969,0
-53.581345,-108.94164,0.0009086667,0.0009086667,0
-54.06964,-109.22723,0.00062122586,0.00062122586,0
-54.558376,-109.52111,0.00063243276,0.00063243276,0
-55.04751,-109.8239,0.0006374557,0.0006374557,0
-55.536957,-110.13562,0.0006379955,0.0006379955,0
-56.02668,-110.45715,0.0006383699,0.0006383699,0
-56.51659,-110.78831,0.00063837104,0.00063837104,0
-57.006634,-111.13028,0.00063837104,0.00063837104,0
-57.496727,-111.48274,0.00063837104,0.00063837104,0
-57.98679,-111.84697,0.00063837104,0.00063837104,0
-58.476753,-112.22278,0.00063837104,0.00063837104,0
-58.96652,-112.61134,0.00063837104,0.00063837104,0
-59.45601,-113.01275,0.00063837104,0.00063837104,0
-59.945114,-113.428024,0.0006383997,0.0006383997,0
-60.43374,-113.85757,0.0006375481,0.0006375481,0
-60.921776,-114.302216,0.0006380502,0.0006380502,0
-61.409107,-114.762726,0.0006293254,0.0006293254,0
-61.89563,-115.23972,0.00063075696,0.00063075696,0
-62.381195,-115.73442,0.0006462818,0.0006462818,0
-62.865692,-116.24716,0.00083898165,0.00083898165,0
-63.34894,-116.77966,0.0014415111,0.0014415111,0
-63.83085,-117.331924,0.019186374,0.019186374,0
-64.311165,-117.90633,0.20847079,0.20847079,1
-64.78983,-118.50248,0.561509,0.561509,2
-65.26653,-119.12333,0.6875891,0.6875891,2
-65.74121,-119.76844,0.72041833,0.72041833,3
-66.21351,-120.440765,0.8583045,0.8583045,3
-66.68335,-121.14038,0.9111627,0.9111627,3
-67.15037,-121.87001,0.9607497,0.9607497,3
-67.6144,-122.63037,0.9787233,0.9787233,3
-68.075096,-123.42389,0.9880056,0.9880056,3
-68.5322,-124.25205,0.99048495,0.99048495,3
-68.98541,-125.11684,0.99050564,0.99050564,3
-69.43431,-126.0207,0.9908959,0.9908959,3
-69.87865,-126.96501,0.9908704,0.9908704,3
-70.31786,-127.953384,0.9888526,0.9888526,3
-70.75176,-128.98636,0.9884892,0.9884892,3
-71.17958,-130.06891,0.9849726,0.9849726,3
-71.60121,-131.20062,0.98545545,0.98545545,3
-72.01565,-132.38794,0.9853866,0.9853866,3
-72.422844,-133.6296,0.99004,0.99004,3
-72.821655,-134.93243,0.98931843,0.98931843,3
-73.21196,-136.29564,0.9881643,0.9881643,3
-73.592575,-137.72539,0.98690134,0.98690134,3
-73.96316,-139.22174,0.98201925,0.98201925,3
-74.3226,-140.78963,0.9793265,0.9793265,3
-74.67029,-142.43018,0.9731011,0.9731011,3
-75.0052,-144.14648,0.9183654,0.9183654,3
-75.3264,-145.94064,0.90341175,0.90341175,3
-75.63306,-147.81345,0.8214612,0.8214612,3
-75.92386,-149.76764,0.9467922,0.9467922,3
-76.19823,-151.8012,0.92759436,0.92759436,3
-76.45441,-153.91708,0.9498674,0.9498674,3
-76.69226,-156.11,0.9335592,0.9335592,3
-76.909515,-158.38248,0.82659334,0.82659334,3
-77.10652,-160.72595,0.9282131,0.9282131,3
-77.28071,-163.14113,0.89023566,0.89023566,3
-77.43271,-165.6174,0.8638522,0.8638522,3
-77.56021,-168.15137,0.8504073,0.8504073,3
-77.663704,-170.73206,0.8109431,0.8109431,3
-77.741516,-173.3519,0.7363735,0.7363735,3
-77.793945,-175.9996,0.71093357,0.71093357,3
-77.820114,-178.6646,0.58513445,0.58513445,2
-77.820114,178.6646,0.2996752,0.2996752,1
-77.793945,175.9996,0.038984243,0.038984243,0
-77.741516,173.3519,0.01994124,0.01994124,0
-77.663704,170.73206,0.022231584,0.022231584,0
-77.56021,168.15137,0.035162073,0.035162073,0
-77.43271,165.6174,0.70945203,0.70945203,3
-77.28071,163.14113,0.18885517,0.18885517,1
-77.10652,160.72595,0.006408966,0.006408966,0
-76.909515,158.38248,0.0010948656,0.0010948656,0
-76.69226,156.11,0.00092300604,0.00092300604,0
-76.45441,153.91708,0.0005993222,0.0005993222,0
-76.19823,151.8012,0.0006497081,0.0006497081,0
-75.92386,149.76764,0.0006388132,0.0006388132,0
-75.63306,147.81345,0.0006376587,0.0006376587,0
-75.3264,145.94064,0.00063845963,0.00063845963,0
-75.0052,144.14648,0.00063837104,0.00063837104,0
-74.67029,142.43018,0.00063837104,0.00063837104,0
-74.3226,140.78963,0.00063837104,0.00063837104,0
-73.96316,139.22174,0.00063837104,0.00063837104,0
-73.592575,137.72539,0.00063837104,0.00063837104,0
-73.21196,136.29564,0.00063837104,0.00063837104,0
-72.821655,134.93243,0.00063837104,0.00063837104,0
-72.422844,133.6296,0.00063837075,0.00063837075,0
-72.01565,132.38794,0.00063837407,0.00063837407,0
-71.60121,131.20062,0.00063841854,0.00063841854,0
-71.17958,130.06891,0.0006379684,0.0006379684,0
-70.75176,128.98636,0.000638094,0.000638094,0
-70.31786,127.953384,0.0006405181,0.0006405181,0
-69.87865,126.96501,0.0006490431,0.0006490431,0
-69.43431,126.0207,0.000657086,0.000657086,0
-68.98541,125.11684,0.00063013984,0.00063013984,0
-68.5322,124.25205,0.00061432144,0.00061432144,0
-68.075096,123.42389,0.00066424976,0.00066424976,0
-67.6144,122.63037,0.001880387,0.001880387,0
-67.15037,121.87001,0.006157134,0.006157134,0
-66.68335,121.14038,0.3828611,0.3828611,1
-66.21351,120.440765,0.81093997,0.81093997,3
-65.74121,119.76844,0.90635294,0.90635294,3
-65.26653,119.12333,0.96191174,0.96191174,3
-64.78983,118.50248,0.9800166,0.9800166,3
-64.311165,117.90633,0.9829896,0.9829896,3
-63.83085,117.331924,0.9723833,0.9723833,3
-63.34894,116.77966,0.9210904,0.9210904,3
-62.865692,116.24716,0.8871616,0.8871616,3
-62.381195,115.73442,0.8622976,0.8622976,3
-61.89563,115.23972,0.82448345,0.82448345,3
-61.409107,114.762726,0.78412366,0.78412366,3
-60.921776,114.302216,0.58091664,0.58091664,2
-60.43374,113.85757,0.29439554,0.29439554,1
-59.945114,113.428024,0.24144137,0.24144137,1
-59.45601,113.01275,0.13081296,0.13081296,0
-58.96652,112.61134,0.00779616,0.00779616,0
-58.476753,112.22278,0.0018937323,0.0018937323,0
-57.98679,111.84697,0.00089262833,0.00089262833,0
-57.496727,111.48274,0.000702793,0.000702793,0
-57.006634,111.13028,0.00064375275,0.00064375275,0
-56.51659,110.78831,0.000637673,0.000637673,0
-56.02668,110.45715,0.0006384082,0.0006384082,0
-55.536957,110.13562,0.00063641166,0.00063641166,0
-55.04751,109.8239,0.0006385089,0.0006385089,0
-54.558376,109.52111,0.00061591144,0.00061591144,0
-54.06964,109.22723,0.00058596703,0.00058596703,0
-53.581345,108.94164,0.0006016315,0.0006016315,0
-53.09355,108.66417,0.00078726263,0.00078726263,0
-52.91695,-109.510895,0.0012575969,0.0012575969,0
-53.40173,-109.79896,0.0009086667,0.0009086667,0
-53.886944,-110.09536,0.00062122586,0.00062122586,0
-54.372524,-110.400276,0.00063243276,0.00063243276,0
-54.858402,-110.714325,0.0006374557,0.0006374557,0
-55.344524,-111.03753,0.0006379955,0.0006379955,0
-55.83082,-111.37079,0.0006383699,0.0006383699,0
-56.31722,-111.713905,0.00063837104,0.00063837104,0
-56.803646,-112.06809,0.00063837104,0.00063837104,0
-57.29004,-112.43299,0.00063837104,0.00063837104,0
-57.77629,-112.80991,0.00063837104,0.00063837104,0
-58.262333,-113.19865,0.00063837104,0.00063837104,0
-58.748066,-113.600395,0.00063837104,0.00063837104,0
-59.233402,-114.01521,0.00063837104,0.00063837104,0
-59.718235,-114.44415,0.00063839235,0.00063839235,0
-60.202465,-114.88758,0.0006378456,0.0006378456,0
-60.68598,-115.34635,0.0006382856,0.0006382856,0
-61.16865,-115.82121,0.00063396984,0.00063396984,0
-61.650375,-116.31279,0.00063705037,0.00063705037,0
-62.13099,-116.82226,0.00068000326,0.00068000326,0
-62.610386,-117.34997,0.0008175534,0.0008175534,0
-63.088375,-117.897606,0.0017291921,0.0017291921,0
-63.56486,-118.465164,0.011832597,0.011832597,0
-64.03959,-119.05499,0.3138313,0.3138313,1
-64.51249,-119.66665,0.44898722,0.44898722,2
-64.98323,-120.30311,0.5316761,0.5316761,2
-65.45177,-120.96381,0.6595039,0.6595039,2
-65.917725,-121.65171,0.8333699,0.8333699,3
-66.38101,-122.36682,0.94337344,0.94337344,3
-66.84127,-123.11179,0.97203773,0.97203773,3
-67.29833,-123.88727,0.9806771,0.9806771,3
-67.75183,-124.69559,0.98655057,0.98655057,3
-68.201515,-125.538124,0.99079657,0.99079657,3
-68.64706,-126.41675,0.9906151,0.9906151,3
-69.08806,-127.33377,0.9912738,0.9912738,3
-69.52425,-128.29042,0.9914771,0.9914771,3
-69.95507,-129.29012,0.99137294,0.99137294,3
-70.380325,-130.33324,0.9910965,0.9910965,3
-70.79925,-131.42448,0.9905751,0.9905751,3
-71.211754,-132.56322,0.9903688,0.9903688,3
-71.6168,-133.75555,0.9903437,0.9903437,3
-72.0144,-135.0,0.9904163,0.9904163,3
-72.40338,-136.30292,0.9877747,0.9877747,3
-72.78364,-137.66327,0.9895511,0.9895511,3
-73.154015,-139.0866,0.9894952,0.9894952,3
-73.51421,-140.57274,0.98935527,0.98935527,3
-73.86314,-142.12593,0.9888509,0.9888509,3
-74.2002,-143.74695,0.98568916,0.98568916,3
-74.52447,-145.43828,0.9799053,0.9799053,3
-74.83502,-147.20145,0.98179483,0.98179483,3
-75.131096,-149.03685,0.96468973,0.96468973,3
-75.41146,-150.94653,0.9514615,0.9514615,3
-75.67564,-152.92824,0.9676009,0.9676009,3
-75.921906,-154.98428,0.9832259,0.9832259,3
-76.150276,-157.10944,0.98158467,0.98158467,3
-76.35858,-159.30565,0.97695416,0.97695416,3
-76.54725,-161.5649,0.9759907,0.9759907,3
-76.713844,-163.88753,0.95329064,0.95329064,3
-76.859055,-166.26385,0.9297457,0.9297457,3
-76.98077,-168.69073,0.88742965,0.88742965,3
-77.07946,-171.15842,0.90038645,0.90038645,3
-77.153625,-173.66016,0.84648067,0.84648067,3
-77.203575,-176.18608,0.8006987,0.8006987,3
-77.22849,-178.72702,0.78909236,0.78909236,3
-77.22849,178.72702,0.75951695,0.75951695,3
-77.203575,176.18608,0.69795185,0.69795185,2
-77.153625,173.66016,0.6512141,0.6512141,2
-77.07946,171.15842,0.68998045,0.68998045,2
-76.98077,168.69073,0.9037042,0.9037042,3
-76.859055,166.26385,0.9563306,0.9563306,3
-76.713844,163.88753,0.88279223,0.88279223,3
-76.54725,161.5649,0.015140339,0.015140339,0
-76.35858,159.30565,0.001027429,0.001027429,0
-76.150276,157.10944,0.0009560293,0.0009560293,0
-75.921906,154.98428,0.0005901581,0.0005901581,0
-75.67564,152.92824,0.00064560433,0.00064560433,0
-75.41146,150.94653,0.00064100634,0.00064100634,0
-75.131096,149.03685,0.00063763076,0.00063763076,0
-74.83502,147.20145,0.0006384559,0.0006384559,0
-74.52447,145.43828,0.00063837104,0.00063837104,0
-74.2002,143.74695,0.00063837104,0.00063837104,0
-73.86314,142.12593,0.00063837104,0.00063837104,0
-73.51421,140.57274,0.00063837104,0.00063837104,0
-73.154015,139.0866,0.00063837104,0.00063837104,0
-72.78364,137.66327,0.00063837075,0.00063837075,0
-72.40338,136.30292,0.000638372,0.000638372,0
-72.0144,135.0,0.00063837867,0.00063837867,0
-71.6168,133.75555,0.00063840055,0.00063840055,0
-71.211754,132.56322,0.0006384173,0.0006384173,0
-70.79925,131.42448,0.0006371554,0.0006371554,0
-70.380325,130.33324,0.0006372292,0.0006372292,0
-69.95507,129.29012,0.0006389304,0.0006389304,0
-69.52425,128.29042,0.0006550648,0.0006550648,0
-69.08806,127.33377,0.0006879544,0.0006879544,0
-68.64706,126.41675,0.00065635407,0.00065635407,0
-68.201515,125.538124,0.00063145766,0.00063145766,0
-67.75183,124.69559,0.0010536601,0.0010536601,0
-67.29833,123.88727,0.0047828425,0.0047828425,0
-66.84127,123.11179,0.047054105,0.047054105,0
-66.38101,122.36682,0.9401303,0.9401303,3
-65.917725,121.65171,0.8509712,0.8509712,3
-65.45177,120.96381,0.9025852,0.9025852,3
-64.98323,120.30311,0.97453326,0.97453326,3
-64.51249,119.66665,0.97692126,0.97692126,3
-64.03959,119.05499,0.9612941,0.9612941,3
-63.56486,118.465164,0.9343919,0.9343919,3
-63.088375,117.897606,0.88549787,0.88549787,3
-62.610386,117.34997,0.8559441,0.8559441,3
-62.13099,116.82226,0.8383517,0.8383517,3
-61.650375,116.31279,0.788864,0.788864,3
-61.16865,115.82121,0.621814,0.621814,2
-60.68598,115.34635,0.34522855,0.34522855,1
-60.202465,114.88758,0.029269056,0.029269056,0
-59.718235,114.44415,0.0088892635,0.0088892635,0
-59.233402,114.01521,0.0068489485,0.0068489485,0
-58.748066,113.600395,0.0019543215,0.0019543215,0
-58.262333,113.19865,0.0009949082,0.0009949082,0
-57.77629,112.80991,0.00074765633,0.00074765633,0
-57.29004,112.43299,0.000661991,0.000661991,0
-56.803646,112.06809,0.00063984666,0.00063984666,0
-56.31722,111.713905,0.0006381645,0.0006381645,0
-55.83082,111.37079,0.0006383686,0.0006383686,0
-55.344524,111.03753,0.00063642015,0.00063642015,0
-54.858402,110.714325,0.0006385101,0.0006385101,0
-54.372524,110.400276,0.00061591144,0.00061591144,0
-53.886944,110.09536,0.00058596703,0.00058596703,0
-53.40173,109.79896,0.0006016315,0.0006016315,0
-52.91695,109.510895,0.00078726263,0.00078726263,0
-52.73284,-110.348595,0.0012575969,0.0012575969,0
-53.21452,-110.64687,0.0009086667,0.0009086667,0
-53.69655,-110.95369,0.00062122586,0.00062122586,0
-54.178856,-111.269226,0.00063243276,0.00063243276,0
-54.661392,-111.59411,0.0006374557,0.0006374557,0
-55.144073,-111.92835,0.0006379955,0.0006379955,0
-55.626846,-112.27285,0.0006383699,0.0006383699,0
-56.109627,-112.62742,0.00063837104,0.00063837104,0
-56.592346,-112.99327,0.00063837104,0.00063837104,0
-57.074917,-113.37004,0.00063837104,0.00063837104,0
-57.557247,-113.75905,0.00063837104,0.00063837104,0
-58.039265,-114.16008,0.00063837104,0.00063837104,0
-58.52086,-114.574326,0.00063837104,0.00063837104,0
-59.001945,-115.001854,0.00063837104,0.00063837104,0
-59.482403,-115.443695,0.000638385,0.000638385,0
-59.962128,-115.900215,0.0006380967,0.0006380967,0
-60.441017,-116.37227,0.0006383912,0.0006383912,0
-60.918922,-116.860596,0.00063570845,0.00063570845,0
-61.39574,-117.36579,0.0006467322,0.0006467322,0
-61.871307,-117.88904,0.0006899336,0.0006899336,0
-62.345512,-118.43063,0.00071119575,0.00071119575,0
-62.818146,-118.99228,0.000905916,0.000905916,0
-63.28912,-119.57394,0.0018194771,0.0018194771,0
-63.75816,-120.17791,0.004061615,0.004061615,0
-64.22521,-120.80376,0.0063702646,0.0063702646,0
-64.68991,-121.45435,0.17093436,0.17093436,1
-65.15223,-122.129166,0.6355605,0.6355605,2
-65.611786,-122.83105,0.82383204,0.82383204,3
-66.06848,-123.55996,0.91630787,0.91630787,3
-66.521935,-124.31848,0.95936674,0.95936674,3
-66.971985,-125.107185,0.98434895,0.98434895,3
-67.41826,-125.9283,0.99089664,0.99089664,3
-67.860504,-126.78313,0.9910664,0.9910664,3
-68.29839,-127.673386,0.99056363,0.99056363,3
-68.731514,-128.60126,0.99113524,0.99113524,3
-69.1596,-129.56784,0.9912335,0.9912335,3
-69.58209,-130.57634,0.9912402,0.9912402,3
-69.998795,-131.62701,0.99112576,0.99112576,3
-70.40894,-132.72421,0.99094754,0.99094754,3
-70.812454,-133.86725,0.99134386,0.99134386,3
-71.20829,-135.06174,0.9912486,0.9912486,3
-71.59648,-136.30612,0.99098456,0.99098456,3
-71.97586,-137.60628,0.9908715,0.9908715,3
-72.34636,-138.96092,0.9891033,0.9891033,3
-72.70683,-140.37512,0.9701577,0.9701577,3
-73.05699,-141.84845,0.9883885,0.9883885,3
-73.3958,-143.38458,0.99122506,0.99122506,3
-73.722694,-144.98395,0.9908954,0.9908954,3
-74.03677,-146.64856,0.9902568,0.9902568,3
-74.337204,-148.37949,0.98847383,0.98847383,3
-74.623276,-150.17676,0.9819062,0.9819062,3
-74.8938,-152.04192,0.9815684,0.9815684,3
-75.148384,-153.97256,0.9826072,0.9826072,3
-75.38544,-155.97046,0.9837393,0.9837393,3
-75.604965,-158.0306,0.98558736,0.98558736,3
-75.80496,-160.15434,0.983597,0.983597,3
-75.985916,-162.3343,0.9753341,0.9753341,3
-76.145515,-164.57051,0.9702609,0.9702609,3
-76.284515,-166.85422,0.9520056,0.9520056,3
-76.400894,-169.18246,0.9558497,0.9558497,3
-76.495224,-171.54654,0.9119655,0.9119655,3
-76.566055,-173.94046,0.8515192,0.8515192,3
-76.61374,-176.35553,0.84091794,0.84091794,3
-76.63753,-178.78372,0.82071453,0.82071453,3
-76.63753,178.78372,0.7975686,0.7975686,3
-76.61374,176.35553,0.7674271,0.7674271,3
-76.566055,173.94046,0.76484364,0.76484364,3
-76.495224,171.54654,0.795709,0.795709,3
-76.400894,169.18246,0.9069605,0.9069605,3
-76.284515,166.85422,0.9885925,0.9885925,3
-76.145515,164.57051,0.9712114,0.9712114,3
-75.985916,162.3343,0.010220403,0.010220403,0
-75.80496,160.15434,0.001036649,0.001036649,0
-75.604965,158.0306,0.0009344657,0.0009344657,0
-75.38544,155.97046,0.0005886629,0.0005886629,0
-75.148384,153.97256,0.0006418631,0.0006418631,0
-74.8938,152.04192,0.0006418845,0.0006418845,0
-74.623276,150.17676,0.0006377523,0.0006377523,0
-74.337204,148.37949,0.00063843833,0.00063843833,0
-74.03677,146.64856,0.00063837104,0.00063837104,0
-73.722694,144.98395,0.00063837104,0.00063837104,0
-73.3958,143.38458,0.00063837104,0.00063837104,0
-73.05699,141.84845,0.00063837075,0.00063837075,0
-72.70683,140.37512,0.00063837226,0.00063837226,0
-72.34636,138.96092,0.0006383768,0.0006383768,0
-71.97586,137.60628,0.00063839264,0.00063839264,0
-71.59648,136.30612,0.0006383899,0.0006383899,0
-71.20829,135.06174,0.0006383166,0.0006383166,0
-70.812454,133.86725,0.00063792587,0.00063792587,0
-70.40894,132.72421,0.0006360945,0.0006360945,0
-69.998795,131.62701,0.0006379362,0.0006379362,0
-69.58209,130.57634,0.00063563423,0.00063563423,0
-69.1596,129.56784,0.0006329583,0.0006329583,0
-68.731514,128.60126,0.00068368675,0.00068368675,0
-68.29839,127.673386,0.0006553855,0.0006553855,0
-67.860504,126.78313,0.00081541267,0.00081541267,0
-67.41826,125.9283,0.0013991898,0.0013991898,0
-66.971985,125.107185,0.007860554,0.007860554,0
-66.521935,124.31848,0.65701985,0.65701985,2
-66.06848,123.55996,0.79594874,0.79594874,3
-65.611786,122.83105,0.8677819,0.8677819,3
-65.15223,122.129166,0.9545545,0.9545545,3
-64.68991,121.45435,0.9688187,0.9688187,3
-64.22521,120.80376,0.9211585,0.9211585,3
-63.75816,120.17791,0.8769128,0.8769128,3
-63.28912,119.57394,0.85109514,0.85109514,3
-62.818146,118.99228,0.8302863,0.8302863,3
-62.345512,118.43063,0.84256566,0.84256566,3
-61.871307,117.88904,0.8616959,0.8616959,3
-61.39574,117.36579,0.83961177,0.83961177,3
-60.918922,116.860596,0.72250104,0.72250104,3
-60.441017,116.37227,0.4294327,0.4294327,2
-59.962128,115.900215,0.018031215,0.018031215,0
-59.482403,115.443695,0.0028902886,0.0028902886,0
-59.001945,115.001854,0.0016738956,0.0016738956,0
-58.52086,114.574326,0.00085460045,0.00085460045,0
-58.039265,114.16008,0.0006979286,0.0006979286,0
-57.557247,113.75905,0.0006508574,0.0006508574,0
-57.074917,113.37004,0.0006390763,0.0006390763,0
-56.592346,112.99327,0.00063783466,0.00063783466,0
-56.109627,112.62742,0.00063809095,0.00063809095,0
-55.626846,112.27285,0.0006384112,0.0006384112,0
-55.144073,111.92835,0.00063643407,0.00063643407,0
-54.661392,111.59411,0.0006385107,0.0006385107,0
-54.178856,111.269226,0.00061591144,0.00061591144,0
-53.69655,110.95369,0.00058596703,0.00058596703,0
-53.21452,110.64687,0.0006016315,0.0006016315,0
-52.73284,110.348595,0.00078726263,0.00078726263,0
-52.5417,-111.17745,0.0012575969,0.0012575969,0
-53.020184,-111.485596,0.0009086667,0.0009086667,0
-53.49894,-111.80246,0.00062122586,0.00062122586,0
-53.97789,-112.12822,0.00063243276,0.00063243276,0
-54.456985,-112.46352,0.0006374557,0.0006374557,0
-54.936142,-112.80835,0.0006379955,0.0006379955,0
-55.4153,-113.16363,0.0006383699,0.0006383699,0
-55.894375,-113.52916,0.00063837104,0.00063837104,0
-56.37328,-113.90616,0.00063837104,0.00063837104,0
-56.85194,-114.29425,0.00063837104,0.00063837104,0
-57.330257,-114.69478,0.00063837104,0.00063837104,0
-57.808163,-115.10749,0.00063837104,0.00063837104,0
-58.285522,-115.53361,0.00063837104,0.00063837104,0
-58.76226,-115.97316,0.00063837104,0.00063837104,0
-59.23825,-116.42719,0.00063837896,0.00063837896,0
-59.713394,-116.896065,0.00063825364,0.00063825364,0
-60.187557,-117.3806,0.0006383148,0.0006383148,0
-60.660618,-117.88154,0.0006376387,0.0006376387,0
-61.132446,-118.39947,0.00064942427,0.00064942427,0
-61.60288,-118.93553,0.0006705703,0.0006705703,0
-62.071808,-119.490036,0.0007270894,0.0007270894,0
-62.539005,-120.06465,0.00066526595,0.00066526595,0
-63.004395,-120.659294,0.000948337,0.000948337,0
-63.467686,-121.276245,0.0015646539,0.0015646539,0
-63.928818,-121.915016,0.004105047,0.004105047,0
-64.38743,-122.578476,0.049560074,0.049560074,0
-64.84348,-123.266,0.37996504,0.37996504,1
-65.296585,-123.98039,0.69695675,0.69695675,2
-65.74664,-124.721565,0.8662666,0.8662666,3
-66.19327,-125.49202,0.9526308,0.9526308,3
-66.6363,-126.29225,0.9885795,0.9885795,3
-67.075356,-127.12439,0.99161786,0.99161786,3
-67.51017,-127.98962,0.9901383,0.9901383,3
-67.94042,-128.88956,0.9903322,0.9903322,3
-68.36571,-129.82626,0.99069667,0.99069667,3
-68.78575,-130.80064,0.9910808,0.9910808,3
-69.200005,-131.81573,0.9911311,0.9911311,3
-69.608246,-132.8717,0.99080884,0.99080884,3
-70.00974,-133.97258,0.9890182,0.9890182,3
-70.4044,-135.11752,0.9911375,0.9911375,3
-70.79122,-136.31183,0.9912708,0.9912708,3
-71.17021,-137.5538,0.99117416,0.99117416,3
-71.540245,-138.84882,0.99106896,0.99106896,3
-71.90125,-140.19553,0.9908652,0.9908652,3
-72.25212,-141.59842,0.98984444,0.98984444,3
-72.59259,-143.05688,0.9906785,0.9906785,3
-72.92165,-144.57416,0.99089545,0.99089545,3
-73.2388,-146.15036,0.99155045,0.99155045,3
-73.54315,-147.78706,0.9901743,0.9901743,3
-73.83394,-149.48502,0.97670877,0.97670877,3
-74.110504,-151.24393,0.9820533,0.9820533,3
-74.371735,-153.06496,0.9784353,0.9784353,3
-74.61729,-154.9456,0.9750201,0.9750201,3
-74.84565,-156.88718,0.9802537,0.9802537,3
-75.05691,-158.88489,0.9786798,0.9786798,3
-75.249176,-160.93973,0.97588396,0.97588396,3
-75.42294,-163.04486,0.96526206,0.96526206,3
-75.57607,-165.20012,0.9715688,0.9715688,3
-75.70931,-167.39752,0.96424884,0.96424884,3
-75.82079,-169.63434,0.95994455,0.95994455,3
-75.91109,-171.90282,0.9125429,0.9125429,3
-75.97887,-174.19754,0.87236303,0.87236303,3
-76.02447,-176.51083,0.8513823,0.8513823,3
-76.04721,-178.83566,0.83722,0.83722,3
-76.04721,178.83566,0.8322631,0.8322631,3
-76.02447,176.51083,0.8288194,0.8288194,3
-75.97887,174.19754,0.8183858,0.8183858,3
-75.91109,171.90282,0.82386106,0.82386106,3
-75.82079,169.63434,0.92944694,0.92944694,3
-75.70931,167.39752,0.98148376,0.98148376,3
-75.57607,165.20012,0.8648725,0.8648725,3
-75.42294,163.04486,0.008418915,0.008418915,0
-75.249176,160.93973,0.0010090278,0.0010090278,0
-75.05691,158.88489,0.0010904793,0.0010904793,0
-74.84565,156.88718,0.0005821672,0.0005821672,0
-74.61729,154.9456,0.0006411572,0.0006411572,0
-74.371735,153.06496,0.0006417582,0.0006417582,0
-74.110504,151.24393,0.0006379122,0.0006379122,0
-73.83394,149.48502,0.00063843036,0.00063843036,0
-73.54315,147.78706,0.0006383932,0.0006383932,0
-73.2388,146.15036,0.00063840416,0.00063840416,0
-72.92165,144.57416,0.0006384127,0.0006384127,0
-72.59259,143.05688,0.0006384194,0.0006384194,0
-72.25212,141.59842,0.00063842704,0.00063842704,0
-71.90125,140.19553,0.000638424,0.000638424,0
-71.540245,138.84882,0.00063835736,0.00063835736,0
-71.17021,137.5538,0.0006380389,0.0006380389,0
-70.79122,136.31183,0.0006376751,0.0006376751,0
-70.4044,135.11752,0.00063751714,0.00063751714,0
-70.00974,133.97258,0.00063780183,0.00063780183,0
-69.608246,132.8717,0.0006443086,0.0006443086,0
-69.200005,131.81573,0.00064443296,0.00064443296,0
-68.78575,130.80064,0.0006164012,0.0006164012,0
-68.36571,129.82626,0.00065590633,0.00065590633,0
-67.94042,128.88956,0.0009036806,0.0009036806,0
-67.51017,127.98962,0.004935931,0.004935931,0
-67.075356,127.12439,0.019111667,0.019111667,0
-66.6363,126.29225,0.028776376,0.028776376,0
-66.19327,125.49202,0.678625,0.678625,2
-65.74664,124.721565,0.80305284,0.80305284,3
-65.296585,123.98039,0.89915067,0.89915067,3
-64.84348,123.266,0.9627727,0.9627727,3
-64.38743,122.578476,0.93041176,0.93041176,3
-63.928818,121.915016,0.86081964,0.86081964,3
-63.467686,121.276245,0.8320834,0.8320834,3
-63.004395,120.659294,0.81197596,0.81197596,3
-62.539005,120.06465,0.8094679,0.8094679,3
-62.071808,119.490036,0.84225756,0.84225756,3
-61.60288,118.93553,0.8729337,0.8729337,3
-61.132446,118.39947,0.8676445,0.8676445,3
-60.660618,117.88154,0.78023815,0.78023815,3
-60.187557,117.3806,0.5172067,0.5172067,2
-59.713394,116.896065,0.07623243,0.07623243,0
-59.23825,116.42719,0.003730276,0.003730276,0
-58.76226,115.97316,0.0012191185,0.0012191185,0
-58.285522,115.53361,0.00071596174,0.00071596174,0
-57.808163,115.10749,0.00062608765,0.00062608765,0
-57.330257,114.69478,0.0006289896,0.0006289896,0
-56.85194,114.29425,0.0006360184,0.0006360184,0
-56.37328,113.90616,0.0006378982,0.0006378982,0
-55.894375,113.52916,0.0006382156,0.0006382156,0
-55.4153,113.16363,0.00063842215,0.00063842215,0
-54.936142,112.80835,0.0006364465,0.0006364465,0
-54.456985,112.46352,0.0006385119,0.0006385119,0
-53.97789,112.12822,0.00061591144,0.00061591144,0
-53.49894,111.80246,0.00058596703,0.00058596703,0
-53.020184,111.485596,0.0006016315,0.0006016315,0
-52.5417,111.17745,0.00078726263,0.00078726263,0
-52.343536,-111.997116,0.0012575969,0.0012575969,0
-52.818737,-112.31475,0.0009086667,0.0009086667,0
-53.294136,-112.64128,0.00062122586,0.00062122586,0
-53.76965,-112.97685,0.00063243276,0.00063243276,0
-54.245216,-113.32213,0.0006374557,0.0006374557,0
-54.720764,-113.67711,0.0006379955,0.0006379955,0
-55.196213,-114.0427,0.0006383699,0.0006383699,0
-55.67149,-114.418686,0.00063837104,0.00063837104,0
-56.146496,-114.806305,0.00063837104,0.00063837104,0
-56.62117,-115.205185,0.00063837104,0.00063837104,0
-57.095383,-115.616646,0.00063837104,0.00063837104,0
-57.569077,-116.040436,0.00063837104,0.00063837104,0
-58.04212,-116.477776,0.00063837104,0.00063837104,0
-58.514435,-116.928665,0.00063837104,0.00063837104,0
-58.985874,-117.39419,0.00063837535,0.00063837535,0
-59.45634,-117.87463,0.0006383285,0.0006383285,0
-59.925705,-118.370865,0.00063837896,0.00063837896,0
-60.39383,-118.883575,0.0006382026,0.0006382026,0
-60.8606,-119.41335,0.00064396573,0.00064396573,0
-61.32583,-119.9613,0.00066500704,0.00066500704,0
-61.78941,-120.52773,0.00065179606,0.00065179606,0
-62.251114,-121.11426,0.0006914351,0.0006914351,0
-62.71086,-121.72079,0.0008564191,0.0008564191,0
-63.16834,-122.34956,0.0014740876,0.0014740876,0
-63.62351,-123.00006,0.018990884,0.018990884,0
-64.07599,-123.675064,0.24256599,0.24256599,1
-64.525734,-124.373955,0.3447463,0.3447463,1
-64.97236,-125.09944,0.48625484,0.48625484,2
-65.41576,-125.851395,0.79270345,0.79270345,3
-65.85555,-126.632225,0.9392133,0.9392133,3
-66.29156,-127.44235,0.9880314,0.9880314,3
-66.723404,-128.28378,0.99081564,0.99081564,3
-67.15082,-129.15764,0.9913413,0.9913413,3
-67.57349,-130.06543,0.9914137,0.9914137,3
-67.991,-131.00902,0.99122334,0.99122334,3
-68.40309,-131.98926,0.99116206,0.99116206,3
-68.80917,-133.00893,0.9912504,0.9912504,3
-69.20911,-134.0681,0.9911788,0.9911788,3
-69.60208,-135.17052,0.99104124,0.99104124,3
-69.988075,-136.31528,0.9911834,0.9911834,3
-70.36605,-137.50726,0.9912033,0.9912033,3
-70.73608,-138.74469,0.9911829,0.9911829,3
-71.097,-140.03256,0.99111253,0.99111253,3
-71.44881,-141.36931,0.99110097,0.99110097,3
-71.79038,-142.7591,0.9912766,0.9912766,3
-72.12152,-144.20108,0.9912731,0.9912731,3
-72.44121,-145.69807,0.99104637,0.99104637,3
-72.74901,-147.24994,0.9913189,0.9913189,3
-73.04408,-148.85796,0.98879707,0.98879707,3
-73.3257,-150.52255,0.974394,0.974394,3
-73.593254,-152.2432,0.9836084,0.9836084,3
-73.845695,-154.02072,0.9763579,0.9763579,3
-74.082726,-155.85262,0.9599138,0.9599138,3
-74.302956,-157.73987,0.9646998,0.9646998,3
-74.506485,-159.67784,0.97960985,0.97960985,3
-74.691505,-161.6673,0.98060876,0.98060876,3
-74.858604,-163.70189,0.95524585,0.95524585,3
-75.005714,-165.78128,0.96657795,0.96657795,3
-75.13363,-167.8983,0.9798662,0.9798662,3
-75.24059,-170.05032,0.97587603,0.97587603,3
-75.32717,-172.2304,0.96037436,0.96037436,3
-75.39213,-174.43372,0.9291147,0.9291147,3
-75.43583,-176.65344,0.8897452,0.8897452,3
-75.45761,-178.88335,0.90080833,0.90080833,3
-75.45761,178.88335,0.9014805,0.9014805,3
-75.43583,176.65344,0.9019312,0.9019312,3
-75.39213,174.43372,0.8921761,0.8921761,3
-75.32717,172.2304,0.8866111,0.8866111,3
-75.24059,170.05032,0.9745272,0.9745272,3
-75.13363,167.8983,0.98657376,0.98657376,3
-75.005714,165.78128,0.97486794,0.97486794,3
-74.858604,163.70189,0.0086239865,0.0086239865,0
-74.691505,161.6673,0.0009759561,0.0009759561,0
-74.506485,159.67784,0.0010678703,0.0010678703,0
-74.302956,157.73987,0.0005763911,0.0005763911,0
-74.082726,155.85262,0.0006418386,0.0006418386,0
-73.845695,154.02072,0.00064251065,0.00064251065,0
-73.593254,152.2432,0.0006379872,0.0006379872,0
-73.3257,150.52255,0.00063840486,0.00063840486,0
-73.04408,148.85796,0.00063822017,0.00063822017,0
-72.74901,147.24994,0.0006380037,0.0006380037,0
-72.44121,145.69807,0.0006377486,0.0006377486,0
-72.12152,144.20108,0.00063759426,0.00063759426,0
-71.79038,142.7591,0.0006375141,0.0006375141,0
-71.44881,141.36931,0.00063737796,0.00063737796,0
-71.097,140.03256,0.000637221,0.000637221,0
-70.73608,138.74469,0.00063735456,0.00063735456,0
-70.36605,137.50726,0.0006392785,0.0006392785,0
-69.988075,136.31528,0.0006436261,0.0006436261,0
-69.60208,135.17052,0.0006505365,0.0006505365,0
-69.20911,134.0681,0.0006597812,0.0006597812,0
-68.80917,133.00893,0.0006636328,0.0006636328,0
-68.40309,131.98926,0.00060419925,0.00060419925,0
-67.991,131.00902,0.00061826425,0.00061826425,0
-67.57349,130.06543,0.0010712403,0.0010712403,0
-67.15082,129.15764,0.017852658,0.017852658,0
-66.723404,128.28378,0.7591671,0.7591671,3
-66.29156,127.44235,0.8480851,0.8480851,3
-65.85555,126.632225,0.94984096,0.94984096,3
-65.41576,125.851395,0.8904549,0.8904549,3
-64.97236,125.09944,0.92758036,0.92758036,3
-64.525734,124.373955,0.9447799,0.9447799,3
-64.07599,123.675064,0.8794274,0.8794274,3
-63.62351,123.00006,0.85098976,0.85098976,3
-63.16834,122.34956,0.82931954,0.82931954,3
-62.71086,121.72079,0.8144996,0.8144996,3
-62.251114,121.11426,0.81846005,0.81846005,3
-61.78941,120.52773,0.8431091,0.8431091,3
-61.32583,119.9613,0.8512673,0.8512673,3
-60.8606,119.41335,0.7921918,0.7921918,3
-60.39383,118.883575,0.7476458,0.7476458,3
-59.925705,118.370865,0.49879605,0.49879605,2
-59.45634,117.87463,0.14011438,0.14011438,0
-58.985874,117.39419,0.0060597733,0.0060597733,0
-58.514435,116.928665,0.0012010856,0.0012010856,0
-58.04212,116.477776,0.00071574043,0.00071574043,0
-57.569077,116.040436,0.00063625124,0.00063625124,0
-57.095383,115.616646,0.00063347304,0.00063347304,0
-56.62117,115.205185,0.00063758396,0.00063758396,0
-56.146496,114.806305,0.0006379979,0.0006379979,0
-55.67149,114.418686,0.000638292,0.000638292,0
-55.196213,114.0427,0.00063844194,0.00063844194,0
-54.720764,113.67711,0.00063644955,0.00063644955,0
-54.245216,113.32213,0.0006385132,0.0006385132,0
-53.76965,112.97685,0.00061591144,0.00061591144,0
-53.294136,112.64128,0.00058596703,0.00058596703,0
-52.818737,112.31475,0.0006016315,0.0006016315,0
-52.343536,111.997116,0.00078726263,0.00078726263,0
-52.13844,-112.80731,0.0012575969,0.0012575969,0
-52.610283,-113.13408,0.0009086667,0.0009086667,0
-53.082237,-113.469864,0.00062122586,0.00062122586,0
-53.55423,-113.81485,0.00063243276,0.00063243276,0
-54.026188,-114.16968,0.0006374557,0.0006374557,0
-54.49804,-114.53435,0.0006379955,0.0006379955,0
-54.9697,-114.90977,0.0006383699,0.0006383699,0
-55.441097,-115.29573,0.00063837104,0.00063837104,0
-55.91213,-115.69345,0.00063837104,0.00063837104,0
-56.382725,-116.10256,0.00063837104,0.00063837104,0
-56.852768,-116.52437,0.00063837104,0.00063837104,0
-57.322178,-116.95863,0.00063837104,0.00063837104,0
-57.790825,-117.40653,0.00063837104,0.00063837104,0
-58.25862,-117.8681,0.00063837104,0.00063837104,0
-58.72544,-118.344376,0.00063837226,0.00063837226,0
-59.191162,-118.83568,0.00063835556,0.00063835556,0
-59.655663,-119.342804,0.000638319,0.000638319,0
-60.11879,-119.866455,0.0006375715,0.0006375715,0
-60.58043,-120.407196,0.000640007,0.000640007,0
-61.04039,-120.96613,0.0006409217,0.0006409217,0
-61.498566,-121.543495,0.00063985545,0.00063985545,0
-61.95472,-122.14093,0.00070187333,0.00070187333,0
-62.408768,-122.75827,0.00078843534,0.00078843534,0
-62.860397,-123.39774,0.0014514903,0.0014514903,0
-63.309566,-124.05879,0.004127064,0.004127064,0
-63.75588,-124.74411,0.13809559,0.13809559,0
-64.19931,-125.45307,0.406824,0.406824,2
-64.639435,-126.1883,0.5049616,0.5049616,2
-65.07619,-126.949615,0.76181716,0.76181716,3
-65.50914,-127.739334,0.8988389,0.8988389,3
-65.93814,-128.55782,0.97883487,0.97883487,3
-66.362816,-129.40697,0.98653907,0.98653907,3
-66.78289,-130.2878,0.9895141,0.9895141,3
-67.19802,-131.20168,0.9911107,0.9911107,3
-67.60784,-132.15039,0.99112433,0.99112433,3
-68.012054,-133.13466,0.99115086,0.99115086,3
-68.41011,-134.15706,0.9912265,0.9912265,3
-68.80184,-135.21756,0.9911998,0.9911998,3
-69.18646,-136.31964,0.9911874,0.9911874,3
-69.56398,-137.46231,0.99116427,0.99116427,3
-69.93333,-138.65012,0.9911799,0.9911799,3
-70.29461,-139.8812,0.99114263,0.99114263,3
-70.6467,-141.16013,0.9911175,0.9911175,3
-70.98958,-142.48534,0.9911539,0.9911539,3
-71.32219,-143.86049,0.99119747,0.99119747,3
-71.644325,-145.28467,0.99118376,0.99118376,3
-71.95503,-146.76028,0.99121,0.99121,3
-72.25389,-148.28702,0.99149173,0.99149173,3
-72.54009,-149.86588,0.98992586,0.98992586,3
-72.81299,-151.49701,0.9774531,0.9774531,3
-73.07199,-153.17978,0.9722034,0.9722034,3
-73.316124,-154.91469,0.9882564,0.9882564,3
-73.54514,-156.69928,0.9891045,0.9891045,3
-73.757706,-158.5342,0.98582304,0.98582304,3
-73.95399,-160.41515,0.9685939,0.9685939,3
-74.13226,-162.34262,0.97117305,0.97117305,3
-74.29314,-164.3107,0.9556881,0.9556881,3
-74.43466,-166.319,0.9674114,0.9674114,3
-74.55764,-168.36096,0.9810409,0.9810409,3
-74.66041,-170.43419,0.97656316,0.97656316,3
-74.74355,-172.53241,0.96247226,0.96247226,3
-74.805916,-174.65129,0.9394348,0.9394348,3
-74.84784,-176.78476,0.9083381,0.9083381,3
-74.868744,-178.92726,0.9217187,0.9217187,3
-74.868744,178.92726,0.9360608,0.9360608,3
-74.84784,176.78476,0.93945867,0.93945867,3
-74.805916,174.65129,0.9380922,0.9380922,3
-74.74355,172.53241,0.94832385,0.94832385,3
-74.66041,170.43419,0.9889548,0.9889548,3
-74.55764,168.36096,0.98785293,0.98785293,3
-74.43466,166.319,0.9820992,0.9820992,3
-74.29314,164.3107,0.005806503,0.005806503,0
-74.13226,162.34262,0.0009491773,0.0009491773,0
-73.95399,160.41515,0.0009556964,0.0009556964,0
-73.757706,158.5342,0.00058914535,0.00058914535,0
-73.54514,156.69928,0.0006320492,0.0006320492,0
-73.316124,154.91469,0.0006418643,0.0006418643,0
-73.07199,153.17978,0.00063683605,0.00063683605,0
-72.81299,151.49701,0.0006369669,0.0006369669,0
-72.54009,149.86588,0.000637129,0.000637129,0
-72.25389,148.28702,0.00063785596,0.00063785596,0
-71.95503,146.76028,0.00063880684,0.00063880684,0
-71.644325,145.28467,0.0006398003,0.0006398003,0
-71.32219,143.86049,0.00063959666,0.00063959666,0
-70.98958,142.48534,0.00063903123,0.00063903123,0
-70.6467,141.16013,0.00063903094,0.00063903094,0
-70.29461,139.8812,0.00064255076,0.00064255076,0
-69.93333,138.65012,0.0006505449,0.0006505449,0
-69.56398,137.46231,0.00066153536,0.00066153536,0
-69.18646,136.31964,0.0006679275,0.0006679275,0
-68.80184,135.21756,0.00065795804,0.00065795804,0
-68.41011,134.15706,0.00064294983,0.00064294983,0
-68.012054,133.13466,0.0006109192,0.0006109192,0
-67.60784,132.15039,0.00068748515,0.00068748515,0
-67.19802,131.20168,0.0014615316,0.0014615316,0
-66.78289,130.2878,0.007096583,0.007096583,0
-66.362816,129.40697,0.78490883,0.78490883,3
-65.93814,128.55782,0.9807206,0.9807206,3
-65.50914,127.739334,0.97788507,0.97788507,3
-65.07619,126.949615,0.9508069,0.9508069,3
-64.639435,126.1883,0.936669,0.936669,3
-64.19931,125.45307,0.87888044,0.87888044,3
-63.75588,124.74411,0.8620862,0.8620862,3
-63.309566,124.05879,0.84491813,0.84491813,3
-62.860397,123.39774,0.83960634,0.83960634,3
-62.408768,122.75827,0.8254743,0.8254743,3
-61.95472,122.14093,0.80235285,0.80235285,3
-61.498566,121.543495,0.7796685,0.7796685,3
-61.04039,120.96613,0.6286129,0.6286129,2
-60.58043,120.407196,0.4612849,0.4612849,2
-60.11879,119.866455,0.4188661,0.4188661,2
-59.655663,119.342804,0.2060354,0.2060354,1
-59.191162,118.83568,0.021429773,0.021429773,0
-58.72544,118.344376,0.0027749569,0.0027749569,0
-58.25862,117.8681,0.0009157075,0.0009157075,0
-57.790825,117.40653,0.00069648447,0.00069648447,0
-57.322178,116.95863,0.0006408026,0.0006408026,0
-56.852768,116.52437,0.000636368,0.000636368,0
-56.382725,116.10256,0.00063794776,0.00063794776,0
-55.91213,115.69345,0.00063820404,0.00063820404,0
-55.441097,115.29573,0.0006383333,0.0006383333,0
-54.9697,114.90977,0.00063845195,0.00063845195,0
-54.49804,114.53435,0.00063645106,0.00063645106,0
-54.026188,114.16968,0.00063851377,0.00063851377,0
-53.55423,113.81485,0.00061591144,0.00061591144,0
-53.082237,113.469864,0.00058596703,0.00058596703,0
-52.610283,113.13408,0.0006016315,0.0006016315,0
-52.13844,112.80731,0.00078726263,0.00078726263,0
-51.926792,-113.60823,0.0012575969,0.0012575969,0
-52.3952,-113.943756,0.0009086667,0.0009086667,0
-52.863636,-114.28844,0.00062122586,0.00062122586,0
-53.332035,-114.642426,0.00063243276,0.00063243276,0
-53.800312,-115.00639,0.0006374557,0.0006374557,0
-54.268402,-115.380325,0.0006379955,0.0006379955,0
-54.736202,-115.76512,0.0006383699,0.0006383699,0
-55.203648,-116.16057,0.00063837104,0.00063837104,0
-55.67063,-116.5679,0.00063837104,0.00063837104,0
-56.137085,-116.986694,0.00063837104,0.00063837104,0
-56.60287,-117.418304,0.00063837104,0.00063837104,0
-57.067932,-117.86244,0.00063837104,0.00063837104,0
-57.532116,-118.32031,0.00063837104,0.00063837104,0
-57.995342,-118.791916,0.00063837104,0.00063837104,0
-58.45747,-119.27829,0.00063837133,0.00063837133,0
-58.91839,-119.77971,0.0006383668,0.0006383668,0
-59.377956,-120.29698,0.00063835795,0.00063835795,0
-59.83603,-120.83081,0.0006378137,0.0006378137,0
-60.292492,-121.38168,0.00063847785,0.00063847785,0
-60.747135,-121.950745,0.0006355685,0.0006355685,0
-61.199867,-122.53816,0.00064928905,0.00064928905,0
-61.650425,-123.145546,0.0006964885,0.0006964885,0
-62.098747,-123.77271,0.000689955,0.000689955,0
-62.544495,-124.42183,0.00079303735,0.00079303735,0
-62.98764,-125.09232,0.0016811041,0.0016811041,0
-63.42777,-125.786835,0.011196583,0.011196583,0
-63.86487,-126.50468,0.35371807,0.35371807,1
-64.29851,-127.248405,0.61007833,0.61007833,2
-64.72861,-128.01778,0.80663204,0.80663204,3
-65.154755,-128.81506,0.9249883,0.9249883,3
-65.576775,-129.64049,0.9827776,0.9827776,3
-65.99432,-130.49593,0.9867966,0.9867966,3
-66.4071,-131.38223,0.9859076,0.9859076,3
-66.8148,-132.30072,0.9904283,0.9904283,3
-67.21698,-133.253,0.99128705,0.99128705,3
-67.61344,-134.23969,0.99115026,0.99115026,3
-68.00358,-135.2632,0.9912014,0.9912014,3
-68.38727,-136.3234,0.991176,0.991176,3
-68.76371,-137.42352,0.991159,0.991159,3
-69.132904,-138.56252,0.99115086,0.99115086,3
-69.49384,-139.74455,0.99117684,0.99117684,3
-69.84661,-140.96779,0.9911793,0.9911793,3
-70.19011,-142.23639,0.9911742,0.9911742,3
-70.52435,-143.5487,0.9911822,0.9911822,3
-70.84829,-144.90808,0.9911841,0.9911841,3
-71.16175,-146.31343,0.99119484,0.99119484,3
-71.46383,-147.76694,0.9912191,0.9912191,3
-71.754105,-149.26804,0.991055,0.991055,3
-72.031845,-150.8175,0.9907039,0.9907039,3
-72.29643,-152.41536,0.9892792,0.9892792,3
-72.5473,-154.06078,0.9890444,0.9890444,3
-72.78356,-155.75406,0.99012077,0.99012077,3
-73.005,-157.49278,0.98995095,0.98995095,3
-73.21034,-159.2774,0.98849547,0.98849547,3
-73.39981,-161.10385,0.98957705,0.98957705,3
-73.571754,-162.97241,0.9875823,0.9875823,3
-73.72681,-164.87762,0.96437854,0.96437854,3
-73.8631,-166.81908,0.9713732,0.9713732,3
-73.98148,-168.79074,0.9657287,0.9657287,3
-74.080345,-170.79044,0.9745701,0.9745701,3
-74.1603,-172.81245,0.97016954,0.97016954,3
-74.220245,-174.85294,0.9555776,0.9555776,3
-74.260544,-176.9064,0.94798774,0.94798774,3
-74.280624,-178.96791,0.9371605,0.9371605,3
-74.280624,178.96791,0.94128513,0.94128513,3
-74.260544,176.9064,0.9445167,0.9445167,3
-74.220245,174.85294,0.9435646,0.9435646,3
-74.1603,172.81245,0.96138126,0.96138126,3
-74.080345,170.79044,0.9895353,0.9895353,3
-73.98148,168.79074,0.9906855,0.9906855,3
-73.8631,166.81908,0.9754484,0.9754484,3
-73.72681,164.87762,0.0043255384,0.0043255384,0
-73.571754,162.97241,0.0010568268,0.0010568268,0
-73.39981,161.10385,0.0006986407,0.0006986407,0
-73.21034,159.2774,0.0006342185,0.0006342185,0
-73.005,157.49278,0.0006350668,0.0006350668,0
-72.78356,155.75406,0.0006449598,0.0006449598,0
-72.5473,154.06078,0.00064021995,0.00064021995,0
-72.29643,152.41536,0.0006408249,0.0006408249,0
-72.031845,150.8175,0.00064339454,0.00064339454,0
-71.754105,149.26804,0.0006499704,0.0006499704,0
-71.46383,147.76694,0.00065419823,0.00065419823,0
-71.16175,146.31343,0.00065595825,0.00065595825,0
-70.84829,144.90808,0.0006553905,0.0006553905,0
-70.52435,143.5487,0.000652494,0.000652494,0
-70.19011,142.23639,0.00065423344,0.00065423344,0
-69.84661,140.96779,0.00065789314,0.00065789314,0
-69.49384,139.74455,0.0006709075,0.0006709075,0
-69.132904,138.56252,0.0006683647,0.0006683647,0
-68.76371,137.42352,0.0006649814,0.0006649814,0
-68.38727,136.3234,0.00064934784,0.00064934784,0
-68.00358,135.2632,0.00063237734,0.00063237734,0
-67.61344,134.23969,0.00066978787,0.00066978787,0
-67.21698,133.253,0.0014144778,0.0014144778,0
-66.8148,132.30072,0.0028563424,0.0028563424,0
-66.4071,131.38223,0.029247114,0.029247114,0
-65.99432,130.49593,0.718172,0.718172,3
-65.576775,129.64049,0.94576985,0.94576985,3
-65.154755,128.81506,0.9661628,0.9661628,3
-64.72861,128.01778,0.9650195,0.9650195,3
-64.29851,127.248405,0.9064938,0.9064938,3
-63.86487,126.50468,0.84748816,0.84748816,3
-63.42777,125.786835,0.83889216,0.83889216,3
-62.98764,125.09232,0.8010905,0.8010905,3
-62.544495,124.42183,0.83483124,0.83483124,3
-62.098747,123.77271,0.84327704,0.84327704,3
-61.650425,123.145546,0.76541305,0.76541305,3
-61.199867,122.53816,0.5768454,0.5768454,2
-60.747135,121.950745,0.21578835,0.21578835,1
-60.292492,121.38168,0.03975697,0.03975697,0
-59.83603,120.83081,0.02899534,0.02899534,0
-59.377956,120.29698,0.008979312,0.008979312,0
-58.91839,119.77971,0.0022198574,0.0022198574,0
-58.45747,119.27829,0.0009870051,0.0009870051,0
-57.995342,118.791916,0.0007308606,0.0007308606,0
-57.532116,118.32031,0.0006666909,0.0006666909,0
-57.067932,117.86244,0.0006413222,0.0006413222,0
-56.60287,117.418304,0.00063785136,0.00063785136,0
-56.137085,116.986694,0.00063819677,0.00063819677,0
-55.67063,116.5679,0.0006383157,0.0006383157,0
-55.203648,116.16057,0.0006383607,0.0006383607,0
-54.736202,115.76512,0.0006384553,0.0006384553,0
-54.268402,115.380325,0.0006364523,0.0006364523,0
-53.800312,115.00639,0.00063851377,0.00063851377,0
-53.332035,114.642426,0.00061591144,0.00061591144,0
-52.863636,114.28844,0.00058596703,0.00058596703,0
-52.3952,113.943756,0.0006016315,0.0006016315,0
-51.926792,113.60823,0.00078726263,0.00078726263,0
-51.708355,-114.399155,0.0012575969,0.0012575969,0
-52.173256,-114.74307,0.0009086667,0.0009086667,0
-52.638107,-115.09624,0.00062122586,0.00062122586,0
-53.102837,-115.45883,0.00063243276,0.00063243276,0
-53.567368,-115.831505,0.0006374557,0.0006374557,0
-54.031612,-116.214226,0.0006379955,0.0006379955,0
-54.495483,-116.607925,0.0006383699,0.0006383699,0
-54.958916,-117.012344,0.00063837104,0.00063837104,0
-55.42178,-117.42876,0.00063837104,0.00063837104,0
-55.884026,-117.856705,0.00063837104,0.00063837104,0
-56.345493,-118.29753,0.00063837104,0.00063837104,0
-56.80614,-118.750946,0.00063837104,0.00063837104,0
-57.265793,-119.218155,0.00063837104,0.00063837104,0
-57.72439,-119.69912,0.00063837104,0.00063837104,0
-58.18177,-120.19487,0.00063837104,0.00063837104,0
-58.63783,-120.70569,0.0006383699,0.0006383699,0
-59.092415,-121.23236,0.00063837593,0.00063837593,0
-59.545387,-121.77554,0.0006381055,0.0006381055,0
-59.99662,-122.33574,0.00063833426,0.00063833426,0
-60.445908,-122.914,0.0006384988,0.0006384988,0
-60.893154,-123.51056,0.0006546607,0.0006546607,0
-61.338093,-124.12694,0.00068085536,0.00068085536,0
-61.780663,-124.76292,0.00075706816,0.00075706816,0
-62.220505,-125.42064,0.00071027223,0.00071027223,0
-62.657616,-126.09949,0.0009361325,0.0009361325,0
-63.09156,-126.80203,0.0020755227,0.0020755227,0
-63.52233,-127.52757,0.017537914,0.017537914,0
-63.949486,-128.27856,0.40764764,0.40764764,2
-64.37297,-129.05473,0.7865696,0.7865696,3
-64.792336,-129.85822,0.96316403,0.96316403,3
-65.20744,-130.68925,0.98702,0.98702,3
-65.617905,-131.54953,0.98900324,0.98900324,3
-66.02347,-132.43988,0.9897399,0.9897399,3
-66.42379,-133.36148,0.99071044,0.99071044,3
-66.81848,-134.31581,0.99094653,0.99094653,3
-67.207306,-135.30342,0.9911356,0.9911356,3
-67.58967,-136.32654,0.99118876,0.99118876,3
-67.965454,-137.38489,0.99117905,0.99117905,3
-68.33389,-138.48157,0.9911758,0.9911758,3
-68.69499,-139.61539,0.9911765,0.9911765,3
-69.04772,-140.79025,0.99116045,0.99116045,3
-69.392235,-142.00427,0.9911747,0.9911747,3
-69.72742,-143.26129,0.9911759,0.9911759,3
-70.053314,-144.5596,0.9911753,0.9911753,3
-70.36889,-145.9022,0.991181,0.991181,3
-70.67403,-147.28796,0.9911747,0.9911747,3
-70.96781,-148.71875,0.99119884,0.99119884,3
-71.24989,-150.19392,0.9911417,0.9911417,3
-71.51957,-151.71405,0.99066013,0.99066013,3
-71.77623,-153.27893,0.9907636,0.9907636,3
-72.01941,-154.88773,0.99111533,0.99111533,3
-72.24822,-156.54056,0.9910978,0.9910978,3
-72.46252,-158.23502,0.99091876,0.99091876,3
-72.661064,-159.97144,0.9907907,0.9907907,3
-72.84413,-161.74594,0.9903937,0.9903937,3
-73.01015,-163.5587,0.99012077,0.99012077,3
-73.15976,-165.4047,0.98075175,0.98075175,3
-73.29119,-167.28339,0.9709409,0.9709409,3
-73.40528,-169.18933,0.9641583,0.9641583,3
-73.50052,-171.12048,0.956985,0.956985,3
-73.577515,-173.07172,0.95699507,0.95699507,3
-73.635216,-175.03946,0.9580594,0.9580594,3
-73.673996,-177.01889,0.9656794,0.9656794,3
-73.69332,-179.0055,0.96698326,0.96698326,3
-73.69332,179.0055,0.9584772,0.9584772,3
-73.673996,177.01889,0.9348635,0.9348635,3
-73.635216,175.03946,0.91993886,0.91993886,3
-73.577515,173.07172,0.91927665,0.91927665,3
-73.50052,171.12048,0.96418697,0.96418697,3
-73.40528,169.18933,0.9111422,0.9111422,3
-73.29119,167.28339,0.00549261,0.00549261,0
-73.15976,165.4047,0.002957467,0.002957467,0
-73.01015,163.5587,0.0010003161,0.0010003161,0
-72.84413,161.74594,0.00075633015,0.00075633015,0
-72.661064,159.97144,0.00064838835,0.00064838835,0
-72.46252,158.23502,0.0006554611,0.0006554611,0
-72.24822,156.54056,0.00065785175,0.00065785175,0
-72.01941,154.88773,0.00065701245,0.00065701245,0
-71.77623,153.27893,0.00065997307,0.00065997307,0
-71.51957,151.71405,0.00066703436,0.00066703436,0
-71.24989,150.19392,0.00066756096,0.00066756096,0
-70.96781,148.71875,0.00066266896,0.00066266896,0
-70.67403,147.28796,0.00065564696,0.00065564696,0
-70.36889,145.9022,0.0006448123,0.0006448123,0
-70.053314,144.5596,0.00065819256,0.00065819256,0
-69.72742,143.26129,0.0006537573,0.0006537573,0
-69.392235,142.00427,0.0006614878,0.0006614878,0
-69.04772,140.79025,0.0006483856,0.0006483856,0
-68.69499,139.61539,0.000658016,0.000658016,0
-68.33389,138.48157,0.00065268524,0.00065268524,0
-67.965454,137.38489,0.00066426746,0.00066426746,0
-67.58967,136.32654,0.00080196856,0.00080196856,0
-67.207306,135.30342,0.0010377982,0.0010377982,0
-66.81848,134.31581,0.003269629,0.003269629,0
-66.42379,133.36148,0.033866446,0.033866446,0
-66.02347,132.43988,0.86949193,0.86949193,3
-65.617905,131.54953,0.91410935,0.91410935,3
-65.20744,130.68925,0.9301828,0.9301828,3
-64.792336,129.85822,0.9525899,0.9525899,3
-64.37297,129.05473,0.9492195,0.9492195,3
-63.949486,128.27856,0.8740435,0.8740435,3
-63.52233,127.52757,0.8067658,0.8067658,3
-63.09156,126.80203,0.8013444,0.8013444,3
-62.657616,126.09949,0.79505974,0.79505974,3
-62.220505,125.42064,0.79959226,0.79959226,3
-61.780663,124.76292,0.77263427,0.77263427,3
-61.338093,124.12694,0.6912005,0.6912005,2
-60.893154,123.51056,0.5519762,0.5519762,2
-60.445908,122.914,0.15480682,0.15480682,1
-59.99662,122.33574,0.010086139,0.010086139,0
-59.545387,121.77554,0.0030678357,0.0030678357,0
-59.092415,121.23236,0.0010326648,0.0010326648,0
-58.63783,120.70569,0.0007727304,0.0007727304,0
-58.18177,120.19487,0.0006650371,0.0006650371,0
-57.72439,119.69912,0.00064112025,0.00064112025,0
-57.265793,119.218155,0.00063905923,0.00063905923,0
-56.80614,118.750946,0.00063768786,0.00063768786,0
-56.345493,118.29753,0.00063808245,0.00063808245,0
-55.884026,117.856705,0.0006383306,0.0006383306,0
-55.42178,117.42876,0.00063835405,0.00063835405,0
-54.958916,117.012344,0.0006383686,0.0006383686,0
-54.495483,116.607925,0.00063845626,0.00063845626,0
-54.031612,116.214226,0.0006364523,0.0006364523,0
-53.567368,115.831505,0.00063851406,0.00063851406,0
-53.102837,115.45883,0.00061591144,0.00061591144,0
-52.638107,115.09624,0.00058596703,0.00058596703,0
-52.173256,114.74307,0.0006016315,0.0006016315,0
-51.708355,114.399155,0.00078726263,0.00078726263,0
-51.483646,-115.18051,0.0012575969,0.0012575969,0
-51.944984,-115.532455,0.0009086667,0.0009086667,0
-52.40619,-115.89374,0.00062122586,0.00062122586,0
-52.867188,-116.26454,0.00063243276,0.00063243276,0
-53.3279,-116.64551,0.0006374557,0.0006374557,0
-53.788246,-117.036606,0.0006379955,0.0006379955,0
-54.24813,-117.43876,0.0006383699,0.0006383699,0
-54.707485,-117.8517,0.00063837104,0.00063837104,0
-55.166172,-118.27667,0.00063837104,0.00063837104,0
-55.624146,-118.71326,0.00063837104,0.00063837104,0
-56.08125,-119.16278,0.00063837104,0.00063837104,0
-56.537422,-119.62491,0.00063837104,0.00063837104,0
-56.992504,-120.100845,0.00063837104,0.00063837104,0
-57.446415,-120.590576,0.00063837104,0.00063837104,0
-57.899002,-121.095055,0.00063837104,0.00063837104,0
-58.35016,-121.61462,0.00063837104,0.00063837104,0
-58.79972,-122.14998,0.00063837954,0.00063837954,0
-59.247555,-122.70178,0.0006382743,0.0006382743,0
-59.693527,-123.27051,0.00063838443,0.00063838443,0
-60.137432,-123.85721,0.0006395732,0.0006395732,0
-60.579163,-124.46205,0.0006450938,0.0006450938,0
-61.018456,-125.08654,0.0006756806,0.0006756806,0
-61.455254,-125.73043,0.0006894203,0.0006894203,0
-61.889194,-126.395805,0.0007144228,0.0007144228,0
-62.320267,-127.08202,0.0007686837,0.0007686837,0
-62.748035,-127.79159,0.0012708247,0.0012708247,0
-63.172497,-128.52374,0.007163701,0.007163701,0
-63.593193,-129.2809,0.29382676,0.29382676,1
-64.010086,-130.06274,0.60105145,0.60105145,2
-64.42272,-130.87128,0.9178957,0.9178957,3
-64.83096,-131.7067,0.9840752,0.9840752,3
-65.23443,-132.57059,0.99027467,0.99027467,3
-65.63284,-133.46373,0.9902874,0.9902874,3
-66.0259,-134.38718,0.9911964,0.9911964,3
-66.4132,-135.3423,0.9911069,0.9911069,3
-66.794495,-136.32951,0.9912177,0.9912177,3
-67.169235,-137.35092,0.9911993,0.9911993,3
-67.537285,-138.40619,0.99119097,0.99119097,3
-67.89789,-139.49815,0.9911931,0.9911931,3
-68.251076,-140.62558,0.99117285,0.99117285,3
-68.595825,-141.79213,0.9911732,0.9911732,3
-68.932304,-142.99586,0.9911663,0.9911663,3
-69.259415,-144.24031,0.9911699,0.9911699,3
-69.57724,-145.52376,0.99116737,0.99116737,3
-69.88475,-146.84889,0.9911794,0.9911794,3
-70.181854,-148.21454,0.9912025,0.9912025,3
-70.46769,-149.62228,0.99125767,0.99125767,3
-70.74192,-151.07143,0.9912847,0.9912847,3
-71.003876,-152.56236,0.9908676,0.9908676,3
-71.253,-154.09477,0.9911902,0.9911902,3
-71.488846,-155.66774,0.991319,0.991319,3
-71.71059,-157.28125,0.9908207,0.9908207,3
-71.9181,-158.933,0.9912758,0.9912758,3
-72.110245,-160.62314,0.9908586,0.9908586,3
-72.28727,-162.34805,0.98973197,0.98973197,3
-72.44771,-164.10779,0.99007577,0.99007577,3
-72.5922,-165.8977,0.98046505,0.98046505,3
-72.71908,-167.71725,0.97400314,0.97400314,3
-72.829155,-169.56145,0.9673441,0.9673441,3
-72.92099,-171.42836,0.97159,0.97159,3
-72.995224,-173.31339,0.9747567,0.9747567,3
-73.050835,-175.21329,0.96755445,0.96755445,3
-73.0882,-177.12366,0.9556462,0.9556462,3
-73.10683,-179.0405,0.9576933,0.9576933,3
-73.10683,179.0405,0.94232833,0.94232833,3
-73.0882,177.12366,0.89222515,0.89222515,3
-73.050835,175.21329,0.8890111,0.8890111,3
-72.995224,173.31339,0.88226664,0.88226664,3
-72.92099,171.42836,0.8602407,0.8602407,3
-72.829155,169.56145,0.011615934,0.011615934,0
-72.71908,167.71725,0.006434239,0.006434239,0
-72.5922,165.8977,0.0014234924,0.0014234924,0
-72.44771,164.10779,0.0009216483,0.0009216483,0
-72.28727,162.34805,0.00058572664,0.00058572664,0
-72.110245,160.62314,0.00061973353,0.00061973353,0
-71.9181,158.933,0.00062172336,0.00062172336,0
-71.71059,157.28125,0.0006375612,0.0006375612,0
-71.488846,155.66774,0.0006417383,0.0006417383,0
-71.253,154.09477,0.0006636037,0.0006636037,0
-71.003876,152.56236,0.00064909447,0.00064909447,0
-70.74192,151.07143,0.00064573786,0.00064573786,0
-70.46769,149.62228,0.0006419331,0.0006419331,0
-70.181854,148.21454,0.0006623283,0.0006623283,0
-69.88475,146.84889,0.0006876571,0.0006876571,0
-69.57724,145.52376,0.0006662989,0.0006662989,0
-69.259415,144.24031,0.0006881321,0.0006881321,0
-68.932304,142.99586,0.0006299294,0.0006299294,0
-68.595825,141.79213,0.00066769845,0.00066769845,0
-68.251076,140.62558,0.0006253708,0.0006253708,0
-67.89789,139.49815,0.0008091173,0.0008091173,0
-67.537285,138.40619,0.0009897848,0.0009897848,0
-67.169235,137.35092,0.0018509431,0.0018509431,0
-66.794495,136.32951,0.016147107,0.016147107,0
-66.4132,135.3423,0.03951768,0.03951768,0
-66.0259,134.38718,0.61935085,0.61935085,2
-65.63284,133.46373,0.85592574,0.85592574,3
-65.23443,132.57059,0.90395826,0.90395826,3
-64.83096,131.7067,0.9422868,0.9422868,3
-64.42272,130.87128,0.9559067,0.9559067,3
-64.010086,130.06274,0.91759694,0.91759694,3
-63.593193,129.2809,0.8110869,0.8110869,3
-63.172497,128.52374,0.6603925,0.6603925,2
-62.748035,127.79159,0.666834,0.666834,2
-62.320267,127.08202,0.6559791,0.6559791,2
-61.889194,126.395805,0.54948974,0.54948974,2
-61.455254,125.73043,0.46880007,0.46880007,2
-61.018456,125.08654,0.40389305,0.40389305,2
-60.579163,124.46205,0.38339648,0.38339648,1
-60.137432,123.85721,0.1673068,0.1673068,1
-59.693527,123.27051,0.0053594415,0.0053594415,0
-59.247555,122.70178,0.0010591581,0.0010591581,0
-58.79972,122.14998,0.00066905934,0.00066905934,0
-58.35016,121.61462,0.0006286983,0.0006286983,0
-57.899002,121.095055,0.0006268519,0.0006268519,0
-57.446415,120.590576,0.0006311012,0.0006311012,0
-56.992504,120.100845,0.00063621515,0.00063621515,0
-56.537422,119.62491,0.0006379809,0.0006379809,0
-56.08125,119.16278,0.00063819066,0.00063819066,0
-55.624146,118.71326,0.00063835585,0.00063835585,0
-55.166172,118.27667,0.000638368,0.000638368,0
-54.707485,117.8517,0.0006383699,0.0006383699,0
-54.24813,117.43876,0.0006384559,0.0006384559,0
-53.788246,117.036606,0.0006364523,0.0006364523,0
-53.3279,116.64551,0.00063851406,0.00063851406,0
-52.867188,116.26454,0.00061591144,0.00061591144,0
-52.40619,115.89374,0.00058596703,0.00058596703,0
-51.944984,115.532455,0.0006016315,0.0006016315,0
-51.483646,115.18051,0.00078726263,0.00078726263,0
-51.252644,-115.95193,0.0012575969,0.0012575969,0
-51.71035,-116.31152,0.0009086667,0.0009086667,0
-52.167847,-116.68056,0.00062122586,0.00062122586,0
-52.62506,-117.05916,0.00063243276,0.00063243276,0
-53.081894,-117.448006,0.0006374557,0.0006374557,0
-53.538296,-117.84704,0.0006379955,0.0006379955,0
-53.994133,-118.25719,0.0006383699,0.0006383699,0
-54.449352,-118.67818,0.00063837104,0.00063837104,0
-54.903812,-119.11125,0.00063837104,0.00063837104,0
-55.357464,-119.55595,0.00063837104,0.00063837104,0
-55.810146,-120.0136,0.00063837104,0.00063837104,0
-56.261803,-120.48388,0.00063837104,0.00063837104,0
-56.712257,-120.96797,0.00063837104,0.00063837104,0
-57.16145,-121.465836,0.00063837104,0.00063837104,0
-57.609203,-121.97845,0.00063837104,0.00063837104,0
-58.055412,-122.506035,0.00063837104,0.00063837104,0
-58.49992,-123.04938,0.00063837564,0.00063837564,0
-58.94258,-123.60907,0.00063833763,0.00063833763,0
-59.38327,-124.18559,0.0006383014,0.0006383014,0
-59.821762,-124.779915,0.00063843554,0.00063843554,0
-60.257973,-125.39221,0.00063854054,0.00063854054,0
-60.691616,-126.02395,0.0006484452,0.0006484452,0
-61.122646,-126.674866,0.00064995803,0.00064995803,0
-61.550674,-127.34697,0.00062343676,0.00062343676,0
-61.975727,-128.0396,0.0007787492,0.0007787492,0
-62.397327,-128.75517,0.0012210406,0.0012210406,0
-62.815506,-129.49295,0.009920079,0.009920079,0
-63.229786,-130.25522,0.33428636,0.33428636,1
-63.640125,-131.04161,0.5788019,0.5788019,2
-64.04608,-131.85408,0.8565118,0.8565118,3
-64.447525,-132.69275,0.97538924,0.97538924,3
-64.84406,-133.55913,0.98947096,0.98947096,3
-65.235435,-134.45387,0.99064577,0.99064577,3
-65.62132,-135.37794,0.99097836,0.99097836,3
-66.00134,-136.33266,0.9910931,0.9910931,3
-66.37526,-137.3183,0.99119747,0.99119747,3
-66.742516,-138.33682,0.9911561,0.9911561,3
-67.103004,-139.38783,0.9912004,0.9912004,3
-67.45596,-140.47395,0.99118716,0.99118716,3
-67.80144,-141.59393,0.99117404,0.99117404,3
-68.13843,-142.75116,0.991181,0.991181,3
-68.46711,-143.94368,0.9911447,0.9911447,3
-68.786415,-145.17473,0.9911607,0.9911607,3
-69.09642,-146.44261,0.99117893,0.99117893,3
-69.396164,-147.74976,0.99118125,0.99118125,3
-69.68556,-149.09488,0.9911214,0.9911214,3
-69.96375,-150.47943,0.9911328,0.9911328,3
-70.23046,-151.9026,0.99074405,0.99074405,3
-70.48504,-153.36464,0.9902362,0.9902362,3
-70.726974,-154.86517,0.9907631,0.9907631,3
-70.95586,-156.4032,0.99132955,0.99132955,3
-71.17088,-157.9786,0.99134505,0.99134505,3
-71.371994,-159.58922,0.99169075,0.99169075,3
-71.558075,-161.23502,0.99122006,0.99122006,3
-71.729416,-162.91264,0.9896959,0.9896959,3
-71.88459,-164.62204,0.9906069,0.9906069,3
-72.024284,-166.35893,0.98997855,0.98997855,3
-72.14688,-168.12274,0.99011165,0.99011165,3
-72.2532,-169.9089,0.9891424,0.9891424,3
-72.341866,-171.71564,0.98759764,0.98759764,3
-72.413506,-173.53874,0.97670937,0.97670937,3
-72.46716,-175.3753,0.9632436,0.9632436,3
-72.50322,-177.22128,0.9555719,0.9555719,3
-72.52118,-179.07312,0.9469962,0.9469962,3
-72.52118,179.07312,0.95205086,0.95205086,3
-72.50322,177.22128,0.89262986,0.89262986,3
-72.46716,175.3753,0.84130704,0.84130704,3
-72.413506,173.53874,0.86356676,0.86356676,3
-72.341866,171.71564,0.9316324,0.9316324,3
-72.2532,169.9089,0.7451586,0.7451586,3
-72.14688,168.12274,0.008757421,0.008757421,0
-72.024284,166.35893,0.0020308665,0.0020308665,0
-71.88459,164.62204,0.00063822354,0.00063822354,0
-71.729416,162.91264,0.00061939843,0.00061939843,0
-71.558075,161.23502,0.00060700387,0.00060700387,0
-71.371994,159.58922,0.0006370249,0.0006370249,0
-71.17088,157.9786,0.0006286393,0.0006286393,0
-70.95586,156.4032,0.0006523979,0.0006523979,0
-70.726974,154.86517,0.0006644451,0.0006644451,0
-70.48504,153.36464,0.00068876,0.00068876,0
-70.23046,151.9026,0.0006169257,0.0006169257,0
-69.96375,150.47943,0.00068007776,0.00068007776,0
-69.68556,149.09488,0.0008549046,0.0008549046,0
-69.396164,147.74976,0.00091098656,0.00091098656,0
-69.09642,146.44261,0.0010703014,0.0010703014,0
-68.786415,145.17473,0.0010095466,0.0010095466,0
-68.46711,143.94368,0.0009775315,0.0009775315,0
-68.13843,142.75116,0.0007176952,0.0007176952,0
-67.80144,141.59393,0.0010781058,0.0010781058,0
-67.45596,140.47395,0.0015659224,0.0015659224,0
-67.103004,139.38783,0.008267167,0.008267167,0
-66.742516,138.33682,0.04059617,0.04059617,0
-66.37526,137.3183,0.5267909,0.5267909,2
-66.00134,136.33266,0.9088315,0.9088315,3
-65.62132,135.37794,0.18022382,0.18022382,1
-65.235435,134.45387,0.895503,0.895503,3
-64.84406,133.55913,0.9257613,0.9257613,3
-64.447525,132.69275,0.95004094,0.95004094,3
-64.04608,131.85408,0.9344272,0.9344272,3
-63.640125,131.04161,0.86983657,0.86983657,3
-63.229786,130.25522,0.7397329,0.7397329,3
-62.815506,129.49295,0.53591853,0.53591853,2
-62.397327,128.75517,0.6884203,0.6884203,2
-61.975727,128.0396,0.5802109,0.5802109,2
-61.550674,127.34697,0.15401208,0.15401208,1
-61.122646,126.674866,0.02437323,0.02437323,0
-60.691616,126.02395,0.022019718,0.022019718,0
-60.257973,125.39221,0.027389538,0.027389538,0
-59.821762,124.779915,0.009294307,0.009294307,0
-59.38327,124.18559,0.0017123275,0.0017123275,0
-58.94258,123.60907,0.000801267,0.000801267,0
-58.49992,123.04938,0.0006528837,0.0006528837,0
-58.055412,122.506035,0.0006341203,0.0006341203,0
-57.609203,121.97845,0.0006345928,0.0006345928,0
-57.16145,121.465836,0.00063625973,0.00063625973,0
-56.712257,120.96797,0.0006374093,0.0006374093,0
-56.261803,120.48388,0.0006381201,0.0006381201,0
-55.810146,120.0136,0.00063830777,0.00063830777,0
-55.357464,119.55595,0.0006383644,0.0006383644,0
-54.903812,119.11125,0.00063837075,0.00063837075,0
-54.449352,118.67818,0.00063837046,0.00063837046,0
-53.994133,118.25719,0.0006384559,0.0006384559,0
-53.538296,117.84704,0.0006364523,0.0006364523,0
-53.081894,117.448006,0.00063851406,0.00063851406,0
-52.62506,117.05916,0.00061591144,0.00061591144,0
-52.167847,116.68056,0.00058596703,0.00058596703,0
-51.71035,116.31152,0.0006016315,0.0006016315,0
-51.252644,115.95193,0.00078726263,0.00078726263,0
-51.015495,-116.7133,0.0012575969,0.0012575969,0
-51.46952,-117.0802,0.0009086667,0.0009086667,0
-51.92326,-117.45659,0.00062122586,0.00062122586,0
-52.376633,-117.84262,0.00063243276,0.00063243276,0
-52.829544,-118.23894,0.0006374557,0.0006374557,0
-53.281933,-118.645485,0.0006379955,0.0006379955,0
-53.733673,-119.06318,0.0006383699,0.0006383699,0
-54.184715,-119.491745,0.00063837104,0.00063837104,0
-54.634895,-119.93241,0.00063837104,0.00063837104,0
-55.08419,-120.384735,0.00063837104,0.00063837104,0
-55.532402,-120.84999,0.00063837104,0.00063837104,0
-55.9795,-121.32789,0.00063837104,0.00063837104,0
-56.4253,-121.81955,0.00063837104,0.00063837104,0
-56.869728,-122.32494,0.00063837104,0.00063837104,0
-57.312614,-122.84502,0.00063837104,0.00063837104,0
-57.75385,-123.380035,0.00063837104,0.00063837104,0
-58.19328,-123.93067,0.00063837226,0.00063837226,0
-58.63075,-124.49756,0.0006383607,0.0006383607,0
-59.06613,-125.081116,0.00063833094,0.00063833094,0
-59.499207,-125.68232,0.0006380964,0.0006380964,0
-59.929886,-126.3013,0.0006358263,0.0006358263,0
-60.35788,-126.93947,0.0006399762,0.0006399762,0
-60.78313,-127.59656,0.0006212199,0.0006212199,0
-61.205276,-128.2745,0.00060014357,0.00060014357,0
-61.624313,-128.97263,0.0006983684,0.0006983684,0
-62.039783,-129.69331,0.0012867484,0.0012867484,0
-62.451706,-130.43571,0.012375337,0.012375337,0
-62.859615,-131.2021,0.5005933,0.5005933,2
-63.263466,-131.99203,0.69751567,0.69751567,2
-63.66281,-132.80742,0.89558846,0.89558846,3
-64.05753,-133.6483,0.96136725,0.96136725,3
-64.44722,-134.51608,0.9856881,0.9856881,3
-64.83164,-135.41135,0.9901933,0.9901933,3
-65.21048,-136.33499,0.99074274,0.99074274,3
-65.58335,-137.28821,0.99115294,0.99115294,3
-65.95003,-138.27121,0.99122554,0.99122554,3
-66.30995,-139.28583,0.99111474,0.99111474,3
-66.66304,-140.33156,0.99111956,0.99111956,3
-67.008545,-141.41087,0.99106795,0.99106795,3
-67.34651,-142.52248,0.9911493,0.9911493,3
-67.67596,-143.66953,0.9911959,0.9911959,3
-67.99708,-144.85007,0.9912544,0.9912544,3
-68.30882,-146.0671,0.9912373,0.9912373,3
-68.6113,-147.31888,0.99121666,0.99121666,3
-68.90354,-148.6076,0.991214,0.991214,3
-69.18551,-149.93202,0.99113125,0.99113125,3
-69.456375,-151.29333,0.99116665,0.99116665,3
-69.71588,-152.69073,0.9907442,0.9907442,3
-69.963425,-154.12428,0.989354,0.989354,3
-70.198494,-155.5936,0.9875674,0.9875674,3
-70.420746,-157.09763,0.98823535,0.98823535,3
-70.62941,-158.6362,0.97859293,0.97859293,3
-70.82444,-160.20718,0.9902732,0.9902732,3
-71.00478,-161.81053,0.9915434,0.9915434,3
-71.17075,-163.44305,0.9906819,0.9906819,3
-71.320984,-165.10464,0.9908154,0.9908154,3
-71.45616,-166.79132,0.9908896,0.9908896,3
-71.574715,-168.50253,0.99119484,0.99119484,3
-71.677505,-170.23407,0.9908749,0.9908749,3
-71.76321,-171.98431,0.98713964,0.98713964,3
-71.83242,-173.74937,0.9732954,0.9732954,3
-71.88425,-175.52666,0.9614514,0.9614514,3
-71.91907,-177.31247,0.96173096,0.96173096,3
-71.936424,-179.10358,0.93963075,0.93963075,3
-71.936424,179.10358,0.92578346,0.92578346,3
-71.91907,177.31247,0.896772,0.896772,3
-71.88425,175.52666,0.8744004,0.8744004,3
-71.83242,173.74937,0.87375724,0.87375724,3
-71.76321,171.98431,0.8570258,0.8570258,3
-71.677505,170.23407,0.01587024,0.01587024,0
-71.574715,168.50253,0.020155719,0.020155719,0
-71.45616,166.79132,0.0027479108,0.0027479108,0
-71.320984,165.10464,0.0013196033,0.0013196033,0
-71.17075,163.44305,0.00064530567,0.00064530567,0
-71.00478,161.81053,0.00058776874,0.00058776874,0
-70.82444,160.20718,0.0006784584,0.0006784584,0
-70.62941,158.6362,0.00079412933,0.00079412933,0
-70.420746,157.09763,0.0008620761,0.0008620761,0
-70.198494,155.5936,0.0011221333,0.0011221333,0
-69.963425,154.12428,0.00094438286,0.00094438286,0
-69.71588,152.69073,0.0011441839,0.0011441839,0
-69.456375,151.29333,0.0010648435,0.0010648435,0
-69.18551,149.93202,0.002283858,0.002283858,0
-68.90354,148.6076,0.013743936,0.013743936,0
-68.6113,147.31888,0.048632152,0.048632152,0
-68.30882,146.0671,0.02167956,0.02167956,0
-67.99708,144.85007,0.0033438397,0.0033438397,0
-67.67596,143.66953,0.0020141935,0.0020141935,0
-67.34651,142.52248,0.002966138,0.002966138,0
-67.008545,141.41087,0.04072516,0.04072516,0
-66.66304,140.33156,0.34074944,0.34074944,1
-66.30995,139.28583,0.86706233,0.86706233,3
-65.95003,138.27121,0.96967643,0.96967643,3
-65.58335,137.28821,0.97851914,0.97851914,3
-65.21048,136.33499,0.969886,0.969886,3
-64.83164,135.41135,0.94913864,0.94913864,3
-64.44722,134.51608,0.9344476,0.9344476,3
-64.05753,133.6483,0.9333747,0.9333747,3
-63.66281,132.80742,0.8635375,0.8635375,3
-63.263466,131.99203,0.7129373,0.7129373,3
-62.859615,131.2021,0.49970353,0.49970353,2
-62.451706,130.43571,0.14635718,0.14635718,0
-62.039783,129.69331,0.3199909,0.3199909,1
-61.624313,128.97263,0.46115246,0.46115246,2
-61.205276,128.2745,0.110704444,0.110704444,0
-60.78313,127.59656,0.005905526,0.005905526,0
-60.35788,126.93947,0.0025681977,0.0025681977,0
-59.929886,126.3013,0.0015550924,0.0015550924,0
-59.499207,125.68232,0.0009542911,0.0009542911,0
-59.06613,125.081116,0.0007636925,0.0007636925,0
-58.63075,124.49756,0.000674517,0.000674517,0
-58.19328,123.93067,0.00064380985,0.00064380985,0
-57.75385,123.380035,0.00063676113,0.00063676113,0
-57.312614,122.84502,0.0006371414,0.0006371414,0
-56.869728,122.32494,0.00063759094,0.00063759094,0
-56.4253,121.81955,0.00063802104,0.00063802104,0
-55.9795,121.32789,0.0006382503,0.0006382503,0
-55.532402,120.84999,0.00063835405,0.00063835405,0
-55.08419,120.384735,0.0006383689,0.0006383689,0
-54.634895,119.93241,0.00063837104,0.00063837104,0
-54.184715,119.491745,0.00063837104,0.00063837104,0
-53.733673,119.06318,0.0006384559,0.0006384559,0
-53.281933,118.645485,0.0006364523,0.0006364523,0
-52.829544,118.23894,0.00063851406,0.00063851406,0
-52.376633,117.84262,0.00061591144,0.00061591144,0
-51.92326,117.45659,0.00058596703,0.00058596703,0
-51.46952,117.0802,0.0006016315,0.0006016315,0
-51.015495,116.7133,0.00078726263,0.00078726263,0
-50.77253,-117.46486,0.0012575969,0.0012575969,0
-51.222816,-117.83871,0.0009086667,0.0009086667,0
-51.67275,-118.2221,0.00062122586,0.00062122586,0
-52.122234,-118.615166,0.00063243276,0.00063243276,0
-52.57118,-119.01856,0.0006374557,0.0006374557,0
-53.019516,-119.432205,0.0006379955,0.0006379955,0
-53.467117,-119.857025,0.0006383699,0.0006383699,0
-53.913933,-120.29274,0.00063837104,0.00063837104,0
-54.359802,-120.74055,0.00063837104,0.00063837104,0
-54.804684,-121.19999,0.00063837104,0.00063837104,0
-55.248405,-121.67236,0.00063837104,0.00063837104,0
-55.690907,-122.15733,0.00063837104,0.00063837104,0
-56.132015,-122.65604,0.00063837104,0.00063837104,0
-56.57166,-123.168396,0.00063837104,0.00063837104,0
-57.00965,-123.69537,0.00063837104,0.00063837104,0
-57.445892,-124.237175,0.00063837104,0.00063837104,0
-57.880222,-124.794495,0.00063837104,0.00063837104,0
-58.312492,-125.36791,0.0006383689,0.0006383689,0
-58.74256,-125.95783,0.00063836254,0.00063836254,0
-59.170216,-126.56521,0.00063812075,0.00063812075,0
-59.595364,-127.190125,0.00063570356,0.00063570356,0
-60.017704,-127.83396,0.00063756964,0.00063756964,0
-60.437202,-128.49644,0.0006157808,0.0006157808,0
-60.853474,-129.17944,0.0005943346,0.0005943346,0
-61.266525,-129.88225,0.0007054123,0.0007054123,0
-61.6759,-130.60715,0.0014731522,0.0014731522,0
-62.08161,-131.35333,0.017786795,0.017786795,0
-62.4832,-132.12291,0.5650822,0.5650822,2
-62.88061,-132.91554,0.79175186,0.79175186,3
-63.273422,-133.73288,0.86769915,0.86769915,3
-63.661488,-134.57501,0.9248842,0.9248842,3
-64.04443,-135.44324,0.97610056,0.97610056,3
-64.42201,-136.33812,0.98993075,0.98993075,3
-64.793915,-137.26039,0.99123794,0.99123794,3
-65.15975,-138.21117,0.99121195,0.99121195,3
-65.51933,-139.1906,0.9914042,0.9914042,3
-65.87209,-140.2004,0.991356,0.991356,3
-66.21795,-141.23999,0.9912158,0.9912158,3
-66.556175,-142.31169,0.9911875,0.9911875,3
-66.886826,-143.41415,0.9910842,0.9910842,3
-67.20894,-144.55034,0.9910255,0.9910255,3
-67.52272,-145.7183,0.9903093,0.9903093,3
-67.82714,-146.9208,0.9910296,0.9910296,3
-68.12234,-148.15608,0.99115914,0.99115914,3
-68.40736,-149.42618,0.99123985,0.99123985,3
-68.68217,-150.72978,0.99117744,0.99117744,3
-68.94599,-152.06793,0.9913157,0.9913157,3
-69.1986,-153.4398,0.9913489,0.9913489,3
-69.4394,-154.84537,0.9909956,0.9909956,3
-69.66792,-156.28416,0.9904648,0.9904648,3
-69.88384,-157.75516,0.982875,0.982875,3
-70.08643,-159.2581,0.9146695,0.9146695,3
-70.27569,-160.79094,0.98004603,0.98004603,3
-70.4506,-162.35358,0.991314,0.991314,3
-70.61147,-163.943,0.99133885,0.99133885,3
-70.757034,-165.55907,0.9911493,0.9911493,3
-70.88793,-167.1981,0.99105424,0.99105424,3
-71.0027,-168.85956,0.99023426,0.99023426,3
-71.10216,-170.53955,0.9892489,0.9892489,3
-71.18506,-172.23654,0.9714227,0.9714227,3
-71.252,-173.94707,0.85423446,0.85423446,3
-71.30211,-175.66864,0.92503095,0.92503095,3
-71.33578,-177.398,0.98203397,0.98203397,3
-71.35255,-179.13214,0.9669507,0.9669507,3
-71.35255,179.13214,0.9365919,0.9365919,3
-71.33578,177.398,0.90846354,0.90846354,3
-71.30211,175.66864,0.8920776,0.8920776,3
-71.252,173.94707,0.87919325,0.87919325,3
-71.18506,172.23654,0.8982985,0.8982985,3
-71.10216,170.53955,0.9687265,0.9687265,3
-71.0027,168.85956,0.97562444,0.97562444,3
-70.88793,167.1981,0.014456057,0.014456057,0
-70.757034,165.55907,0.015018062,0.015018062,0
-70.61147,163.943,0.014158863,0.014158863,0
-70.4506,162.35358,0.020636383,0.020636383,0
-70.27569,160.79094,0.021407891,0.021407891,0
-70.08643,159.2581,0.016247291,0.016247291,0
-69.88384,157.75516,0.009023409,0.009023409,0
-69.66792,156.28416,0.009875546,0.009875546,0
-69.4394,154.84537,0.012833598,0.012833598,0
-69.1986,153.4398,0.0053904243,0.0053904243,0
-68.94599,152.06793,0.009085553,0.009085553,0
-68.68217,150.72978,0.053824153,0.053824153,0
-68.40736,149.42618,0.5731026,0.5731026,2
-68.12234,148.15608,0.7676199,0.7676199,3
-67.82714,146.9208,0.62782335,0.62782335,2
-67.52272,145.7183,0.035780918,0.035780918,0
-67.20894,144.55034,0.024973009,0.024973009,0
-66.886826,143.41415,0.043185275,0.043185275,0
-66.556175,142.31169,0.8437723,0.8437723,3
-66.21795,141.23999,0.890889,0.890889,3
-65.87209,140.2004,0.8474491,0.8474491,3
-65.51933,139.1906,0.9189501,0.9189501,3
-65.15975,138.21117,0.9455234,0.9455234,3
-64.793915,137.26039,0.9589658,0.9589658,3
-64.42201,136.33812,0.94460315,0.94460315,3
-64.04443,135.44324,0.9232427,0.9232427,3
-63.661488,134.57501,0.8372306,0.8372306,3
-63.273422,133.73288,0.69639474,0.69639474,2
-62.88061,132.91554,0.35744318,0.35744318,1
-62.4832,132.12291,0.036993146,0.036993146,0
-62.08161,131.35333,0.010376963,0.010376963,0
-61.6759,130.60715,0.017817376,0.017817376,0
-61.266525,129.88225,0.024504075,0.024504075,0
-60.853474,129.17944,0.008526221,0.008526221,0
-60.437202,128.49644,0.0022407158,0.0022407158,0
-60.017704,127.83396,0.00095456163,0.00095456163,0
-59.595364,127.190125,0.0007145964,0.0007145964,0
-59.170216,126.56521,0.0006381065,0.0006381065,0
-58.74256,125.95783,0.00062652945,0.00062652945,0
-58.312492,125.36791,0.00063315674,0.00063315674,0
-57.880222,124.794495,0.0006376788,0.0006376788,0
-57.445892,124.237175,0.0006379745,0.0006379745,0
-57.00965,123.69537,0.00063799333,0.00063799333,0
-56.57166,123.168396,0.0006381691,0.0006381691,0
-56.132015,122.65604,0.0006382871,0.0006382871,0
-55.690907,122.15733,0.00063834974,0.00063834974,0
-55.248405,121.67236,0.0006383686,0.0006383686,0
-54.804684,121.19999,0.00063837104,0.00063837104,0
-54.359802,120.74055,0.00063837075,0.00063837075,0
-53.913933,120.29274,0.00063837104,0.00063837104,0
-53.467117,119.857025,0.0006384559,0.0006384559,0
-53.019516,119.432205,0.0006364523,0.0006364523,0
-52.57118,119.01856,0.00063851406,0.00063851406,0
-52.122234,118.615166,0.00061591144,0.00061591144,0
-51.67275,118.2221,0.00058596703,0.00058596703,0
-51.222816,117.83871,0.0006016315,0.0006016315,0
-50.77253,117.46486,0.00078726263,0.00078726263,0
-50.523563,-118.20596,0.0012575969,0.0012575969,0
-50.970078,-118.58641,0.0009086667,0.0009086667,0
-51.416153,-118.976425,0.00062122586,0.00062122586,0
-51.861702,-119.376144,0.00063243276,0.00063243276,0
-52.306633,-119.78622,0.0006374557,0.0006374557,0
-52.75088,-120.206535,0.0006379955,0.0006379955,0
-53.194305,-120.638054,0.0006383699,0.0006383699,0
-53.636856,-121.080444,0.00063837104,0.00063837104,0
-54.078377,-121.534904,0.00063837104,0.00063837104,0
-54.51882,-122.001,0.00063837104,0.00063837104,0
-54.95801,-122.479965,0.00063837104,0.00063837104,0
-55.395897,-122.97148,0.00063837104,0.00063837104,0
-55.83229,-123.476654,0.00063837104,0.00063837104,0
-56.267113,-123.99542,0.00063837104,0.00063837104,0
-56.700195,-124.52868,0.00063837104,0.00063837104,0
-57.13143,-125.07666,0.00063837104,0.00063837104,0
-57.560654,-125.64001,0.00063837104,0.00063837104,0
-57.98771,-126.219284,0.00063837104,0.00063837104,0
-58.41246,-126.81489,0.00063837745,0.00063837745,0
-58.834698,-127.42772,0.0006382345,0.0006382345,0
-59.25432,-128.05783,0.00063638977,0.00063638977,0
-59.671032,-128.7066,0.0006379012,0.0006379012,0
-60.0848,-129.37369,0.00062002125,0.00062002125,0
-60.495224,-130.06091,0.00061400275,0.00061400275,0
-60.902336,-130.76758,0.0007785351,0.0007785351,0
-61.30565,-131.49588,0.0025669436,0.0025669436,0
-61.7052,-132.24496,0.054319065,0.054319065,0
-62.100525,-133.0169,0.5540432,0.5540432,2
-62.491577,-133.81126,0.6837173,0.6837173,2
-62.877922,-134.6297,0.76818943,0.76818943,3
-63.25943,-135.47218,0.89373094,0.89373094,3
-63.635735,-136.33997,0.97563136,0.97563136,3
-64.00658,-137.2335,0.98918927,0.98918927,3
-64.371666,-138.15352,0.989393,0.989393,3
-64.73062,-139.10097,0.9897041,0.9897041,3
-65.08325,-140.076,0.9907279,0.9907279,3
-65.429,-141.08012,0.99135625,0.99135625,3
-65.76781,-142.11281,0.9912231,0.9912231,3
-66.098946,-143.17615,0.99116,0.99116,3
-66.422485,-144.26881,0.99137455,0.99137455,3
-66.73749,-145.39355,0.9903432,0.9903432,3
-67.044174,-146.54843,0.98302114,0.98302114,3
-67.341515,-147.73598,0.9893345,0.9893345,3
-67.629684,-148.95451,0.9913334,0.9913334,3
-67.90774,-150.20581,0.9911913,0.9911913,3
-68.17569,-151.48859,0.99129397,0.99129397,3
-68.432755,-152.80377,0.99126583,0.99126583,3
-68.67875,-154.15047,0.9913907,0.9913907,3
-68.91309,-155.52861,0.99125504,0.99125504,3
-69.135376,-156.93768,0.9912752,0.9912752,3
-69.345276,-158.37665,0.98988533,0.98988533,3
-69.54213,-159.84521,0.98465294,0.98465294,3
-69.72591,-161.34143,0.9875168,0.9875168,3
-69.89565,-162.86511,0.9905657,0.9905657,3
-70.05172,-164.41347,0.99087536,0.99087536,3
-70.19285,-165.98633,0.9909099,0.9909099,3
-70.319725,-167.58023,0.99080455,0.99080455,3
-70.43092,-169.19467,0.9905021,0.9905021,3
-70.52726,-170.82607,0.9913049,0.9913049,3
-70.60753,-172.47302,0.9742464,0.9742464,3
-70.67233,-174.13226,0.8216414,0.8216414,3
-70.72083,-175.80164,0.92198473,0.92198473,3
-70.7534,-177.47809,0.98735785,0.98735785,3
-70.76964,-179.15887,0.9866658,0.9866658,3
-70.76964,179.15887,0.9660661,0.9660661,3
-70.7534,177.47809,0.93532634,0.93532634,3
-70.72083,175.80164,0.9068474,0.9068474,3
-70.67233,174.13226,0.9006411,0.9006411,3
-70.60753,172.47302,0.91061735,0.91061735,3
-70.52726,170.82607,0.94699836,0.94699836,3
-70.43092,169.19467,0.98760974,0.98760974,3
-70.319725,167.58023,0.9841585,0.9841585,3
-70.19285,165.98633,0.98569506,0.98569506,3
-70.05172,164.41347,0.9865254,0.9865254,3
-69.89565,162.86511,0.98309636,0.98309636,3
-69.72591,161.34143,0.9654755,0.9654755,3
-69.54213,159.84521,0.5149113,0.5149113,2
-69.345276,158.37665,0.34567925,0.34567925,1
-69.135376,156.93768,0.1509746,0.1509746,1
-68.91309,155.52861,0.5205976,0.5205976,2
-68.67875,154.15047,0.038590554,0.038590554,0
-68.432755,152.80377,0.35940936,0.35940936,1
-68.17569,151.48859,0.9591324,0.9591324,3
-67.90774,150.20581,0.9743172,0.9743172,3
-67.629684,148.95451,0.8724456,0.8724456,3
-67.341515,147.73598,0.6593843,0.6593843,2
-67.044174,146.54843,0.71502805,0.71502805,3
-66.73749,145.39355,0.75723225,0.75723225,3
-66.422485,144.26881,0.9617645,0.9617645,3
-66.098946,143.17615,0.8488137,0.8488137,3
-65.76781,142.11281,0.82386714,0.82386714,3
-65.429,141.08012,0.92845106,0.92845106,3
-65.08325,140.076,0.9505194,0.9505194,3
-64.73062,139.10097,0.93305826,0.93305826,3
-64.371666,138.15352,0.9175838,0.9175838,3
-64.00658,137.2335,0.9129549,0.9129549,3
-63.635735,136.33997,0.88794094,0.88794094,3
-63.25943,135.47218,0.76522934,0.76522934,3
-62.877922,134.6297,0.58439994,0.58439994,2
-62.491577,133.81126,0.165482,0.165482,1
-62.100525,133.0169,0.0075564403,0.0075564403,0
-61.7052,132.24496,0.0023903637,0.0023903637,0
-61.30565,131.49588,0.0018467974,0.0018467974,0
-60.902336,130.76758,0.0014185477,0.0014185477,0
-60.495224,130.06091,0.0011172652,0.0011172652,0
-60.0848,129.37369,0.0008979633,0.0008979633,0
-59.671032,128.7066,0.00073796604,0.00073796604,0
-59.25432,128.05783,0.0006646152,0.0006646152,0
-58.834698,127.42772,0.0006360648,0.0006360648,0
-58.41246,126.81489,0.00062987563,0.00062987563,0
-57.98771,126.219284,0.0006345541,0.0006345541,0
-57.560654,125.64001,0.00063744694,0.00063744694,0
-57.13143,125.07666,0.00063801644,0.00063801644,0
-56.700195,124.52868,0.0006382394,0.0006382394,0
-56.267113,123.99542,0.00063832,0.00063832,0
-55.83229,123.476654,0.00063835375,0.00063835375,0
-55.395897,122.97148,0.0006383677,0.0006383677,0
-54.95801,122.479965,0.00063837046,0.00063837046,0
-54.51882,122.001,0.00063837075,0.00063837075,0
-54.078377,121.534904,0.00063837075,0.00063837075,0
-53.636856,121.080444,0.00063837104,0.00063837104,0
-53.194305,120.638054,0.0006384559,0.0006384559,0
-52.75088,120.206535,0.0006364523,0.0006364523,0
-52.306633,119.78622,0.00063851406,0.00063851406,0
-51.861702,119.376144,0.00061591144,0.00061591144,0
-51.416153,118.976425,0.00058596703,0.00058596703,0
-50.970078,118.58641,0.0006016315,0.0006016315,0
-50.523563,118.20596,0.00078726263,0.00078726263,0
-50.269096,-118.937164,0.0012575969,0.0012575969,0
-50.711792,-119.32388,0.0009086667,0.0009086667,0
-51.153973,-119.72017,0.00062122586,0.00062122586,0
-51.59556,-120.126175,0.00063243276,0.00063243276,0
-52.03644,-120.542534,0.0006374557,0.0006374557,0
-52.476555,-120.96917,0.0006379955,0.0006379955,0
-52.91577,-121.40695,0.0006383699,0.0006383699,0
-53.35403,-121.8556,0.00063837104,0.00063837104,0
-53.791172,-122.31629,0.00063837104,0.00063837104,0
-54.227154,-122.78857,0.00063837104,0.00063837104,0
-54.66179,-123.27366,0.00063837104,0.00063837104,0
-55.095028,-123.77124,0.00063837104,0.00063837104,0
-55.52668,-124.282394,0.00063837104,0.00063837104,0
-55.956688,-124.80703,0.00063837104,0.00063837104,0
-56.384853,-125.34604,0.00063837104,0.00063837104,0
-56.811066,-125.89962,0.00063837104,0.00063837104,0
-57.235172,-126.46843,0.00063837104,0.00063837104,0
-57.65702,-127.05296,0.00063837104,0.00063837104,0
-58.076466,-127.65361,0.00063837774,0.00063837774,0
-58.493286,-128.27126,0.00063832605,0.00063832605,0
-58.9074,-128.90593,0.00063710863,0.00063710863,0
-59.3185,-129.55894,0.00063858833,0.00063858833,0
-59.726555,-130.22993,0.0006276931,0.0006276931,0
-60.131172,-130.92068,0.0006362976,0.0006362976,0
-60.53238,-131.63048,0.0008228547,0.0008228547,0
-60.92968,-132.36142,0.00468194,0.00468194,0
-61.323135,-133.11267,0.2556897,0.2556897,1
-61.712254,-133.88622,0.53659964,0.53659964,2
-62.09702,-134.68153,0.693136,0.693136,2
-62.476986,-135.50026,0.7931531,0.7931531,3
-62.852036,-136.34233,0.8751273,0.8751273,3
-63.221786,-137.2089,0.9547738,0.9547738,3
-63.58601,-138.10033,0.97783774,0.97783774,3
-63.94441,-139.0173,0.9745978,0.9745978,3
-64.296616,-139.96071,0.981687,0.981687,3
-64.64243,-140.9306,0.9894544,0.9894544,3
-64.98133,-141.9284,0.9913073,0.9913073,3
-65.31326,-142.95352,0.9912999,0.9912999,3
-65.637474,-144.00789,0.99073035,0.99073035,3
-65.95412,-145.09026,0.9901659,0.9901659,3
-66.26221,-146.20306,0.9893461,0.9893461,3
-66.562,-147.34448,0.9886929,0.9886929,3
-66.8525,-148.51683,0.9900564,0.9900564,3
-67.13386,-149.71841,0.9910971,0.9910971,3
-67.40521,-150.95088,0.9913483,0.9913483,3
-67.66654,-152.21295,0.9912202,0.9912202,3
-67.917114,-153.50539,0.99130076,0.99130076,3
-68.15675,-154.82733,0.99145013,0.99145013,3
-68.38493,-156.17863,0.99148166,0.99148166,3
-68.60124,-157.55875,0.99116325,0.99116325,3
-68.80539,-158.96664,0.99141085,0.99141085,3
-68.99674,-160.40201,0.99142855,0.99142855,3
-69.17529,-161.86296,0.9914255,0.9914255,3
-69.34016,-163.3493,0.9913536,0.9913536,3
-69.49165,-164.8584,0.99142635,0.99142635,3
-69.62859,-166.39005,0.9912089,0.9912089,3
-69.751656,-167.94104,0.99134713,0.99134713,3
-69.85947,-169.51088,0.9912486,0.9912486,3
-69.95285,-171.09625,0.99127567,0.99127567,3
-70.03063,-172.69589,0.98858845,0.98858845,3
-70.09341,-174.3068,0.9846503,0.9846503,3
-70.140396,-175.9269,0.9867115,0.9867115,3
-70.17194,-177.5535,0.9893554,0.9893554,3
-70.18765,-179.18405,0.9893092,0.9893092,3
-70.18765,179.18405,0.98620284,0.98620284,3
-70.17194,177.5535,0.9660127,0.9660127,3
-70.140396,175.9269,0.93644315,0.93644315,3
-70.09341,174.3068,0.9125745,0.9125745,3
-70.03063,172.69589,0.9184585,0.9184585,3
-69.95285,171.09625,0.92867327,0.92867327,3
-69.85947,169.51088,0.9507601,0.9507601,3
-69.751656,167.94104,0.9799042,0.9799042,3
-69.62859,166.39005,0.98763615,0.98763615,3
-69.49165,164.8584,0.98858076,0.98858076,3
-69.34016,163.3493,0.99060845,0.99060845,3
-69.17529,161.86296,0.9894825,0.9894825,3
-68.99674,160.40201,0.98382425,0.98382425,3
-68.80539,158.96664,0.97307456,0.97307456,3
-68.60124,157.55875,0.9804205,0.9804205,3
-68.38493,156.17863,0.9822711,0.9822711,3
-68.15675,154.82733,0.9813472,0.9813472,3
-67.917114,153.50539,0.9828572,0.9828572,3
-67.66654,152.21295,0.9866123,0.9866123,3
-67.40521,150.95088,0.98908347,0.98908347,3
-67.13386,149.71841,0.9505494,0.9505494,3
-66.8525,148.51683,0.7064727,0.7064727,3
-66.562,147.34448,0.73435444,0.73435444,3
-66.26221,146.20306,0.81682634,0.81682634,3
-65.95412,145.09026,0.97375125,0.97375125,3
-65.637474,144.00789,0.9738133,0.9738133,3
-65.31326,142.95352,0.9241247,0.9241247,3
-64.98133,141.9284,0.930847,0.930847,3
-64.64243,140.9306,0.92282015,0.92282015,3
-64.296616,139.96071,0.899079,0.899079,3
-63.94441,139.0173,0.8958631,0.8958631,3
-63.58601,138.10033,0.896555,0.896555,3
-63.221786,137.2089,0.88301426,0.88301426,3
-62.852036,136.34233,0.8073876,0.8073876,3
-62.476986,135.50026,0.5871129,0.5871129,2
-62.09702,134.68153,0.08109382,0.08109382,0
-61.712254,133.88622,0.0049044723,0.0049044723,0
-61.323135,133.11267,0.0015259165,0.0015259165,0
-60.92968,132.36142,0.0008050412,0.0008050412,0
-60.53238,131.63048,0.00071614503,0.00071614503,0
-60.131172,130.92068,0.0006700538,0.0006700538,0
-59.726555,130.22993,0.0006507241,0.0006507241,0
-59.3185,129.55894,0.00063524087,0.00063524087,0
-58.9074,128.90593,0.00063647534,0.00063647534,0
-58.493286,128.27126,0.00063633616,0.00063633616,0
-58.076466,127.65361,0.00063609023,0.00063609023,0
-57.65702,127.05296,0.00063687796,0.00063687796,0
-57.235172,126.46843,0.00063779607,0.00063779607,0
-56.811066,125.89962,0.0006381797,0.0006381797,0
-56.384853,125.34604,0.0006383242,0.0006383242,0
-55.956688,124.80703,0.0006383634,0.0006383634,0
-55.52668,124.282394,0.000638368,0.000638368,0
-55.095028,123.77124,0.00063837075,0.00063837075,0
-54.66179,123.27366,0.00063837104,0.00063837104,0
-54.227154,122.78857,0.00063837104,0.00063837104,0
-53.791172,122.31629,0.00063837104,0.00063837104,0
-53.35403,121.8556,0.00063837104,0.00063837104,0
-52.91577,121.40695,0.0006384559,0.0006384559,0
-52.476555,120.96917,0.0006364523,0.0006364523,0
-52.03644,120.542534,0.00063851406,0.00063851406,0
-51.59556,120.126175,0.00061591144,0.00061591144,0
-51.153973,119.72017,0.00058596703,0.00058596703,0
-50.711792,119.32388,0.0006016315,0.0006016315,0
-50.269096,118.937164,0.00078726263,0.00078726263,0
-50.00908,-119.6581,0.0012575969,0.0012575969,0
-50.44792,-120.05073,0.0009086667,0.0009086667,0
-50.88617,-120.45295,0.00062122586,0.00062122586,0
-51.323753,-120.86488,0.00063243276,0.00063243276,0
-51.76055,-121.287155,0.0006374557,0.0006374557,0
-52.196518,-121.71967,0.0006379955,0.0006379955,0
-52.631485,-122.16334,0.0006383699,0.0006383699,0
-53.065437,-122.61781,0.00063837104,0.00063837104,0
-53.49817,-123.084305,0.00063837104,0.00063837104,0
-53.929672,-123.5623,0.00063837104,0.00063837104,0
-54.359726,-124.05305,0.00063837104,0.00063837104,0
-54.78831,-124.5562,0.00063837104,0.00063837104,0
-55.215218,-125.07281,0.00063837104,0.00063837104,0
-55.64038,-125.6028,0.00063837104,0.00063837104,0
-56.063614,-126.14702,0.00063837104,0.00063837104,0
-56.484818,-126.70565,0.00063837104,0.00063837104,0
-56.90381,-127.27932,0.00063837104,0.00063837104,0
-57.32045,-127.868546,0.00063837104,0.00063837104,0
-57.734592,-128.47363,0.00063837535,0.00063837535,0
-58.146027,-129.09546,0.00063837017,0.00063837017,0
-58.55465,-129.73404,0.00063764927,0.00063764927,0
-58.960167,-130.39062,0.00063896884,0.00063896884,0
-59.362556,-131.06487,0.00063343055,0.00063343055,0
-59.7614,-131.75845,0.00065456936,0.00065456936,0
-60.15674,-132.47066,0.0008093621,0.0008093621,0
-60.548088,-133.20352,0.0015632228,0.0015632228,0
-60.935505,-133.9562,0.02155111,0.02155111,0
-61.318497,-134.73059,0.21311152,0.21311152,1
-61.697052,-135.52618,0.51065177,0.51065177,2
-62.070724,-136.34447,0.7103718,0.7103718,3
-62.439407,-137.18536,0.8385824,0.8385824,3
-62.802723,-138.04996,0.9014515,0.9014515,3
-63.160442,-138.9386,0.91093725,0.91093725,3
-63.512283,-139.85184,0.9371191,0.9371191,3
-63.857876,-140.79051,0.9556515,0.9556515,3
-64.19704,-141.75461,0.98524785,0.98524785,3
-64.52925,-142.74545,0.9902175,0.9902175,3
-64.85448,-143.76245,0.9910007,0.9910007,3
-65.17197,-144.80737,0.98873633,0.98873633,3
-65.48188,-145.87894,0.9792708,0.9792708,3
-65.783264,-146.97946,0.97604203,0.97604203,3
-66.076385,-148.10712,0.9725175,0.9725175,3
-66.36026,-149.26405,0.9794068,0.9794068,3
-66.63507,-150.44862,0.98402125,0.98402125,3
-66.89994,-151.6623,0.9891349,0.9891349,3
-67.1549,-152.90381,0.99039817,0.99039817,3
-67.39925,-154.17381,0.9903094,0.9903094,3
-67.6328,-155.47147,0.99090844,0.99090844,3
-67.855064,-156.79657,0.9909887,0.9909887,3
-68.06565,-158.14853,0.9914051,0.9914051,3
-68.26431,-159.52634,0.9912924,0.9912924,3
-68.45043,-160.92969,0.9915207,0.9915207,3
-68.62402,-162.35677,0.9914607,0.9914607,3
-68.78423,-163.80733,0.99144405,0.99144405,3
-68.93139,-165.27892,0.9915896,0.9915896,3
-69.064354,-166.77133,0.9910999,0.9910999,3
-69.18381,-168.28156,0.9907164,0.9907164,3
-69.28843,-169.80913,0.9907504,0.9907504,3
-69.37901,-171.35097,0.9910294,0.9910294,3
-69.454445,-172.9059,0.9909889,0.9909889,3
-69.51531,-174.47113,0.99111825,0.99111825,3
-69.56087,-176.04486,0.9913061,0.9913061,3
-69.59145,-177.62448,0.9911103,0.9911103,3
-69.60669,-179.20776,0.99092734,0.99092734,3
-69.60669,179.20776,0.99051684,0.99051684,3
-69.59145,177.62448,0.9890155,0.9890155,3
-69.56087,176.04486,0.9847055,0.9847055,3
-69.51531,174.47113,0.96243674,0.96243674,3
-69.454445,172.9059,0.951615,0.951615,3
-69.37901,171.35097,0.9444813,0.9444813,3
-69.28843,169.80913,0.95837504,0.95837504,3
-69.18381,168.28156,0.9659625,0.9659625,3
-69.064354,166.77133,0.9715324,0.9715324,3
-68.93139,165.27892,0.9860195,0.9860195,3
-68.78423,163.80733,0.9879743,0.9879743,3
-68.62402,162.35677,0.98383397,0.98383397,3
-68.45043,160.92969,0.9867757,0.9867757,3
-68.26431,159.52634,0.9838817,0.9838817,3
-68.06565,158.14853,0.9807427,0.9807427,3
-67.855064,156.79657,0.9875729,0.9875729,3
-67.6328,155.47147,0.9894795,0.9894795,3
-67.39925,154.17381,0.9914819,0.9914819,3
-67.1549,152.90381,0.988108,0.988108,3
-66.89994,151.6623,0.9862222,0.9862222,3
-66.63507,150.44862,0.98262066,0.98262066,3
-66.36026,149.26405,0.9164232,0.9164232,3
-66.076385,148.10712,0.8554986,0.8554986,3
-65.783264,146.97946,0.9388053,0.9388053,3
-65.48188,145.87894,0.96414554,0.96414554,3
-65.17197,144.80737,0.9511752,0.9511752,3
-64.85448,143.76245,0.9224104,0.9224104,3
-64.52925,142.74545,0.90814096,0.90814096,3
-64.19704,141.75461,0.86429286,0.86429286,3
-63.857876,140.79051,0.8642541,0.8642541,3
-63.512283,139.85184,0.88731945,0.88731945,3
-63.160442,138.9386,0.8683478,0.8683478,3
-62.802723,138.04996,0.8032284,0.8032284,3
-62.439407,137.18536,0.63540405,0.63540405,2
-62.070724,136.34447,0.4778721,0.4778721,2
-61.697052,135.52618,0.23236974,0.23236974,1
-61.318497,134.73059,0.0080490485,0.0080490485,0
-60.935505,133.9562,0.0012350214,0.0012350214,0
-60.548088,133.20352,0.0007393601,0.0007393601,0
-60.15674,132.47066,0.0006814058,0.0006814058,0
-59.7614,131.75845,0.0006510262,0.0006510262,0
-59.362556,131.06487,0.00063262566,0.00063262566,0
-58.960167,130.39062,0.00063163944,0.00063163944,0
-58.55465,129.73404,0.00063653657,0.00063653657,0
-58.146027,129.09546,0.00063780823,0.00063780823,0
-57.734592,128.47363,0.00063795445,0.00063795445,0
-57.32045,127.868546,0.0006380417,0.0006380417,0
-56.90381,127.27932,0.0006381709,0.0006381709,0
-56.484818,126.70565,0.00063832,0.00063832,0
-56.063614,126.14702,0.0006383598,0.0006383598,0
-55.64038,125.6028,0.00063837017,0.00063837017,0
-55.215218,125.07281,0.00063837075,0.00063837075,0
-54.78831,124.5562,0.00063837075,0.00063837075,0
-54.359726,124.05305,0.00063837104,0.00063837104,0
-53.929672,123.5623,0.00063837104,0.00063837104,0
-53.49817,123.084305,0.00063837104,0.00063837104,0
-53.065437,122.61781,0.00063837104,0.00063837104,0
-52.631485,122.16334,0.0006384559,0.0006384559,0
-52.196518,121.71967,0.0006364523,0.0006364523,0
-51.76055,121.287155,0.00063851406,0.00063851406,0
-51.323753,120.86488,0.00061591144,0.00061591144,0
-50.88617,120.45295,0.00058596703,0.00058596703,0
-50.44792,120.05073,0.0006016315,0.0006016315,0
-50.00908,119.6581,0.00078726263,0.00078726263,0
-49.743717,-120.368835,0.0012575969,0.0012575969,0
-50.178673,-120.76705,0.0009086667,0.0009086667,0
-50.61297,-121.17486,0.00062122586,0.00062122586,0
-51.046516,-121.592354,0.00063243276,0.00063243276,0
-51.479214,-122.02018,0.0006374557,0.0006374557,0
-51.910988,-122.458206,0.0006379955,0.0006379955,0
-52.3417,-122.907364,0.0006383699,0.0006383699,0
-52.771305,-123.367256,0.00063837104,0.00063837104,0
-53.199615,-123.839096,0.00063837104,0.00063837104,0
-53.626614,-124.3224,0.00063837104,0.00063837104,0
-54.052086,-124.818344,0.00063837104,0.00063837104,0
-54.475998,-125.326584,0.00063837104,0.00063837104,0
-54.898148,-125.84819,0.00063837104,0.00063837104,0
-55.318478,-126.383026,0.00063837104,0.00063837104,0
-55.73678,-126.93194,0.00063837104,0.00063837104,0
-56.152966,-127.49511,0.00063837104,0.00063837104,0
-56.566853,-128.07312,0.00063837104,0.00063837104,0
-56.978302,-128.66644,0.00063837104,0.00063837104,0
-57.38716,-129.27539,0.00063837256,0.00063837256,0
-57.79322,-129.90083,0.0006383811,0.0006383811,0
-58.196392,-130.54271,0.0006380286,0.0006380286,0
-58.59636,-131.20226,0.0006387831,0.0006387831,0
-58.993103,-131.8791,0.00063609664,0.00063609664,0
-59.386223,-132.57487,0.0006630376,0.0006630376,0
-59.775764,-133.28886,0.00069975783,0.00069975783,0
-60.16122,-134.02301,0.0007963463,0.0007963463,0
-60.542664,-134.77646,0.0017388603,0.0017388603,0
-60.9196,-135.55101,0.017391123,0.017391123,0
-61.29203,-136.34616,0.32177982,0.32177982,1
-61.659504,-137.16335,0.54526883,0.54526883,2
-62.02192,-138.00244,0.71259546,0.71259546,3
-62.37891,-138.86443,0.80708647,0.80708647,3
-62.730247,-139.7496,0.8470829,0.8470829,3
-63.075657,-140.6585,0.91601783,0.91601783,3
-63.414776,-141.59183,0.95470977,0.95470977,3
-63.747437,-142.54959,0.98635614,0.98635614,3
-64.07312,-143.53299,0.9856947,0.9856947,3
-64.391785,-144.54135,0.9857497,0.9857497,3
-64.70275,-145.5764,0.9793464,0.9793464,3
-65.006134,-146.63681,0.97502905,0.97502905,3
-65.30101,-147.72476,0.97654414,0.97654414,3
-65.58767,-148.83847,0.9792007,0.9792007,3
-65.865135,-149.97987,0.9693552,0.9693552,3
-66.133606,-151.1474,0.9312112,0.9312112,3
-66.39224,-152.34236,0.9450546,0.9450546,3
-66.64107,-153.56354,0.97488517,0.97488517,3
-66.879425,-154.8115,0.9731833,0.9731833,3
-67.107124,-156.08536,0.98389083,0.98389083,3
-67.32372,-157.38487,0.98588145,0.98588145,3
-67.52885,-158.70949,0.9904642,0.9904642,3
-67.72227,-160.0582,0.98645675,0.98645675,3
-67.90338,-161.43066,0.9881639,0.9881639,3
-68.07225,-162.82516,0.98507196,0.98507196,3
-68.22802,-164.24142,0.98779964,0.98779964,3
-68.371056,-165.67719,0.9899075,0.9899075,3
-68.500244,-167.13217,0.9904882,0.9904882,3
-68.61627,-168.6036,0.98937464,0.98937464,3
-68.717865,-170.09103,0.98750466,0.98750466,3
-68.8058,-171.59161,0.98973936,0.98973936,3
-68.87901,-173.10422,0.99159396,0.99159396,3
-68.93808,-174.6263,0.9911806,0.9911806,3
-68.98228,-176.15617,0.9911543,0.9911543,3
-69.01195,-177.69148,0.99125165,0.99125165,3
-69.026726,-179.23012,0.9911015,0.9911015,3
-69.026726,179.23012,0.99103373,0.99103373,3
-69.01195,177.69148,0.99100834,0.99100834,3
-68.98228,176.15617,0.99035674,0.99035674,3
-68.93808,174.6263,0.98899394,0.98899394,3
-68.87901,173.10422,0.9865241,0.9865241,3
-68.8058,171.59161,0.9816877,0.9816877,3
-68.717865,170.09103,0.97549146,0.97549146,3
-68.61627,168.6036,0.97987515,0.97987515,3
-68.500244,167.13217,0.9811835,0.9811835,3
-68.371056,165.67719,0.9814844,0.9814844,3
-68.22802,164.24142,0.9817218,0.9817218,3
-68.07225,162.82516,0.9809063,0.9809063,3
-67.90338,161.43066,0.984574,0.984574,3
-67.72227,160.0582,0.98621017,0.98621017,3
-67.52885,158.70949,0.9828971,0.9828971,3
-67.32372,157.38487,0.9808303,0.9808303,3
-67.107124,156.08536,0.9832343,0.9832343,3
-66.879425,154.8115,0.98492604,0.98492604,3
-66.64107,153.56354,0.98310226,0.98310226,3
-66.39224,152.34236,0.9856749,0.9856749,3
-66.133606,151.1474,0.9867654,0.9867654,3
-65.865135,149.97987,0.97939634,0.97939634,3
-65.58767,148.83847,0.97808576,0.97808576,3
-65.30101,147.72476,0.97778666,0.97778666,3
-65.006134,146.63681,0.9428783,0.9428783,3
-64.70275,145.5764,0.89302593,0.89302593,3
-64.391785,144.54135,0.8511337,0.8511337,3
-64.07312,143.53299,0.83927613,0.83927613,3
-63.747437,142.54959,0.81871676,0.81871676,3
-63.414776,141.59183,0.8257499,0.8257499,3
-63.075657,140.6585,0.8474567,0.8474567,3
-62.730247,139.7496,0.70522434,0.70522434,3
-62.37891,138.86443,0.6368625,0.6368625,2
-62.02192,138.00244,0.5273447,0.5273447,2
-61.659504,137.16335,0.13432619,0.13432619,0
-61.29203,136.34616,0.011019222,0.011019222,0
-60.9196,135.55101,0.0029459707,0.0029459707,0
-60.542664,134.77646,0.0009555836,0.0009555836,0
-60.16122,134.02301,0.0007027983,0.0007027983,0
-59.775764,133.28886,0.00064896484,0.00064896484,0
-59.386223,132.57487,0.00063886255,0.00063886255,0
-58.993103,131.8791,0.00063683395,0.00063683395,0
-58.59636,131.20226,0.0006365491,0.0006365491,0
-58.196392,130.54271,0.0006376049,0.0006376049,0
-57.79322,129.90083,0.0006381019,0.0006381019,0
-57.38716,129.27539,0.0006382576,0.0006382576,0
-56.978302,128.66644,0.0006383093,0.0006383093,0
-56.566853,128.07312,0.00063833914,0.00063833914,0
-56.152966,127.49511,0.0006383592,0.0006383592,0
-55.73678,126.93194,0.00063837017,0.00063837017,0
-55.318478,126.383026,0.00063837104,0.00063837104,0
-54.898148,125.84819,0.00063837104,0.00063837104,0
-54.475998,125.326584,0.00063837104,0.00063837104,0
-54.052086,124.818344,0.00063837104,0.00063837104,0
-53.626614,124.3224,0.00063837104,0.00063837104,0
-53.199615,123.839096,0.00063837104,0.00063837104,0
-52.771305,123.367256,0.00063837104,0.00063837104,0
-52.3417,122.907364,0.0006384559,0.0006384559,0
-51.910988,122.458206,0.0006364523,0.0006364523,0
-51.479214,122.02018,0.00063851406,0.00063851406,0
-51.046516,121.592354,0.00061591144,0.00061591144,0
-50.61297,121.17486,0.00058596703,0.00058596703,0
-50.178673,120.76705,0.0006016315,0.0006016315,0
-49.743717,120.368835,0.00078726263,0.00078726263,0
-49.47326,-121.069565,0.0012575969,0.0012575969,0
-49.9043,-121.47305,0.0009086667,0.0009086667,0
-50.33461,-121.886116,0.00062122586,0.00062122586,0
-50.764107,-122.30885,0.00063243276,0.00063243276,0
-51.19267,-122.74187,0.0006374557,0.0006374557,0
-51.62024,-123.18504,0.0006379955,0.0006379955,0
-52.04667,-123.63928,0.0006383699,0.0006383699,0
-52.471924,-124.104225,0.00063837104,0.00063837104,0
-52.895798,-124.58103,0.00063837104,0.00063837104,0
-53.31828,-125.0692,0.00063837104,0.00063837104,0
-53.739155,-125.56992,0.00063837104,0.00063837104,0
-54.158398,-126.08284,0.00063837104,0.00063837104,0
-54.57579,-126.60896,0.00063837104,0.00063837104,0
-54.99127,-127.148186,0.00063837104,0.00063837104,0
-55.404655,-127.70131,0.00063837104,0.00063837104,0
-55.81583,-128.2685,0.00063837104,0.00063837104,0
-56.224632,-128.85033,0.00063837104,0.00063837104,0
-56.630898,-129.44724,0.00063837104,0.00063837104,0
-57.0345,-130.05954,0.000638372,0.000638372,0
-57.43521,-130.688,0.00063837925,0.00063837925,0
-57.832954,-131.33261,0.0006382147,0.0006382147,0
-58.227417,-131.99455,0.00063841185,0.00063841185,0
-58.618572,-132.67345,0.0006381429,0.0006381429,0
-59.006012,-133.37083,0.0006556388,0.0006556388,0
-59.389797,-134.08598,0.00066352624,0.00066352624,0
-59.769424,-134.8208,0.00069178833,0.00069178833,0
-60.144966,-135.57442,0.0010795394,0.0010795394,0
-60.515938,-136.34854,0.0053512016,0.0053512016,0
-60.88232,-137.14268,0.21913795,0.21913795,1
-61.243687,-137.95816,0.56806856,0.56806856,2
-61.59994,-138.79485,0.7407191,0.7407191,3
-61.950714,-139.65364,0.79901206,0.79901206,3
-62.29579,-140.53479,0.86353797,0.86353797,3
-62.6349,-141.4388,0.94876456,0.94876456,3
-62.967678,-142.3663,0.9776258,0.9776258,3
-63.29398,-143.31723,0.98647666,0.98647666,3
-63.61329,-144.29271,0.987143,0.987143,3
-63.925583,-145.29211,0.9867372,0.9867372,3
-64.23018,-146.31691,0.985606,0.985606,3
-64.527214,-147.36592,0.988225,0.988225,3
-64.81577,-148.44107,0.98298335,0.98298335,3
-65.09617,-149.54068,0.9734172,0.9734172,3
-65.367424,-150.6665,0.9748001,0.9748001,3
-65.629776,-151.81705,0.9579935,0.9579935,3
-65.88239,-152.99347,0.9021156,0.9021156,3
-66.12531,-154.19456,0.85964626,0.85964626,3
-66.35789,-155.42085,0.8218944,0.8218944,3
-66.57999,-156.67139,0.8919045,0.8919045,3
-66.79114,-157.94598,0.9648273,0.9648273,3
-66.99103,-159.24403,0.98338586,0.98338586,3
-67.17941,-160.56459,0.9834167,0.9834167,3
-67.35576,-161.90726,0.98590964,0.98590964,3
-67.52011,-163.27042,0.97720873,0.97720873,3
-67.671646,-164.6538,0.98314214,0.98314214,3
-67.81075,-166.05524,0.98070586,0.98070586,3
-67.93636,-167.47447,0.9774789,0.9774789,3
-68.04913,-168.90892,0.972195,0.972195,3
-68.14784,-170.35814,0.97206694,0.97206694,3
-68.23325,-171.8195,0.9716779,0.9716779,3
-68.304375,-173.29196,0.9895957,0.9895957,3
-68.36173,-174.77315,0.9916271,0.9916271,3
-68.404625,-176.2615,0.9914273,0.9914273,3
-68.43343,-177.75485,0.99123716,0.99123716,3
-68.447784,-179.25128,0.9910391,0.9910391,3
-68.447784,179.25128,0.9909636,0.9909636,3
-68.43343,177.75485,0.99059606,0.99059606,3
-68.404625,176.2615,0.9879892,0.9879892,3
-68.36173,174.77315,0.9884172,0.9884172,3
-68.304375,173.29196,0.99000716,0.99000716,3
-68.23325,171.8195,0.9854494,0.9854494,3
-68.14784,170.35814,0.9892741,0.9892741,3
-68.04913,168.90892,0.99000764,0.99000764,3
-67.93636,167.47447,0.9900148,0.9900148,3
-67.81075,166.05524,0.9878869,0.9878869,3
-67.671646,164.6538,0.9621859,0.9621859,3
-67.52011,163.27042,0.96689,0.96689,3
-67.35576,161.90726,0.97140604,0.97140604,3
-67.17941,160.56459,0.9869474,0.9869474,3
-66.99103,159.24403,0.99108535,0.99108535,3
-66.79114,157.94598,0.9896219,0.9896219,3
-66.57999,156.67139,0.9709283,0.9709283,3
-66.35789,155.42085,0.9795177,0.9795177,3
-66.12531,154.19456,0.9789556,0.9789556,3
-65.88239,152.99347,0.9843805,0.9843805,3
-65.629776,151.81705,0.9864898,0.9864898,3
-65.367424,150.6665,0.982105,0.982105,3
-65.09617,149.54068,0.9870805,0.9870805,3
-64.81577,148.44107,0.97006005,0.97006005,3
-64.527214,147.36592,0.90930504,0.90930504,3
-64.23018,146.31691,0.85725415,0.85725415,3
-63.925583,145.29211,0.81961435,0.81961435,3
-63.61329,144.29271,0.8160701,0.8160701,3
-63.29398,143.31723,0.78074443,0.78074443,3
-62.967678,142.3663,0.73715717,0.73715717,3
-62.6349,141.4388,0.63855726,0.63855726,2
-62.29579,140.53479,0.29183713,0.29183713,1
-61.950714,139.65364,0.2875947,0.2875947,1
-61.59994,138.79485,0.3133676,0.3133676,1
-61.243687,137.95816,0.03036777,0.03036777,0
-60.88232,137.14268,0.0030316678,0.0030316678,0
-60.515938,136.34854,0.0012286017,0.0012286017,0
-60.144966,135.57442,0.0007887615,0.0007887615,0
-59.769424,134.8208,0.0006728409,0.0006728409,0
-59.389797,134.08598,0.0006430301,0.0006430301,0
-59.006012,133.37083,0.00063835585,0.00063835585,0
-58.618572,132.67345,0.00063817186,0.00063817186,0
-58.227417,131.99455,0.0006381256,0.0006381256,0
-57.832954,131.33261,0.0006380821,0.0006380821,0
-57.43521,130.688,0.00063824514,0.00063824514,0
-57.0345,130.05954,0.0006383236,0.0006383236,0
-56.630898,129.44724,0.00063835614,0.00063835614,0
-56.224632,128.85033,0.00063836586,0.00063836586,0
-55.81583,128.2685,0.0006383696,0.0006383696,0
-55.404655,127.70131,0.00063837075,0.00063837075,0
-54.99127,127.148186,0.00063837104,0.00063837104,0
-54.57579,126.60896,0.00063837104,0.00063837104,0
-54.158398,126.08284,0.00063837104,0.00063837104,0
-53.739155,125.56992,0.00063837104,0.00063837104,0
-53.31828,125.0692,0.00063837104,0.00063837104,0
-52.895798,124.58103,0.00063837104,0.00063837104,0
-52.471924,124.104225,0.00063837104,0.00063837104,0
-52.04667,123.63928,0.0006384559,0.0006384559,0
-51.62024,123.18504,0.0006364523,0.0006364523,0
-51.19267,122.74187,0.00063851406,0.00063851406,0
-50.764107,122.30885,0.00061591144,0.00061591144,0
-50.33461,121.886116,0.00058596703,0.00058596703,0
-49.9043,121.47305,0.0006016315,0.0006016315,0
-49.47326,121.069565,0.00078726263,0.00078726263,0
-49.197617,-121.75983,0.0012575969,0.0012575969,0
-49.624725,-122.168274,0.0009086667,0.0009086667,0
-50.051025,-122.58624,0.00062122586,0.00062122586,0
-50.47644,-123.01386,0.00063243276,0.00063243276,0
-50.900856,-123.451706,0.0006374557,0.0006374557,0
-51.32421,-123.89968,0.0006379955,0.0006379955,0
-51.746346,-124.35863,0.0006383699,0.0006383699,0
-52.16723,-124.82822,0.00063837104,0.00063837104,0
-52.586655,-125.309586,0.00063837104,0.00063837104,0
-53.00462,-125.8022,0.00063837104,0.00063837104,0
-53.420895,-126.307274,0.00063837104,0.00063837104,0
-53.835457,-126.8244,0.00063837104,0.00063837104,0
-54.248096,-127.3546,0.00063837104,0.00063837104,0
-54.658745,-127.897736,0.00063837104,0.00063837104,0
-55.067215,-128.45459,0.00063837104,0.00063837104,0
-55.473396,-129.0253,0.00063837104,0.00063837104,0
-55.877125,-129.61044,0.00063837104,0.00063837104,0
-56.278244,-130.21043,0.00063837104,0.00063837104,0
-56.676613,-130.82553,0.00063837104,0.00063837104,0
-57.072014,-131.45651,0.00063837535,0.00063837535,0
-57.464363,-132.10332,0.00063831295,0.00063831295,0
-57.853355,-132.76709,0.0006383504,0.0006383504,0
-58.238968,-133.44743,0.0006382205,0.0006382205,0
-58.620792,-134.14584,0.0006457323,0.0006457323,0
-58.998894,-134.8616,0.00065635564,0.00065635564,0
-59.372757,-135.59651,0.0006554423,0.0006554423,0
-59.742477,-136.34972,0.0009843995,0.0009843995,0
-60.107544,-137.12286,0.0034016585,0.0034016585,0
-60.467987,-137.91537,0.10608376,0.10608376,0
-60.823353,-138.72858,0.43355846,0.43355846,2
-61.17355,-139.56229,0.67359245,0.67359245,2
-61.518223,-140.41736,0.7491047,0.7491047,3
-61.857162,-141.294,0.8366307,0.8366307,3
-62.190098,-142.19263,0.95240957,0.95240957,3
-62.516685,-143.11383,0.97136176,0.97136176,3
-62.83678,-144.0575,0.9734683,0.9734683,3
-63.14988,-145.02467,0.9828597,0.9828597,3
-63.45597,-146.01471,0.9893929,0.9893929,3
-63.754368,-147.02902,0.9862592,0.9862592,3
-64.045235,-148.06635,0.99018073,0.99018073,3
-64.32768,-149.12859,0.9906459,0.9906459,3
-64.602005,-150.214,0.98851776,0.98851776,3
-64.86727,-151.32428,0.98264503,0.98264503,3
-65.12372,-152.45793,0.97174287,0.97174287,3
-65.370514,-153.61601,0.85471934,0.85471934,3
-65.60776,-154.79733,0.73708963,0.73708963,3
-65.834785,-156.00235,0.7487889,0.7487889,3
-66.05149,-157.23016,0.8044468,0.8044468,3
-66.25744,-158.48053,0.78692156,0.78692156,3
-66.4523,-159.75285,0.80155754,0.80155754,3
-66.6359,-161.04617,0.9585487,0.9585487,3
-66.807686,-162.36014,0.97998637,0.97998637,3
-66.96772,-163.69318,0.97765315,0.97765315,3
-67.11524,-165.04504,0.9716371,0.9716371,3
-67.2506,-166.41367,0.96191007,0.96191007,3
-67.37279,-167.79881,0.98170125,0.98170125,3
-67.482475,-169.19809,0.9755315,0.9755315,3
-67.578445,-170.611,0.9776319,0.9776319,3
-67.66148,-172.03514,0.9764797,0.9764797,3
-67.73059,-173.46954,0.98514026,0.98514026,3
-67.78633,-174.91199,0.99128824,0.99128824,3
-67.82802,-176.36105,0.9916087,0.9916087,3
-67.856,-177.81474,0.9911097,0.9911097,3
-67.86994,-179.27127,0.99099636,0.99099636,3
-67.86994,179.27127,0.9910581,0.9910581,3
-67.856,177.81474,0.99103093,0.99103093,3
-67.82802,176.36105,0.99069595,0.99069595,3
-67.78633,174.91199,0.98872596,0.98872596,3
-67.73059,173.46954,0.9885975,0.9885975,3
-67.66148,172.03514,0.98711115,0.98711115,3
-67.578445,170.611,0.9911686,0.9911686,3
-67.482475,169.19809,0.9916312,0.9916312,3
-67.37279,167.79881,0.9909548,0.9909548,3
-67.2506,166.41367,0.98882306,0.98882306,3
-67.11524,165.04504,0.96834165,0.96834165,3
-66.96772,163.69318,0.921426,0.921426,3
-66.807686,162.36014,0.86347437,0.86347437,3
-66.6359,161.04617,0.9360877,0.9360877,3
-66.4523,159.75285,0.9885725,0.9885725,3
-66.25744,158.48053,0.9914654,0.9914654,3
-66.05149,157.23016,0.9893132,0.9893132,3
-65.834785,156.00235,0.99015737,0.99015737,3
-65.60776,154.79733,0.98967314,0.98967314,3
-65.370514,153.61601,0.9903419,0.9903419,3
-65.12372,152.45793,0.9899295,0.9899295,3
-64.86727,151.32428,0.9891655,0.9891655,3
-64.602005,150.214,0.9867439,0.9867439,3
-64.32768,149.12859,0.9583024,0.9583024,3
-64.045235,148.06635,0.89863724,0.89863724,3
-63.754368,147.02902,0.8604167,0.8604167,3
-63.45597,146.01471,0.8218391,0.8218391,3
-63.14988,145.02467,0.7841251,0.7841251,3
-62.83678,144.0575,0.7179495,0.7179495,3
-62.516685,143.11383,0.66460264,0.66460264,2
-62.190098,142.19263,0.5332507,0.5332507,2
-61.857162,141.294,0.19931866,0.19931866,1
-61.518223,140.41736,0.027989255,0.027989255,0
-61.17355,139.56229,0.018534863,0.018534863,0
-60.823353,138.72858,0.0038398926,0.0038398926,0
-60.467987,137.91537,0.0014065043,0.0014065043,0
-60.107544,137.12286,0.00082814344,0.00082814344,0
-59.742477,136.34972,0.0006833695,0.0006833695,0
-59.372757,135.59651,0.00064423983,0.00064423983,0
-58.998894,134.8616,0.00063802314,0.00063802314,0
-58.620792,134.14584,0.0006383108,0.0006383108,0
-58.238968,133.44743,0.0006383351,0.0006383351,0
-57.853355,132.76709,0.00063832605,0.00063832605,0
-57.464363,132.10332,0.0006383385,0.0006383385,0
-57.072014,131.45651,0.0006383522,0.0006383522,0
-56.676613,130.82553,0.00063836615,0.00063836615,0
-56.278244,130.21043,0.00063837046,0.00063837046,0
-55.877125,129.61044,0.00063837075,0.00063837075,0
-55.473396,129.0253,0.00063837104,0.00063837104,0
-55.067215,128.45459,0.00063837104,0.00063837104,0
-54.658745,127.897736,0.00063837104,0.00063837104,0
-54.248096,127.3546,0.00063837104,0.00063837104,0
-53.835457,126.8244,0.00063837104,0.00063837104,0
-53.420895,126.307274,0.00063837104,0.00063837104,0
-53.00462,125.8022,0.00063837104,0.00063837104,0
-52.586655,125.309586,0.00063837104,0.00063837104,0
-52.16723,124.82822,0.00063837104,0.00063837104,0
-51.746346,124.35863,0.0006384559,0.0006384559,0
-51.32421,123.89968,0.0006364523,0.0006364523,0
-50.900856,123.451706,0.00063851406,0.00063851406,0
-50.47644,123.01386,0.00061591144,0.00061591144,0
-50.051025,122.58624,0.00058596703,0.00058596703,0
-49.624725,122.168274,0.0006016315,0.0006016315,0
-49.197617,121.75983,0.00078726263,0.00078726263,0
-48.917213,-122.4402,0.0012575969,0.0012575969,0
-49.340363,-122.85328,0.0009086667,0.0009086667,0
-49.76264,-123.27587,0.00062122586,0.00062122586,0
-50.183964,-123.70804,0.00063243276,0.00063243276,0
-50.604214,-124.150406,0.0006374557,0.0006374557,0
-51.023335,-124.60282,0.0006379955,0.0006379955,0
-51.441166,-125.06614,0.0006383699,0.0006383699,0
-51.85767,-125.54001,0.00063837104,0.00063837104,0
-52.272644,-126.02555,0.00063837104,0.00063837104,0
-52.68609,-126.52226,0.00063837104,0.00063837104,0
-53.097767,-127.031265,0.00063837104,0.00063837104,0
-53.50766,-127.552216,0.00063837104,0.00063837104,0
-53.915546,-128.08606,0.00063837104,0.00063837104,0
-54.321373,-128.63266,0.00063837104,0.00063837104,0
-54.72494,-129.19283,0.00063837104,0.00063837104,0
-55.12615,-129.76665,0.00063837104,0.00063837104,0
-55.524822,-130.35463,0.00063837104,0.00063837104,0
-55.92081,-130.95721,0.00063837104,0.00063837104,0
-56.31398,-131.57466,0.00063837104,0.00063837104,0
-56.704105,-132.20766,0.0006383735,0.0006383735,0
-57.091106,-132.85617,0.00063835375,0.00063835375,0
-57.474678,-133.52129,0.0006383026,0.0006383026,0
-57.854797,-134.20258,0.0006376618,0.0006376618,0
-58.231064,-134.90152,0.0006408786,0.0006408786,0
-58.60354,-135.61737,0.0006373707,0.0006373707,0
-58.971714,-136.35187,0.0006597545,0.0006597545,0
-59.335682,-137.10413,0.0007789952,0.0007789952,0
-59.694954,-137.87578,0.0012010495,0.0012010495,0
-60.04953,-138.6662,0.004094664,0.004094664,0
-60.398987,-139.47665,0.0676897,0.0676897,0
-60.74324,-140.30692,0.36061525,0.36061525,1
-61.081917,-141.15779,0.66369206,0.66369206,2
-61.414845,-142.0295,0.83680016,0.83680016,3
-61.741737,-142.9223,0.9319569,0.9319569,3
-62.06227,-143.8368,0.9536071,0.9536071,3
-62.376297,-144.77289,0.9505218,0.9505218,3
-62.68333,-145.73148,0.97035426,0.97035426,3
-62.983376,-146.71188,0.9802719,0.9802719,3
-63.275745,-147.71547,0.9875523,0.9875523,3
-63.560627,-148.74101,0.9907454,0.9907454,3
-63.83713,-149.79019,0.9908845,0.9908845,3
-64.10556,-150.8614,0.9899704,0.9899704,3
-64.365036,-151.9562,0.984174,0.984174,3
-64.61575,-153.07307,0.9669688,0.9669688,3
-64.85696,-154.21304,0.8748336,0.8748336,3
-65.08871,-155.37492,0.8025262,0.8025262,3
-65.310394,-156.55913,0.61888844,0.61888844,2
-65.52191,-157.76472,0.74425256,0.74425256,3
-65.72284,-158.99149,0.7705105,0.7705105,3
-65.9129,-160.23883,0.68315065,0.68315065,2
-66.09189,-161.5058,0.84603775,0.84603775,3
-66.2593,-162.79207,0.90292895,0.90292895,3
-66.415215,-164.09612,0.9580199,0.9580199,3
-66.55889,-165.41771,0.9003283,0.9003283,3
-66.69069,-166.75488,0.88999814,0.88999814,3
-66.809616,-168.1074,0.98429614,0.98429614,3
-66.916336,-169.47304,0.98972976,0.98972976,3
-67.009705,-170.85132,0.9893629,0.9893629,3
-67.09048,-172.24,0.98766035,0.98766035,3
-67.15768,-173.63818,0.9859804,0.9859804,3
-67.211876,-175.04384,0.9908819,0.9908819,3
-67.25241,-176.4556,0.99101675,0.99101675,3
-67.27962,-177.87161,0.99000907,0.99000907,3
-67.29317,-179.29024,0.9895308,0.9895308,3
-67.29317,179.29024,0.9911499,0.9911499,3
-67.27962,177.87161,0.99121946,0.99121946,3
-67.25241,176.4556,0.98925346,0.98925346,3
-67.211876,175.04384,0.97886425,0.97886425,3
-67.15768,173.63818,0.98299384,0.98299384,3
-67.09048,172.24,0.98894566,0.98894566,3
-67.009705,170.85132,0.9906088,0.9906088,3
-66.916336,169.47304,0.9903616,0.9903616,3
-66.809616,168.1074,0.9907877,0.9907877,3
-66.69069,166.75488,0.9895989,0.9895989,3
-66.55889,165.41771,0.9879507,0.9879507,3
-66.415215,164.09612,0.981406,0.981406,3
-66.2593,162.79207,0.9329636,0.9329636,3
-66.09189,161.5058,0.91035664,0.91035664,3
-65.9129,160.23883,0.9785216,0.9785216,3
-65.72284,158.99149,0.9859367,0.9859367,3
-65.52191,157.76472,0.9724167,0.9724167,3
-65.310394,156.55913,0.9870717,0.9870717,3
-65.08871,155.37492,0.9908835,0.9908835,3
-64.85696,154.21304,0.9904483,0.9904483,3
-64.61575,153.07307,0.9903059,0.9903059,3
-64.365036,151.9562,0.9887483,0.9887483,3
-64.10556,150.8614,0.9737567,0.9737567,3
-63.83713,149.79019,0.93433136,0.93433136,3
-63.560627,148.74101,0.87414604,0.87414604,3
-63.275745,147.71547,0.8432906,0.8432906,3
-62.983376,146.71188,0.77603835,0.77603835,3
-62.68333,145.73148,0.64990216,0.64990216,2
-62.376297,144.77289,0.5129705,0.5129705,2
-62.06227,143.8368,0.55059546,0.55059546,2
-61.741737,142.9223,0.52114546,0.52114546,2
-61.414845,142.0295,0.19763695,0.19763695,1
-61.081917,141.15779,0.006821729,0.006821729,0
-60.74324,140.30692,0.0022705346,0.0022705346,0
-60.398987,139.47665,0.00095566595,0.00095566595,0
-60.04953,138.6662,0.00078660913,0.00078660913,0
-59.694954,137.87578,0.00069370726,0.00069370726,0
-59.335682,137.10413,0.0006495493,0.0006495493,0
-58.971714,136.35187,0.00063868996,0.00063868996,0
-58.60354,135.61737,0.0006380125,0.0006380125,0
-58.231064,134.90152,0.0006380949,0.0006380949,0
-57.854797,134.20258,0.00063830474,0.00063830474,0
-57.474678,133.52129,0.0006383482,0.0006383482,0
-57.091106,132.85617,0.00063836225,0.00063836225,0
-56.704105,132.20766,0.0006383683,0.0006383683,0
-56.31398,131.57466,0.00063837017,0.00063837017,0
-55.92081,130.95721,0.00063837104,0.00063837104,0
-55.524822,130.35463,0.00063837075,0.00063837075,0
-55.12615,129.76665,0.00063837104,0.00063837104,0
-54.72494,129.19283,0.00063837104,0.00063837104,0
-54.321373,128.63266,0.00063837104,0.00063837104,0
-53.915546,128.08606,0.00063837104,0.00063837104,0
-53.50766,127.552216,0.00063837104,0.00063837104,0
-53.097767,127.031265,0.00063837104,0.00063837104,0
-52.68609,126.52226,0.00063837104,0.00063837104,0
-52.272644,126.02555,0.00063837104,0.00063837104,0
-51.85767,125.54001,0.00063837104,0.00063837104,0
-51.441166,125.06614,0.0006384559,0.0006384559,0
-51.023335,124.60282,0.0006364523,0.0006364523,0
-50.604214,124.150406,0.00063851406,0.00063851406,0
-50.183964,123.70804,0.00061591144,0.00061591144,0
-49.76264,123.27587,0.00058596703,0.00058596703,0
-49.340363,122.85328,0.0006016315,0.0006016315,0
-48.917213,122.4402,0.00078726263,0.00078726263,0
-48.632004,-123.11029,0.0012575969,0.0012575969,0
-49.051178,-123.52772,0.0009086667,0.0009086667,0
-49.469414,-123.95462,0.00062122586,0.00062122586,0
-49.886635,-124.39102,0.00063243276,0.00063243276,0
-50.302708,-124.837555,0.0006374557,0.0006374557,0
-50.71759,-125.294075,0.0006379955,0.0006379955,0
-51.131104,-125.76141,0.0006383699,0.0006383699,0
-51.543232,-126.239204,0.00063837104,0.00063837104,0
-51.95376,-126.72855,0.00063837104,0.00063837104,0
-52.36268,-127.22895,0.00063837104,0.00063837104,0
-52.76976,-127.74152,0.00063837104,0.00063837104,0
-53.174988,-128.26587,0.00063837104,0.00063837104,0
-53.578136,-128.80296,0.00063837104,0.00063837104,0
-53.979156,-129.35263,0.00063837104,0.00063837104,0
-54.377842,-129.91566,0.00063837104,0.00063837104,0
-54.774094,-130.49211,0.00063837104,0.00063837104,0
-55.167747,-131.0825,0.00063837104,0.00063837104,0
-55.55864,-131.68724,0.00063837104,0.00063837104,0
-55.94664,-132.30653,0.00063837104,0.00063837104,0
-56.33153,-132.94107,0.000638372,0.000638372,0
-56.713234,-133.59082,0.00063836743,0.00063836743,0
-57.09143,-134.2568,0.0006383586,0.0006383586,0
-57.466118,-134.93857,0.0006379535,0.0006379535,0
-57.83689,-135.63756,0.0006390032,0.0006390032,0
-58.203804,-136.35301,0.0006366243,0.0006366243,0
-58.56637,-137.0866,0.0006626728,0.0006626728,0
-58.924667,-137.83746,0.000708236,0.000708236,0
-59.278214,-138.60712,0.0007506937,0.0007506937,0
-59.62703,-139.39499,0.0010612812,0.0010612812,0
-59.970684,-140.20222,0.0033346508,0.0033346508,0
-60.309097,-141.02861,0.04136935,0.04136935,0
-60.641914,-141.87488,0.45376337,0.45376337,2
-60.968937,-142.7412,0.5544462,0.5544462,2
-61.289925,-143.62784,0.42358693,0.42358693,2
-61.604538,-144.53534,0.30048913,0.30048913,1
-61.91265,-145.46347,0.35815623,0.35815623,1
-62.213776,-146.41321,0.6011151,0.6011151,2
-62.507927,-147.38376,0.7829828,0.7829828,3
-62.79444,-148.37646,0.8652961,0.8652961,3
-63.0735,-149.39008,0.97139764,0.97139764,3
-63.344246,-150.42621,0.98439807,0.98439807,3
-63.606983,-151.48323,0.9893995,0.9893995,3
-63.86083,-152.5626,0.9883978,0.9883978,3
-64.10603,-153.6629,0.97087294,0.97087294,3
-64.34183,-154.78502,0.93341655,0.93341655,3
-64.56828,-155.92783,0.8593928,0.8593928,3
-64.78483,-157.09164,0.771424,0.771424,3
-64.99136,-158.2756,0.70454985,0.70454985,3
-65.187485,-159.47943,0.6040739,0.6040739,2
-65.37292,-160.70256,0.6845462,0.6845462,2
-65.5475,-161.94409,0.77256846,0.77256846,3
-65.710724,-163.20364,0.74171585,0.74171585,3
-65.8627,-164.47981,0.8582654,0.8582654,3
-66.0027,-165.77235,0.80527973,0.80527973,3
-66.13109,-167.07942,0.7779023,0.7779023,3
-66.24691,-168.40076,0.9803674,0.9803674,3
-66.35082,-169.7343,0.9912908,0.9912908,3
-66.44171,-171.07957,0.9904677,0.9904677,3
-66.52032,-172.43454,0.9885211,0.9885211,3
-66.58572,-173.79826,0.98611206,0.98611206,3
-66.63845,-175.16895,0.9903239,0.9903239,3
-66.67789,-176.54526,0.9868079,0.9868079,3
-66.70435,-177.92554,0.9782299,0.9782299,3
-66.71753,-179.30824,0.96281296,0.96281296,3
-66.71753,179.30824,0.98183674,0.98183674,3
-66.70435,177.92554,0.98883677,0.98883677,3
-66.67789,176.54526,0.9894617,0.9894617,3
-66.63845,175.16895,0.98704416,0.98704416,3
-66.58572,173.79826,0.9829653,0.9829653,3
-66.52032,172.43454,0.97378325,0.97378325,3
-66.44171,171.07957,0.97859323,0.97859323,3
-66.35082,169.7343,0.97502637,0.97502637,3
-66.24691,168.40076,0.9819031,0.9819031,3
-66.13109,167.07942,0.98749083,0.98749083,3
-66.0027,165.77235,0.9886057,0.9886057,3
-65.8627,164.47981,0.98893225,0.98893225,3
-65.710724,163.20364,0.9857573,0.9857573,3
-65.5475,161.94409,0.97769415,0.97769415,3
-65.37292,160.70256,0.97833854,0.97833854,3
-65.187485,159.47943,0.98027897,0.98027897,3
-64.99136,158.2756,0.9676492,0.9676492,3
-64.78483,157.09164,0.97662956,0.97662956,3
-64.56828,155.92783,0.98075485,0.98075485,3
-64.34183,154.78502,0.9785501,0.9785501,3
-64.10603,153.6629,0.97846735,0.97846735,3
-63.86083,152.5626,0.9681474,0.9681474,3
-63.606983,151.48323,0.9364514,0.9364514,3
-63.344246,150.42621,0.88568336,0.88568336,3
-63.0735,149.39008,0.83481556,0.83481556,3
-62.79444,148.37646,0.7886192,0.7886192,3
-62.507927,147.38376,0.6521025,0.6521025,2
-62.213776,146.41321,0.40446237,0.40446237,2
-61.91265,145.46347,0.075833194,0.075833194,0
-61.604538,144.53534,0.052008644,0.052008644,0
-61.289925,143.62784,0.08529685,0.08529685,0
-60.968937,142.7412,0.021454848,0.021454848,0
-60.641914,141.87488,0.0020969533,0.0020969533,0
-60.309097,141.02861,0.00091984856,0.00091984856,0
-59.970684,140.20222,0.00067342696,0.00067342696,0
-59.62703,139.39499,0.0006478056,0.0006478056,0
-59.278214,138.60712,0.0006387679,0.0006387679,0
-58.924667,137.83746,0.0006366671,0.0006366671,0
-58.56637,137.0866,0.0006372404,0.0006372404,0
-58.203804,136.35301,0.0006379918,0.0006379918,0
-57.83689,135.63756,0.00063826365,0.00063826365,0
-57.466118,134.93857,0.00063833944,0.00063833944,0
-57.09143,134.2568,0.00063836743,0.00063836743,0
-56.713234,133.59082,0.0006383696,0.0006383696,0
-56.33153,132.94107,0.00063837104,0.00063837104,0
-55.94664,132.30653,0.00063837104,0.00063837104,0
-55.55864,131.68724,0.00063837104,0.00063837104,0
-55.167747,131.0825,0.00063837104,0.00063837104,0
-54.774094,130.49211,0.00063837104,0.00063837104,0
-54.377842,129.91566,0.00063837104,0.00063837104,0
-53.979156,129.35263,0.00063837104,0.00063837104,0
-53.578136,128.80296,0.00063837104,0.00063837104,0
-53.174988,128.26587,0.00063837104,0.00063837104,0
-52.76976,127.74152,0.00063837104,0.00063837104,0
-52.36268,127.22895,0.00063837104,0.00063837104,0
-51.95376,126.72855,0.00063837104,0.00063837104,0
-51.543232,126.239204,0.00063837104,0.00063837104,0
-51.131104,125.76141,0.0006384559,0.0006384559,0
-50.71759,125.294075,0.0006364523,0.0006364523,0
-50.302708,124.837555,0.00063851406,0.00063851406,0
-49.886635,124.39102,0.00061591144,0.00061591144,0
-49.469414,123.95462,0.00058596703,0.00058596703,0
-49.051178,123.52772,0.0006016315,0.0006016315,0
-48.632004,123.11029,0.00078726263,0.00078726263,0
-48.342216,-123.77037,0.0012575969,0.0012575969,0
-48.75741,-124.19185,0.0009086667,0.0009086667,0
-49.171593,-124.622734,0.00062122586,0.00062122586,0
-49.584698,-125.06309,0.00063243276,0.00063243276,0
-49.996597,-125.51347,0.0006374557,0.0006374557,0
-50.407227,-125.97377,0.0006379955,0.0006379955,0
-50.81643,-126.44478,0.0006383699,0.0006383699,0
-51.224182,-126.92616,0.00063837104,0.00063837104,0
-51.630253,-127.41896,0.00063837104,0.00063837104,0
-52.034653,-127.92268,0.00063837104,0.00063837104,0
-52.43715,-128.43845,0.00063837104,0.00063837104,0
-52.837727,-128.96582,0.00063837104,0.00063837104,0
-53.236153,-129.50578,0.00063837104,0.00063837104,0
-53.63238,-130.05812,0.00063837104,0.00063837104,0
-54.026207,-130.6236,0.00063837104,0.00063837104,0
-54.417534,-131.20229,0.00063837104,0.00063837104,0
-54.80619,-131.79468,0.00063837104,0.00063837104,0
-55.192024,-132.40112,0.00063837104,0.00063837104,0
-55.5749,-133.02185,0.00063837104,0.00063837104,0
-55.9546,-133.65752,0.00063837104,0.00063837104,0
-56.331043,-134.30804,0.00063837104,0.00063837104,0
-56.703926,-134.97443,0.0006383744,0.0006383744,0
-57.073242,-135.65622,0.00063818647,0.00063818647,0
-57.438576,-136.35481,0.0006385314,0.0006385314,0
-57.80001,-137.06943,0.00063883304,0.00063883304,0
-58.157036,-137.80167,0.00065830705,0.00065830705,0
-58.509747,-138.5507,0.0006712324,0.0006712324,0
-58.857666,-139.31795,0.0007301616,0.0007301616,0
-59.200817,-140.10283,0.0007805593,0.0007805593,0
-59.538765,-140.90646,0.001205236,0.001205236,0
-59.871445,-141.72858,0.0034008455,0.0034008455,0
-60.198505,-142.56989,0.011991285,0.011991285,0
-60.51976,-143.43048,0.013796681,0.013796681,0
-60.83496,-144.31064,0.02500439,0.02500439,0
-61.1438,-145.21082,0.01799314,0.01799314,0
-61.446133,-146.1308,0.014168276,0.014168276,0
-61.741497,-147.07143,0.03389113,0.03389113,0
-62.029915,-148.03198,0.17693971,0.17693971,1
-62.31073,-149.01369,0.44309795,0.44309795,2
-62.584133,-150.0153,0.7240724,0.7240724,3
-62.84929,-151.03835,0.839226,0.839226,3
-63.1065,-152.08125,0.9164135,0.9164135,3
-63.354916,-153.14536,0.95581555,0.95581555,3
-63.59478,-154.22928,0.96427345,0.96427345,3
-63.825348,-155.33382,0.9660683,0.9660683,3
-64.04671,-156.45792,0.9366385,0.9366385,3
-64.258286,-157.6018,0.792234,0.792234,3
-64.460014,-158.76468,0.6812363,0.6812363,2
-64.65151,-159.94623,0.58486396,0.58486396,2
-64.83251,-161.14589,0.5220625,0.5220625,2
-65.00286,-162.36281,0.5860027,0.5860027,2
-65.162094,-163.5966,0.6382442,0.6382442,2
-65.31029,-164.84595,0.8622742,0.8622742,3
-65.44676,-166.11057,0.931569,0.931569,3
-65.57189,-167.38873,0.9724745,0.9724745,3
-65.68475,-168.68025,0.9682874,0.9682874,3
-65.78598,-169.98308,0.98206216,0.98206216,3
-65.8745,-171.29684,0.98813313,0.98813313,3
-65.95104,-172.61963,0.9822682,0.9822682,3
-66.014725,-173.95056,0.98066187,0.98066187,3
-66.066055,-175.2879,0.9794911,0.9794911,3
-66.10445,-176.63054,0.9656971,0.9656971,3
-66.1302,-177.97682,0.89667517,0.89667517,3
-66.14303,-179.32536,0.75209194,0.75209194,3
-66.14303,179.32536,0.75604695,0.75604695,3
-66.1302,177.97682,0.92492944,0.92492944,3
-66.10445,176.63054,0.969322,0.969322,3
-66.066055,175.2879,0.97289735,0.97289735,3
-66.014725,173.95056,0.96832585,0.96832585,3
-65.95104,172.61963,0.9576933,0.9576933,3
-65.8745,171.29684,0.96071875,0.96071875,3
-65.78598,169.98308,0.9747891,0.9747891,3
-65.68475,168.68025,0.98188066,0.98188066,3
-65.57189,167.38873,0.9891991,0.9891991,3
-65.44676,166.11057,0.9897104,0.9897104,3
-65.31029,164.84595,0.99025565,0.99025565,3
-65.162094,163.5966,0.9903364,0.9903364,3
-65.00286,162.36281,0.98835295,0.98835295,3
-64.83251,161.14589,0.9786112,0.9786112,3
-64.65151,159.94623,0.9646587,0.9646587,3
-64.460014,158.76468,0.9710153,0.9710153,3
-64.258286,157.6018,0.9676021,0.9676021,3
-64.04671,156.45792,0.9535341,0.9535341,3
-63.825348,155.33382,0.94184285,0.94184285,3
-63.59478,154.22928,0.9161071,0.9161071,3
-63.354916,153.14536,0.87479764,0.87479764,3
-63.1065,152.08125,0.87990606,0.87990606,3
-62.84929,151.03835,0.8333781,0.8333781,3
-62.584133,150.0153,0.75081563,0.75081563,3
-62.31073,149.01369,0.6926888,0.6926888,2
-62.029915,148.03198,0.5279136,0.5279136,2
-61.741497,147.07143,0.17881618,0.17881618,1
-61.446133,146.1308,0.0069967713,0.0069967713,0
-61.1438,145.21082,0.0036071555,0.0036071555,0
-60.83496,144.31064,0.0022920095,0.0022920095,0
-60.51976,143.43048,0.0013118364,0.0013118364,0
-60.198505,142.56989,0.00089596893,0.00089596893,0
-59.871445,141.72858,0.00072008825,0.00072008825,0
-59.538765,140.90646,0.00065995665,0.00065995665,0
-59.200817,140.10283,0.0006378091,0.0006378091,0
-58.857666,139.31795,0.0006340762,0.0006340762,0
-58.509747,138.5507,0.0006365339,0.0006365339,0
-58.157036,137.80167,0.00063774135,0.00063774135,0
-57.80001,137.06943,0.0006380815,0.0006380815,0
-57.438576,136.35481,0.00063832605,0.00063832605,0
-57.073242,135.65622,0.0006383607,0.0006383607,0
-56.703926,134.97443,0.0006383689,0.0006383689,0
-56.331043,134.30804,0.00063837046,0.00063837046,0
-55.9546,133.65752,0.00063837104,0.00063837104,0
-55.5749,133.02185,0.00063837104,0.00063837104,0
-55.192024,132.40112,0.00063837104,0.00063837104,0
-54.80619,131.79468,0.00063837104,0.00063837104,0
-54.417534,131.20229,0.00063837104,0.00063837104,0
-54.026207,130.6236,0.00063837104,0.00063837104,0
-53.63238,130.05812,0.00063837104,0.00063837104,0
-53.236153,129.50578,0.00063837104,0.00063837104,0
-52.837727,128.96582,0.00063837104,0.00063837104,0
-52.43715,128.43845,0.00063837104,0.00063837104,0
-52.034653,127.92268,0.00063837104,0.00063837104,0
-51.630253,127.41896,0.00063837104,0.00063837104,0
-51.224182,126.92616,0.00063837104,0.00063837104,0
-50.81643,126.44478,0.0006384559,0.0006384559,0
-50.407227,125.97377,0.0006364523,0.0006364523,0
-49.996597,125.51347,0.00063851406,0.00063851406,0
-49.584698,125.06309,0.00061591144,0.00061591144,0
-49.171593,124.622734,0.00058596703,0.00058596703,0
-48.75741,124.19185,0.0006016315,0.0006016315,0
-48.342216,123.77037,0.00078726263,0.00078726263,0
-48.048042,-124.42054,0.0012575969,0.0012575969,0
-48.459244,-124.845795,0.0009086667,0.0009086667,0
-48.86937,-125.280396,0.00062122586,0.00062122586,0
-49.278355,-125.72439,0.00063243276,0.00063243276,0
-49.68606,-126.178345,0.0006374557,0.0006374557,0
-50.092453,-126.6421,0.0006379955,0.0006379955,0
-50.497334,-127.11647,0.0006383699,0.0006383699,0
-50.90071,-127.6011,0.00063837104,0.00063837104,0
-51.30234,-128.09702,0.00063837104,0.00063837104,0
-51.70224,-128.60374,0.00063837104,0.00063837104,0
-52.100163,-129.12233,0.00063837104,0.00063837104,0
-52.4961,-129.65239,0.00063837104,0.00063837104,0
-52.889816,-130.19481,0.00063837104,0.00063837104,0
-53.28128,-130.74948,0.00063837104,0.00063837104,0
-53.670273,-131.31702,0.00063837104,0.00063837104,0
-54.0567,-131.89757,0.00063837104,0.00063837104,0
-54.4404,-132.49155,0.00063837104,0.00063837104,0
-54.8212,-133.0993,0.00063837104,0.00063837104,0
-55.198994,-133.72108,0.00063837104,0.00063837104,0
-55.573547,-134.35745,0.00063837104,0.00063837104,0
-55.94479,-135.00836,0.00063837133,0.00063837133,0
-56.312412,-135.67474,0.0006383765,0.0006383765,0
-56.67642,-136.35619,0.00063830777,0.00063830777,0
-57.036385,-137.05396,0.0006383814,0.0006383814,0
-57.392403,-137.76733,0.0006389323,0.0006389323,0
-57.74396,-138.49785,0.0006454976,0.0006454976,0
-58.09118,-139.24464,0.0006614557,0.0006614557,0
-58.433556,-140.0091,0.0006947109,0.0006947109,0
-58.771133,-140.79063,0.00074978574,0.00074978574,0
-59.103477,-141.59027,0.0007638133,0.0007638133,0
-59.430534,-142.40779,0.0008690924,0.0008690924,0
-59.751953,-143.24379,0.0012069772,0.0012069772,0
-60.06756,-144.09839,0.0019336776,0.0019336776,0
-60.377106,-144.97179,0.0029965248,0.0029965248,0
-60.680286,-145.8644,0.0028918295,0.0028918295,0
-60.976986,-146.77602,0.0026455503,0.0026455503,0
-61.26674,-147.70737,0.0029815075,0.0029815075,0
-61.54957,-148.65784,0.006476986,0.006476986,0
-61.82484,-149.62843,0.08082436,0.08082436,0
-62.09275,-150.61803,0.29164156,0.29164156,1
-62.352467,-151.628,0.3716593,0.3716593,1
-62.604332,-152.65688,0.31289932,0.31289932,1
-62.847485,-153.70589,0.3408959,0.3408959,1
-63.082176,-154.77364,0.48736656,0.48736656,2
-63.30769,-155.86092,0.64465797,0.64465797,2
-63.524124,-156.96667,0.70999306,0.70999306,3
-63.73093,-158.09111,0.74559057,0.74559057,3
-63.92804,-159.23343,0.6987867,0.6987867,2
-64.115074,-160.39331,0.60460913,0.60460913,2
-64.29182,-161.57024,0.55980307,0.55980307,2
-64.4581,-162.76337,0.59894896,0.59894896,2
-64.61348,-163.97227,0.7101063,0.7101063,3
-64.75806,-165.19579,0.80736923,0.80736923,3
-64.89116,-166.43353,0.815391,0.815391,3
-65.01317,-167.68399,0.90751475,0.90751475,3
-65.123184,-168.94688,0.66637975,0.66637975,2
-65.22184,-170.22034,0.6250203,0.6250203,2
-65.308105,-171.504,0.93440616,0.93440616,3
-65.382675,-172.79604,0.7709357,0.7709357,3
-65.44471,-174.09564,0.7164813,0.7164813,3
-65.49471,-175.40126,0.809004,0.809004,3
-65.5321,-176.71176,0.90707374,0.90707374,3
-65.55719,-178.02565,0.70641696,0.70641696,3
-65.56969,-179.34164,0.4761658,0.4761658,2
-65.56969,179.34164,0.42142507,0.42142507,2
-65.55719,178.02565,0.620376,0.620376,2
-65.5321,176.71176,0.81994337,0.81994337,3
-65.49471,175.40126,0.89486045,0.89486045,3
-65.44471,174.09564,0.9027621,0.9027621,3
-65.382675,172.79604,0.91201526,0.91201526,3
-65.308105,171.504,0.89406824,0.89406824,3
-65.22184,170.22034,0.95427907,0.95427907,3
-65.123184,168.94688,0.9805706,0.9805706,3
-65.01317,167.68399,0.9903775,0.9903775,3
-64.89116,166.43353,0.9911623,0.9911623,3
-64.75806,165.19579,0.99106807,0.99106807,3
-64.61348,163.97227,0.9909712,0.9909712,3
-64.4581,162.76337,0.9903662,0.9903662,3
-64.29182,161.57024,0.97693,0.97693,3
-64.115074,160.39331,0.93819535,0.93819535,3
-63.92804,159.23343,0.94860435,0.94860435,3
-63.73093,158.09111,0.94631237,0.94631237,3
-63.524124,156.96667,0.8858093,0.8858093,3
-63.30769,155.86092,0.84020025,0.84020025,3
-63.082176,154.77364,0.77722484,0.77722484,3
-62.847485,153.70589,0.6957485,0.6957485,2
-62.604332,152.65688,0.72007763,0.72007763,3
-62.352467,151.628,0.7241414,0.7241414,3
-62.09275,150.61803,0.64987826,0.64987826,2
-61.82484,149.62843,0.3533989,0.3533989,1
-61.54957,148.65784,0.10668884,0.10668884,0
-61.26674,147.70737,0.020120533,0.020120533,0
-60.976986,146.77602,0.0022300591,0.0022300591,0
-60.680286,145.8644,0.0011173317,0.0011173317,0
-60.377106,144.97179,0.0008194592,0.0008194592,0
-60.06756,144.09839,0.00070170045,0.00070170045,0
-59.751953,143.24379,0.0006521459,0.0006521459,0
-59.430534,142.40779,0.0006387356,0.0006387356,0
-59.103477,141.59027,0.0006385052,0.0006385052,0
-58.771133,140.79063,0.0006374135,0.0006374135,0
-58.433556,140.0091,0.0006368124,0.0006368124,0
-58.09118,139.24464,0.00063740986,0.00063740986,0
-57.74396,138.49785,0.0006380368,0.0006380368,0
-57.392403,137.76733,0.00063826947,0.00063826947,0
-57.036385,137.05396,0.0006383516,0.0006383516,0
-56.67642,136.35619,0.00063836924,0.00063836924,0
-56.312412,135.67474,0.00063837046,0.00063837046,0
-55.94479,135.00836,0.00063837104,0.00063837104,0
-55.573547,134.35745,0.00063837104,0.00063837104,0
-55.198994,133.72108,0.00063837104,0.00063837104,0
-54.8212,133.0993,0.00063837104,0.00063837104,0
-54.4404,132.49155,0.00063837104,0.00063837104,0
-54.0567,131.89757,0.00063837104,0.00063837104,0
-53.670273,131.31702,0.00063837104,0.00063837104,0
-53.28128,130.74948,0.00063837104,0.00063837104,0
-52.889816,130.19481,0.00063837104,0.00063837104,0
-52.4961,129.65239,0.00063837104,0.00063837104,0
-52.100163,129.12233,0.00063837104,0.00063837104,0
-51.70224,128.60374,0.00063837104,0.00063837104,0
-51.30234,128.09702,0.00063837104,0.00063837104,0
-50.90071,127.6011,0.00063837104,0.00063837104,0
-50.497334,127.11647,0.0006384559,0.0006384559,0
-50.092453,126.6421,0.0006364523,0.0006364523,0
-49.68606,126.178345,0.00063851406,0.00063851406,0
-49.278355,125.72439,0.00061591144,0.00061591144,0
-48.86937,125.280396,0.00058596703,0.00058596703,0
-48.459244,124.845795,0.0006016315,0.0006016315,0
-48.048042,124.42054,0.00078726263,0.00078726263,0
-47.749474,-125.06053,0.0012575969,0.0012575969,0
-48.156662,-125.48928,0.0009086667,0.0009086667,0
-48.56273,-125.92731,0.00062122586,0.00062122586,0
-48.967594,-126.37463,0.00063243276,0.00063243276,0
-49.371117,-126.83183,0.0006374557,0.0006374557,0
-49.77326,-127.29875,0.0006379955,0.0006379955,0
-50.173836,-127.77618,0.0006383699,0.0006383699,0
-50.572838,-128.26372,0.00063837104,0.00063837104,0
-50.97004,-128.76245,0.00063837104,0.00063837104,0
-51.365444,-129.27182,0.00063837104,0.00063837104,0
-51.75881,-129.7929,0.00063837104,0.00063837104,0
-52.150127,-130.32526,0.00063837104,0.00063837104,0
-52.53916,-130.86984,0.00063837104,0.00063837104,0
-52.92588,-131.4264,0.00063837104,0.00063837104,0
-53.310066,-131.99567,0.00063837104,0.00063837104,0
-53.691635,-132.57767,0.00063837104,0.00063837104,0
-54.070408,-133.17288,0.00063837104,0.00063837104,0
-54.44623,-133.78159,0.00063837104,0.00063837104,0
-54.818985,-134.40399,0.00063837104,0.00063837104,0
-55.18844,-135.0407,0.00063837104,0.00063837104,0
-55.554535,-135.69159,0.00063837104,0.00063837104,0
-55.916954,-136.35757,0.0006383735,0.0006383735,0
-56.275715,-137.03824,0.0006383516,0.0006383516,0
-56.630386,-137.73482,0.0006383084,0.0006383084,0
-56.981068,-138.44656,0.00063817913,0.00063817913,0
-57.327248,-139.17496,0.0006395332,0.0006395332,0
-57.669052,-139.91916,0.0006436565,0.0006436565,0
-58.00598,-140.68045,0.00066591427,0.00066591427,0
-58.33809,-141.45828,0.00068894605,0.00068894605,0
-58.664936,-142.25365,0.000754373,0.000754373,0
-58.98648,-143.06622,0.00080888445,0.00080888445,0
-59.30237,-143.89665,0.0008882555,0.0008882555,0
-59.61245,-144.74496,0.0010672179,0.0010672179,0
-59.91647,-145.61134,0.0012192044,0.0012192044,0
-60.21414,-146.4962,0.0011604036,0.0011604036,0
-60.505333,-147.39926,0.0011379806,0.0011379806,0
-60.789616,-148.32126,0.0010936955,0.0010936955,0
-61.06701,-149.26147,0.001519096,0.001519096,0
-61.336895,-150.22095,0.0034364737,0.0034364737,0
-61.599472,-151.19853,0.0076383743,0.0076383743,0
-61.85393,-152.19553,0.009727006,0.009727006,0
-62.1006,-153.21048,0.021577936,0.021577936,0
-62.338654,-154.24454,0.0096619,0.0096619,0
-62.56835,-155.29642,0.027786579,0.027786579,0
-62.788994,-156.36676,0.15777454,0.15777454,1
-63.00068,-157.45456,0.34547824,0.34547824,1
-63.202877,-158.56001,0.59595317,0.59595317,2
-63.39553,-159.68234,0.62611645,0.62611645,2
-63.578293,-160.82121,0.59364384,0.59364384,2
-63.75093,-161.9761,0.5011364,0.5011364,2
-63.913307,-163.14621,0.46964535,0.46964535,2
-64.064995,-164.33118,0.63435596,0.63435596,2
-64.2061,-165.52979,0.6173129,0.6173129,2
-64.33598,-166.74179,0.5331078,0.5331078,2
-64.455,-167.96565,0.46873683,0.46873683,2
-64.5623,-169.20111,0.32177746,0.32177746,1
-64.658516,-170.44647,0.11268153,0.11268153,0
-64.742615,-171.70135,0.13781483,0.13781483,0
-64.815315,-172.96404,0.13301395,0.13301395,0
-64.87577,-174.23381,0.11145476,0.11145476,0
-64.9245,-175.50916,0.032958746,0.032958746,0
-64.96094,-176.78906,0.20170869,0.20170869,1
-64.98538,-178.07214,0.24081692,0.24081692,1
-64.99755,-179.35718,0.10027297,0.10027297,0
-64.99755,179.35718,0.11903403,0.11903403,0
-64.98538,178.07214,0.34856504,0.34856504,1
-64.96094,176.78906,0.5481208,0.5481208,2
-64.9245,175.50916,0.7627502,0.7627502,3
-64.87577,174.23381,0.8162365,0.8162365,3
-64.815315,172.96404,0.83609927,0.83609927,3
-64.742615,171.70135,0.8209595,0.8209595,3
-64.658516,170.44647,0.9065686,0.9065686,3
-64.5623,169.20111,0.94268745,0.94268745,3
-64.455,167.96565,0.9800576,0.9800576,3
-64.33598,166.74179,0.9876545,0.9876545,3
-64.2061,165.52979,0.9889839,0.9889839,3
-64.064995,164.33118,0.98816794,0.98816794,3
-63.913307,163.14621,0.98695683,0.98695683,3
-63.75093,161.9761,0.9747267,0.9747267,3
-63.578293,160.82121,0.9270196,0.9270196,3
-63.39553,159.68234,0.92945766,0.92945766,3
-63.202877,158.56001,0.91399664,0.91399664,3
-63.00068,157.45456,0.82515043,0.82515043,3
-62.788994,156.36676,0.74525434,0.74525434,3
-62.56835,155.29642,0.6598956,0.6598956,2
-62.338654,154.24454,0.5467871,0.5467871,2
-62.1006,153.21048,0.58031386,0.58031386,2
-61.85393,152.19553,0.6126079,0.6126079,2
-61.599472,151.19853,0.6115438,0.6115438,2
-61.336895,150.22095,0.38917622,0.38917622,1
-61.06701,149.26147,0.03689855,0.03689855,0
-60.789616,148.32126,0.0038425983,0.0038425983,0
-60.505333,147.39926,0.0009922732,0.0009922732,0
-60.21414,146.4962,0.00077137596,0.00077137596,0
-59.91647,145.61134,0.0006893635,0.0006893635,0
-59.61245,144.74496,0.0006446673,0.0006446673,0
-59.30237,143.89665,0.00062837126,0.00062837126,0
-58.98648,143.06622,0.00063424365,0.00063424365,0
-58.664936,142.25365,0.00063797605,0.00063797605,0
-58.33809,141.45828,0.00063797605,0.00063797605,0
-58.00598,140.68045,0.00063814357,0.00063814357,0
-57.669052,139.91916,0.0006381445,0.0006381445,0
-57.327248,139.17496,0.00063826796,0.00063826796,0
-56.981068,138.44656,0.0006383461,0.0006383461,0
-56.630386,137.73482,0.0006383671,0.0006383671,0
-56.275715,137.03824,0.00063837046,0.00063837046,0
-55.916954,136.35757,0.00063837104,0.00063837104,0
-55.554535,135.69159,0.00063837104,0.00063837104,0
-55.18844,135.0407,0.00063837104,0.00063837104,0
-54.818985,134.40399,0.00063837104,0.00063837104,0
-54.44623,133.78159,0.00063837104,0.00063837104,0
-54.070408,133.17288,0.00063837104,0.00063837104,0
-53.691635,132.57767,0.00063837104,0.00063837104,0
-53.310066,131.99567,0.00063837104,0.00063837104,0
-52.92588,131.4264,0.00063837104,0.00063837104,0
-52.53916,130.86984,0.00063837104,0.00063837104,0
-52.150127,130.32526,0.00063837104,0.00063837104,0
-51.75881,129.7929,0.00063837104,0.00063837104,0
-51.365444,129.27182,0.00063837104,0.00063837104,0
-50.97004,128.76245,0.00063837104,0.00063837104,0
-50.572838,128.26372,0.00063837104,0.00063837104,0
-50.173836,127.77618,0.0006384559,0.0006384559,0
-49.77326,127.29875,0.0006364523,0.0006364523,0
-49.371117,126.83183,0.00063851406,0.00063851406,0
-48.967594,126.37463,0.00061591144,0.00061591144,0
-48.56273,125.92731,0.00058596703,0.00058596703,0
-48.156662,125.48928,0.0006016315,0.0006016315,0
-47.749474,125.06053,0.00078726263,0.00078726263,0
-47.446842,-125.69087,0.0012575969,0.0012575969,0
-47.850033,-126.12286,0.0009086667,0.0009086667,0
-48.252033,-126.56405,0.00062122586,0.00062122586,0
-48.65278,-127.01446,0.00063243276,0.00063243276,0
-49.052116,-127.47463,0.0006374557,0.0006374557,0
-49.450016,-127.94443,0.0006379955,0.0006379955,0
-49.8463,-128.42458,0.0006383699,0.0006383699,0
-50.240936,-128.91478,0.00063837104,0.00063837104,0
-50.633713,-129.41599,0.00063837104,0.00063837104,0
-51.02464,-129.92769,0.00063837104,0.00063837104,0
-51.413464,-130.45093,0.00063837104,0.00063837104,0
-51.800182,-130.9853,0.00063837104,0.00063837104,0
-52.184566,-131.53168,0.00063837104,0.00063837104,0
-52.566566,-132.08986,0.00063837104,0.00063837104,0
-52.945984,-132.66049,0.00063837104,0.00063837104,0
-53.32272,-133.24362,0.00063837104,0.00063837104,0
-53.6966,-133.83969,0.00063837104,0.00063837104,0
-54.06749,-134.44899,0.00063837104,0.00063837104,0
-54.435257,-135.07169,0.00063837104,0.00063837104,0
-54.799667,-135.70836,0.00063837104,0.00063837104,0
-55.160667,-136.3589,0.00063837104,0.00063837104,0
-55.517952,-137.02414,0.000638372,0.000638372,0
-55.87152,-137.70369,0.00063836615,0.00063836615,0
-56.22097,-138.39874,0.0006383482,0.0006383482,0
-56.56639,-139.10852,0.00063829776,0.00063829776,0
-56.907265,-139.83449,0.0006384706,0.0006384706,0
-57.24374,-140.57576,0.00063992955,0.00063992955,0
-57.575314,-141.33359,0.00064697204,0.00064697204,0
-57.90204,-142.10744,0.00066957186,0.00066957186,0
-58.223495,-142.89821,0.00070428546,0.00070428546,0
-58.539627,-143.7056,0.0007461413,0.0007461413,0
-58.850105,-144.53018,0.0007933926,0.0007933926,0
-59.154762,-145.372,0.0008267648,0.0008267648,0
-59.45339,-146.23122,0.0008396823,0.0008396823,0
-59.745663,-147.10812,0.0008108783,0.0008108783,0
-60.031494,-148.0025,0.00078646594,0.00078646594,0
-60.31044,-148.91502,0.0007681766,0.0007681766,0
-60.58254,-149.84497,0.0008006854,0.0008006854,0
-60.847176,-150.7933,0.000890446,0.000890446,0
-61.104572,-151.75891,0.001082577,0.001082577,0
-61.353916,-152.743,0.0017325272,0.0017325272,0
-61.595554,-153.74416,0.0022135759,0.0022135759,0
-61.82867,-154.76349,0.001895138,0.001895138,0
-62.05353,-155.7997,0.0026211306,0.0026211306,0
-62.269455,-156.85344,0.005722181,0.005722181,0
-62.476543,-157.92368,0.029185284,0.029185284,0
-62.67429,-159.0106,0.28474554,0.28474554,1
-62.86265,-160.11345,0.32836446,0.32836446,1
-63.041286,-161.2319,0.3556083,0.3556083,1
-63.209976,-162.36543,0.21164912,0.21164912,1
-63.3686,-163.51328,0.054380335,0.054380335,0
-63.516735,-164.6751,0.24320209,0.24320209,1
-63.654503,-165.84972,0.2704585,0.2704585,1
-63.78128,-167.03687,0.21698484,0.21698484,1
-63.89744,-168.23517,0.08100758,0.08100758,0
-64.002144,-169.44432,0.017614089,0.017614089,0
-64.09599,-170.66272,0.015282563,0.015282563,0
-64.178024,-171.89003,0.008003089,0.008003089,0
-64.248924,-173.12462,0.0062641324,0.0062641324,0
-64.307884,-174.36583,0.0041445172,0.0041445172,0
-64.3554,-175.61226,0.0042297696,0.0042297696,0
-64.39092,-176.86292,0.008640228,0.008640228,0
-64.41474,-178.11653,0.009589451,0.009589451,0
-64.42661,-179.37198,0.0059240395,0.0059240395,0
-64.42661,179.37198,0.0071240794,0.0071240794,0
-64.41474,178.11653,0.022263454,0.022263454,0
-64.39092,176.86292,0.18662266,0.18662266,1
-64.3554,175.61226,0.5572435,0.5572435,2
-64.307884,174.36583,0.6746919,0.6746919,2
-64.248924,173.12462,0.8086508,0.8086508,3
-64.178024,171.89003,0.8118152,0.8118152,3
-64.09599,170.66272,0.8170901,0.8170901,3
-64.002144,169.44432,0.8813599,0.8813599,3
-63.89744,168.23517,0.92575514,0.92575514,3
-63.78128,167.03687,0.92132944,0.92132944,3
-63.654503,165.84972,0.9245326,0.9245326,3
-63.516735,164.6751,0.92214406,0.92214406,3
-63.3686,163.51328,0.92018723,0.92018723,3
-63.209976,162.36543,0.9001182,0.9001182,3
-63.041286,161.2319,0.87922305,0.87922305,3
-62.86265,160.11345,0.8629638,0.8629638,3
-62.67429,159.0106,0.85223675,0.85223675,3
-62.476543,157.92368,0.70941496,0.70941496,3
-62.269455,156.85344,0.57406044,0.57406044,2
-62.05353,155.7997,0.5250298,0.5250298,2
-61.82867,154.76349,0.49477762,0.49477762,2
-61.595554,153.74416,0.48994324,0.48994324,2
-61.353916,152.743,0.5871271,0.5871271,2
-61.104572,151.75891,0.570551,0.570551,2
-60.847176,150.7933,0.36968675,0.36968675,1
-60.58254,149.84497,0.048787944,0.048787944,0
-60.31044,148.91502,0.0023395726,0.0023395726,0
-60.031494,148.0025,0.0007631443,0.0007631443,0
-59.745663,147.10812,0.00065979915,0.00065979915,0
-59.45339,146.23122,0.00064186036,0.00064186036,0
-59.154762,145.372,0.00063570146,0.00063570146,0
-58.850105,144.53018,0.0006350871,0.0006350871,0
-58.539627,143.7056,0.0006369098,0.0006369098,0
-58.223495,142.89821,0.0006378508,0.0006378508,0
-57.90204,142.10744,0.0006381697,0.0006381697,0
-57.575314,141.33359,0.00063826435,0.00063826435,0
-57.24374,140.57576,0.00063833245,0.00063833245,0
-56.907265,139.83449,0.0006383519,0.0006383519,0
-56.56639,139.10852,0.0006383665,0.0006383665,0
-56.22097,138.39874,0.00063837075,0.00063837075,0
-55.87152,137.70369,0.00063837075,0.00063837075,0
-55.517952,137.02414,0.00063837104,0.00063837104,0
-55.160667,136.3589,0.00063837104,0.00063837104,0
-54.799667,135.70836,0.00063837104,0.00063837104,0
-54.435257,135.07169,0.00063837104,0.00063837104,0
-54.06749,134.44899,0.00063837104,0.00063837104,0
-53.6966,133.83969,0.00063837104,0.00063837104,0
-53.32272,133.24362,0.00063837104,0.00063837104,0
-52.945984,132.66049,0.00063837104,0.00063837104,0
-52.566566,132.08986,0.00063837104,0.00063837104,0
-52.184566,131.53168,0.00063837104,0.00063837104,0
-51.800182,130.9853,0.00063837104,0.00063837104,0
-51.413464,130.45093,0.00063837104,0.00063837104,0
-51.02464,129.92769,0.00063837104,0.00063837104,0
-50.633713,129.41599,0.00063837104,0.00063837104,0
-50.240936,128.91478,0.00063837104,0.00063837104,0
-49.8463,128.42458,0.0006384559,0.0006384559,0
-49.450016,127.94443,0.0006364523,0.0006364523,0
-49.052116,127.47463,0.00063851406,0.00063851406,0
-48.65278,127.01446,0.00061591144,0.00061591144,0
-48.252033,126.56405,0.00058596703,0.00058596703,0
-47.850033,126.12286,0.0006016315,0.0006016315,0
-47.446842,125.69087,0.00078726263,0.00078726263,0
-47.140118,-126.31122,0.0012575969,0.0012575969,0
-47.539307,-126.746185,0.0009086667,0.0009086667,0
-47.93724,-127.19026,0.00062122586,0.00062122586,0
-48.333866,-127.64348,0.00063243276,0.00063243276,0
-48.729027,-128.10634,0.0006374557,0.0006374557,0
-49.122696,-128.57872,0.0006379955,0.0006379955,0
-49.514687,-129.06136,0.0006383699,0.0006383699,0
-49.904984,-129.55386,0.00063837104,0.00063837104,0
-50.29335,-130.05727,0.00063837104,0.00063837104,0
-50.679825,-130.57098,0.00063837104,0.00063837104,0
-51.064125,-131.0961,0.00063837104,0.00063837104,0
-51.446274,-131.63214,0.00063837104,0.00063837104,0
-51.826023,-132.18,0.00063837104,0.00063837104,0
-52.20334,-132.73944,0.00063837104,0.00063837104,0
-52.57802,-133.3111,0.00063837104,0.00063837104,0
-52.949966,-133.89505,0.00063837104,0.00063837104,0
-53.319008,-134.49164,0.00063837104,0.00063837104,0
-53.685,-135.1012,0.00063837104,0.00063837104,0
-54.04782,-135.72385,0.00063837104,0.00063837104,0
-54.40724,-136.36017,0.00063837104,0.00063837104,0
-54.763214,-137.01,0.00063837104,0.00063837104,0
-55.11542,-137.67418,0.00063837104,0.00063837104,0
-55.463882,-138.35228,0.00063837017,0.00063837017,0
-55.808174,-139.04546,0.0006383653,0.0006383653,0
-56.14841,-139.75294,0.00063833426,0.00063833426,0
-56.484074,-140.47614,0.00063826854,0.00063826854,0
-56.815308,-141.2142,0.0006383452,0.0006383452,0
-57.141617,-141.96829,0.0006400235,0.0006400235,0
-57.46306,-142.73787,0.0006454613,0.0006454613,0
-57.779224,-143.52379,0.0006570385,0.0006570385,0
-58.090054,-144.32578,0.0006710242,0.0006710242,0
-58.39524,-145.1443,0.00068493857,0.00068493857,0
-58.694603,-145.97943,0.0006975722,0.0006975722,0
-58.987946,-146.83127,0.0006997305,0.0006997305,0
-59.27496,-147.7001,0.00068568275,0.00068568275,0
-59.555557,-148.58572,0.00067733333,0.00067733333,0
-59.829308,-149.48866,0.00068821345,0.00068821345,0
-60.096252,-150.40831,0.00070286635,0.00070286635,0
-60.355797,-151.3455,0.000746889,0.000746889,0
-60.608147,-152.2992,0.00072451046,0.00072451046,0
-60.852535,-153.2705,0.0008388135,0.0008388135,0
-61.08929,-154.25806,0.0009010694,0.0009010694,0
-61.31762,-155.26288,0.00085977756,0.00085977756,0
-61.537804,-156.28369,0.0010081485,0.0010081485,0
-61.74916,-157.32115,0.0012662839,0.0012662839,0
-61.95182,-158.37424,0.002983114,0.002983114,0
-62.14528,-159.4431,0.00950072,0.00950072,0
-62.329494,-160.52701,0.0110883,0.0110883,0
-62.50415,-161.62566,0.019688288,0.019688288,0
-62.669044,-162.7385,0.0140970675,0.0140970675,0
-62.82406,-163.86484,0.006239893,0.006239893,0
-62.96878,-165.00429,0.0084604025,0.0084604025,0
-63.10335,-166.15579,0.011210063,0.011210063,0
-63.227158,-167.31909,0.01451951,0.01451951,0
-63.34057,-168.49281,0.008728511,0.008728511,0
-63.442772,-169.67673,0.0036811836,0.0036811836,0
-63.53437,-170.8693,0.002908098,0.002908098,0
-63.614426,-172.0702,0.0023583488,0.0023583488,0
-63.6836,-173.27792,0.0018349105,0.0018349105,0
-63.74112,-174.49185,0.0015012573,0.0015012573,0
-63.787468,-175.71063,0.0012586333,0.0012586333,0
-63.82212,-176.93338,0.0015863336,0.0015863336,0
-63.845364,-178.1589,0.0013849285,0.0013849285,0
-63.856937,-179.38611,0.0012519235,0.0012519235,0
-63.856937,179.38611,0.0014799837,0.0014799837,0
-63.845364,178.1589,0.0027676364,0.0027676364,0
-63.82212,176.93338,0.014392621,0.014392621,0
-63.787468,175.71063,0.21350302,0.21350302,1
-63.74112,174.49185,0.40149155,0.40149155,2
-63.6836,173.27792,0.5650927,0.5650927,2
-63.614426,172.0702,0.66510236,0.66510236,2
-63.53437,170.8693,0.6028366,0.6028366,2
-63.442772,169.67673,0.6065831,0.6065831,2
-63.34057,168.49281,0.59178877,0.59178877,2
-63.227158,167.31909,0.63514346,0.63514346,2
-63.10335,166.15579,0.7405553,0.7405553,3
-62.96878,165.00429,0.7564763,0.7564763,3
-62.82406,163.86484,0.7205034,0.7205034,3
-62.669044,162.7385,0.7513204,0.7513204,3
-62.50415,161.62566,0.7725848,0.7725848,3
-62.329494,160.52701,0.7245763,0.7245763,3
-62.14528,159.4431,0.6837175,0.6837175,2
-61.95182,158.37424,0.58755445,0.58755445,2
-61.74916,157.32115,0.45275888,0.45275888,2
-61.537804,156.28369,0.4137889,0.4137889,2
-61.31762,155.26288,0.38035306,0.38035306,1
-61.08929,154.25806,0.410423,0.410423,2
-60.852535,153.2705,0.38135388,0.38135388,1
-60.608147,152.2992,0.35266712,0.35266712,1
-60.355797,151.3455,0.3415809,0.3415809,1
-60.096252,150.40831,0.04719735,0.04719735,0
-59.829308,149.48866,0.0017038316,0.0017038316,0
-59.555557,148.58572,0.0007293514,0.0007293514,0
-59.27496,147.7001,0.00065361336,0.00065361336,0
-58.987946,146.83127,0.0006386957,0.0006386957,0
-58.694603,145.97943,0.00063714536,0.00063714536,0
-58.39524,145.1443,0.0006372775,0.0006372775,0
-58.090054,144.32578,0.00063765445,0.00063765445,0
-57.779224,143.52379,0.000637973,0.000637973,0
-57.46306,142.73787,0.00063825544,0.00063825544,0
-57.141617,141.96829,0.00063833606,0.00063833606,0
-56.815308,141.2142,0.00063836225,0.00063836225,0
-56.484074,140.47614,0.000638368,0.000638368,0
-56.14841,139.75294,0.00063837046,0.00063837046,0
-55.808174,139.04546,0.00063837075,0.00063837075,0
-55.463882,138.35228,0.00063837104,0.00063837104,0
-55.11542,137.67418,0.00063837104,0.00063837104,0
-54.763214,137.01,0.00063837104,0.00063837104,0
-54.40724,136.36017,0.00063837104,0.00063837104,0
-54.04782,135.72385,0.00063837104,0.00063837104,0
-53.685,135.1012,0.00063837104,0.00063837104,0
-53.319008,134.49164,0.00063837104,0.00063837104,0
-52.949966,133.89505,0.00063837104,0.00063837104,0
-52.57802,133.3111,0.00063837104,0.00063837104,0
-52.20334,132.73944,0.00063837104,0.00063837104,0
-51.826023,132.18,0.00063837104,0.00063837104,0
-51.446274,131.63214,0.00063837104,0.00063837104,0
-51.064125,131.0961,0.00063837104,0.00063837104,0
-50.679825,130.57098,0.00063837104,0.00063837104,0
-50.29335,130.05727,0.00063837104,0.00063837104,0
-49.904984,129.55386,0.00063837104,0.00063837104,0
-49.514687,129.06136,0.0006384559,0.0006384559,0
-49.122696,128.57872,0.0006364523,0.0006364523,0
-48.729027,128.10634,0.00063851406,0.00063851406,0
-48.333866,127.64348,0.00061591144,0.00061591144,0
-47.93724,127.19026,0.00058596703,0.00058596703,0
-47.539307,126.746185,0.0006016315,0.0006016315,0
-47.140118,126.31122,0.00078726263,0.00078726263,0
-46.829544,-126.921936,0.0012575969,0.0012575969,0
-47.22473,-127.359634,0.0009086667,0.0009086667,0
-47.618607,-127.80635,0.00062122586,0.00062122586,0
-48.011116,-128.2621,0.00063243276,0.00063243276,0
-48.402115,-128.72742,0.0006374557,0.0006374557,0
-48.791565,-129.2021,0.0006379955,0.0006379955,0
-49.179276,-129.68692,0.0006383699,0.0006383699,0
-49.565247,-130.18147,0.00063837104,0.00063837104,0
-49.94923,-130.68678,0.00063837104,0.00063837104,0
-50.331253,-131.20226,0.00063837104,0.00063837104,0
-50.711063,-131.72894,0.00063837104,0.00063837104,0
-51.08867,-132.26636,0.00063837104,0.00063837104,0
-51.463818,-132.81538,0.00063837104,0.00063837104,0
-51.836494,-133.3758,0.00063837104,0.00063837104,0
-52.206463,-133.9482,0.00063837104,0.00063837104,0
-52.573658,-134.53262,0.00063837104,0.00063837104,0
-52.937904,-135.12946,0.00063837104,0.00063837104,0
-53.299053,-135.73897,0.00063837104,0.00063837104,0
-53.656982,-136.36127,0.00063837104,0.00063837104,0
-54.011475,-136.9969,0.00063837104,0.00063837104,0
-54.362473,-137.64572,0.00063837104,0.00063837104,0
-54.709667,-138.30853,0.00063837104,0.00063837104,0
-55.053078,-138.9849,0.00063837104,0.00063837104,0
-55.39229,-139.67592,0.0006383716,0.0006383716,0
-55.727417,-140.38084,0.00063836615,0.00063836615,0
-56.057953,-141.101,0.00063833455,0.00063833455,0
-56.384026,-141.83554,0.000638302,0.000638302,0
-56.70517,-142.58565,0.00063849124,0.00063849124,0
-57.021427,-143.35072,0.00063964387,0.00063964387,0
-57.332397,-144.13158,0.00064240716,0.00064240716,0
-57.63803,-144.92792,0.00064557634,0.00064557634,0
-57.938034,-145.74023,0.0006478347,0.0006478347,0
-58.232224,-146.56851,0.00064877444,0.00064877444,0
-58.520397,-147.41284,0.000648027,0.000648027,0
-58.802273,-148.2735,0.0006460379,0.0006460379,0
-59.07777,-149.15027,0.0006452082,0.0006452082,0
-59.346447,-150.04362,0.00065082737,0.00065082737,0
-59.60837,-150.95294,0.0006707074,0.0006707074,0
-59.862953,-151.87907,0.0006879007,0.0006879007,0
-60.11041,-152.8209,0.0007291787,0.0007291787,0
-60.349976,-153.77954,0.00074880355,0.00074880355,0
-60.582,-154.75366,0.00078212447,0.00078212447,0
-60.805695,-155.74417,0.0007591499,0.0007591499,0
-61.02134,-156.74992,0.0007970125,0.0007970125,0
-61.228287,-157.77142,0.00075469795,0.00075469795,0
-61.42666,-158.80775,0.0008913063,0.0008913063,0
-61.615967,-159.85901,0.001143711,0.001143711,0
-61.79619,-160.92448,0.0015481277,0.0015481277,0
-61.96701,-162.00388,0.0023965314,0.0023965314,0
-62.12824,-163.09668,0.0022734497,0.0022734497,0
-62.27977,-164.2022,0.0015803569,0.0015803569,0
-62.42122,-165.32007,0.0016947548,0.0016947548,0
-62.552708,-166.44928,0.0021757942,0.0021757942,0
-62.673653,-167.58957,0.0027147506,0.0027147506,0
-62.78443,-168.73964,0.0023122786,0.0023122786,0
-62.884235,-169.89929,0.0016253401,0.0016253401,0
-62.973675,-171.06706,0.0013358594,0.0013358594,0
-63.05182,-172.24266,0.0010705007,0.0010705007,0
-63.11935,-173.42462,0.0009573295,0.0009573295,0
-63.17549,-174.61241,0.00085665495,0.00085665495,0
-63.220726,-175.80473,0.00077051565,0.00077051565,0
-63.25454,-177.00076,0.00076882174,0.00076882174,0
-63.277225,-178.1994,0.0007767155,0.0007767155,0
-63.28852,-179.39963,0.00080386875,0.00080386875,0
-63.28852,179.39963,0.0008425419,0.0008425419,0
-63.277225,178.1994,0.000965416,0.000965416,0
-63.25454,177.00076,0.0016927876,0.0016927876,0
-63.220726,175.80473,0.005978771,0.005978771,0
-63.17549,174.61241,0.026905704,0.026905704,0
-63.11935,173.42462,0.07215055,0.07215055,0
-63.05182,172.24266,0.2321385,0.2321385,1
-62.973675,171.06706,0.2230374,0.2230374,1
-62.884235,169.89929,0.21348135,0.21348135,1
-62.78443,168.73964,0.06995992,0.06995992,0
-62.673653,167.58957,0.13526033,0.13526033,0
-62.552708,166.44928,0.3888947,0.3888947,1
-62.42122,165.32007,0.4786888,0.4786888,2
-62.27977,164.2022,0.4223014,0.4223014,2
-62.12824,163.09668,0.39227834,0.39227834,1
-61.96701,162.00388,0.45516703,0.45516703,2
-61.79619,160.92448,0.40725386,0.40725386,2
-61.615967,159.85901,0.3758073,0.3758073,1
-61.42666,158.80775,0.33892164,0.33892164,1
-61.228287,157.77142,0.18488812,0.18488812,1
-61.02134,156.74992,0.2221547,0.2221547,1
-60.805695,155.74417,0.027787842,0.027787842,0
-60.582,154.75366,0.017925275,0.017925275,0
-60.349976,153.77954,0.033615883,0.033615883,0
-60.11041,152.8209,0.033785895,0.033785895,0
-59.862953,151.87907,0.020070106,0.020070106,0
-59.60837,150.95294,0.0038289079,0.0038289079,0
-59.346447,150.04362,0.0010325772,0.0010325772,0
-59.07777,149.15027,0.00071436015,0.00071436015,0
-58.802273,148.2735,0.00065176375,0.00065176375,0
-58.520397,147.41284,0.0006389846,0.0006389846,0
-58.232224,146.56851,0.00063824485,0.00063824485,0
-57.938034,145.74023,0.00063806085,0.00063806085,0
-57.63803,144.92792,0.0006381697,0.0006381697,0
-57.332397,144.13158,0.0006382889,0.0006382889,0
-57.021427,143.35072,0.00063834095,0.00063834095,0
-56.70517,142.58565,0.0006383668,0.0006383668,0
-56.384026,141.83554,0.00063837104,0.00063837104,0
-56.057953,141.101,0.00063837104,0.00063837104,0
-55.727417,140.38084,0.00063837104,0.00063837104,0
-55.39229,139.67592,0.00063837104,0.00063837104,0
-55.053078,138.9849,0.00063837104,0.00063837104,0
-54.709667,138.30853,0.00063837104,0.00063837104,0
-54.362473,137.64572,0.00063837104,0.00063837104,0
-54.011475,136.9969,0.00063837104,0.00063837104,0
-53.656982,136.36127,0.00063837104,0.00063837104,0
-53.299053,135.73897,0.00063837104,0.00063837104,0
-52.937904,135.12946,0.00063837104,0.00063837104,0
-52.573658,134.53262,0.00063837104,0.00063837104,0
-52.206463,133.9482,0.00063837104,0.00063837104,0
-51.836494,133.3758,0.00063837104,0.00063837104,0
-51.463818,132.81538,0.00063837104,0.00063837104,0
-51.08867,132.26636,0.00063837104,0.00063837104,0
-50.711063,131.72894,0.00063837104,0.00063837104,0
-50.331253,131.20226,0.00063837104,0.00063837104,0
-49.94923,130.68678,0.00063837104,0.00063837104,0
-49.565247,130.18147,0.00063837104,0.00063837104,0
-49.179276,129.68692,0.0006384559,0.0006384559,0
-48.791565,129.2021,0.0006364523,0.0006364523,0
-48.402115,128.72742,0.00063851406,0.00063851406,0
-48.011116,128.2621,0.00061591144,0.00061591144,0
-47.618607,127.80635,0.00058596703,0.00058596703,0
-47.22473,127.359634,0.0006016315,0.0006016315,0
-46.829544,126.921936,0.00078726263,0.00078726263,0
-46.515263,-127.5231,0.0012575969,0.0012575969,0
-46.906445,-127.96329,0.0009086667,0.0009086667,0
-47.296276,-128.4124,0.00062122586,0.00062122586,0
-47.68468,-128.87045,0.00063243276,0.00063243276,0
-48.071526,-129.33794,0.0006374557,0.0006374557,0
-48.456764,-129.8147,0.0006379955,0.0006379955,0
-48.84021,-130.30144,0.0006383699,0.0006383699,0
-49.22187,-130.7978,0.00063837104,0.00063837104,0
-49.601486,-131.30472,0.00063837104,0.00063837104,0
-49.9791,-131.82169,0.00063837104,0.00063837104,0
-50.35444,-132.34966,0.00063837104,0.00063837104,0
-50.727524,-132.88818,0.00063837104,0.00063837104,0
-51.098114,-133.4381,0.00063837104,0.00063837104,0
-51.466167,-133.99918,0.00063837104,0.00063837104,0
-51.83148,-134.57204,0.00063837104,0.00063837104,0
-52.193962,-135.15666,0.00063837104,0.00063837104,0
-52.553455,-135.75343,0.00063837104,0.00063837104,0
-52.909813,-136.36258,0.00063837104,0.00063837104,0
-53.262905,-136.98425,0.00063837104,0.00063837104,0
-53.612522,-137.61891,0.00063837104,0.00063837104,0
-53.95861,-138.26646,0.00063837104,0.00063837104,0
-54.300858,-138.92761,0.00063837104,0.00063837104,0
-54.639294,-139.60196,0.00063837104,0.00063837104,0
-54.973495,-140.29056,0.00063837104,0.00063837104,0
-55.303596,-140.99266,0.00063837104,0.00063837104,0
-55.62908,-141.70953,0.0006383616,0.0006383616,0
-55.950085,-142.44035,0.00063833303,0.00063833303,0
-56.266148,-143.18623,0.0006383184,0.0006383184,0
-56.577316,-143.94658,0.0006384611,0.0006384611,0
-56.883194,-144.72218,0.00063891674,0.00063891674,0
-57.18375,-145.51271,0.00063963933,0.00063963933,0
-57.47866,-146.31865,0.0006401235,0.0006401235,0
-57.76778,-147.13992,0.0006403756,0.0006403756,0
-58.05091,-147.97665,0.0006403938,0.0006403938,0
-58.327774,-148.82907,0.00064006983,0.00064006983,0
-58.59828,-149.6969,0.0006400284,0.0006400284,0
-58.862022,-150.58067,0.00064114376,0.00064114376,0
-59.11906,-151.4797,0.00064490846,0.00064490846,0
-59.368813,-152.39479,0.0006515846,0.0006515846,0
-59.61151,-153.3249,0.00065941695,0.00065941695,0
-59.846394,-154.27101,0.0006698137,0.0006698137,0
-60.07382,-155.23186,0.0006779252,0.0006779252,0
-60.29302,-156.20833,0.00069674733,0.00069674733,0
-60.504272,-157.19926,0.0007054392,0.0007054392,0
-60.706944,-158.20515,0.00074805116,0.00074805116,0
-60.901165,-159.2251,0.00075916544,0.00075916544,0
-61.08647,-160.25922,0.00079980615,0.00079980615,0
-61.262825,-161.30676,0.00082019815,0.00082019815,0
-61.429955,-162.36746,0.0009327191,0.0009327191,0
-61.587643,-163.44083,0.00094622286,0.00094622286,0
-61.735825,-164.52618,0.00086231186,0.00086231186,0
-61.874115,-165.62321,0.0008129172,0.0008129172,0
-62.00264,-166.73088,0.00091696356,0.00091696356,0
-62.12084,-167.849,0.001043305,0.001043305,0
-62.229073,-168.97632,0.0010339214,0.0010339214,0
-62.326576,-170.11263,0.0009010388,0.0009010388,0
-62.41394,-171.25658,0.0008319573,0.0008319573,0
-62.490265,-172.40787,0.0007324569,0.0007324569,0
-62.55621,-173.56512,0.0007078174,0.0007078174,0
-62.611027,-174.72786,0.00068908435,0.00068908435,0
-62.65519,-175.89484,0.0006888617,0.0006888617,0
-62.688198,-177.06532,0.00069976714,0.00069976714,0
-62.710342,-178.23819,0.0007181317,0.0007181317,0
-62.721367,-179.41255,0.0007310521,0.0007310521,0
-62.721367,179.41255,0.000755035,0.000755035,0
-62.710342,178.23819,0.00084510725,0.00084510725,0
-62.688198,177.06532,0.00087258074,0.00087258074,0
-62.65519,175.89484,0.0010231043,0.0010231043,0
-62.611027,174.72786,0.0014850709,0.0014850709,0
-62.55621,173.56512,0.002563181,0.002563181,0
-62.490265,172.40787,0.006236668,0.006236668,0
-62.41394,171.25658,0.007063966,0.007063966,0
-62.326576,170.11263,0.0065251356,0.0065251356,0
-62.229073,168.97632,0.005185239,0.005185239,0
-62.12084,167.849,0.008665207,0.008665207,0
-62.00264,166.73088,0.02179907,0.02179907,0
-61.874115,165.62321,0.05169064,0.05169064,0
-61.735825,164.52618,0.034419626,0.034419626,0
-61.587643,163.44083,0.029589951,0.029589951,0
-61.429955,162.36746,0.03732259,0.03732259,0
-61.262825,161.30676,0.019658206,0.019658206,0
-61.08647,160.25922,0.018420713,0.018420713,0
-60.901165,159.2251,0.01920003,0.01920003,0
-60.706944,158.20515,0.012857319,0.012857319,0
-60.504272,157.19926,0.017285865,0.017285865,0
-60.29302,156.20833,0.004159176,0.004159176,0
-60.07382,155.23186,0.0030090413,0.0030090413,0
-59.846394,154.27101,0.003606107,0.003606107,0
-59.61151,153.3249,0.0027954916,0.0027954916,0
-59.368813,152.39479,0.0016487082,0.0016487082,0
-59.11906,151.4797,0.0009916362,0.0009916362,0
-58.862022,150.58067,0.0007589734,0.0007589734,0
-58.59828,149.6969,0.0006733891,0.0006733891,0
-58.327774,148.82907,0.0006459779,0.0006459779,0
-58.05091,147.97665,0.00063858187,0.00063858187,0
-57.76778,147.13992,0.0006380937,0.0006380937,0
-57.47866,146.31865,0.0006382032,0.0006382032,0
-57.18375,145.51271,0.000638309,0.000638309,0
-56.883194,144.72218,0.00063835096,0.00063835096,0
-56.577316,143.94658,0.00063836743,0.00063836743,0
-56.266148,143.18623,0.00063837046,0.00063837046,0
-55.950085,142.44035,0.00063837075,0.00063837075,0
-55.62908,141.70953,0.00063837104,0.00063837104,0
-55.303596,140.99266,0.00063837104,0.00063837104,0
-54.973495,140.29056,0.00063837104,0.00063837104,0
-54.639294,139.60196,0.00063837104,0.00063837104,0
-54.300858,138.92761,0.00063837104,0.00063837104,0
-53.95861,138.26646,0.00063837104,0.00063837104,0
-53.612522,137.61891,0.00063837104,0.00063837104,0
-53.262905,136.98425,0.00063837104,0.00063837104,0
-52.909813,136.36258,0.00063837104,0.00063837104,0
-52.553455,135.75343,0.00063837104,0.00063837104,0
-52.193962,135.15666,0.00063837104,0.00063837104,0
-51.83148,134.57204,0.00063837104,0.00063837104,0
-51.466167,133.99918,0.00063837104,0.00063837104,0
-51.098114,133.4381,0.00063837104,0.00063837104,0
-50.727524,132.88818,0.00063837104,0.00063837104,0
-50.35444,132.34966,0.00063837104,0.00063837104,0
-49.9791,131.82169,0.00063837104,0.00063837104,0
-49.601486,131.30472,0.00063837104,0.00063837104,0
-49.22187,130.7978,0.00063837104,0.00063837104,0
-48.84021,130.30144,0.0006384559,0.0006384559,0
-48.456764,129.8147,0.0006364523,0.0006364523,0
-48.071526,129.33794,0.00063851406,0.00063851406,0
-47.68468,128.87045,0.00061591144,0.00061591144,0
-47.296276,128.4124,0.00058596703,0.00058596703,0
-46.906445,127.96329,0.0006016315,0.0006016315,0
-46.515263,127.5231,0.00078726263,0.00078726263,0
-46.197296,-128.11453,0.0012575969,0.0012575969,0
-46.584488,-128.557,0.0009086667,0.0009086667,0
-46.97028,-129.00827,0.00062122586,0.00062122586,0
-47.354595,-129.46837,0.00063243276,0.00063243276,0
-47.737297,-129.93779,0.0006374557,0.0006374557,0
-48.118343,-130.41637,0.0006379955,0.0006379955,0
-48.49755,-130.90477,0.0006383699,0.0006383699,0
-48.874916,-131.40266,0.00063837104,0.00063837104,0
-49.25019,-131.91095,0.00063837104,0.00063837104,0
-49.623417,-132.42911,0.00063837104,0.00063837104,0
-49.994316,-132.9581,0.00063837104,0.00063837104,0
-50.36292,-133.49747,0.00063837104,0.00063837104,0
-50.728973,-134.048,0.00063837104,0.00063837104,0
-51.092453,-134.6095,0.00063837104,0.00063837104,0
-51.453144,-135.18253,0.00063837104,0.00063837104,0
-51.810966,-135.76706,0.00063837104,0.00063837104,0
-52.165756,-136.36351,0.00063837104,0.00063837104,0
-52.517365,-136.97205,0.00063837104,0.00063837104,0
-52.865685,-137.5928,0.00063837104,0.00063837104,0
-53.21048,-138.22623,0.00063837104,0.00063837104,0
-53.55172,-138.8722,0.00063837104,0.00063837104,0
-53.889084,-139.53145,0.00063837104,0.00063837104,0
-54.222622,-140.20352,0.00063837104,0.00063837104,0
-54.5519,-140.88943,0.00063837104,0.00063837104,0
-54.877045,-141.58846,0.00063837133,0.00063837133,0
-55.19756,-142.30182,0.00063837104,0.00063837104,0
-55.513588,-143.02869,0.0006383665,0.0006383665,0
-55.824665,-143.77014,0.0006383534,0.0006383534,0
-56.130844,-144.52557,0.0006383452,0.0006383452,0
-56.431732,-145.29572,0.0006383808,0.0006383808,0
-56.7273,-146.0803,0.00063848606,0.00063848606,0
-57.017235,-146.8797,0.00063864246,0.00063864246,0
-57.301407,-147.69391,0.0006387773,0.0006387773,0
-57.579605,-148.52295,0.0006388504,0.0006388504,0
-57.851578,-149.36707,0.0006388221,0.0006388221,0
-58.117226,-150.22598,0.0006387517,0.0006387517,0
-58.37616,-151.10013,0.00063882145,0.00063882145,0
-58.628433,-151.98892,0.0006394424,0.0006394424,0
-58.873497,-152.89305,0.0006404967,0.0006404967,0
-59.11156,-153.81152,0.00064176525,0.00064176525,0
-59.341904,-154.74527,0.00064374297,0.00064374297,0
-59.564865,-155.69305,0.0006454991,0.0006454991,0
-59.7797,-156.65573,0.00065120147,0.00065120147,0
-59.986702,-157.63214,0.0006637372,0.0006637372,0
-60.18524,-158.62279,0.00068631367,0.00068631367,0
-60.375458,-159.62674,0.0007125913,0.0007125913,0
-60.556885,-160.64412,0.0007424817,0.0007424817,0
-60.729515,-161.67422,0.0007473795,0.0007473795,0
-60.893066,-162.71681,0.0007574619,0.0007574619,0
-61.04736,-163.77136,0.0007498886,0.0007498886,0
-61.192307,-164.83722,0.0007291978,0.0007291978,0
-61.327553,-165.91408,0.00073460507,0.00073460507,0
-61.453224,-167.001,0.00074434455,0.00074434455,0
-61.568783,-168.09776,0.0007634666,0.0007634666,0
-61.674576,-169.20319,0.0007284692,0.0007284692,0
-61.76987,-170.31708,0.0006920792,0.0006920792,0
-61.855236,-171.43814,0.0006617082,0.0006617082,0
-61.92981,-172.56612,0.00064470846,0.00064470846,0
-61.994232,-173.69969,0.0006404159,0.0006404159,0
-62.047783,-174.83838,0.0006428083,0.0006428083,0
-62.09092,-175.98108,0.00064479664,0.00064479664,0
-62.12316,-177.12706,0.0006485682,0.0006485682,0
-62.144794,-178.2753,0.00065656146,0.00065656146,0
-62.155556,-179.42496,0.0006688359,0.0006688359,0
-62.155556,179.42496,0.0006967497,0.0006967497,0
-62.144794,178.2753,0.0007237976,0.0007237976,0
-62.12316,177.12706,0.0007606554,0.0007606554,0
-62.09092,175.98108,0.0007746602,0.0007746602,0
-62.047783,174.83838,0.00082024944,0.00082024944,0
-61.994232,173.69969,0.00087718404,0.00087718404,0
-61.92981,172.56612,0.0009259749,0.0009259749,0
-61.855236,171.43814,0.0009286246,0.0009286246,0
-61.76987,170.31708,0.0009109613,0.0009109613,0
-61.674576,169.20319,0.0009342044,0.0009342044,0
-61.568783,168.09776,0.0011063732,0.0011063732,0
-61.453224,167.001,0.0019314023,0.0019314023,0
-61.327553,165.91408,0.002972704,0.002972704,0
-61.192307,164.83722,0.0027889432,0.0027889432,0
-61.04736,163.77136,0.0029320216,0.0029320216,0
-60.893066,162.71681,0.0028044558,0.0028044558,0
-60.729515,161.67422,0.0022821233,0.0022821233,0
-60.556885,160.64412,0.0023633835,0.0023633835,0
-60.375458,159.62674,0.0021952123,0.0021952123,0
-60.18524,158.62279,0.0019011535,0.0019011535,0
-59.986702,157.63214,0.0022519117,0.0022519117,0
-59.7797,156.65573,0.0012539715,0.0012539715,0
-59.564865,155.69305,0.0012361747,0.0012361747,0
-59.341904,154.74527,0.0012235054,0.0012235054,0
-59.11156,153.81152,0.0010307393,0.0010307393,0
-58.873497,152.89305,0.0008763198,0.0008763198,0
-58.628433,151.98892,0.00074185926,0.00074185926,0
-58.37616,151.10013,0.0006766871,0.0006766871,0
-58.117226,150.22598,0.00064808596,0.00064808596,0
-57.851578,149.36707,0.00063985126,0.00063985126,0
-57.579605,148.52295,0.0006380821,0.0006380821,0
-57.301407,147.69391,0.0006382135,0.0006382135,0
-57.017235,146.8797,0.0006383142,0.0006383142,0
-56.7273,146.0803,0.00063835585,0.00063835585,0
-56.431732,145.29572,0.0006383689,0.0006383689,0
-56.130844,144.52557,0.00063837075,0.00063837075,0
-55.824665,143.77014,0.00063837104,0.00063837104,0
-55.513588,143.02869,0.00063837104,0.00063837104,0
-55.19756,142.30182,0.00063837104,0.00063837104,0
-54.877045,141.58846,0.00063837104,0.00063837104,0
-54.5519,140.88943,0.00063837104,0.00063837104,0
-54.222622,140.20352,0.00063837104,0.00063837104,0
-53.889084,139.53145,0.00063837104,0.00063837104,0
-53.55172,138.8722,0.00063837104,0.00063837104,0
-53.21048,138.22623,0.00063837104,0.00063837104,0
-52.865685,137.5928,0.00063837104,0.00063837104,0
-52.517365,136.97205,0.00063837104,0.00063837104,0
-52.165756,136.36351,0.00063837104,0.00063837104,0
-51.810966,135.76706,0.00063837104,0.00063837104,0
-51.453144,135.18253,0.00063837104,0.00063837104,0
-51.092453,134.6095,0.00063837104,0.00063837104,0
-50.728973,134.048,0.00063837104,0.00063837104,0
-50.36292,133.49747,0.00063837104,0.00063837104,0
-49.994316,132.9581,0.00063837104,0.00063837104,0
-49.623417,132.42911,0.00063837104,0.00063837104,0
-49.25019,131.91095,0.00063837104,0.00063837104,0
-48.874916,131.40266,0.00063837104,0.00063837104,0
-48.49755,130.90477,0.0006384559,0.0006384559,0
-48.118343,130.41637,0.0006364523,0.0006364523,0
-47.737297,129.93779,0.00063851406,0.00063851406,0
-47.354595,129.46837,0.00061591144,0.00061591144,0
-46.97028,129.00827,0.00058596703,0.00058596703,0
-46.584488,128.557,0.0006016315,0.0006016315,0
-46.197296,128.11453,0.00078726263,0.00078726263,0
-45.875946,-128.6968,0.0012575969,0.0012575969,0
-46.25916,-129.14128,0.0009086667,0.0009086667,0
-46.640915,-129.5945,0.00062122586,0.00062122586,0
-47.021156,-130.05643,0.00063243276,0.00063243276,0
-47.399727,-130.52757,0.0006374557,0.0006374557,0
-47.776604,-131.0077,0.0006379955,0.0006379955,0
-48.151585,-131.49756,0.0006383699,0.0006383699,0
-48.524677,-131.99673,0.00063837104,0.00063837104,0
-48.895634,-132.50616,0.00063837104,0.00063837104,0
-49.2645,-133.02528,0.00063837104,0.00063837104,0
-49.630997,-133.55504,0.00063837104,0.00063837104,0
-49.99514,-134.095,0.00063837104,0.00063837104,0
-50.356697,-134.6459,0.00063837104,0.00063837104,0
-50.71565,-135.20755,0.00063837104,0.00063837104,0
-51.071754,-135.7805,0.00063837104,0.00063837104,0
-51.42496,-136.36473,0.00063837104,0.00063837104,0
-51.775097,-136.96056,0.00063837104,0.00063837104,0
-52.122013,-137.56822,0.00063837104,0.00063837104,0
-52.465607,-138.18782,0.00063837104,0.00063837104,0
-52.80565,-138.8198,0.00063837104,0.00063837104,0
-53.1421,-139.46396,0.00063837104,0.00063837104,0
-53.474663,-140.12106,0.00063837104,0.00063837104,0
-53.80336,-140.79062,0.00063837104,0.00063837104,0
-54.127777,-141.47365,0.00063837104,0.00063837104,0
-54.44805,-142.1694,0.00063837104,0.00063837104,0
-54.763683,-142.87906,0.00063837133,0.00063837133,0
-55.074818,-143.60179,0.00063837104,0.00063837104,0
-55.38099,-144.33861,0.00063837133,0.00063837133,0
-55.682274,-145.08899,0.00063837133,0.00063837133,0
-55.978264,-145.85355,0.00063837075,0.00063837075,0
-56.268948,-146.63205,0.0006383689,0.0006383689,0
-56.554016,-147.4248,0.00063836615,0.00063836615,0
-56.833347,-148.23183,0.0006383595,0.0006383595,0
-57.106728,-149.05312,0.000638347,0.000638347,0
-57.37391,-149.8889,0.00063832547,0.00063832547,0
-57.63482,-150.73886,0.00063829654,0.00063829654,0
-57.889053,-151.60345,0.0006382886,0.0006382886,0
-58.136692,-152.48204,0.0006383656,0.0006383656,0
-58.377182,-153.37532,0.000638574,0.000638574,0
-58.61075,-154.28226,0.00063887564,0.00063887564,0
-58.836666,-155.20383,0.0006392173,0.0006392173,0
-59.055298,-156.13876,0.0006396238,0.0006396238,0
-59.265903,-157.08786,0.0006404442,0.0006404442,0
-59.468777,-158.05005,0.0006425587,0.0006425587,0
-59.663307,-159.02574,0.00064622733,0.00064622733,0
-59.849632,-160.0141,0.00065261434,0.00065261434,0
-60.02731,-161.01518,0.00065922184,0.00065922184,0
-60.196335,-162.02834,0.0006642254,0.0006642254,0
-60.356434,-163.05331,0.000666865,0.000666865,0
-60.507446,-164.08957,0.00066717487,0.00066717487,0
-60.649273,-165.13655,0.00066650345,0.00066650345,0
-60.78158,-166.19392,0.0006714342,0.0006714342,0
-60.90451,-167.26077,0.00068091764,0.00068091764,0
-61.01751,-168.33691,0.0006782522,0.0006782522,0
-61.12096,-169.42123,0.00065992714,0.00065992714,0
-61.214115,-170.5135,0.0006415347,0.0006415347,0
-61.29756,-171.61253,0.0006355915,0.0006355915,0
-61.370453,-172.71805,0.0006367022,0.0006367022,0
-61.43341,-173.82889,0.0006376213,0.0006376213,0
-61.485737,-174.94449,0.00063837535,0.00063837535,0
-61.527893,-176.06387,0.0006392429,0.0006392429,0
-61.559395,-177.18634,0.00064049155,0.00064049155,0
-61.58053,-178.31093,0.0006423573,0.0006423573,0
-61.59105,-179.43683,0.0006452488,0.0006452488,0
-61.59105,179.43683,0.000651997,0.000651997,0
-61.58053,178.31093,0.0006662618,0.0006662618,0
-61.559395,177.18634,0.000687358,0.000687358,0
-61.527893,176.06387,0.000713094,0.000713094,0
-61.485737,174.94449,0.0007413229,0.0007413229,0
-61.43341,173.82889,0.0007543568,0.0007543568,0
-61.370453,172.71805,0.00073807256,0.00073807256,0
-61.29756,171.61253,0.0007332129,0.0007332129,0
-61.214115,170.5135,0.00072899985,0.00072899985,0
-61.12096,169.42123,0.00078790507,0.00078790507,0
-61.01751,168.33691,0.0007712088,0.0007712088,0
-60.90451,167.26077,0.0009242874,0.0009242874,0
-60.78158,166.19392,0.0010906486,0.0010906486,0
-60.649273,165.13655,0.0010724738,0.0010724738,0
-60.507446,164.08957,0.0011399194,0.0011399194,0
-60.356434,163.05331,0.0010961598,0.0010961598,0
-60.196335,162.02834,0.0010295042,0.0010295042,0
-60.02731,161.01518,0.0009811583,0.0009811583,0
-59.849632,160.0141,0.0009717511,0.0009717511,0
-59.663307,159.02574,0.0008659905,0.0008659905,0
-59.468777,158.05005,0.0009218503,0.0009218503,0
-59.265903,157.08786,0.0008105117,0.0008105117,0
-59.055298,156.13876,0.0008131287,0.0008131287,0
-58.836666,155.20383,0.00080695515,0.00080695515,0
-58.61075,154.28226,0.00075531495,0.00075531495,0
-58.377182,153.37532,0.0007106937,0.0007106937,0
-58.136692,152.48204,0.0006693202,0.0006693202,0
-57.889053,151.60345,0.0006446962,0.0006446962,0
-57.63482,150.73886,0.00063829566,0.00063829566,0
-57.37391,149.8889,0.00063807965,0.00063807965,0
-57.106728,149.05312,0.0006380587,0.0006380587,0
-56.833347,148.23183,0.00063829136,0.00063829136,0
-56.554016,147.4248,0.0006383552,0.0006383552,0
-56.268948,146.63205,0.00063836586,0.00063836586,0
-55.978264,145.85355,0.00063837104,0.00063837104,0
-55.682274,145.08899,0.00063837104,0.00063837104,0
-55.38099,144.33861,0.00063837104,0.00063837104,0
-55.074818,143.60179,0.00063837104,0.00063837104,0
-54.763683,142.87906,0.00063837104,0.00063837104,0
-54.44805,142.1694,0.00063837104,0.00063837104,0
-54.127777,141.47365,0.00063837104,0.00063837104,0
-53.80336,140.79062,0.00063837104,0.00063837104,0
-53.474663,140.12106,0.00063837104,0.00063837104,0
-53.1421,139.46396,0.00063837104,0.00063837104,0
-52.80565,138.8198,0.00063837104,0.00063837104,0
-52.465607,138.18782,0.00063837104,0.00063837104,0
-52.122013,137.56822,0.00063837104,0.00063837104,0
-51.775097,136.96056,0.00063837104,0.00063837104,0
-51.42496,136.36473,0.00063837104,0.00063837104,0
-51.071754,135.7805,0.00063837104,0.00063837104,0
-50.71565,135.20755,0.00063837104,0.00063837104,0
-50.356697,134.6459,0.00063837104,0.00063837104,0
-49.99514,134.095,0.00063837104,0.00063837104,0
-49.630997,133.55504,0.00063837104,0.00063837104,0
-49.2645,133.02528,0.00063837104,0.00063837104,0
-48.895634,132.50616,0.00063837104,0.00063837104,0
-48.524677,131.99673,0.00063837104,0.00063837104,0
-48.151585,131.49756,0.0006384559,0.0006384559,0
-47.776604,131.0077,0.0006364523,0.0006364523,0
-47.399727,130.52757,0.00063851406,0.00063851406,0
-47.021156,130.05643,0.00061591144,0.00061591144,0
-46.640915,129.5945,0.00058596703,0.00058596703,0
-46.25916,129.14128,0.0006016315,0.0006016315,0
-45.875946,128.6968,0.00078726263,0.00078726263,0
-45.551163,-129.26949,0.0012575969,0.0012575969,0
-45.930405,-129.7158,0.0009086667,0.0009086667,0
-46.308147,-130.17075,0.00062122586,0.00062122586,0
-46.68432,-130.63428,0.00063243276,0.00063243276,0
-47.058784,-131.10687,0.0006374557,0.0006374557,0
-47.431507,-131.58838,0.0006379955,0.0006379955,0
-47.80229,-132.07944,0.0006383699,0.0006383699,0
-48.171143,-132.57967,0.00063837104,0.00063837104,0
-48.537815,-133.08997,0.00063837104,0.00063837104,0
-48.902344,-133.60982,0.00063837104,0.00063837104,0
-49.264465,-134.1401,0.00063837104,0.00063837104,0
-49.6242,-134.68039,0.00063837104,0.00063837104,0
-49.981293,-135.23143,0.00063837104,0.00063837104,0
-50.335747,-135.793,0.00063837104,0.00063837104,0
-50.68733,-136.36562,0.00063837104,0.00063837104,0
-51.035965,-136.94928,0.00063837104,0.00063837104,0
-51.381493,-137.54428,0.00063837104,0.00063837104,0
-51.723778,-138.15085,0.00063837104,0.00063837104,0
-52.0627,-138.76903,0.00063837104,0.00063837104,0
-52.39805,-139.39929,0.00063837104,0.00063837104,0
-52.729782,-140.04144,0.00063837104,0.00063837104,0
-53.057594,-140.69617,0.00063837104,0.00063837104,0
-53.38153,-141.363,0.00063837104,0.00063837104,0
-53.70117,-142.04292,0.00063837104,0.00063837104,0
-54.016663,-142.7352,0.00063837104,0.00063837104,0
-54.32749,-143.44095,0.00063837104,0.00063837104,0
-54.633816,-144.15938,0.00063837104,0.00063837104,0
-54.93518,-144.89145,0.00063837104,0.00063837104,0
-55.23166,-145.63658,0.00063837104,0.00063837104,0
-55.52286,-146.39545,0.00063837104,0.00063837104,0
-55.808765,-147.16772,0.00063837075,0.00063837075,0
-56.089073,-147.9538,0.00063837046,0.00063837046,0
-56.36366,-148.75356,0.00063837046,0.00063837046,0
-56.632336,-149.56706,0.00063837017,0.00063837017,0
-56.89485,-150.39447,0.00063837017,0.00063837017,0
-57.151134,-151.2355,0.0006383696,0.0006383696,0
-57.4008,-152.09055,0.00063836586,0.00063836586,0
-57.64392,-152.95901,0.00063836284,0.00063836284,0
-57.879963,-153.84152,0.0006383619,0.0006383619,0
-58.10915,-154.73712,0.00063837104,0.00063837104,0
-58.33078,-155.64665,0.00063839176,0.00063839176,0
-58.545204,-156.56895,0.0006384404,0.0006384404,0
-58.751713,-157.50476,0.0006386321,0.0006386321,0
-58.95058,-158.45302,0.0006390337,0.0006390337,0
-59.141228,-159.41412,0.00063977006,0.00063977006,0
-59.3238,-160.38725,0.0006407382,0.0006407382,0
-59.49785,-161.37247,0.00064180803,0.00064180803,0
-59.66339,-162.36916,0.0006421822,0.0006421822,0
-59.820168,-163.377,0.0006423071,0.0006423071,0
-59.967987,-164.39557,0.0006424154,0.0006424154,0
-60.10681,-165.42429,0.00064244115,0.00064244115,0
-60.23629,-166.4628,0.00064299215,0.00064299215,0
-60.35656,-167.51031,0.0006436859,0.0006436859,0
-60.46711,-168.56656,0.00064313493,0.00064313493,0
-60.5683,-169.63052,0.00064119603,0.00064119603,0
-60.65941,-170.70201,0.0006386206,0.0006386206,0
-60.74101,-171.77985,0.0006376915,0.0006376915,0
-60.81228,-172.86383,0.0006380487,0.0006380487,0
-60.873833,-173.95276,0.00063846173,0.00063846173,0
-60.924988,-175.04623,0.0006385512,0.0006385512,0
-60.966194,-176.14325,0.0006386163,0.0006386163,0
-60.996986,-177.24315,0.00063884974,0.00063884974,0
-61.017647,-178.34506,0.00063917524,0.00063917524,0
-61.027924,-179.44821,0.000639625,0.000639625,0
-61.027924,179.44821,0.00064079044,0.00064079044,0
-61.017647,178.34506,0.0006430742,0.0006430742,0
-60.996986,177.24315,0.00064540433,0.00064540433,0
-60.966194,176.14325,0.0006470695,0.0006470695,0
-60.924988,175.04623,0.0006481066,0.0006481066,0
-60.873833,173.95276,0.00064931967,0.00064931967,0
-60.81228,172.86383,0.0006528203,0.0006528203,0
-60.74101,171.77985,0.00066085707,0.00066085707,0
-60.65941,170.70201,0.0006846155,0.0006846155,0
-60.5683,169.63052,0.00071046076,0.00071046076,0
-60.46711,168.56656,0.00075268076,0.00075268076,0
-60.35656,167.51031,0.00077594246,0.00077594246,0
-60.23629,166.4628,0.00081197504,0.00081197504,0
-60.10681,165.42429,0.00078838196,0.00078838196,0
-59.967987,164.39557,0.0007923915,0.0007923915,0
-59.820168,163.377,0.0007885864,0.0007885864,0
-59.66339,162.36916,0.0007761787,0.0007761787,0
-59.49785,161.37247,0.00075843476,0.00075843476,0
-59.3238,160.38725,0.00074005907,0.00074005907,0
-59.141228,159.41412,0.0007143782,0.0007143782,0
-58.95058,158.45302,0.00070904917,0.00070904917,0
-58.751713,157.50476,0.0006958877,0.0006958877,0
-58.545204,156.56895,0.00068648637,0.00068648637,0
-58.33078,155.64665,0.0006901523,0.0006901523,0
-58.10915,154.73712,0.00066852965,0.00066852965,0
-57.879963,153.84152,0.0006495252,0.0006495252,0
-57.64392,152.95901,0.0006390129,0.0006390129,0
-57.4008,152.09055,0.0006369232,0.0006369232,0
-57.151134,151.2355,0.00063734036,0.00063734036,0
-56.89485,150.39447,0.0006378137,0.0006378137,0
-56.632336,149.56706,0.00063822744,0.00063822744,0
-56.36366,148.75356,0.00063832,0.00063832,0
-56.089073,147.9538,0.0006383668,0.0006383668,0
-55.808765,147.16772,0.0006383689,0.0006383689,0
-55.52286,146.39545,0.00063837075,0.00063837075,0
-55.23166,145.63658,0.00063837104,0.00063837104,0
-54.93518,144.89145,0.00063837104,0.00063837104,0
-54.633816,144.15938,0.00063837104,0.00063837104,0
-54.32749,143.44095,0.00063837104,0.00063837104,0
-54.016663,142.7352,0.00063837104,0.00063837104,0
-53.70117,142.04292,0.00063837104,0.00063837104,0
-53.38153,141.363,0.00063837104,0.00063837104,0
-53.057594,140.69617,0.00063837104,0.00063837104,0
-52.729782,140.04144,0.00063837104,0.00063837104,0
-52.39805,139.39929,0.00063837104,0.00063837104,0
-52.0627,138.76903,0.00063837104,0.00063837104,0
-51.723778,138.15085,0.00063837104,0.00063837104,0
-51.381493,137.54428,0.00063837104,0.00063837104,0
-51.035965,136.94928,0.00063837104,0.00063837104,0
-50.68733,136.36562,0.00063837104,0.00063837104,0
-50.335747,135.793,0.00063837104,0.00063837104,0
-49.981293,135.23143,0.00063837104,0.00063837104,0
-49.6242,134.68039,0.00063837104,0.00063837104,0
-49.264465,134.1401,0.00063837104,0.00063837104,0
-48.902344,133.60982,0.00063837104,0.00063837104,0
-48.537815,133.08997,0.00063837104,0.00063837104,0
-48.171143,132.57967,0.00063837104,0.00063837104,0
-47.80229,132.07944,0.0006384559,0.0006384559,0
-47.431507,131.58838,0.0006364523,0.0006364523,0
-47.058784,131.10687,0.00063851406,0.00063851406,0
-46.68432,130.63428,0.00061591144,0.00061591144,0
-46.308147,130.17075,0.00058596703,0.00058596703,0
-45.930405,129.7158,0.0006016315,0.0006016315,0
-45.551163,129.26949,0.00078726263,0.00078726263,0
-45.223198,-129.83308,0.0012575969,0.0012575969,0
-45.598488,-130.28104,0.0009086667,0.0009086667,0
-45.97223,-130.73749,0.00062122586,0.00062122586,0
-46.344357,-131.20242,0.00063243276,0.00063243276,0
-46.714737,-131.6763,0.0006374557,0.0006374557,0
-47.08333,-132.15894,0.0006379955,0.0006379955,0
-47.449932,-132.65097,0.0006383699,0.0006383699,0
-47.814568,-133.15204,0.00063837104,0.00063837104,0
-48.17698,-133.66301,0.00063837104,0.00063837104,0
-48.537205,-134.18335,0.00063837104,0.00063837104,0
-48.894985,-134.71394,0.00063837104,0.00063837104,0
-49.25035,-135.25435,0.00063837104,0.00063837104,0
-49.60303,-135.8053,0.00063837104,0.00063837104,0
-49.953022,-136.36655,0.00063837104,0.00063837104,0
-50.300117,-136.93863,0.00063837104,0.00063837104,0
-50.644234,-137.52148,0.00063837104,0.00063837104,0
-50.985214,-138.11545,0.00063837104,0.00063837104,0
-51.322914,-138.72067,0.00063837104,0.00063837104,0
-51.657227,-139.33725,0.00063837104,0.00063837104,0
-51.987946,-139.9656,0.00063837104,0.00063837104,0
-52.315025,-140.60553,0.00063837104,0.00063837104,0
-52.63816,-141.25769,0.00063837104,0.00063837104,0
-52.957405,-141.92162,0.00063837104,0.00063837104,0
-53.272343,-142.59827,0.00063837104,0.00063837104,0
-53.583115,-143.2869,0.00063837104,0.00063837104,0
-53.88922,-143.98856,0.00063837104,0.00063837104,0
-54.190834,-144.70251,0.00063837104,0.00063837104,0
-54.48748,-145.42969,0.00063837104,0.00063837104,0
-54.779243,-146.16946,0.00063837104,0.00063837104,0
-55.065742,-146.92253,0.00063837104,0.00063837104,0
-55.346962,-147.68854,0.00063837104,0.00063837104,0
-55.622612,-148.46782,0.00063837104,0.00063837104,0
-55.892563,-149.26028,0.00063837104,0.00063837104,0
-56.15664,-150.06596,0.00063837104,0.00063837104,0
-56.414597,-150.88501,0.00063837104,0.00063837104,0
-56.666363,-151.71713,0.00063837104,0.00063837104,0
-56.911568,-152.5627,0.00063837104,0.00063837104,0
-57.15029,-153.42114,0.00063837133,0.00063837133,0
-57.382,-154.29297,0.000638372,0.000638372,0
-57.60693,-155.17737,0.00063837017,0.00063837017,0
-57.824387,-156.07504,0.0006383644,0.0006383644,0
-58.034725,-156.98494,0.00063834764,0.00063834764,0
-58.237244,-157.90768,0.00063832937,0.00063832937,0
-58.43223,-158.84229,0.00063833914,0.00063833914,0
-58.619118,-159.78914,0.0006384377,0.0006384377,0
-58.798042,-160.7474,0.00063866255,0.00063866255,0
-58.968586,-161.71718,0.0006389323,0.0006389323,0
-59.130753,-162.69781,0.0006390973,0.0006390973,0
-59.284298,-163.68906,0.00063923135,0.00063923135,0
-59.429054,-164.69046,0.0006393965,0.0006393965,0
-59.564972,-165.70145,0.0006395741,0.0006395741,0
-59.69171,-166.72173,0.000639639,0.000639639,0
-59.809433,-167.75052,0.00063945766,0.00063945766,0
-59.91761,-168.78757,0.00063926546,0.00063926546,0
-60.016617,-169.8319,0.0006389962,0.0006389962,0
-60.10575,-170.88332,0.00063875323,0.00063875323,0
-60.18557,-171.94075,0.00063859683,0.00063859683,0
-60.25528,-173.00395,0.00063839357,0.00063839357,0
-60.31548,-174.07185,0.0006383087,0.0006383087,0
-60.3655,-175.14403,0.0006382853,0.0006382853,0
-60.405796,-176.21954,0.0006382579,0.0006382579,0
-60.43591,-177.29776,0.00063826004,0.00063826004,0
-60.4561,-178.37788,0.00063829863,0.00063829863,0
-60.466156,-179.45917,0.0006383869,0.0006383869,0
-60.466156,179.45917,0.00063864794,0.00063864794,0
-60.4561,178.37788,0.00063916645,0.00063916645,0
-60.43591,177.29776,0.00063978625,0.00063978625,0
-60.405796,176.21954,0.0006400674,0.0006400674,0
-60.3655,175.14403,0.000640068,0.000640068,0
-60.31548,174.07185,0.0006403365,0.0006403365,0
-60.25528,173.00395,0.0006412663,0.0006412663,0
-60.18557,171.94075,0.00064357766,0.00064357766,0
-60.10575,170.88332,0.00064944004,0.00064944004,0
-60.016617,169.8319,0.00065876084,0.00065876084,0
-59.91761,168.78757,0.0006695779,0.0006695779,0
-59.809433,167.75052,0.0006803773,0.0006803773,0
-59.69171,166.72173,0.0006886031,0.0006886031,0
-59.564972,165.70145,0.00068424665,0.00068424665,0
-59.429054,164.69046,0.0006803734,0.0006803734,0
-59.284298,163.68906,0.00067626615,0.00067626615,0
-59.130753,162.69781,0.0006719195,0.0006719195,0
-58.968586,161.71718,0.00066546537,0.00066546537,0
-58.798042,160.7474,0.0006593764,0.0006593764,0
-58.619118,159.78914,0.0006533419,0.0006533419,0
-58.43223,158.84229,0.00065300136,0.00065300136,0
-58.237244,157.90768,0.000651605,0.000651605,0
-58.034725,156.98494,0.0006497202,0.0006497202,0
-57.824387,156.07504,0.0006484647,0.0006484647,0
-57.60693,155.17737,0.0006434635,0.0006434635,0
-57.382,154.29297,0.0006383644,0.0006383644,0
-57.15029,153.42114,0.00063664396,0.00063664396,0
-56.911568,152.5627,0.0006374503,0.0006374503,0
-56.666363,151.71713,0.0006378888,0.0006378888,0
-56.414597,150.88501,0.0006381478,0.0006381478,0
-56.15664,150.06596,0.0006383053,0.0006383053,0
-55.892563,149.26028,0.00063835736,0.00063835736,0
-55.622612,148.46782,0.0006383683,0.0006383683,0
-55.346962,147.68854,0.00063837046,0.00063837046,0
-55.065742,146.92253,0.00063837104,0.00063837104,0
-54.779243,146.16946,0.00063837104,0.00063837104,0
-54.48748,145.42969,0.00063837104,0.00063837104,0
-54.190834,144.70251,0.00063837104,0.00063837104,0
-53.88922,143.98856,0.00063837104,0.00063837104,0
-53.583115,143.2869,0.00063837104,0.00063837104,0
-53.272343,142.59827,0.00063837104,0.00063837104,0
-52.957405,141.92162,0.00063837104,0.00063837104,0
-52.63816,141.25769,0.00063837104,0.00063837104,0
-52.315025,140.60553,0.00063837104,0.00063837104,0
-51.987946,139.9656,0.00063837104,0.00063837104,0
-51.657227,139.33725,0.00063837104,0.00063837104,0
-51.322914,138.72067,0.00063837104,0.00063837104,0
-50.985214,138.11545,0.00063837104,0.00063837104,0
-50.644234,137.52148,0.00063837104,0.00063837104,0
-50.300117,136.93863,0.00063837104,0.00063837104,0
-49.953022,136.36655,0.00063837104,0.00063837104,0
-49.60303,135.8053,0.00063837104,0.00063837104,0
-49.25035,135.25435,0.00063837104,0.00063837104,0
-48.894985,134.71394,0.00063837104,0.00063837104,0
-48.537205,134.18335,0.00063837104,0.00063837104,0
-48.17698,133.66301,0.00063837104,0.00063837104,0
-47.814568,133.15204,0.00063837104,0.00063837104,0
-47.449932,132.65097,0.0006384559,0.0006384559,0
-47.08333,132.15894,0.0006364523,0.0006364523,0
-46.714737,131.6763,0.00063851406,0.00063851406,0
-46.344357,131.20242,0.00061591144,0.00061591144,0
-45.97223,130.73749,0.00058596703,0.00058596703,0
-45.598488,130.28104,0.0006016315,0.0006016315,0
-45.223198,129.83308,0.00078726263,0.00078726263,0
-44.89216,-130.38762,0.0012575969,0.0012575969,0
-45.263504,-130.837,0.0009086667,0.0009086667,0
-45.63326,-131.29477,0.00062122586,0.00062122586,0
-46.001366,-131.7609,0.00063243276,0.00063243276,0
-46.367676,-132.23584,0.0006374557,0.0006374557,0
-46.732155,-132.7194,0.0006379955,0.0006379955,0
-47.094612,-133.2122,0.0006383699,0.0006383699,0
-47.45506,-133.71391,0.00063837104,0.00063837104,0
-47.81324,-134.22534,0.00063837104,0.00063837104,0
-48.169205,-134.74597,0.00063837104,0.00063837104,0
-48.522682,-135.27666,0.00063837104,0.00063837104,0
-48.873703,-135.81699,0.00063837104,0.00063837104,0
-49.222008,-136.36761,0.00063837104,0.00063837104,0
-49.567593,-136.92834,0.00063837104,0.00063837104,0
-49.910244,-137.49966,0.00063837104,0.00063837104,0
-50.249893,-138.08153,0.00063837104,0.00063837104,0
-50.586372,-138.67422,0.00063837104,0.00063837104,0
-50.919548,-139.27794,0.00063837104,0.00063837104,0
-51.249313,-139.89272,0.00063837104,0.00063837104,0
-51.575455,-140.51894,0.00063837104,0.00063837104,0
-51.897945,-141.15645,0.00063837104,0.00063837104,0
-52.216476,-141.80586,0.00063837104,0.00063837104,0
-52.5311,-142.4667,0.00063837104,0.00063837104,0
-52.84141,-143.1399,0.00063837104,0.00063837104,0
-53.14755,-143.8247,0.00063837104,0.00063837104,0
-53.449017,-144.52219,0.00063837104,0.00063837104,0
-53.745983,-145.23155,0.00063837104,0.00063837104,0
-54.038002,-145.95367,0.00063837104,0.00063837104,0
-54.325146,-146.68803,0.00063837104,0.00063837104,0
-54.607037,-147.43518,0.00063837104,0.00063837104,0
-54.88367,-148.19482,0.00063837104,0.00063837104,0
-55.154755,-148.96727,0.00063837104,0.00063837104,0
-55.420174,-149.75241,0.00063837104,0.00063837104,0
-55.679756,-150.55026,0.00063837104,0.00063837104,0
-55.933258,-151.36096,0.00063837104,0.00063837104,0
-56.180622,-152.18423,0.00063837104,0.00063837104,0
-56.42148,-153.02037,0.00063837104,0.00063837104,0
-56.655914,-153.86885,0.00063837104,0.00063837104,0
-56.883404,-154.73018,0.00063837104,0.00063837104,0
-57.104187,-155.60349,0.00063837104,0.00063837104,0
-57.317585,-156.48953,0.00063837133,0.00063837133,0
-57.523952,-157.3872,0.000638372,0.000638372,0
-57.722603,-158.29716,0.00063837104,0.00063837104,0
-57.913826,-159.21841,0.00063836743,0.00063836743,0
-58.097057,-160.15132,0.0006383641,0.0006383641,0
-58.27245,-161.09511,0.000638368,0.000638368,0
-58.439594,-162.04982,0.0006383814,0.0006383814,0
-58.598495,-163.01486,0.0006383939,0.0006383939,0
-58.74892,-163.98994,0.00063839083,0.00063839083,0
-58.89071,-164.97467,0.000638385,0.000638385,0
-59.023815,-165.9685,0.0006383957,0.0006383957,0
-59.147915,-166.97115,0.00063842,0.00063842,0
-59.263165,-167.98183,0.00063844956,0.00063844956,0
-59.369064,-169.0003,0.0006384608,0.0006384608,0
-59.465958,-170.02568,0.0006384425,0.0006384425,0
-59.553185,-171.05779,0.0006383932,0.0006383932,0
-59.631294,-172.09552,0.00063833303,0.00063833303,0
-59.699497,-173.13875,0.0006383075,0.0006383075,0
-59.75839,-174.1864,0.00063831813,0.00063831813,0
-59.807327,-175.23807,0.0006383379,0.0006383379,0
-59.84674,-176.29286,0.0006383546,0.0006383546,0
-59.876198,-177.35025,0.00063836284,0.00063836284,0
-59.89595,-178.40942,0.0006383601,0.0006383601,0
-59.90578,-179.46968,0.00063834427,0.00063834427,0
-59.90578,179.46968,0.00063832785,0.00063832785,0
-59.89595,178.40942,0.0006383431,0.0006383431,0
-59.876198,177.35025,0.00063841033,0.00063841033,0
-59.84674,176.29286,0.000638532,0.000638532,0
-59.807327,175.23807,0.0006387003,0.0006387003,0
-59.75839,174.1864,0.000638924,0.000638924,0
-59.699497,173.13875,0.0006392624,0.0006392624,0
-59.631294,172.09552,0.00063972984,0.00063972984,0
-59.553185,171.05779,0.0006407822,0.0006407822,0
-59.465958,170.02568,0.0006427749,0.0006427749,0
-59.369064,169.0003,0.0006447143,0.0006447143,0
-59.263165,167.98183,0.0006469563,0.0006469563,0
-59.147915,166.97115,0.0006480412,0.0006480412,0
-59.023815,165.9685,0.000647826,0.000647826,0
-58.89071,164.97467,0.00064685056,0.00064685056,0
-58.74892,163.98994,0.0006450069,0.0006450069,0
-58.598495,163.01486,0.00064323057,0.00064323057,0
-58.439594,162.04982,0.0006420277,0.0006420277,0
-58.27245,161.09511,0.0006409752,0.0006409752,0
-58.097057,160.15132,0.0006399881,0.0006399881,0
-57.913826,159.21841,0.00064025563,0.00064025563,0
-57.722603,158.29716,0.0006402099,0.0006402099,0
-57.523952,157.3872,0.00064006925,0.00064006925,0
-57.317585,156.48953,0.0006397823,0.0006397823,0
-57.104187,155.60349,0.00063908723,0.00063908723,0
-56.883404,154.73018,0.00063842855,0.00063842855,0
-56.655914,153.86885,0.00063817366,0.00063817366,0
-56.42148,153.02037,0.00063810346,0.00063810346,0
-56.180622,152.18423,0.0006381879,0.0006381879,0
-55.933258,151.36096,0.0006383002,0.0006383002,0
-55.679756,150.55026,0.0006383482,0.0006383482,0
-55.420174,149.75241,0.00063836743,0.00063836743,0
-55.154755,148.96727,0.00063837104,0.00063837104,0
-54.88367,148.19482,0.00063837104,0.00063837104,0
-54.607037,147.43518,0.00063837104,0.00063837104,0
-54.325146,146.68803,0.00063837104,0.00063837104,0
-54.038002,145.95367,0.00063837104,0.00063837104,0
-53.745983,145.23155,0.00063837104,0.00063837104,0
-53.449017,144.52219,0.00063837104,0.00063837104,0
-53.14755,143.8247,0.00063837104,0.00063837104,0
-52.84141,143.1399,0.00063837104,0.00063837104,0
-52.5311,142.4667,0.00063837104,0.00063837104,0
-52.216476,141.80586,0.00063837104,0.00063837104,0
-51.897945,141.15645,0.00063837104,0.00063837104,0
-51.575455,140.51894,0.00063837104,0.00063837104,0
-51.249313,139.89272,0.00063837104,0.00063837104,0
-50.919548,139.27794,0.00063837104,0.00063837104,0
-50.586372,138.67422,0.00063837104,0.00063837104,0
-50.249893,138.08153,0.00063837104,0.00063837104,0
-49.910244,137.49966,0.00063837104,0.00063837104,0
-49.567593,136.92834,0.00063837104,0.00063837104,0
-49.222008,136.36761,0.00063837104,0.00063837104,0
-48.873703,135.81699,0.00063837104,0.00063837104,0
-48.522682,135.27666,0.00063837104,0.00063837104,0
-48.169205,134.74597,0.00063837104,0.00063837104,0
-47.81324,134.22534,0.00063837104,0.00063837104,0
-47.45506,133.71391,0.00063837104,0.00063837104,0
-47.094612,133.2122,0.0006384559,0.0006384559,0
-46.732155,132.7194,0.0006364523,0.0006364523,0
-46.367676,132.23584,0.00063851406,0.00063851406,0
-46.001366,131.7609,0.00061591144,0.00061591144,0
-45.63326,131.29477,0.00058596703,0.00058596703,0
-45.263504,130.837,0.0006016315,0.0006016315,0
-44.89216,130.38762,0.00078726263,0.00078726263,0
-44.558094,-130.93304,0.0012575969,0.0012575969,0
-44.925514,-131.38365,0.0009086667,0.0009086667,0
-45.291313,-131.84256,0.00062122586,0.00062122586,0
-45.655415,-132.30968,0.00063243276,0.00063243276,0
-46.017677,-132.78548,0.0006374557,0.0006374557,0
-46.378075,-133.26978,0.0006379955,0.0006379955,0
-46.736412,-133.76318,0.0006383699,0.0006383699,0
-47.092705,-134.2653,0.00063837104,0.00063837104,0
-47.446686,-134.77698,0.00063837104,0.00063837104,0
-47.798424,-135.2977,0.00063837104,0.00063837104,0
-48.14763,-135.82828,0.00063837104,0.00063837104,0
-48.494347,-136.3683,0.00063837104,0.00063837104,0
-48.838326,-136.91843,0.00063837104,0.00063837104,0
-49.17955,-137.47844,0.00063837104,0.00063837104,0
-49.517803,-138.0488,0.00063837104,0.00063837104,0
-49.853035,-138.62946,0.00063837104,0.00063837104,0
-50.185066,-139.2207,0.00063837104,0.00063837104,0
-50.51377,-139.8227,0.00063837104,0.00063837104,0
-50.83905,-140.43549,0.00063837104,0.00063837104,0
-51.160686,-141.05942,0.00063837104,0.00063837104,0
-51.478653,-141.69434,0.00063837104,0.00063837104,0
-51.79265,-142.34082,0.00063837104,0.00063837104,0
-52.10273,-142.99844,0.00063837104,0.00063837104,0
-52.408485,-143.66803,0.00063837104,0.00063837104,0
-52.71006,-144.3489,0.00063837104,0.00063837104,0
-53.006977,-145.04202,0.00063837104,0.00063837104,0
-53.299397,-145.74669,0.00063837104,0.00063837104,0
-53.58687,-146.46368,0.00063837104,0.00063837104,0
-53.869476,-147.19247,0.00063837104,0.00063837104,0
-54.14686,-147.93365,0.00063837104,0.00063837104,0
-54.419,-148.68689,0.00063837104,0.00063837104,0
-54.685623,-149.45247,0.00063837104,0.00063837104,0
-54.946617,-150.23026,0.00063837104,0.00063837104,0
-55.20181,-151.0203,0.00063837104,0.00063837104,0
-55.45096,-151.82266,0.00063837104,0.00063837104,0
-55.694023,-152.6371,0.00063837104,0.00063837104,0
-55.93064,-153.46393,0.00063837104,0.00063837104,0
-56.160896,-154.30255,0.00063837104,0.00063837104,0
-56.38428,-155.15349,0.00063837104,0.00063837104,0
-56.601032,-156.0159,0.00063837104,0.00063837104,0
-56.810486,-156.89049,0.00063837104,0.00063837104,0
-57.012993,-157.77618,0.00063837104,0.00063837104,0
-57.207886,-158.67358,0.00063837104,0.00063837104,0
-57.39545,-159.58177,0.00063837104,0.00063837104,0
-57.57514,-160.50107,0.00063837104,0.00063837104,0
-57.74711,-161.43073,0.00063837046,0.00063837046,0
-57.91096,-162.37079,0.00063837017,0.00063837017,0
-58.066704,-163.32065,0.0006383689,0.0006383689,0
-58.214104,-164.28006,0.0006383665,0.0006383665,0
-58.353024,-165.24863,0.0006383644,0.0006383644,0
-58.48342,-166.22583,0.00063836225,0.00063836225,0
-58.604965,-167.2114,0.0006383604,0.0006383604,0
-58.71783,-168.20453,0.0006383586,0.0006383586,0
-58.821518,-169.20511,0.0006383571,0.0006383571,0
-58.91639,-170.21219,0.00063835614,0.00063835614,0
-59.001778,-171.22565,0.0006383571,0.0006383571,0
-59.07823,-172.24445,0.0006383607,0.0006383607,0
-59.14498,-173.26837,0.0006383653,0.0006383653,0
-59.20262,-174.29651,0.000638368,0.000638368,0
-59.25051,-175.32846,0.0006383696,0.0006383696,0
-59.28908,-176.36337,0.00063837104,0.00063837104,0
-59.317898,-177.40073,0.00063837133,0.00063837133,0
-59.337227,-178.43976,0.000638372,0.000638372,0
-59.346848,-179.4798,0.00063837256,0.00063837256,0
-59.346848,179.4798,0.0006383738,0.0006383738,0
-59.337227,178.43976,0.0006383738,0.0006383738,0
-59.317898,177.40073,0.0006383683,0.0006383683,0
-59.28908,176.36337,0.0006383549,0.0006383549,0
-59.25051,175.32846,0.0006383282,0.0006383282,0
-59.20262,174.29651,0.000638299,0.000638299,0
-59.14498,173.26837,0.00063828466,0.00063828466,0
-59.07823,172.24445,0.0006383333,0.0006383333,0
-59.001778,171.22565,0.0006385417,0.0006385417,0
-58.91639,170.21219,0.0006389502,0.0006389502,0
-58.821518,169.20511,0.00063950976,0.00063950976,0
-58.71783,168.20453,0.0006399619,0.0006399619,0
-58.604965,167.2114,0.0006403951,0.0006403951,0
-58.48342,166.22583,0.0006404461,0.0006404461,0
-58.353024,165.24863,0.00064037344,0.00064037344,0
-58.214104,164.28006,0.00064019125,0.00064019125,0
-58.066704,163.32065,0.00063978904,0.00063978904,0
-57.91096,162.37079,0.0006396558,0.0006396558,0
-57.74711,161.43073,0.0006395006,0.0006395006,0
-57.57514,160.50107,0.0006392234,0.0006392234,0
-57.39545,159.58177,0.00063914486,0.00063914486,0
-57.207886,158.67358,0.00063897157,0.00063897157,0
-57.012993,157.77618,0.000638826,0.000638826,0
-56.810486,156.89049,0.00063879555,0.00063879555,0
-56.601032,156.0159,0.0006385935,0.0006385935,0
-56.38428,155.15349,0.0006385007,0.0006385007,0
-56.160896,154.30255,0.0006383768,0.0006383768,0
-55.93064,153.46393,0.00063828315,0.00063828315,0
-55.694023,152.6371,0.0006383242,0.0006383242,0
-55.45096,151.82266,0.00063835096,0.00063835096,0
-55.20181,151.0203,0.00063836743,0.00063836743,0
-54.946617,150.23026,0.00063837017,0.00063837017,0
-54.685623,149.45247,0.00063837075,0.00063837075,0
-54.419,148.68689,0.00063837104,0.00063837104,0
-54.14686,147.93365,0.00063837104,0.00063837104,0
-53.869476,147.19247,0.00063837104,0.00063837104,0
-53.58687,146.46368,0.00063837104,0.00063837104,0
-53.299397,145.74669,0.00063837104,0.00063837104,0
-53.006977,145.04202,0.00063837104,0.00063837104,0
-52.71006,144.3489,0.00063837104,0.00063837104,0
-52.408485,143.66803,0.00063837104,0.00063837104,0
-52.10273,142.99844,0.00063837104,0.00063837104,0
-51.79265,142.34082,0.00063837104,0.00063837104,0
-51.478653,141.69434,0.00063837104,0.00063837104,0
-51.160686,141.05942,0.00063837104,0.00063837104,0
-50.83905,140.43549,0.00063837104,0.00063837104,0
-50.51377,139.8227,0.00063837104,0.00063837104,0
-50.185066,139.2207,0.00063837104,0.00063837104,0
-49.853035,138.62946,0.00063837104,0.00063837104,0
-49.517803,138.0488,0.00063837104,0.00063837104,0
-49.17955,137.47844,0.00063837104,0.00063837104,0
-48.838326,136.91843,0.00063837104,0.00063837104,0
-48.494347,136.3683,0.00063837104,0.00063837104,0
-48.14763,135.82828,0.00063837104,0.00063837104,0
-47.798424,135.2977,0.00063837104,0.00063837104,0
-47.446686,134.77698,0.00063837104,0.00063837104,0
-47.092705,134.2653,0.00063837104,0.00063837104,0
-46.736412,133.76318,0.0006384559,0.0006384559,0
-46.378075,133.26978,0.0006364523,0.0006364523,0
-46.017677,132.78548,0.00063851406,0.00063851406,0
-45.655415,132.30968,0.00061591144,0.00061591144,0
-45.291313,131.84256,0.00058596703,0.00058596703,0
-44.925514,131.38365,0.0006016315,0.0006016315,0
-44.558094,130.93304,0.00078726263,0.00078726263,0
-44.22125,-131.4698,0.0012575969,0.0012575969,0
-44.584763,-131.92151,0.0009086667,0.0009086667,0
-44.946617,-132.38133,0.00062122586,0.00062122586,0
-45.30674,-132.84927,0.00063243276,0.00063243276,0
-45.664986,-133.32578,0.0006374557,0.0006374557,0
-46.02133,-133.81062,0.0006379955,0.0006379955,0
-46.375572,-134.30441,0.0006383699,0.0006383699,0
-46.727734,-134.80678,0.00063837104,0.00063837104,0
-47.077557,-135.31853,0.00063837104,0.00063837104,0
-47.425095,-135.83914,0.00063837104,0.00063837104,0
-47.77007,-136.36945,0.00063837104,0.00063837104,0
-48.11253,-136.90895,0.00063837104,0.00063837104,0
-48.452217,-137.4584,0.00063837104,0.00063837104,0
-48.789116,-138.01752,0.00063837104,0.00063837104,0
-49.12304,-138.58673,0.00063837104,0.00063837104,0
-49.453896,-139.16602,0.00063837104,0.00063837104,0
-49.78154,-139.75565,0.00063837104,0.00063837104,0
-50.105835,-140.35573,0.00063837104,0.00063837104,0
-50.42668,-140.96635,0.00063837104,0.00063837104,0
-50.74387,-141.58784,0.00063837104,0.00063837104,0
-51.057377,-142.22003,0.00063837104,0.00063837104,0
-51.3669,-142.86345,0.00063837104,0.00063837104,0
-51.6725,-143.51768,0.00063837104,0.00063837104,0
-51.97378,-144.18353,0.00063837104,0.00063837104,0
-52.270874,-144.86034,0.00063837104,0.00063837104,0
-52.563313,-145.54904,0.00063837104,0.00063837104,0
-52.851257,-146.24886,0.00063837104,0.00063837104,0
-53.13427,-146.96065,0.00063837104,0.00063837104,0
-53.412434,-147.68384,0.00063837104,0.00063837104,0
-53.685394,-148.41899,0.00063837104,0.00063837104,0
-53.953136,-149.16577,0.00063837104,0.00063837104,0
-54.21539,-149.92442,0.00063837104,0.00063837104,0
-54.47205,-150.69489,0.00063837104,0.00063837104,0
-54.722942,-151.4771,0.00063837104,0.00063837104,0
-54.967846,-152.2712,0.00063837104,0.00063837104,0
-55.20672,-153.07687,0.00063837104,0.00063837104,0
-55.439194,-153.89445,0.00063837104,0.00063837104,0
-55.665375,-154.72333,0.00063837104,0.00063837104,0
-55.884754,-155.56403,0.00063837104,0.00063837104,0
-56.09758,-156.41571,0.00063837104,0.00063837104,0
-56.303192,-157.27899,0.00063837104,0.00063837104,0
-56.50194,-158.15292,0.00063837104,0.00063837104,0
-56.693184,-159.03804,0.00063837104,0.00063837104,0
-56.877193,-159.93347,0.00063837104,0.00063837104,0
-57.053448,-160.83945,0.00063837104,0.00063837104,0
-57.22209,-161.7553,0.00063837104,0.00063837104,0
-57.382748,-162.68106,0.00063837104,0.00063837104,0
-57.535423,-163.61615,0.00063837104,0.00063837104,0
-57.679905,-164.56033,0.00063837104,0.00063837104,0
-57.81604,-165.51321,0.00063837104,0.00063837104,0
-57.9438,-166.47427,0.00063837104,0.00063837104,0
-58.062893,-167.44327,0.00063837104,0.00063837104,0
-58.17344,-168.41946,0.00063837104,0.00063837104,0
-58.274998,-169.4027,0.00063837104,0.00063837104,0
-58.36791,-170.39209,0.00063837104,0.00063837104,0
-58.45152,-171.3875,0.00063837104,0.00063837104,0
-58.52637,-172.388,0.00063837104,0.00063837104,0
-58.59172,-173.39336,0.00063837104,0.00063837104,0
-58.648148,-174.40268,0.00063837104,0.00063837104,0
-58.695015,-175.4156,0.00063837104,0.00063837104,0
-58.732777,-176.43132,0.00063837104,0.00063837104,0
-58.760986,-177.44934,0.00063837104,0.00063837104,0
-58.7799,-178.46895,0.00063837104,0.00063837104,0
-58.789314,-179.48955,0.00063837104,0.00063837104,0
-58.789314,179.48955,0.00063837104,0.00063837104,0
-58.7799,178.46895,0.00063837104,0.00063837104,0
-58.760986,177.44934,0.00063837104,0.00063837104,0
-58.732777,176.43132,0.00063837133,0.00063837133,0
-58.695015,175.4156,0.000638372,0.000638372,0
-58.648148,174.40268,0.00063837133,0.00063837133,0
-58.59172,173.39336,0.0006383665,0.0006383665,0
-58.52637,172.388,0.00063835434,0.00063835434,0
-58.45152,171.3875,0.00063834793,0.00063834793,0
-58.36791,170.39209,0.00063837133,0.00063837133,0
-58.274998,169.4027,0.0006384471,0.0006384471,0
-58.17344,168.41946,0.0006385679,0.0006385679,0
-58.062893,167.44327,0.00063868205,0.00063868205,0
-57.9438,166.47427,0.0006387362,0.0006387362,0
-57.81604,165.51321,0.00063877756,0.00063877756,0
-57.679905,164.56033,0.00063872035,0.00063872035,0
-57.535423,163.61615,0.0006386738,0.0006386738,0
-57.382748,162.68106,0.00063860323,0.00063860323,0
-57.22209,161.7553,0.00063852075,0.00063852075,0
-57.053448,160.83945,0.00063846353,0.00063846353,0
-56.877193,159.93347,0.0006383997,0.0006383997,0
-56.693184,159.03804,0.00063837407,0.00063837407,0
-56.50194,158.15292,0.0006383665,0.0006383665,0
-56.303192,157.27899,0.0006383568,0.0006383568,0
-56.09758,156.41571,0.0006383619,0.0006383619,0
-55.884754,155.56403,0.0006383552,0.0006383552,0
-55.665375,154.72333,0.0006383452,0.0006383452,0
-55.439194,153.89445,0.00063835375,0.00063835375,0
-55.20672,153.07687,0.00063836103,0.00063836103,0
-54.967846,152.2712,0.0006383683,0.0006383683,0
-54.722942,151.4771,0.00063837017,0.00063837017,0
-54.47205,150.69489,0.00063837104,0.00063837104,0
-54.21539,149.92442,0.00063837104,0.00063837104,0
-53.953136,149.16577,0.00063837104,0.00063837104,0
-53.685394,148.41899,0.00063837104,0.00063837104,0
-53.412434,147.68384,0.00063837104,0.00063837104,0
-53.13427,146.96065,0.00063837104,0.00063837104,0
-52.851257,146.24886,0.00063837104,0.00063837104,0
-52.563313,145.54904,0.00063837104,0.00063837104,0
-52.270874,144.86034,0.00063837104,0.00063837104,0
-51.97378,144.18353,0.00063837104,0.00063837104,0
-51.6725,143.51768,0.00063837104,0.00063837104,0
-51.3669,142.86345,0.00063837104,0.00063837104,0
-51.057377,142.22003,0.00063837104,0.00063837104,0
-50.74387,141.58784,0.00063837104,0.00063837104,0
-50.42668,140.96635,0.00063837104,0.00063837104,0
-50.105835,140.35573,0.00063837104,0.00063837104,0
-49.78154,139.75565,0.00063837104,0.00063837104,0
-49.453896,139.16602,0.00063837104,0.00063837104,0
-49.12304,138.58673,0.00063837104,0.00063837104,0
-48.789116,138.01752,0.00063837104,0.00063837104,0
-48.452217,137.4584,0.00063837104,0.00063837104,0
-48.11253,136.90895,0.00063837104,0.00063837104,0
-47.77007,136.36945,0.00063837104,0.00063837104,0
-47.425095,135.83914,0.00063837104,0.00063837104,0
-47.077557,135.31853,0.00063837104,0.00063837104,0
-46.727734,134.80678,0.00063837104,0.00063837104,0
-46.375572,134.30441,0.0006384559,0.0006384559,0
-46.02133,133.81062,0.0006364523,0.0006364523,0
-45.664986,133.32578,0.00063851406,0.00063851406,0
-45.30674,132.84927,0.00061591144,0.00061591144,0
-44.946617,132.38133,0.00058596703,0.00058596703,0
-44.584763,131.92151,0.0006016315,0.0006016315,0
-44.22125,131.4698,0.00078726263,0.00078726263,0
-43.881584,-131.9976,0.0012575903,0.0012575903,0
-44.241222,-132.45018,0.0009086403,0.0009086403,0
-44.59915,-132.91077,0.000621211,0.000621211,0
-44.955322,-133.37936,0.000632415,0.000632415,0
-45.309574,-133.85635,0.00063743815,0.00063743815,0
-45.661896,-134.34155,0.0006379769,0.0006379769,0
-46.01207,-134.83557,0.0006383522,0.0006383522,0
-46.360146,-135.338,0.0006383531,0.0006383531,0
-46.705833,-135.84964,0.0006383531,0.0006383531,0
-47.049217,-136.36996,0.0006383531,0.0006383531,0
-47.390007,-136.89978,0.0006383531,0.0006383531,0
-47.72825,-137.43864,0.0006383531,0.0006383531,0
-48.06369,-137.98721,0.0006383531,0.0006383531,0
-48.396324,-138.54523,0.0006383531,0.0006383531,0
-48.725945,-139.11313,0.0006383531,0.0006383531,0
-49.05249,-139.69089,0.0006383531,0.0006383531,0
-49.3758,-140.27872,0.0006383531,0.0006383531,0
-49.69574,-140.87677,0.0006383531,0.0006383531,0
-50.012222,-141.48506,0.0006383531,0.0006383531,0
-50.325027,-142.10394,0.0006383531,0.0006383531,0
-50.63414,-142.73322,0.0006383531,0.0006383531,0
-50.93927,-143.37344,0.0006383531,0.0006383531,0
-51.240467,-144.02417,0.0006383531,0.0006383531,0
-51.537346,-144.68616,0.0006383531,0.0006383531,0
-51.830032,-145.35876,0.0006383531,0.0006383531,0
-52.118073,-146.04291,0.0006383531,0.0006383531,0
-52.401634,-146.73785,0.0006383531,0.0006383531,0
-52.68027,-147.44434,0.0006383531,0.0006383531,0
-52.954086,-148.16187,0.0006383531,0.0006383531,0
-53.222706,-148.89093,0.0006383531,0.0006383531,0
-53.48614,-149.63123,0.0006383531,0.0006383531,0
-53.74412,-150.383,0.0006383531,0.0006383531,0
-53.99654,-151.14609,0.0006383531,0.0006383531,0
-54.24324,-151.92053,0.0006383531,0.0006383531,0
-54.484,-152.70639,0.0006383531,0.0006383531,0
-54.71878,-153.5034,0.0006383531,0.0006383531,0
-54.94722,-154.3118,0.0006383531,0.0006383531,0
-55.169434,-155.13107,0.0006383531,0.0006383531,0
-55.384914,-155.96165,0.0006383531,0.0006383531,0
-55.593918,-156.80273,0.0006383531,0.0006383531,0
-55.795788,-157.65498,0.0006383531,0.0006383531,0
-55.990894,-158.51736,0.0006383531,0.0006383531,0
-56.17858,-159.39044,0.0006383531,0.0006383531,0
-56.359154,-160.27338,0.0006383531,0.0006383531,0
-56.532066,-161.16638,0.0006383531,0.0006383531,0
-56.697495,-162.0688,0.0006383531,0.0006383531,0
-56.85505,-162.98064,0.0006383531,0.0006383531,0
-57.004753,-163.90137,0.0006383531,0.0006383531,0
-57.1464,-164.83076,0.0006383531,0.0006383531,0
-57.279854,-165.76839,0.0006383531,0.0006383531,0
-57.405075,-166.71384,0.0006383531,0.0006383531,0
-57.521774,-167.66678,0.0006383531,0.0006383531,0
-57.630093,-168.62659,0.0006383531,0.0006383531,0
-57.729584,-169.59305,0.0006383531,0.0006383531,0
-57.820602,-170.56535,0.0006383531,0.0006383531,0
-57.902496,-171.54338,0.0006383531,0.0006383531,0
-57.975815,-172.52621,0.0006383531,0.0006383531,0
-58.039806,-173.51366,0.0006383531,0.0006383531,0
-58.09506,-174.50485,0.0006383531,0.0006383531,0
-58.14096,-175.49945,0.0006383531,0.0006383531,0
-58.177925,-176.49672,0.0006383531,0.0006383531,0
-58.205544,-177.49614,0.0006383531,0.0006383531,0
-58.224068,-178.49707,0.0006383531,0.0006383531,0
-58.233284,-179.49893,0.0006383531,0.0006383531,0
-58.233284,179.49893,0.0006383531,0.0006383531,0
-58.224068,178.49707,0.0006383531,0.0006383531,0
-58.205544,177.49614,0.0006383531,0.0006383531,0
-58.177925,176.49672,0.0006383531,0.0006383531,0
-58.14096,175.49945,0.0006383534,0.0006383534,0
-58.09506,174.50485,0.00063835375,0.00063835375,0
-58.039806,173.51366,0.00063835375,0.00063835375,0
-57.975815,172.52621,0.00063835405,0.00063835405,0
-57.902496,171.54338,0.0006383531,0.0006383531,0
-57.820602,170.56535,0.00063835125,0.00063835125,0
-57.729584,169.59305,0.00063834974,0.00063834974,0
-57.630093,168.62659,0.00063834974,0.00063834974,0
-57.521774,167.66678,0.00063834916,0.00063834916,0
-57.405075,166.71384,0.0006383449,0.0006383449,0
-57.279854,165.76839,0.00063833396,0.00063833396,0
-57.1464,164.83076,0.0006383233,0.0006383233,0
-57.004753,163.90137,0.00063831237,0.00063831237,0
-56.85505,162.98064,0.0006383053,0.0006383053,0
-56.697495,162.0688,0.0006383093,0.0006383093,0
-56.532066,161.16638,0.000638316,0.000638316,0
-56.359154,160.27338,0.00063832477,0.00063832477,0
-56.17858,159.39044,0.0006383318,0.0006383318,0
-55.990894,158.51736,0.000638337,0.000638337,0
-55.795788,157.65498,0.0006383422,0.0006383422,0
-55.593918,156.80273,0.0006383458,0.0006383458,0
-55.384914,155.96165,0.000638347,0.000638347,0
-55.169434,155.13107,0.00063834974,0.00063834974,0
-54.94722,154.3118,0.0006383516,0.0006383516,0
-54.71878,153.5034,0.0006383522,0.0006383522,0
-54.484,152.70639,0.0006383531,0.0006383531,0
-54.24324,151.92053,0.0006383531,0.0006383531,0
-53.99654,151.14609,0.0006383531,0.0006383531,0
-53.74412,150.383,0.0006383531,0.0006383531,0
-53.48614,149.63123,0.0006383531,0.0006383531,0
-53.222706,148.89093,0.0006383531,0.0006383531,0
-52.954086,148.16187,0.0006383531,0.0006383531,0
-52.68027,147.44434,0.0006383531,0.0006383531,0
-52.401634,146.73785,0.0006383531,0.0006383531,0
-52.118073,146.04291,0.0006383531,0.0006383531,0
-51.830032,145.35876,0.0006383531,0.0006383531,0
-51.537346,144.68616,0.0006383531,0.0006383531,0
-51.240467,144.02417,0.0006383531,0.0006383531,0
-50.93927,143.37344,0.0006383531,0.0006383531,0
-50.63414,142.73322,0.0006383531,0.0006383531,0
-50.325027,142.10394,0.0006383531,0.0006383531,0
-50.012222,141.48506,0.0006383531,0.0006383531,0
-49.69574,140.87677,0.0006383531,0.0006383531,0
-49.3758,140.27872,0.0006383531,0.0006383531,0
-49.05249,139.69089,0.0006383531,0.0006383531,0
-48.725945,139.11313,0.0006383531,0.0006383531,0
-48.396324,138.54523,0.0006383531,0.0006383531,0
-48.06369,137.98721,0.0006383531,0.0006383531,0
-47.72825,137.43864,0.0006383531,0.0006383531,0
-47.390007,136.89978,0.0006383531,0.0006383531,0
-47.049217,136.36996,0.0006383531,0.0006383531,0
-46.705833,135.84964,0.0006383531,0.0006383531,0
-46.360146,135.338,0.0006383531,0.0006383531,0
-46.01207,134.83557,0.0006384377,0.0006384377,0
-45.661896,134.34155,0.00063643407,0.00063643407,0
-45.309574,133.85635,0.0006384958,0.0006384958,0
-44.955322,133.37936,0.0006158964,0.0006158964,0
-44.59915,132.91077,0.00058595865,0.00058595865,0
-44.241222,132.45018,0.0006016266,0.0006016266,0
-43.881584,131.9976,0.00078725594,0.00078725594,0
-43.53935,-132.51692,0.0012572885,0.0012572885,0
-43.895126,-132.97023,0.0009080652,0.0009080652,0
-44.24916,-133.43141,0.000620905,0.000620905,0
-44.6014,-133.90048,0.00063208543,0.00063208543,0
-44.951683,-134.37782,0.00063711015,0.00063711015,0
-45.300007,-134.86322,0.0006376484,0.0006376484,0
-45.64616,-135.35728,0.00063801766,0.00063801766,0
-45.990166,-135.8596,0.0006380192,0.0006380192,0
-46.33177,-136.37096,0.0006380192,0.0006380192,0
-46.671036,-136.89085,0.0006380192,0.0006380192,0
-47.00767,-137.42001,0.0006380192,0.0006380192,0
-47.34174,-137.95805,0.0006380192,0.0006380192,0
-47.672985,-138.50558,0.0006380192,0.0006380192,0
-48.001396,-139.06236,0.0006380192,0.0006380192,0
-48.326775,-139.6288,0.0006380192,0.0006380192,0
-48.649055,-140.20485,0.0006380192,0.0006380192,0
-48.96808,-140.79073,0.0006380192,0.0006380192,0
-49.28373,-141.38658,0.0006380192,0.0006380192,0
-49.595898,-141.99242,0.0006380192,0.0006380192,0
-49.90438,-142.60857,0.0006380192,0.0006380192,0
-50.20917,-143.2348,0.0006380192,0.0006380192,0
-50.509968,-143.8717,0.0006380192,0.0006380192,0
-50.80683,-144.51881,0.0006380192,0.0006380192,0
-51.099365,-145.17685,0.0006380192,0.0006380192,0
-51.387733,-145.84518,0.0006380192,0.0006380192,0
-51.671455,-146.52469,0.0006380192,0.0006380192,0
-51.950706,-147.21466,0.0006380192,0.0006380192,0
-52.225056,-147.9158,0.0006380192,0.0006380192,0
-52.494595,-148.62761,0.0006380192,0.0006380192,0
-52.75897,-149.35057,0.0006380192,0.0006380192,0
-53.01819,-150.08435,0.0006380192,0.0006380192,0
-53.27198,-150.8292,0.0006380192,0.0006380192,0
-53.52026,-151.58498,0.0006380192,0.0006380192,0
-53.762856,-152.35168,0.0006380192,0.0006380192,0
-53.999565,-153.12936,0.0006380192,0.0006380192,0
-54.230343,-153.91776,0.0006380192,0.0006380192,0
-54.45485,-154.7171,0.0006380192,0.0006380192,0
-54.673183,-155.52687,0.0006380192,0.0006380192,0
-54.88487,-156.34749,0.0006380192,0.0006380192,0
-55.090145,-157.17818,0.0006380192,0.0006380192,0
-55.288383,-158.01953,0.0006380192,0.0006380192,0
-55.479935,-158.87062,0.0006380192,0.0006380192,0
-55.664173,-159.7319,0.0006380192,0.0006380192,0
-55.841393,-160.6026,0.0006380192,0.0006380192,0
-56.01106,-161.48293,0.0006380192,0.0006380192,0
-56.17336,-162.37221,0.0006380192,0.0006380192,0
-56.327908,-163.27051,0.0006380192,0.0006380192,0
-56.474735,-164.17726,0.0006380192,0.0006380192,0
-56.61363,-165.09224,0.0006380192,0.0006380192,0
-56.74448,-166.01508,0.0006380192,0.0006380192,0
-56.867233,-166.94534,0.0006380192,0.0006380192,0
-56.98162,-167.88272,0.0006380192,0.0006380192,0
-57.087784,-168.82664,0.0006380192,0.0006380192,0
-57.185284,-169.77689,0.0006380192,0.0006380192,0
-57.274456,-170.73267,0.0006380192,0.0006380192,0
-57.3547,-171.69388,0.0006380192,0.0006380192,0
-57.42652,-172.6596,0.0006380192,0.0006380192,0
-57.489212,-173.62976,0.0006380192,0.0006380192,0
-57.543335,-174.60344,0.0006380192,0.0006380192,0
-57.58829,-175.58034,0.0006380192,0.0006380192,0
-57.624493,-176.55978,0.0006380192,0.0006380192,0
-57.651543,-177.54126,0.0006380192,0.0006380192,0
-57.669678,-178.52419,0.0006380192,0.0006380192,0
-57.67871,-179.50797,0.0006380192,0.0006380192,0
-57.67871,179.50797,0.0006380192,0.0006380192,0
-57.669678,178.52419,0.0006380192,0.0006380192,0
-57.651543,177.54126,0.0006380192,0.0006380192,0
-57.624493,176.55978,0.0006380192,0.0006380192,0
-57.58829,175.58034,0.0006380192,0.0006380192,0
-57.543335,174.60344,0.0006380192,0.0006380192,0
-57.489212,173.62976,0.0006380195,0.0006380195,0
-57.42652,172.6596,0.0006380195,0.0006380195,0
-57.3547,171.69388,0.0006380195,0.0006380195,0
-57.274456,170.73267,0.0006380198,0.0006380198,0
-57.185284,169.77689,0.0006380192,0.0006380192,0
-57.087784,168.82664,0.0006380189,0.0006380189,0
-56.98162,167.88272,0.0006380189,0.0006380189,0
-56.867233,166.94534,0.00063801825,0.00063801825,0
-56.74448,166.01508,0.00063801766,0.00063801766,0
-56.61363,165.09224,0.0006380174,0.0006380174,0
-56.474735,164.17726,0.0006380174,0.0006380174,0
-56.327908,163.27051,0.00063801795,0.00063801795,0
-56.17336,162.37221,0.00063801854,0.00063801854,0
-56.01106,161.48293,0.0006380189,0.0006380189,0
-55.841393,160.6026,0.0006380195,0.0006380195,0
-55.664173,159.7319,0.0006380195,0.0006380195,0
-55.479935,158.87062,0.0006380192,0.0006380192,0
-55.288383,158.01953,0.0006380192,0.0006380192,0
-55.090145,157.17818,0.0006380192,0.0006380192,0
-54.88487,156.34749,0.0006380192,0.0006380192,0
-54.673183,155.52687,0.0006380192,0.0006380192,0
-54.45485,154.7171,0.0006380192,0.0006380192,0
-54.230343,153.91776,0.0006380192,0.0006380192,0
-53.999565,153.12936,0.0006380192,0.0006380192,0
-53.762856,152.35168,0.0006380192,0.0006380192,0
-53.52026,151.58498,0.0006380192,0.0006380192,0
-53.27198,150.8292,0.0006380192,0.0006380192,0
-53.01819,150.08435,0.0006380192,0.0006380192,0
-52.75897,149.35057,0.0006380192,0.0006380192,0
-52.494595,148.62761,0.0006380192,0.0006380192,0
-52.225056,147.9158,0.0006380192,0.0006380192,0
-51.950706,147.21466,0.0006380192,0.0006380192,0
-51.671455,146.52469,0.0006380192,0.0006380192,0
-51.387733,145.84518,0.0006380192,0.0006380192,0
-51.099365,145.17685,0.0006380192,0.0006380192,0
-50.80683,144.51881,0.0006380192,0.0006380192,0
-50.509968,143.8717,0.0006380192,0.0006380192,0
-50.20917,143.2348,0.0006380192,0.0006380192,0
-49.90438,142.60857,0.0006380192,0.0006380192,0
-49.595898,141.99242,0.0006380192,0.0006380192,0
-49.28373,141.38658,0.0006380192,0.0006380192,0
-48.96808,140.79073,0.0006380192,0.0006380192,0
-48.649055,140.20485,0.0006380192,0.0006380192,0
-48.326775,139.6288,0.0006380192,0.0006380192,0
-48.001396,139.06236,0.0006380192,0.0006380192,0
-47.672985,138.50558,0.0006380192,0.0006380192,0
-47.34174,137.95805,0.0006380192,0.0006380192,0
-47.00767,137.42001,0.0006380192,0.0006380192,0
-46.671036,136.89085,0.0006380192,0.0006380192,0
-46.33177,136.37096,0.0006380192,0.0006380192,0
-45.990166,135.8596,0.0006380192,0.0006380192,0
-45.64616,135.35728,0.00063810404,0.00063810404,0
-45.300007,134.86322,0.0006361018,0.0006361018,0
-44.951683,134.37782,0.00063819037,0.00063819037,0
-44.6014,133.90048,0.00061569596,0.00061569596,0
-44.24916,133.43141,0.0005858936,0.0005858936,0
-43.895126,132.97023,0.00060164864,0.00060164864,0
-43.53935,132.51692,0.0007872949,0.0007872949,0
-43.194603,-133.02774,0.0012544935,0.0012544935,0
-43.54654,-133.48161,0.00090424856,0.00090424856,0
-43.896706,-133.94325,0.00061965024,0.00061965024,0
-44.24504,-134.41264,0.0006310215,0.0006310215,0
-44.591393,-134.89015,0.0006363501,0.0006363501,0
-44.935745,-135.37561,0.00063693285,0.00063693285,0
-45.2779,-135.86954,0.0006372972,0.0006372972,0
-45.617886,-136.37158,0.00063730084,0.00063730084,0
-45.95543,-136.8825,0.00063730084,0.00063730084,0
-46.29061,-137.40178,0.00063730084,0.00063730084,0
-46.623154,-137.93016,0.00063730084,0.00063730084,0
-46.953087,-138.46721,0.00063730084,0.00063730084,0
-47.280174,-139.01357,0.00063730084,0.00063730084,0
-47.604412,-139.56892,0.00063730084,0.00063730084,0
-47.925594,-140.13376,0.00063730084,0.00063730084,0
-48.243675,-140.70796,0.00063730084,0.00063730084,0
-48.55847,-141.29176,0.00063730084,0.00063730084,0
-48.869873,-141.88527,0.00063730084,0.00063730084,0
-49.177803,-142.48851,0.00063730084,0.00063730084,0
-49.48203,-143.1018,0.00063730084,0.00063730084,0
-49.782562,-143.72491,0.00063730084,0.00063730084,0
-50.07909,-144.35837,0.00063730084,0.00063730084,0
-50.37169,-145.00172,0.00063730084,0.00063730084,0
-50.659966,-145.65573,0.00063730084,0.00063730084,0
-50.944077,-146.3197,0.00063730084,0.00063730084,0
-51.223553,-146.9945,0.00063730084,0.00063730084,0
-51.498577,-147.67944,0.00063730084,0.00063730084,0
-51.768715,-148.37517,0.00063730084,0.00063730084,0
-52.03407,-149.08124,0.00063730084,0.00063730084,0
-52.294285,-149.79805,0.00063730084,0.00063730084,0
-52.54937,-150.52534,0.00063730084,0.00063730084,0
-52.799072,-151.26328,0.00063730084,0.00063730084,0
-53.04329,-152.01178,0.00063730084,0.00063730084,0
-53.281883,-152.77077,0.00063730084,0.00063730084,0
-53.514626,-153.54034,0.00063730084,0.00063730084,0
-53.7415,-154.3202,0.00063730084,0.00063730084,0
-53.962166,-155.1106,0.00063730084,0.00063730084,0
-54.176727,-155.91098,0.00063730084,0.00063730084,0
-54.384697,-156.72179,0.00063730084,0.00063730084,0
-54.586353,-157.54227,0.00063730084,0.00063730084,0
-54.78105,-158.37292,0.00063730084,0.00063730084,0
-54.969147,-159.21292,0.00063730084,0.00063730084,0
-55.150024,-160.06265,0.00063730084,0.00063730084,0
-55.323982,-160.92139,0.00063730084,0.00063730084,0
-55.490505,-161.78932,0.00063730084,0.00063730084,0
-55.649765,-162.66585,0.00063730084,0.00063730084,0
-55.801395,-163.5509,0.00063730084,0.00063730084,0
-55.945427,-164.44405,0.00063730084,0.00063730084,0
-56.081665,-165.34503,0.00063730084,0.00063730084,0
-56.20998,-166.25351,0.00063730084,0.00063730084,0
-56.33035,-167.16904,0.00063730084,0.00063730084,0
-56.442497,-168.09134,0.00063730084,0.00063730084,0
-56.546562,-169.01987,0.00063730084,0.00063730084,0
-56.642136,-169.95438,0.00063730084,0.00063730084,0
-56.729538,-170.89418,0.00063730084,0.00063730084,0
-56.80817,-171.8391,0.00063730084,0.00063730084,0
-56.878555,-172.78836,0.00063730084,0.00063730084,0
-56.93998,-173.74178,0.00063730084,0.00063730084,0
-56.993008,-174.69855,0.00063730084,0.00063730084,0
-57.037056,-175.65839,0.00063730084,0.00063730084,0
-57.072525,-176.62062,0.00063730084,0.00063730084,0
-57.099022,-177.58481,0.00063730084,0.00063730084,0
-57.116783,-178.55032,0.00063730084,0.00063730084,0
-57.125633,-179.5167,0.00063730084,0.00063730084,0
-57.125633,179.5167,0.00063730084,0.00063730084,0
-57.116783,178.55032,0.00063730084,0.00063730084,0
-57.099022,177.58481,0.00063730084,0.00063730084,0
-57.072525,176.62062,0.00063730084,0.00063730084,0
-57.037056,175.65839,0.00063730084,0.00063730084,0
-56.993008,174.69855,0.00063730084,0.00063730084,0
-56.93998,173.74178,0.00063730084,0.00063730084,0
-56.878555,172.78836,0.00063730084,0.00063730084,0
-56.80817,171.8391,0.00063730084,0.00063730084,0
-56.729538,170.89418,0.00063730084,0.00063730084,0
-56.642136,169.95438,0.00063730084,0.00063730084,0
-56.546562,169.01987,0.00063730084,0.00063730084,0
-56.442497,168.09134,0.00063730084,0.00063730084,0
-56.33035,167.16904,0.00063730084,0.00063730084,0
-56.20998,166.25351,0.00063730084,0.00063730084,0
-56.081665,165.34503,0.00063730084,0.00063730084,0
-55.945427,164.44405,0.00063730084,0.00063730084,0
-55.801395,163.5509,0.00063730084,0.00063730084,0
-55.649765,162.66585,0.00063730084,0.00063730084,0
-55.490505,161.78932,0.00063730084,0.00063730084,0
-55.323982,160.92139,0.00063730084,0.00063730084,0
-55.150024,160.06265,0.00063730084,0.00063730084,0
-54.969147,159.21292,0.00063730084,0.00063730084,0
-54.78105,158.37292,0.00063730084,0.00063730084,0
-54.586353,157.54227,0.00063730084,0.00063730084,0
-54.384697,156.72179,0.00063730084,0.00063730084,0
-54.176727,155.91098,0.00063730084,0.00063730084,0
-53.962166,155.1106,0.00063730084,0.00063730084,0
-53.7415,154.3202,0.00063730084,0.00063730084,0
-53.514626,153.54034,0.00063730084,0.00063730084,0
-53.281883,152.77077,0.00063730084,0.00063730084,0
-53.04329,152.01178,0.00063730084,0.00063730084,0
-52.799072,151.26328,0.00063730084,0.00063730084,0
-52.54937,150.52534,0.00063730084,0.00063730084,0
-52.294285,149.79805,0.00063730084,0.00063730084,0
-52.03407,149.08124,0.00063730084,0.00063730084,0
-51.768715,148.37517,0.00063730084,0.00063730084,0
-51.498577,147.67944,0.00063730084,0.00063730084,0
-51.223553,146.9945,0.00063730084,0.00063730084,0
-50.944077,146.3197,0.00063730084,0.00063730084,0
-50.659966,145.65573,0.00063730084,0.00063730084,0
-50.37169,145.00172,0.00063730084,0.00063730084,0
-50.07909,144.35837,0.00063730084,0.00063730084,0
-49.782562,143.72491,0.00063730084,0.00063730084,0
-49.48203,143.1018,0.00063730084,0.00063730084,0
-49.177803,142.48851,0.00063730084,0.00063730084,0
-48.869873,141.88527,0.00063730084,0.00063730084,0
-48.55847,141.29176,0.00063730084,0.00063730084,0
-48.243675,140.70796,0.00063730084,0.00063730084,0
-47.925594,140.13376,0.00063730084,0.00063730084,0
-47.604412,139.56892,0.00063730084,0.00063730084,0
-47.280174,139.01357,0.00063730084,0.00063730084,0
-46.953087,138.46721,0.00063730084,0.00063730084,0
-46.623154,137.93016,0.00063730084,0.00063730084,0
-46.29061,137.40178,0.00063730084,0.00063730084,0
-45.95543,136.8825,0.00063730084,0.00063730084,0
-45.617886,136.37158,0.00063730084,0.00063730084,0
-45.2779,135.86954,0.00063738227,0.00063738227,0
-44.935745,135.37561,0.0006354023,0.0006354023,0
-44.591393,134.89015,0.0006377511,0.0006377511,0
-44.24504,134.41264,0.0006155291,0.0006155291,0
-43.896706,133.94325,0.0005862911,0.0005862911,0
-43.54654,133.48161,0.0006023455,0.0006023455,0
-43.194603,133.02774,0.00078786415,0.00078786415,0
-42.847435,-133.53012,0.0012548143,0.0012548143,0
-43.195564,-133.9844,0.00089658046,0.00089658046,0
-43.541878,-134.44633,0.00061588234,0.00061588234,0
-43.88634,-134.9159,0.00062686176,0.00062686176,0
-44.22879,-135.39342,0.00063270103,0.00063270103,0
-44.569206,-135.87875,0.0006335153,0.0006335153,0
-44.907402,-136.37242,0.00063387107,0.00063387107,0
-45.243397,-136.87407,0.00063387677,0.00063387677,0
-45.576927,-137.38438,0.00063387677,0.00063387677,0
-45.908066,-137.9029,0.00063387677,0.00063387677,0
-46.236538,-138.43033,0.00063387677,0.00063387677,0
-46.56239,-138.96625,0.00063387677,0.00063387677,0
-46.885376,-139.51126,0.00063387677,0.00063387677,0
-47.20549,-140.0651,0.00063387677,0.00063387677,0
-47.522533,-140.62817,0.00063387677,0.00063387677,0
-47.83645,-141.2004,0.00063387677,0.00063387677,0
-48.14708,-141.78197,0.00063387677,0.00063387677,0
-48.454308,-142.37303,0.00063387677,0.00063387677,0
-48.758034,-142.97357,0.00063387677,0.00063387677,0
-49.058075,-143.58386,0.00063387677,0.00063387677,0
-49.35441,-144.20372,0.00063387677,0.00063387677,0
-49.646744,-144.83366,0.00063387677,0.00063387677,0
-49.93515,-145.4732,0.00063387677,0.00063387677,0
-50.21924,-146.12306,0.00063387677,0.00063387677,0
-50.49917,-146.7826,0.00063387677,0.00063387677,0
-50.774483,-147.45264,0.00063387677,0.00063387677,0
-51.045357,-148.13248,0.00063387677,0.00063387677,0
-51.311367,-148.82278,0.00063387677,0.00063387677,0
-51.572617,-149.52307,0.00063387677,0.00063387677,0
-51.82875,-150.23373,0.00063387677,0.00063387677,0
-52.079796,-150.95451,0.00063387677,0.00063387677,0
-52.32549,-151.68558,0.00063387677,0.00063387677,0
-52.565742,-152.42682,0.00063387677,0.00063387677,0
-52.80041,-153.17816,0.00063387677,0.00063387677,0
-53.02929,-153.9397,0.00063387677,0.00063387677,0
-53.25235,-154.71112,0.00063387677,0.00063387677,0
-53.46927,-155.49268,0.00063387677,0.00063387677,0
-53.680145,-156.28383,0.00063387677,0.00063387677,0
-53.884514,-157.08498,0.00063387677,0.00063387677,0
-54.082626,-157.89537,0.00063387677,0.00063387677,0
-54.273872,-158.71558,0.00063387677,0.00063387677,0
-54.45861,-159.54468,0.00063387677,0.00063387677,0
-54.636227,-160.38312,0.00063387677,0.00063387677,0
-54.80701,-161.23016,0.00063387677,0.00063387677,0
-54.970474,-162.086,0.00063387677,0.00063387677,0
-55.126785,-162.95001,0.00063387677,0.00063387677,0
-55.27558,-163.82222,0.00063387677,0.00063387677,0
-55.4169,-164.70212,0.00063387677,0.00063387677,0
-55.550552,-165.5895,0.00063387677,0.00063387677,0
-55.676422,-166.48401,0.00063387677,0.00063387677,0
-55.79447,-167.38525,0.00063387677,0.00063387677,0
-55.90445,-168.29294,0.00063387677,0.00063387677,0
-56.0065,-169.20651,0.00063387677,0.00063387677,0
-56.100197,-170.12582,0.00063387677,0.00063387677,0
-56.185883,-171.05014,0.00063387677,0.00063387677,0
-56.262962,-171.97934,0.00063387677,0.00063387677,0
-56.331955,-172.91266,0.00063387677,0.00063387677,0
-56.392155,-173.84991,0.00063387677,0.00063387677,0
-56.44413,-174.79036,0.00063387677,0.00063387677,0
-56.48729,-175.7337,0.00063387677,0.00063387677,0
-56.52205,-176.67932,0.00063387677,0.00063387677,0
-56.54801,-177.6268,0.00063387677,0.00063387677,0
-56.565422,-178.57556,0.00063387677,0.00063387677,0
-56.57409,-179.52509,0.00063387677,0.00063387677,0
-56.57409,179.52509,0.00063387677,0.00063387677,0
-56.565422,178.57556,0.00063387677,0.00063387677,0
-56.54801,177.6268,0.00063387677,0.00063387677,0
-56.52205,176.67932,0.00063387677,0.00063387677,0
-56.48729,175.7337,0.00063387677,0.00063387677,0
-56.44413,174.79036,0.00063387677,0.00063387677,0
-56.392155,173.84991,0.00063387677,0.00063387677,0
-56.331955,172.91266,0.00063387677,0.00063387677,0
-56.262962,171.97934,0.00063387677,0.00063387677,0
-56.185883,171.05014,0.00063387677,0.00063387677,0
-56.100197,170.12582,0.00063387677,0.00063387677,0
-56.0065,169.20651,0.00063387677,0.00063387677,0
-55.90445,168.29294,0.00063387677,0.00063387677,0
-55.79447,167.38525,0.00063387677,0.00063387677,0
-55.676422,166.48401,0.00063387677,0.00063387677,0
-55.550552,165.5895,0.00063387677,0.00063387677,0
-55.4169,164.70212,0.00063387677,0.00063387677,0
-55.27558,163.82222,0.00063387677,0.00063387677,0
-55.126785,162.95001,0.00063387677,0.00063387677,0
-54.970474,162.086,0.00063387677,0.00063387677,0
-54.80701,161.23016,0.00063387677,0.00063387677,0
-54.636227,160.38312,0.00063387677,0.00063387677,0
-54.45861,159.54468,0.00063387677,0.00063387677,0
-54.273872,158.71558,0.00063387677,0.00063387677,0
-54.082626,157.89537,0.00063387677,0.00063387677,0
-53.884514,157.08498,0.00063387677,0.00063387677,0
-53.680145,156.28383,0.00063387677,0.00063387677,0
-53.46927,155.49268,0.00063387677,0.00063387677,0
-53.25235,154.71112,0.00063387677,0.00063387677,0
-53.02929,153.9397,0.00063387677,0.00063387677,0
-52.80041,153.17816,0.00063387677,0.00063387677,0
-52.565742,152.42682,0.00063387677,0.00063387677,0
-52.32549,151.68558,0.00063387677,0.00063387677,0
-52.079796,150.95451,0.00063387677,0.00063387677,0
-51.82875,150.23373,0.00063387677,0.00063387677,0
-51.572617,149.52307,0.00063387677,0.00063387677,0
-51.311367,148.82278,0.00063387677,0.00063387677,0
-51.045357,148.13248,0.00063387677,0.00063387677,0
-50.774483,147.45264,0.00063387677,0.00063387677,0
-50.49917,146.7826,0.00063387677,0.00063387677,0
-50.21924,146.12306,0.00063387677,0.00063387677,0
-49.93515,145.4732,0.00063387677,0.00063387677,0
-49.646744,144.83366,0.00063387677,0.00063387677,0
-49.35441,144.20372,0.00063387677,0.00063387677,0
-49.058075,143.58386,0.00063387677,0.00063387677,0
-48.758034,142.97357,0.00063387677,0.00063387677,0
-48.454308,142.37303,0.00063387677,0.00063387677,0
-48.14708,141.78197,0.00063387677,0.00063387677,0
-47.83645,141.2004,0.00063387677,0.00063387677,0
-47.522533,140.62817,0.00063387677,0.00063387677,0
-47.20549,140.0651,0.00063387677,0.00063387677,0
-46.885376,139.51126,0.00063387677,0.00063387677,0
-46.56239,138.96625,0.00063387677,0.00063387677,0
-46.236538,138.43033,0.00063387677,0.00063387677,0
-45.908066,137.9029,0.00063387677,0.00063387677,0
-45.576927,137.38438,0.00063387677,0.00063387677,0
-45.243397,136.87407,0.00063387677,0.00063387677,0
-44.907402,136.37242,0.0006339532,0.0006339532,0
-44.569206,135.87875,0.00063209113,0.00063209113,0
-44.22879,135.39342,0.0006348496,0.0006348496,0
-43.88634,134.9159,0.0006124011,0.0006124011,0
-43.541878,134.44633,0.00058548665,0.00058548665,0
-43.195564,133.9844,0.0006021934,0.0006021934,0
-42.847435,133.53012,0.0007927706,0.0007927706,0
-42.49803,-134.02446,0.001277893,0.001277893,0
-42.842373,-134.479,0.0008620392,0.0008620392,0
-43.184875,-134.9411,0.0005972899,0.0005972899,0
-43.52549,-135.41066,0.00059965707,0.00059965707,0
-43.86406,-135.88809,0.0006039249,0.0006039249,0
-44.20058,-136.37318,0.00060472667,0.00060472667,0
-44.53484,-136.86644,0.00060500717,0.00060500717,0
-44.866882,-137.36752,0.00060501375,0.00060501375,0
-45.196434,-137.8771,0.00060501375,0.00060501375,0
-45.52358,-138.39473,0.00060501375,0.00060501375,0
-45.848026,-138.92108,0.00060501375,0.00060501375,0
-46.169838,-139.45573,0.00060501375,0.00060501375,0
-46.488758,-139.99928,0.00060501375,0.00060501375,0
-46.8048,-140.55145,0.00060501375,0.00060501375,0
-47.11775,-141.11266,0.00060501375,0.00060501375,0
-47.427563,-141.68277,0.00060501375,0.00060501375,0
-47.734077,-142.26202,0.00060501375,0.00060501375,0
-48.037178,-142.85051,0.00060501375,0.00060501375,0
-48.33679,-143.44823,0.00060501375,0.00060501375,0
-48.632694,-144.05544,0.00060501375,0.00060501375,0
-48.92489,-144.67198,0.00060501375,0.00060501375,0
-49.213085,-145.29826,0.00060501375,0.00060501375,0
-49.497368,-145.93391,0.00060501375,0.00060501375,0
-49.77734,-146.57957,0.00060501375,0.00060501375,0
-50.053165,-147.23462,0.00060501375,0.00060501375,0
-50.324387,-147.89983,0.00060501375,0.00060501375,0
-50.591187,-148.57454,0.00060501375,0.00060501375,0
-50.853138,-149.25937,0.00060501375,0.00060501375,0
-51.110363,-149.95387,0.00060501375,0.00060501375,0
-51.362503,-150.6584,0.00060501375,0.00060501375,0
-51.609585,-151.37268,0.00060501375,0.00060501375,0
-51.851357,-152.0969,0.00060501375,0.00060501375,0
-52.08773,-152.83092,0.00060501375,0.00060501375,0
-52.31856,-153.57469,0.00060501375,0.00060501375,0
-52.543663,-154.32823,0.00060501375,0.00060501375,0
-52.763,-155.09131,0.00060501375,0.00060501375,0
-52.97625,-155.86412,0.00060501375,0.00060501375,0
-53.183533,-156.64618,0.00060501375,0.00060501375,0
-53.384377,-157.43782,0.00060501375,0.00060501375,0
-53.57905,-158.23834,0.00060501375,0.00060501375,0
-53.76693,-159.04823,0.00060501375,0.00060501375,0
-53.94839,-159.86667,0.00060501375,0.00060501375,0
-54.122826,-160.69406,0.00060501375,0.00060501375,0
-54.290527,-161.52965,0.00060501375,0.00060501375,0
-54.451015,-162.37367,0.00060501375,0.00060501375,0
-54.604446,-163.22554,0.00060501375,0.00060501375,0
-54.750496,-164.08516,0.00060501375,0.00060501375,0
-54.889187,-164.95215,0.00060501375,0.00060501375,0
-55.020325,-165.8263,0.00060501375,0.00060501375,0
-55.143806,-166.70723,0.00060501375,0.00060501375,0
-55.259613,-167.59454,0.00060501375,0.00060501375,0
-55.367493,-168.48805,0.00060501375,0.00060501375,0
-55.467575,-169.38716,0.00060501375,0.00060501375,0
-55.55946,-170.2917,0.00060501375,0.00060501375,0
-55.64348,-171.201,0.00060501375,0.00060501375,0
-55.719055,-172.11497,0.00060501375,0.00060501375,0
-55.786694,-173.03284,0.00060501375,0.00060501375,0
-55.84571,-173.95445,0.00060501375,0.00060501375,0
-55.896656,-174.8791,0.00060501375,0.00060501375,0
-55.93896,-175.80652,0.00060501375,0.00060501375,0
-55.973038,-176.7361,0.00060501375,0.00060501375,0
-55.998486,-177.66742,0.00060501375,0.00060501375,0
-56.015553,-178.59995,0.00060501375,0.00060501375,0
-56.024044,-179.53325,0.00060501375,0.00060501375,0
-56.024044,179.53325,0.00060501375,0.00060501375,0
-56.015553,178.59995,0.00060501375,0.00060501375,0
-55.998486,177.66742,0.00060501375,0.00060501375,0
-55.973038,176.7361,0.00060501375,0.00060501375,0
-55.93896,175.80652,0.00060501375,0.00060501375,0
-55.896656,174.8791,0.00060501375,0.00060501375,0
-55.84571,173.95445,0.00060501375,0.00060501375,0
-55.786694,173.03284,0.00060501375,0.00060501375,0
-55.719055,172.11497,0.00060501375,0.00060501375,0
-55.64348,171.201,0.00060501375,0.00060501375,0
-55.55946,170.2917,0.00060501375,0.00060501375,0
-55.467575,169.38716,0.00060501375,0.00060501375,0
-55.367493,168.48805,0.00060501375,0.00060501375,0
-55.259613,167.59454,0.00060501375,0.00060501375,0
-55.143806,166.70723,0.00060501375,0.00060501375,0
-55.020325,165.8263,0.00060501375,0.00060501375,0
-54.889187,164.95215,0.00060501375,0.00060501375,0
-54.750496,164.08516,0.00060501375,0.00060501375,0
-54.604446,163.22554,0.00060501375,0.00060501375,0
-54.451015,162.37367,0.00060501375,0.00060501375,0
-54.290527,161.52965,0.00060501375,0.00060501375,0
-54.122826,160.69406,0.00060501375,0.00060501375,0
-53.94839,159.86667,0.00060501375,0.00060501375,0
-53.76693,159.04823,0.00060501375,0.00060501375,0
-53.57905,158.23834,0.00060501375,0.00060501375,0
-53.384377,157.43782,0.00060501375,0.00060501375,0
-53.183533,156.64618,0.00060501375,0.00060501375,0
-52.97625,155.86412,0.00060501375,0.00060501375,0
-52.763,155.09131,0.00060501375,0.00060501375,0
-52.543663,154.32823,0.00060501375,0.00060501375,0
-52.31856,153.57469,0.00060501375,0.00060501375,0
-52.08773,152.83092,0.00060501375,0.00060501375,0
-51.851357,152.0969,0.00060501375,0.00060501375,0
-51.609585,151.37268,0.00060501375,0.00060501375,0
-51.362503,150.6584,0.00060501375,0.00060501375,0
-51.110363,149.95387,0.00060501375,0.00060501375,0
-50.853138,149.25937,0.00060501375,0.00060501375,0
-50.591187,148.57454,0.00060501375,0.00060501375,0
-50.324387,147.89983,0.00060501375,0.00060501375,0
-50.053165,147.23462,0.00060501375,0.00060501375,0
-49.77734,146.57957,0.00060501375,0.00060501375,0
-49.497368,145.93391,0.00060501375,0.00060501375,0
-49.213085,145.29826,0.00060501375,0.00060501375,0
-48.92489,144.67198,0.00060501375,0.00060501375,0
-48.632694,144.05544,0.00060501375,0.00060501375,0
-48.33679,143.44823,0.00060501375,0.00060501375,0
-48.037178,142.85051,0.00060501375,0.00060501375,0
-47.734077,142.26202,0.00060501375,0.00060501375,0
-47.427563,141.68277,0.00060501375,0.00060501375,0
-47.11775,141.11266,0.00060501375,0.00060501375,0
-46.8048,140.55145,0.00060501375,0.00060501375,0
-46.488758,139.99928,0.00060501375,0.00060501375,0
-46.169838,139.45573,0.00060501375,0.00060501375,0
-45.848026,138.92108,0.00060501375,0.00060501375,0
-45.52358,138.39473,0.00060501375,0.00060501375,0
-45.196434,137.8771,0.00060501375,0.00060501375,0
-44.866882,137.36752,0.00060501375,0.00060501375,0
-44.53484,136.86644,0.00060507085,0.00060507085,0
-44.20058,136.37318,0.00060372,0.00060372,0
-43.86406,135.88809,0.00060626265,0.00060626265,0
-43.52549,135.41066,0.00058690604,0.00058690604,0
-43.184875,134.9411,0.0005702162,0.0005702162,0
-42.842373,134.479,0.0005916551,0.0005916551,0
-42.49803,134.02446,0.0008127956,0.0008127956,0
-42.146374,-134.51044,0.0012994034,0.0012994034,0
-42.48695,-134.96512,0.00075618527,0.00075618527,0
-42.82567,-135.42722,0.00055636774,0.00055636774,0
-43.162468,-135.89667,0.0005532438,0.0005532438,0
-43.497192,-136.37383,0.00055507664,0.00055507664,0
-43.82985,-136.85852,0.00055535074,0.00055535074,0
-44.160217,-137.35124,0.00055547414,0.00055547414,0
-44.488342,-137.85161,0.0005554784,0.0005554784,0
-44.813957,-138.36035,0.0005554784,0.0005554784,0
-45.137142,-138.87694,0.0005554784,0.0005554784,0
-45.45761,-139.40207,0.0005554784,0.0005554784,0
-45.77543,-139.93533,0.0005554784,0.0005554784,0
-46.09034,-140.47728,0.0005554784,0.0005554784,0
-46.40236,-141.02765,0.0005554784,0.0005554784,0
-46.71127,-141.58684,0.0005554784,0.0005554784,0
-47.01703,-142.15475,0.0005554784,0.0005554784,0
-47.319492,-142.73157,0.0005554784,0.0005554784,0
-47.61853,-143.31735,0.0005554784,0.0005554784,0
-47.91407,-143.91217,0.0005554784,0.0005554784,0
-48.20591,-144.5162,0.0005554784,0.0005554784,0
-48.494038,-145.1293,0.0005554784,0.0005554784,0
-48.778175,-145.75189,0.0005554784,0.0005554784,0
-49.058395,-146.38358,0.0005554784,0.0005554784,0
-49.334328,-147.02496,0.0005554784,0.0005554784,0
-49.606117,-147.67546,0.0005554784,0.0005554784,0
-49.87332,-148.33582,0.0005554784,0.0005554784,0
-50.136124,-149.00537,0.0005554784,0.0005554784,0
-50.39411,-149.68472,0.0005554784,0.0005554784,0
-50.647377,-150.37341,0.0005554784,0.0005554784,0
-50.89561,-151.07181,0.0005554784,0.0005554784,0
-51.13881,-151.77962,0.0005554784,0.0005554784,0
-51.376743,-152.49701,0.0005554784,0.0005554784,0
-51.60932,-153.22386,0.0005554784,0.0005554784,0
-51.83641,-153.9601,0.0005554784,0.0005554784,0
-52.057816,-154.70578,0.0005554784,0.0005554784,0
-52.273518,-155.46062,0.0005554784,0.0005554784,0
-52.4832,-156.22482,0.0005554784,0.0005554784,0
-52.686966,-156.99788,0.0005554784,0.0005554784,0
-52.884384,-157.78017,0.0005554784,0.0005554784,0
-53.075695,-158.57098,0.0005554784,0.0005554784,0
-53.260303,-159.37079,0.0005554784,0.0005554784,0
-53.438576,-160.17877,0.0005554784,0.0005554784,0
-53.609917,-160.99536,0.0005554784,0.0005554784,0
-53.77462,-161.81978,0.0005554784,0.0005554784,0
-53.932217,-162.65225,0.0005554784,0.0005554784,0
-54.082867,-163.49222,0.0005554784,0.0005554784,0
-54.226234,-164.33963,0.0005554784,0.0005554784,0
-54.362366,-165.19408,0.0005554784,0.0005554784,0
-54.491074,-166.05533,0.0005554784,0.0005554784,0
-54.61225,-166.9231,0.0005554784,0.0005554784,0
-54.725883,-167.79694,0.0005554784,0.0005554784,0
-54.83172,-168.67667,0.0005554784,0.0005554784,0
-54.929897,-169.56172,0.0005554784,0.0005554784,0
-55.020027,-170.45198,0.0005554784,0.0005554784,0
-55.102432,-171.34677,0.0005554784,0.0005554784,0
-55.17656,-172.24599,0.0005554784,0.0005554784,0
-55.24288,-173.14891,0.0005554784,0.0005554784,0
-55.300755,-174.05542,0.0005554784,0.0005554784,0
-55.350708,-174.96481,0.0005554784,0.0005554784,0
-55.392197,-175.8768,0.0005554784,0.0005554784,0
-55.4256,-176.7909,0.0005554784,0.0005554784,0
-55.450546,-177.7066,0.0005554784,0.0005554784,0
-55.467278,-178.62349,0.0005554784,0.0005554784,0
-55.47561,-179.54108,0.0005554784,0.0005554784,0
-55.47561,179.54108,0.0005554784,0.0005554784,0
-55.467278,178.62349,0.0005554784,0.0005554784,0
-55.450546,177.7066,0.0005554784,0.0005554784,0
-55.4256,176.7909,0.0005554784,0.0005554784,0
-55.392197,175.8768,0.0005554784,0.0005554784,0
-55.350708,174.96481,0.0005554784,0.0005554784,0
-55.300755,174.05542,0.0005554784,0.0005554784,0
-55.24288,173.14891,0.0005554784,0.0005554784,0
-55.17656,172.24599,0.0005554784,0.0005554784,0
-55.102432,171.34677,0.0005554784,0.0005554784,0
-55.020027,170.45198,0.0005554784,0.0005554784,0
-54.929897,169.56172,0.0005554784,0.0005554784,0
-54.83172,168.67667,0.0005554784,0.0005554784,0
-54.725883,167.79694,0.0005554784,0.0005554784,0
-54.61225,166.9231,0.0005554784,0.0005554784,0
-54.491074,166.05533,0.0005554784,0.0005554784,0
-54.362366,165.19408,0.0005554784,0.0005554784,0
-54.226234,164.33963,0.0005554784,0.0005554784,0
-54.082867,163.49222,0.0005554784,0.0005554784,0
-53.932217,162.65225,0.0005554784,0.0005554784,0
-53.77462,161.81978,0.0005554784,0.0005554784,0
-53.609917,160.99536,0.0005554784,0.0005554784,0
-53.438576,160.17877,0.0005554784,0.0005554784,0
-53.260303,159.37079,0.0005554784,0.0005554784,0
-53.075695,158.57098,0.0005554784,0.0005554784,0
-52.884384,157.78017,0.0005554784,0.0005554784,0
-52.686966,156.99788,0.0005554784,0.0005554784,0
-52.4832,156.22482,0.0005554784,0.0005554784,0
-52.273518,155.46062,0.0005554784,0.0005554784,0
-52.057816,154.70578,0.0005554784,0.0005554784,0
-51.83641,153.9601,0.0005554784,0.0005554784,0
-51.60932,153.22386,0.0005554784,0.0005554784,0
-51.376743,152.49701,0.0005554784,0.0005554784,0
-51.13881,151.77962,0.0005554784,0.0005554784,0
-50.89561,151.07181,0.0005554784,0.0005554784,0
-50.647377,150.37341,0.0005554784,0.0005554784,0
-50.39411,149.68472,0.0005554784,0.0005554784,0
-50.136124,149.00537,0.0005554784,0.0005554784,0
-49.87332,148.33582,0.0005554784,0.0005554784,0
-49.606117,147.67546,0.0005554784,0.0005554784,0
-49.334328,147.02496,0.0005554784,0.0005554784,0
-49.058395,146.38358,0.0005554784,0.0005554784,0
-48.778175,145.75189,0.0005554784,0.0005554784,0
-48.494038,145.1293,0.0005554784,0.0005554784,0
-48.20591,144.5162,0.0005554784,0.0005554784,0
-47.91407,143.91217,0.0005554784,0.0005554784,0
-47.61853,143.31735,0.0005554784,0.0005554784,0
-47.319492,142.73157,0.0005554784,0.0005554784,0
-47.01703,142.15475,0.0005554784,0.0005554784,0
-46.71127,141.58684,0.0005554784,0.0005554784,0
-46.40236,141.02765,0.0005554784,0.0005554784,0
-46.09034,140.47728,0.0005554784,0.0005554784,0
-45.77543,139.93533,0.0005554784,0.0005554784,0
-45.45761,139.40207,0.0005554784,0.0005554784,0
-45.137142,138.87694,0.0005554784,0.0005554784,0
-44.813957,138.36035,0.0005554784,0.0005554784,0
-44.488342,137.85161,0.0005554784,0.0005554784,0
-44.160217,137.35124,0.0005555056,0.0005555056,0
-43.82985,136.85852,0.00055489707,0.00055489707,0
-43.497192,136.37383,0.0005566311,0.0005566311,0
-43.162468,135.89667,0.0005467247,0.0005467247,0
-42.82567,135.42722,0.00055004563,0.00055004563,0
-42.48695,134.96512,0.00059084105,0.00059084105,0
-42.146374,134.51044,0.0010142289,0.0010142289,0
-41.79268,-134.9886,0.00366045,0.00366045,0
-42.129524,-135.4433,0.0019129652,0.0019129652,0
-42.46448,-135.90527,0.0011672521,0.0011672521,0
-42.797493,-136.37448,0.001116647,0.001116647,0
-43.128414,-136.85126,0.0011072793,0.0011072793,0
-43.457237,-137.33543,0.0011065212,0.0011065212,0
-43.78375,-137.82747,0.0011067922,0.0011067922,0
-44.108,-138.32703,0.0011067985,0.0011067985,0
-44.429718,-138.83478,0.0011067985,0.0011067985,0
-44.748985,-139.3502,0.0011067985,0.0011067985,0
-45.06552,-139.87401,0.0011067985,0.0011067985,0
-45.379387,-140.40575,0.0011067985,0.0011067985,0
-45.69033,-140.946,0.0011067985,0.0011067985,0
-45.998367,-141.49448,0.0011067985,0.0011067985,0
-46.303295,-142.05156,0.0011067985,0.0011067985,0
-46.605057,-142.61714,0.0011067985,0.0011067985,0
-46.90352,-143.1914,0.0011067985,0.0011067985,0
-47.198555,-143.77444,0.0011067985,0.0011067985,0
-47.49008,-144.36623,0.0011067985,0.0011067985,0
-47.77791,-144.96703,0.0011067985,0.0011067985,0
-48.062035,-145.57661,0.0011067985,0.0011067985,0
-48.342175,-146.19543,0.0011067985,0.0011067985,0
-48.618404,-146.8231,0.0011067985,0.0011067985,0
-48.89035,-147.46017,0.0011067985,0.0011067985,0
-49.15818,-148.10608,0.0011067985,0.0011067985,0
-49.42144,-148.76154,0.0011067985,0.0011067985,0
-49.680317,-149.4259,0.0011067985,0.0011067985,0
-49.934402,-150.09975,0.0011067985,0.0011067985,0
-50.183807,-150.78262,0.0011067985,0.0011067985,0
-50.4282,-151.47491,0.0011067985,0.0011067985,0
-50.667603,-152.17627,0.0011067985,0.0011067985,0
-50.90177,-152.8869,0.0011067985,0.0011067985,0
-51.13064,-153.60661,0.0011067985,0.0011067985,0
-51.354057,-154.33542,0.0011067985,0.0011067985,0
-51.57185,-155.0733,0.0011067985,0.0011067985,0
-51.784004,-155.81998,0.0011067985,0.0011067985,0
-51.99019,-156.5757,0.0011067985,0.0011067985,0
-52.190536,-157.33992,0.0011067985,0.0011067985,0
-52.3846,-158.113,0.0011067985,0.0011067985,0
-52.57263,-158.89429,0.0011067985,0.0011067985,0
-52.75406,-159.68417,0.0011067985,0.0011067985,0
-52.929214,-160.48193,0.0011067985,0.0011067985,0
-53.097546,-161.2879,0.0011067985,0.0011067985,0
-53.259335,-162.1014,0.0011067985,0.0011067985,0
-53.414104,-162.9226,0.0011067985,0.0011067985,0
-53.562046,-163.75098,0.0011067985,0.0011067985,0
-53.702816,-164.58646,0.0011067985,0.0011067985,0
-53.83646,-165.42868,0.0011067985,0.0011067985,0
-53.9628,-166.27739,0.0011067985,0.0011067985,0
-54.081734,-167.13232,0.0011067985,0.0011067985,0
-54.193253,-167.99306,0.0011067985,0.0011067985,0
-54.297104,-168.85939,0.0011067985,0.0011067985,0
-54.393436,-169.73083,0.0011067985,0.0011067985,0
-54.48187,-170.6072,0.0011067985,0.0011067985,0
-54.562706,-171.48792,0.0011067985,0.0011067985,0
-54.635414,-172.37283,0.0011067985,0.0011067985,0
-54.700474,-173.26129,0.0011067985,0.0011067985,0
-54.757233,-174.15312,0.0011067985,0.0011067985,0
-54.806225,-175.04776,0.0011067985,0.0011067985,0
-54.846916,-175.94485,0.0011067985,0.0011067985,0
-54.879665,-176.8439,0.0011067985,0.0011067985,0
-54.90413,-177.74454,0.0011067985,0.0011067985,0
-54.92054,-178.64627,0.0011067985,0.0011067985,0
-54.92871,-179.54869,0.0011067985,0.0011067985,0
-54.92871,179.54869,0.0011067985,0.0011067985,0
-54.92054,178.64627,0.0011067985,0.0011067985,0
-54.90413,177.74454,0.0011067985,0.0011067985,0
-54.879665,176.8439,0.0011067985,0.0011067985,0
-54.846916,175.94485,0.0011067985,0.0011067985,0
-54.806225,175.04776,0.0011067985,0.0011067985,0
-54.757233,174.15312,0.0011067985,0.0011067985,0
-54.700474,173.26129,0.0011067985,0.0011067985,0
-54.635414,172.37283,0.0011067985,0.0011067985,0
-54.562706,171.48792,0.0011067985,0.0011067985,0
-54.48187,170.6072,0.0011067985,0.0011067985,0
-54.393436,169.73083,0.0011067985,0.0011067985,0
-54.297104,168.85939,0.0011067985,0.0011067985,0
-54.193253,167.99306,0.0011067985,0.0011067985,0
-54.081734,167.13232,0.0011067985,0.0011067985,0
-53.9628,166.27739,0.0011067985,0.0011067985,0
-53.83646,165.42868,0.0011067985,0.0011067985,0
-53.702816,164.58646,0.0011067985,0.0011067985,0
-53.562046,163.75098,0.0011067985,0.0011067985,0
-53.414104,162.9226,0.0011067985,0.0011067985,0
-53.259335,162.1014,0.0011067985,0.0011067985,0
-53.097546,161.2879,0.0011067985,0.0011067985,0
-52.929214,160.48193,0.0011067985,0.0011067985,0
-52.75406,159.68417,0.0011067985,0.0011067985,0
-52.57263,158.89429,0.0011067985,0.0011067985,0
-52.3846,158.113,0.0011067985,0.0011067985,0
-52.190536,157.33992,0.0011067985,0.0011067985,0
-51.99019,156.5757,0.0011067985,0.0011067985,0
-51.784004,155.81998,0.0011067985,0.0011067985,0
-51.57185,155.0733,0.0011067985,0.0011067985,0
-51.354057,154.33542,0.0011067985,0.0011067985,0
-51.13064,153.60661,0.0011067985,0.0011067985,0
-50.90177,152.8869,0.0011067985,0.0011067985,0
-50.667603,152.17627,0.0011067985,0.0011067985,0
-50.4282,151.47491,0.0011067985,0.0011067985,0
-50.183807,150.78262,0.0011067985,0.0011067985,0
-49.934402,150.09975,0.0011067985,0.0011067985,0
-49.680317,149.4259,0.0011067985,0.0011067985,0
-49.42144,148.76154,0.0011067985,0.0011067985,0
-49.15818,148.10608,0.0011067985,0.0011067985,0
-48.89035,147.46017,0.0011067985,0.0011067985,0
-48.618404,146.8231,0.0011067985,0.0011067985,0
-48.342175,146.19543,0.0011067985,0.0011067985,0
-48.062035,145.57661,0.0011067985,0.0011067985,0
-47.77791,144.96703,0.0011067985,0.0011067985,0
-47.49008,144.36623,0.0011067985,0.0011067985,0
-47.198555,143.77444,0.0011067985,0.0011067985,0
-46.90352,143.1914,0.0011067985,0.0011067985,0
-46.605057,142.61714,0.0011067985,0.0011067985,0
-46.303295,142.05156,0.0011067985,0.0011067985,0
-45.998367,141.49448,0.0011067985,0.0011067985,0
-45.69033,140.946,0.0011067985,0.0011067985,0
-45.379387,140.40575,0.0011067985,0.0011067985,0
-45.06552,139.87401,0.0011067985,0.0011067985,0
-44.748985,139.3502,0.0011067985,0.0011067985,0
-44.429718,138.83478,0.0011067985,0.0011067985,0
-44.108,138.32703,0.0011067985,0.0011067985,0
-43.78375,137.82747,0.0011068713,0.0011068713,0
-43.457237,137.33543,0.0011052359,0.0011052359,0
-43.128414,136.85126,0.0011123144,0.0011123144,0
-42.797493,136.37448,0.0010958575,0.0010958575,0
-42.46448,135.90527,0.0011960202,0.0011960202,0
-42.129524,135.4433,0.0015596992,0.0015596992,0
-41.79268,134.9886,0.004918238,0.004918238,0
