latitude,longitude,seaice_risk,iceberg_risk,composite_risk,risk_class
-39.570667,-42.230556,0.0065049264,0.0,0.003902956,0
-39.885147,-41.77832,0.002555115,0.0,0.0015330691,0
-40.197605,-41.319572,0.00161676,0.0,0.00097005605,0
-40.508003,-40.85435,0.0015794106,0.0,0.0009476464,0
-40.81618,-40.3824,0.0015704004,0.0,0.0009422403,0
-41.122158,-39.903885,0.0015697269,0.0,0.00094183616,0
-41.425716,-39.418407,0.0015704071,0.0,0.00094224425,0
-41.72692,-38.9263,0.0015703974,0.0,0.0009422385,0
-42.025505,-38.427,0.0015703974,0.0,0.0009422385,0
-42.321556,-37.92096,0.0015703974,0.0,0.0009422385,0
-42.61481,-37.407616,0.0015703974,0.0,0.0009422385,0
-42.905334,-36.887352,0.0015703974,0.0,0.0009422385,0
-43.192886,-36.359726,0.0015703974,0.0,0.0009422385,0
-43.477497,-35.82498,0.0015703974,0.0,0.0009422385,0
-43.75896,-35.28284,0.0015703974,0.0,0.0009422385,0
-44.03726,-34.7334,0.0015703974,0.0,0.0009422385,0
-44.31224,-34.17654,0.0015703974,0.0,0.0009422385,0
-44.58381,-33.612213,0.0015703974,0.0,0.0009422385,0
-44.851902,-33.04046,0.0015703974,0.0,0.0009422385,0
-45.116333,-32.461082,0.0015703974,0.0,0.0009422385,0
-45.377117,-31.874302,0.0015703974,0.0,0.0009422385,0
-45.633987,-31.279774,0.0015703974,0.0,0.0009422385,0
-45.88703,-30.677874,0.0015703974,0.0,0.0009422385,0
-46.135914,-30.06812,0.0015703974,0.0,0.0009422385,0
-46.380783,-29.451038,0.0015703974,0.0,0.0009422385,0
-46.62124,-28.82606,0.0015703974,0.0,0.0009422385,0
-46.857468,-28.193747,0.0015703974,0.0,0.0009422385,0
-47.089096,-27.553648,0.0015703974,0.0,0.0009422385,0
-47.316235,-26.906178,0.0015703974,0.0,0.0009422385,0
-47.538597,-26.251064,0.0015703974,0.0,0.0009422385,0
-47.756203,-25.588573,0.0015703974,0.0,0.0009422385,0
-47.968857,-24.918606,0.0015703974,0.0,0.0009422385,0
-48.176487,-24.241302,0.0015703974,0.0,0.0009422385,0
-48.378998,-23.556732,0.0015703974,0.0,0.0009422385,0
-48.576214,-22.864899,0.0015703974,0.0,0.0009422385,0
-48.768143,-22.166039,0.0015703974,0.0,0.0009422385,0
-48.954514,-21.460041,0.0015703974,0.0,0.0009422385,0
-49.135437,-20.747297,0.0015703974,0.0,0.0009422385,0
-49.31053,-20.02758,0.0015703974,0.0,0.0009422385,0
-49.480045,-19.301437,0.0015703974,0.0,0.0009422385,0
-49.643448,-18.568539,0.0015703974,0.0,0.0009422385,0
-49.80109,-17.829517,0.0015703974,0.0,0.0009422385,0
-49.95246,-17.08411,0.0015703974,0.0,0.0009422385,0
-50.097828,-16.332863,0.0015703974,0.0,0.0009422385,0
-50.23679,-15.575666,0.0015703974,0.0,0.0009422385,0
-50.369514,-14.812952,0.0015703974,0.0,0.0009422385,0
-50.49572,-14.044761,0.0015703981,0.0,0.0009422389,0
-50.615456,-13.271423,0.0015704004,0.0,0.0009422403,0
-50.728573,-12.493119,0.0015704025,0.0,0.0009422416,0
-50.834995,-11.710091,0.0015704078,0.0,0.0009422447,0
-50.934715,-10.922636,0.0015704199,0.0,0.00094225194,0
-51.027534,-10.130929,0.001570437,0.0,0.00094226224,0
-51.113594,-9.335362,0.0015704617,0.0,0.000942277,0
-51.192543,-8.536066,0.0015704982,0.0,0.00094229897,0
-51.264694,-7.733502,0.0015705469,0.0,0.0009423282,0
-51.32955,-6.9277716,0.001570606,0.0,0.00094236364,0
-51.387573,-6.119376,0.0015706605,0.0,0.00094239635,0
-51.43817,-5.3084354,0.0015706674,0.0,0.0009424005,0
-51.481842,-4.495428,0.0015703344,0.0,0.0009422007,0
-51.51809,-3.6805527,0.001569434,0.0,0.00094166043,0
-51.547268,-2.8642185,0.0015694615,0.0,0.00094167696,0
-51.56906,-2.046699,0.0015707294,0.0,0.0009424377,0
-51.583675,-1.2283556,0.0015738823,0.0,0.0009443294,0
-51.59095,-0.4095077,0.0015763142,0.0,0.0009457886,0
-51.59095,0.4095077,0.0015789039,0.0,0.00094734237,0
-51.583675,1.2283556,0.0015813849,0.0,0.000948831,0
-51.56906,2.046699,0.0015865716,0.0,0.000951943,0
-51.547268,2.8642185,0.0015888098,0.0,0.0009532859,0
-51.51809,3.6805527,0.0015905094,0.0,0.0009543057,0
-51.481842,4.495428,0.0015886213,0.0,0.0009531728,0
-51.43817,5.3084354,0.0015861163,0.0,0.0009516698,0
-51.387573,6.119376,0.0015809475,0.0,0.0009485686,0
-51.32955,6.9277716,0.0015788617,0.0,0.00094731705,0
-51.264694,7.733502,0.0015758361,0.0,0.00094550167,0
-51.192543,8.536066,0.0015753612,0.0,0.0009452168,0
-51.113594,9.335362,0.0015728951,0.0,0.0009437371,0
-51.027534,10.130929,0.0015712327,0.0,0.00094273966,0
-50.934715,10.922636,0.0015688728,0.0,0.00094132376,0
-50.834995,11.710091,0.0015663884,0.0,0.00093983306,0
-50.728573,12.493119,0.0015651621,0.0,0.0009390973,0
-50.615456,13.271423,0.0015652418,0.0,0.00093914516,0
-50.49572,14.044761,0.0015659172,0.0,0.00093955034,0
-50.369514,14.812952,0.0015675409,0.0,0.00094052457,0
-50.23679,15.575666,0.0015684576,0.0,0.00094107457,0
-50.097828,16.332863,0.0015698106,0.0,0.0009418864,0
-49.95246,17.08411,0.0015702485,0.0,0.00094214914,0
-49.80109,17.829517,0.0015704714,0.0,0.0009422829,0
-49.643448,18.568539,0.001570511,0.0,0.00094230665,0
-49.480045,19.301437,0.0015704617,0.0,0.000942277,0
-49.31053,20.02758,0.0015704377,0.0,0.00094226265,0
-49.135437,20.747297,0.0015704213,0.0,0.0009422528,0
-48.954514,21.460041,0.0015704063,0.0,0.0009422438,0
-48.768143,22.166039,0.0015704011,0.0,0.0009422407,0
-48.576214,22.864899,0.0015703974,0.0,0.0009422385,0
-48.378998,23.556732,0.0015703974,0.0,0.0009422385,0
-48.176487,24.241302,0.0015703974,0.0,0.0009422385,0
-47.968857,24.918606,0.0015703974,0.0,0.0009422385,0
-47.756203,25.588573,0.0015703974,0.0,0.0009422385,0
-47.538597,26.251064,0.0015703974,0.0,0.0009422385,0
-47.316235,26.906178,0.0015703974,0.0,0.0009422385,0
-47.089096,27.553648,0.0015703974,0.0,0.0009422385,0
-46.857468,28.193747,0.0015703974,0.0,0.0009422385,0
-46.62124,28.82606,0.0015703974,0.0,0.0009422385,0
-46.380783,29.451038,0.0015703974,0.0,0.0009422385,0
-46.135914,30.06812,0.0015703974,0.0,0.0009422385,0
-45.88703,30.677874,0.0015703974,0.0,0.0009422385,0
-45.633987,31.279774,0.0015703974,0.0,0.0009422385,0
-45.377117,31.874302,0.0015703974,0.0,0.0009422385,0
-45.116333,32.461082,0.0015703974,0.0,0.0009422385,0
-44.851902,33.04046,0.0015703974,0.0,0.0009422385,0
-44.58381,33.612213,0.0015703974,0.0,0.0009422385,0
-44.31224,34.17654,0.0015703974,0.0,0.0009422385,0
-44.03726,34.7334,0.0015703974,0.0,0.0009422385,0
-43.75896,35.28284,0.0015703974,0.0,0.0009422385,0
-43.477497,35.82498,0.0015703974,0.0,0.0009422385,0
-43.192886,36.359726,0.0015703974,0.0,0.0009422385,0
-42.905334,36.887352,0.0015703974,0.0,0.0009422385,0
-42.61481,37.407616,0.0015703974,0.0,0.0009422385,0
-42.321556,37.92096,0.0015703974,0.0,0.0009422385,0
-42.025505,38.427,0.0015703974,0.0,0.0009422385,0
-41.72692,38.9263,0.0015703974,0.0,0.0009422385,0
-41.425716,39.418407,0.0015705678,0.0,0.00094234076,0
-41.122158,39.903885,0.0015659477,0.0,0.0009395686,0
-40.81618,40.3824,0.0015750808,0.0,0.0009450485,0
-40.508003,40.85435,0.0015123362,0.0,0.0009074017,0
-40.197605,41.319572,0.0014707876,0.0,0.00088247255,0
-39.885147,41.77832,0.0016304199,0.0,0.0009782519,0
-39.570667,42.230556,0.0029728736,0.0,0.0017837243,0
-39.93506,-42.66238,0.0015633695,0.0,0.00093802175,0
-40.253086,-42.209488,0.00096412824,0.0,0.000578477,0
-40.569107,-41.749954,0.0006583971,0.0,0.00039503828,0
-40.883083,-41.283833,0.0006635038,0.0,0.00039810227,0
-41.194862,-40.810837,0.00066603423,0.0,0.00039962056,0
-41.50444,-40.33116,0.00066665147,0.0,0.0003999909,0
-41.811623,-39.844368,0.0006668927,0.0,0.0004001356,0
-42.11646,-39.350815,0.00066689105,0.0,0.00040013465,0
-42.418682,-38.849907,0.00066689105,0.0,0.00040013465,0
-42.718388,-38.34211,0.00066689105,0.0,0.00040013465,0
-43.015297,-37.826855,0.00066689105,0.0,0.00040013465,0
-43.309486,-37.30451,0.00066689105,0.0,0.00040013465,0
-43.60071,-36.774635,0.00066689105,0.0,0.00040013465,0
-43.888992,-36.237465,0.00066689105,0.0,0.00040013465,0
-44.174126,-35.69272,0.00066689105,0.0,0.00040013465,0
-44.456093,-35.140488,0.00066689105,0.0,0.00040013465,0
-44.73474,-34.580643,0.00066689105,0.0,0.00040013465,0
-45.00997,-34.01313,0.00066689105,0.0,0.00040013465,0
-45.281715,-33.437996,0.00066689105,0.0,0.00040013465,0
-45.549786,-32.85503,0.00066689105,0.0,0.00040013465,0
-45.814194,-32.26445,0.00066689105,0.0,0.00040013465,0
-46.074684,-31.665894,0.00066689105,0.0,0.00040013465,0
-46.33133,-31.059753,0.00066689105,0.0,0.00040013465,0
-46.58378,-30.445526,0.00066689105,0.0,0.00040013465,0
-46.832207,-29.823742,0.00066689105,0.0,0.00040013465,0
-47.076187,-29.193823,0.00066689105,0.0,0.00040013465,0
-47.31591,-28.556335,0.00066689105,0.0,0.00040013465,0
-47.551,-27.910812,0.00066689105,0.0,0.00040013465,0
-47.78157,-27.257671,0.00066689105,0.0,0.00040013465,0
-48.00732,-26.596632,0.00066689105,0.0,0.00040013465,0
-48.22828,-25.927965,0.00066689105,0.0,0.00040013465,0
-48.444237,-25.251568,0.00066689105,0.0,0.00040013465,0
-48.65512,-24.56757,0.00066689105,0.0,0.00040013465,0
-48.860832,-23.876049,0.00066689105,0.0,0.00040013465,0
-49.061207,-23.177002,0.00066689105,0.0,0.00040013465,0
-49.256226,-22.470673,0.00066689105,0.0,0.00040013465,0
-49.445618,-21.756935,0.00066689105,0.0,0.00040013465,0
-49.62951,-21.036198,0.00066689105,0.0,0.00040013465,0
-49.80749,-20.308218,0.00066689105,0.0,0.00040013465,0
-49.979824,-19.573563,0.00066689105,0.0,0.00040013465,0
-50.145966,-18.831882,0.00066689105,0.0,0.00040013465,0
-50.306267,-18.083838,0.00066689105,0.0,0.00040013465,0
-50.46021,-17.329147,0.00066689134,0.0,0.00040013483,0
-50.608067,-16.56838,0.00066689134,0.0,0.00040013483,0
-50.749428,-15.8014145,0.0006668917,0.0,0.00040013503,0
-50.884453,-15.028702,0.000666892,0.0,0.0004001352,0
-51.01286,-14.250281,0.0006668927,0.0,0.0004001356,0
-51.134697,-13.466495,0.00066689425,0.0,0.00040013657,0
-51.24981,-12.677527,0.0006668907,0.0,0.00040013445,0
-51.35812,-11.88363,0.00066688244,0.0,0.00040012947,0
-51.45962,-11.085114,0.00066685805,0.0,0.00040011483,0
-51.5541,-10.282154,0.00066682784,0.0,0.00040009673,0
-51.64171,-9.475168,0.0006667642,0.0,0.00040005855,0
-51.722084,-8.66428,0.0006666655,0.0,0.00039999932,0
-51.79554,-7.8499813,0.0006665457,0.0,0.00039992743,0
-51.861584,-7.03237,0.000666386,0.0,0.0003998316,0
-51.920654,-6.211975,0.00066621194,0.0,0.00039972717,0
-51.972183,-5.388917,0.0006660212,0.0,0.00039961273,0
-52.016647,-4.563698,0.00066585175,0.0,0.00039951107,0
-52.053562,-3.7365236,0.0006661189,0.0,0.00039967138,0
-52.083282,-2.9078245,0.000667518,0.0,0.00040051082,0
-52.105476,-2.0778844,0.00066966633,0.0,0.00040179983,0
-52.120358,-1.2470825,0.0006726713,0.0,0.0004036028,0
-52.127766,-0.41575253,0.0006752113,0.0,0.0004051268,0
-52.127766,0.41575253,0.000677786,0.0,0.00040667164,0
-52.120358,1.2470825,0.00067985646,0.0,0.0004079139,0
-52.105476,2.0778844,0.0006783081,0.0,0.00040698485,0
-52.083282,2.9078245,0.00067986944,0.0,0.00040792167,0
-52.053562,3.7365236,0.00067916844,0.0,0.0004075011,0
-52.016647,4.563698,0.0006785121,0.0,0.00040710726,0
-51.972183,5.388917,0.00067656016,0.0,0.00040593612,0
-51.920654,6.211975,0.00067802053,0.0,0.00040681232,0
-51.861584,7.03237,0.00067541085,0.0,0.00040524654,0
-51.79554,7.8499813,0.0006772688,0.0,0.00040636127,0
-51.722084,8.66428,0.0006768345,0.0,0.0004061007,0
-51.64171,9.475168,0.0006766081,0.0,0.00040596488,0
-51.5541,10.282154,0.00067564065,0.0,0.0004053844,0
-51.45962,11.085114,0.000673992,0.0,0.0004043952,0
-51.35812,11.88363,0.00067211385,0.0,0.00040326832,0
-51.24981,12.677527,0.00066993444,0.0,0.0004019607,0
-51.134697,13.466495,0.00066771527,0.0,0.0004006292,0
-51.01286,14.250281,0.0006669009,0.0,0.00040014056,0
-50.884453,15.028702,0.0006657781,0.0,0.0003994669,0
-50.749428,15.8014145,0.0006659825,0.0,0.0003995895,0
-50.608067,16.56838,0.00066599646,0.0,0.0003995979,0
-50.46021,17.329147,0.0006663463,0.0,0.0003998078,0
-50.306267,18.083838,0.0006665073,0.0,0.00039990438,0
-50.145966,18.831882,0.0006667401,0.0,0.00040004408,0
-49.979824,19.573563,0.0006668389,0.0,0.00040010337,0
-49.80749,20.308218,0.00066687964,0.0,0.0004001278,0
-49.62951,21.036198,0.0006668955,0.0,0.0004001373,0
-49.445618,21.756935,0.0006668945,0.0,0.00040013672,0
-49.256226,22.470673,0.0006668933,0.0,0.00040013602,0
-49.061207,23.177002,0.000666892,0.0,0.0004001352,0
-48.860832,23.876049,0.00066689105,0.0,0.00040013465,0
-48.65512,24.56757,0.00066689105,0.0,0.00040013465,0
-48.444237,25.251568,0.00066689105,0.0,0.00040013465,0
-48.22828,25.927965,0.00066689105,0.0,0.00040013465,0
-48.00732,26.596632,0.00066689105,0.0,0.00040013465,0
-47.78157,27.257671,0.00066689105,0.0,0.00040013465,0
-47.551,27.910812,0.00066689105,0.0,0.00040013465,0
-47.31591,28.556335,0.00066689105,0.0,0.00040013465,0
-47.076187,29.193823,0.00066689105,0.0,0.00040013465,0
-46.832207,29.823742,0.00066689105,0.0,0.00040013465,0
-46.58378,30.445526,0.00066689105,0.0,0.00040013465,0
-46.33133,31.059753,0.00066689105,0.0,0.00040013465,0
-46.074684,31.665894,0.00066689105,0.0,0.00040013465,0
-45.814194,32.26445,0.00066689105,0.0,0.00040013465,0
-45.549786,32.85503,0.00066689105,0.0,0.00040013465,0
-45.281715,33.437996,0.00066689105,0.0,0.00040013465,0
-45.00997,34.01313,0.00066689105,0.0,0.00040013465,0
-44.73474,34.580643,0.00066689105,0.0,0.00040013465,0
-44.456093,35.140488,0.00066689105,0.0,0.00040013465,0
-44.174126,35.69272,0.00066689105,0.0,0.00040013465,0
-43.888992,36.237465,0.00066689105,0.0,0.00040013465,0
-43.60071,36.774635,0.00066689105,0.0,0.00040013465,0
-43.309486,37.30451,0.00066689105,0.0,0.00040013465,0
-43.015297,37.826855,0.00066689105,0.0,0.00040013465,0
-42.718388,38.34211,0.00066689105,0.0,0.00040013465,0
-42.418682,38.849907,0.00066689105,0.0,0.00040013465,0
-42.11646,39.350815,0.00066689105,0.0,0.00040013465,0
-41.811623,39.844368,0.0006669384,0.0,0.00040016303,0
-41.50444,40.33116,0.00066558813,0.0,0.0003993529,0
-41.194862,40.810837,0.0006669438,0.0,0.0004001663,0
-40.883083,41.283833,0.00064608315,0.0,0.0003876499,0
-40.569107,41.749954,0.00061916735,0.0,0.0003715004,0
-40.253086,42.209488,0.00064474775,0.0,0.00038684867,0
-39.93506,42.66238,0.00096550054,0.0,0.00057930034,0
-40.297985,-43.101227,0.0013861081,0.0,0.0008316649,0
-40.61959,-42.647766,0.0009974284,0.0,0.00059845706,0
-40.93921,-42.18754,0.00067531905,0.0,0.00040519144,0
-41.256798,-41.720604,0.00069279125,0.0,0.00041567476,0
-41.572205,-41.24666,0.00069951476,0.0,0.00041970887,0
-41.88543,-40.765896,0.00069994724,0.0,0.00041996836,0
-42.196274,-40.27788,0.00070037297,0.0,0.0004202238,0
-42.504784,-39.78296,0.00070036895,0.0,0.0004202214,0
-42.81069,-39.280533,0.00070036895,0.0,0.0004202214,0
-43.11409,-38.77106,0.00070036895,0.0,0.0004202214,0
-43.414703,-38.253963,0.00070036895,0.0,0.0004202214,0
-43.712605,-37.72961,0.00070036895,0.0,0.0004202214,0
-44.007538,-37.19755,0.00070036895,0.0,0.0004202214,0
-44.299534,-36.658028,0.00070036895,0.0,0.0004202214,0
-44.588398,-36.110733,0.00070036895,0.0,0.0004202214,0
-44.874077,-35.55577,0.00070036895,0.0,0.0004202214,0
-45.156445,-34.99299,0.00070036895,0.0,0.0004202214,0
-45.435387,-34.422348,0.00070036895,0.0,0.0004202214,0
-45.710842,-33.84387,0.00070036895,0.0,0.0004202214,0
-45.982613,-33.25735,0.00070036895,0.0,0.0004202214,0
-46.250713,-32.663,0.00070036895,0.0,0.0004202214,0
-46.514862,-32.06044,0.00070036895,0.0,0.0004202214,0
-46.775166,-31.450079,0.00070036895,0.0,0.0004202214,0
-47.031254,-30.831383,0.00070036895,0.0,0.0004202214,0
-47.28329,-30.204906,0.00070036895,0.0,0.0004202214,0
-47.53086,-29.570036,0.00070036895,0.0,0.0004202214,0
-47.77415,-28.927359,0.00070036895,0.0,0.0004202214,0
-48.012768,-28.276384,0.00070036895,0.0,0.0004202214,0
-48.246834,-27.61754,0.00070036895,0.0,0.0004202214,0
-48.47604,-26.950535,0.00070036895,0.0,0.0004202214,0
-48.700417,-26.27564,0.00070036895,0.0,0.0004202214,0
-48.919746,-25.592743,0.00070036895,0.0,0.0004202214,0
-49.133957,-24.901983,0.00070036895,0.0,0.0004202214,0
-49.34294,-24.203424,0.00070036895,0.0,0.0004202214,0
-49.54652,-23.497068,0.00070036895,0.0,0.0004202214,0
-49.744705,-22.78316,0.00070036895,0.0,0.0004202214,0
-49.93719,-22.061562,0.00070036895,0.0,0.0004202214,0
-50.12411,-21.332695,0.00070036895,0.0,0.0004202214,0
-50.305054,-20.59631,0.00070036895,0.0,0.0004202214,0
-50.48027,-19.852982,0.00070036895,0.0,0.0004202214,0
-50.64922,-19.102352,0.00070036895,0.0,0.0004202214,0
-50.812252,-18.3451,0.0007003686,0.0,0.0004202212,0
-50.968822,-17.58093,0.0007003686,0.0,0.0004202212,0
-51.119232,-16.810436,0.00070037064,0.0,0.0004202224,0
-51.263046,-16.03348,0.0007003726,0.0,0.0004202236,0
-51.40044,-15.250535,0.0007003753,0.0,0.0004202252,0
-51.531105,-14.4616375,0.00070038065,0.0,0.0004202284,0
-51.655098,-13.667143,0.0007003793,0.0,0.00042022762,0
-51.77226,-12.867241,0.00070032425,0.0,0.00042019456,0
-51.882507,-12.062194,0.0007002979,0.0,0.00042017875,0
-51.985832,-11.25232,0.0007002926,0.0,0.00042017558,0
-52.082024,-10.437808,0.00070043304,0.0,0.00042025984,0
-52.17122,-9.619085,0.0007005532,0.0,0.00042033193,0
-52.253056,-8.796285,0.00070079457,0.0,0.00042047675,0
-52.32786,-7.9699173,0.0007011403,0.0,0.0004206842,0
-52.39511,-7.1400857,0.0007016951,0.0,0.0004210171,0
-52.455276,-6.3073416,0.0007022822,0.0,0.00042136933,0
-52.507755,-5.471811,0.00070307706,0.0,0.00042184626,0
-52.553043,-4.634019,0.00070399255,0.0,0.00042239556,0
-52.59064,-3.794181,0.0007065156,0.0,0.0004239094,0
-52.620907,-2.9527462,0.00071081665,0.0,0.00042649,0
-52.64352,-2.110012,0.0007170389,0.0,0.0004302234,0
-52.658672,-1.2663757,0.00072845985,0.0,0.00043707594,0
-52.66622,-0.42218632,0.00073366443,0.0,0.00044019867,0
-52.66622,0.42218632,0.00074908545,0.0,0.0004494513,0
-52.658672,1.2663757,0.00074362487,0.0,0.00044617493,0
-52.64352,2.110012,0.0007363331,0.0,0.00044179987,0
-52.620907,2.9527462,0.0007248005,0.0,0.00043488032,0
-52.59064,3.794181,0.0007304045,0.0,0.0004382427,0
-52.553043,4.634019,0.0007242951,0.0,0.0004345771,0
-52.507755,5.471811,0.00072802266,0.0,0.0004368136,0
-52.455276,6.3073416,0.0007264633,0.0,0.00043587797,0
-52.39511,7.1400857,0.0007311998,0.0,0.0004387199,0
-52.32786,7.9699173,0.0007287171,0.0,0.00043723025,0
-52.253056,8.796285,0.0007331528,0.0,0.00043989168,0
-52.17122,9.619085,0.00073613174,0.0,0.00044167906,0
-52.082024,10.437808,0.00073612994,0.0,0.00044167798,0
-51.985832,11.25232,0.00073299353,0.0,0.00043979613,0
-51.882507,12.062194,0.0007284703,0.0,0.00043708217,0
-51.77226,12.867241,0.0007194644,0.0,0.00043167864,0
-51.655098,13.667143,0.00071316643,0.0,0.00042789988,0
-51.531105,14.4616375,0.0007076956,0.0,0.00042461738,0
-51.40044,15.250535,0.00070813316,0.0,0.00042487992,0
-51.263046,16.03348,0.00070230156,0.0,0.00042138094,0
-51.119232,16.810436,0.0007018098,0.0,0.00042108592,0
-50.968822,17.58093,0.00069928315,0.0,0.0004195699,0
-50.812252,18.3451,0.0006995964,0.0,0.00041975788,0
-50.64922,19.102352,0.00069997326,0.0,0.00041998396,0
-50.48027,19.852982,0.00070019177,0.0,0.00042011507,0
-50.305054,20.59631,0.0007003045,0.0,0.00042018274,0
-50.12411,21.332695,0.00070038665,0.0,0.000420232,0
-49.93719,22.061562,0.0007003746,0.0,0.00042022477,0
-49.744705,22.78316,0.0007003743,0.0,0.0004202246,0
-49.54652,23.497068,0.0007003713,0.0,0.0004202228,0
-49.34294,24.203424,0.00070036895,0.0,0.0004202214,0
-49.133957,24.901983,0.00070036895,0.0,0.0004202214,0
-48.919746,25.592743,0.00070036895,0.0,0.0004202214,0
-48.700417,26.27564,0.00070036895,0.0,0.0004202214,0
-48.47604,26.950535,0.00070036895,0.0,0.0004202214,0
-48.246834,27.61754,0.00070036895,0.0,0.0004202214,0
-48.012768,28.276384,0.00070036895,0.0,0.0004202214,0
-47.77415,28.927359,0.00070036895,0.0,0.0004202214,0
-47.53086,29.570036,0.00070036895,0.0,0.0004202214,0
-47.28329,30.204906,0.00070036895,0.0,0.0004202214,0
-47.031254,30.831383,0.00070036895,0.0,0.0004202214,0
-46.775166,31.450079,0.00070036895,0.0,0.0004202214,0
-46.514862,32.06044,0.00070036895,0.0,0.0004202214,0
-46.250713,32.663,0.00070036895,0.0,0.0004202214,0
-45.982613,33.25735,0.00070036895,0.0,0.0004202214,0
-45.710842,33.84387,0.00070036895,0.0,0.0004202214,0
-45.435387,34.422348,0.00070036895,0.0,0.0004202214,0
-45.156445,34.99299,0.00070036895,0.0,0.0004202214,0
-44.874077,35.55577,0.00070036895,0.0,0.0004202214,0
-44.588398,36.110733,0.00070036895,0.0,0.0004202214,0
-44.299534,36.658028,0.00070036895,0.0,0.0004202214,0
-44.007538,37.19755,0.00070036895,0.0,0.0004202214,0
-43.712605,37.72961,0.00070036895,0.0,0.0004202214,0
-43.414703,38.253963,0.00070036895,0.0,0.0004202214,0
-43.11409,38.77106,0.00070036895,0.0,0.0004202214,0
-42.81069,39.280533,0.00070036895,0.0,0.0004202214,0
-42.504784,39.78296,0.00070036895,0.0,0.0004202214,0
-42.196274,40.27788,0.0007004574,0.0,0.00042027447,0
-41.88543,40.765896,0.00069816347,0.0,0.0004188981,0
-41.572205,41.24666,0.00070059893,0.0,0.00042035937,0
-41.256798,41.720604,0.00066800235,0.0,0.00040080142,0
-40.93921,42.18754,0.00061863323,0.0,0.00037117995,0
-40.61959,42.647766,0.00061838445,0.0,0.00037103068,0
-40.297985,43.101227,0.0008145537,0.0,0.00048873224,0
-40.659283,-43.54763,0.0012773819,0.0,0.0007664292,0
-40.984493,-43.093697,0.00091453525,0.0,0.0005487212,0
-41.307743,-42.632877,0.000624996,0.0,0.00037499765,0
-41.628975,-42.165226,0.00063644897,0.0,0.0003818694,0
-41.94805,-41.690437,0.00064110593,0.0,0.00038466358,0
-42.26496,-41.208694,0.00064146105,0.0,0.00038487665,0
-42.5795,-40.719547,0.0006418142,0.0,0.00038508853,0
-42.891724,-40.22335,0.0006418135,0.0,0.00038508812,0
-43.201355,-39.719498,0.0006418135,0.0,0.00038508812,0
-43.5085,-39.208443,0.0006418135,0.0,0.00038508812,0
-43.81286,-38.689583,0.0006418135,0.0,0.00038508812,0
-44.114517,-38.16331,0.0006418135,0.0,0.00038508812,0
-44.41322,-37.62915,0.0006418135,0.0,0.00038508812,0
-44.708984,-37.087345,0.0006418135,0.0,0.00038508812,0
-45.001617,-36.537575,0.0006418135,0.0,0.00038508812,0
-45.291077,-35.979942,0.0006418135,0.0,0.00038508812,0
-45.577217,-35.414295,0.0006418135,0.0,0.00038508812,0
-45.859932,-34.840576,0.0006418135,0.0,0.00038508812,0
-46.139145,-34.258804,0.0006418135,0.0,0.00038508812,0
-46.414677,-33.668774,0.0006418135,0.0,0.00038508812,0
-46.686523,-33.07069,0.0006418135,0.0,0.00038508812,0
-46.95442,-32.464165,0.0006418135,0.0,0.00038508812,0
-47.21844,-31.849602,0.0006418135,0.0,0.00038508812,0
-47.478226,-31.22646,0.0006418135,0.0,0.00038508812,0
-47.73395,-30.595291,0.0006418135,0.0,0.00038508812,0
-47.985172,-29.955467,0.0006418135,0.0,0.00038508812,0
-48.232094,-29.30759,0.0006418135,0.0,0.00038508812,0
-48.47431,-28.651142,0.0006418135,0.0,0.00038508812,0
-48.711945,-27.986568,0.0006418135,0.0,0.00038508812,0
-48.944683,-27.313553,0.0006418135,0.0,0.00038508812,0
-49.172546,-26.632378,0.0006418135,0.0,0.00038508812,0
-49.39532,-25.94292,0.0006418135,0.0,0.00038508812,0
-49.61293,-25.24532,0.0006418135,0.0,0.00038508812,0
-49.825256,-24.539637,0.0006418135,0.0,0.00038508812,0
-50.032127,-23.825869,0.0006418135,0.0,0.00038508812,0
-50.23354,-23.104263,0.0006418135,0.0,0.00038508812,0
-50.4292,-22.374676,0.0006418135,0.0,0.00038508812,0
-50.619225,-21.637547,0.0006418135,0.0,0.00038508812,0
-50.803192,-20.892593,0.0006418135,0.0,0.00038508812,0
-50.98137,-20.140427,0.0006418135,0.0,0.00038508812,0
-51.15319,-19.380665,0.0006418142,0.0,0.00038508853,0
-51.31902,-18.61401,0.0006418157,0.0,0.00038508946,0
-51.478302,-17.840149,0.00064182124,0.0,0.00038509278,0
-51.631332,-17.059696,0.000641824,0.0,0.0003850944,0
-51.777664,-16.27251,0.00064180436,0.0,0.00038508265,0
-51.91748,-15.479076,0.00064177136,0.0,0.00038506283,0
-52.050476,-14.679434,0.00064170465,0.0,0.0003850228,0
-52.17668,-13.873947,0.0006415751,0.0,0.00038494507,0
-52.29595,-13.062816,0.0006414262,0.0,0.00038485572,0
-52.408195,-12.246307,0.00064167747,0.0,0.0003850065,0
-52.5134,-11.424755,0.0006424194,0.0,0.00038545165,0
-52.611343,-10.598355,0.000644156,0.0,0.00038649363,0
-52.70217,-9.76755,0.00064626924,0.0,0.00038776157,0
-52.785522,-8.932482,0.000648843,0.0,0.00038930582,0
-52.86171,-8.0936775,0.00065117143,0.0,0.0003907029,0
-52.93021,-7.2512503,0.0006522991,0.0,0.00039137946,0
-52.99149,-6.4057727,0.00065449136,0.0,0.00039269484,0
-53.044952,-5.557377,0.0006556542,0.0,0.00039339252,0
-53.091087,-4.7066126,0.00065697957,0.0,0.00039418775,0
-53.129395,-3.8537054,0.00065983436,0.0,0.00039590063,0
-53.160233,-2.9991248,0.0006611569,0.0,0.00039669414,0
-53.18326,-2.1431832,0.0006684191,0.0,0.00040105148,0
-53.198708,-1.2862961,0.0006811711,0.0,0.00040870268,0
-53.20639,-0.4288294,0.00069998624,0.0,0.00041999176,0
-53.20639,0.4288294,0.00072085275,0.0,0.00043251168,0
-53.198708,1.2862961,0.00073743064,0.0,0.0004424584,0
-53.18326,2.1431832,0.0006964921,0.0,0.00041789527,0
-53.160233,2.9991248,0.0007109501,0.0,0.0004265701,0
-53.129395,3.8537054,0.0007065823,0.0,0.0004239494,0
-53.091087,4.7066126,0.0007036213,0.0,0.0004221728,0
-53.044952,5.557377,0.0006914427,0.0,0.00041486564,0
-52.99149,6.4057727,0.0007212431,0.0,0.00043274587,0
-52.93021,7.2512503,0.00068573636,0.0,0.00041144184,0
-52.86171,8.0936775,0.00069997355,0.0,0.00041998414,0
-52.785522,8.932482,0.00069437164,0.0,0.000416623,0
-52.70217,9.76755,0.0006934961,0.0,0.00041609767,0
-52.611343,10.598355,0.00069549086,0.0,0.00041729453,0
-52.5134,11.424755,0.0006928622,0.0,0.00041571734,0
-52.408195,12.246307,0.0006860576,0.0,0.0004116346,0
-52.29595,13.062816,0.0006781591,0.0,0.0004068955,0
-52.17668,13.873947,0.00066217437,0.0,0.00039730463,0
-52.050476,14.679434,0.0006660244,0.0,0.00039961466,0
-51.91748,15.479076,0.0006542818,0.0,0.0003925691,0
-51.777664,16.27251,0.0006514687,0.0,0.00039088124,0
-51.631332,17.059696,0.0006420448,0.0,0.00038522691,0
-51.478302,17.840149,0.00064113614,0.0,0.0003846817,0
-51.31902,18.61401,0.000639455,0.0,0.000383673,0
-51.15319,19.380665,0.0006404586,0.0,0.0003842752,0
-50.98137,20.140427,0.00064060173,0.0,0.00038436105,0
-50.803192,20.892593,0.00064133597,0.0,0.0003848016,0
-50.619225,21.637547,0.00064160745,0.0,0.00038496449,0
-50.4292,22.374676,0.0006418083,0.0,0.000385085,0
-50.23354,23.104263,0.0006418175,0.0,0.00038509053,0
-50.032127,23.825869,0.000641824,0.0,0.0003850944,0
-49.825256,24.539637,0.00064181903,0.0,0.00038509144,0
-49.61293,25.24532,0.00064181536,0.0,0.00038508922,0
-49.39532,25.94292,0.0006418142,0.0,0.00038508853,0
-49.172546,26.632378,0.0006418135,0.0,0.00038508812,0
-48.944683,27.313553,0.0006418135,0.0,0.00038508812,0
-48.711945,27.986568,0.0006418135,0.0,0.00038508812,0
-48.47431,28.651142,0.0006418135,0.0,0.00038508812,0
-48.232094,29.30759,0.0006418135,0.0,0.00038508812,0
-47.985172,29.955467,0.0006418135,0.0,0.00038508812,0
-47.73395,30.595291,0.0006418135,0.0,0.00038508812,0
-47.478226,31.22646,0.0006418135,0.0,0.00038508812,0
-47.21844,31.849602,0.0006418135,0.0,0.00038508812,0
-46.95442,32.464165,0.0006418135,0.0,0.00038508812,0
-46.686523,33.07069,0.0006418135,0.0,0.00038508812,0
-46.414677,33.668774,0.0006418135,0.0,0.00038508812,0
-46.139145,34.258804,0.0006418135,0.0,0.00038508812,0
-45.859932,34.840576,0.0006418135,0.0,0.00038508812,0
-45.577217,35.414295,0.0006418135,0.0,0.00038508812,0
-45.291077,35.979942,0.0006418135,0.0,0.00038508812,0
-45.001617,36.537575,0.0006418135,0.0,0.00038508812,0
-44.708984,37.087345,0.0006418135,0.0,0.00038508812,0
-44.41322,37.62915,0.0006418135,0.0,0.00038508812,0
-44.114517,38.16331,0.0006418135,0.0,0.00038508812,0
-43.81286,38.689583,0.0006418135,0.0,0.00038508812,0
-43.5085,39.208443,0.0006418135,0.0,0.00038508812,0
-43.201355,39.719498,0.0006418135,0.0,0.00038508812,0
-42.891724,40.22335,0.0006418135,0.0,0.00038508812,0
-42.5795,40.719547,0.00064189336,0.0,0.00038513602,0
-42.26496,41.208694,0.0006399616,0.0,0.000383977,0
-41.94805,41.690437,0.0006422333,0.0,0.00038533998,0
-41.628975,42.165226,0.0006185816,0.0,0.00037114898,0
-41.307743,42.632877,0.0005859383,0.0,0.00035156298,0
-40.984493,43.093697,0.00059838215,0.0,0.0003590293,0
-40.659283,43.54763,0.0007856888,0.0,0.0004714133,0
-41.018936,-44.001278,0.001263826,0.0,0.00075829565,0
-41.34779,-43.54698,0.00091329566,0.0,0.0005479774,0
-41.674698,-43.085682,0.0006232769,0.0,0.00037396618,0
-41.999615,-42.617413,0.00063461607,0.0,0.00038076966,0
-42.322388,-42.141872,0.00063962897,0.0,0.0003837774,0
-42.643017,-41.659245,0.0006401577,0.0,0.00038409466,0
-42.961292,-41.169067,0.0006405355,0.0,0.00038432132,0
-43.27727,-40.671696,0.0006405367,0.0,0.00038432205,0
-43.590668,-40.166504,0.0006405367,0.0,0.00038432205,0
-43.901592,-39.653957,0.0006405367,0.0,0.00038432205,0
-44.20975,-39.133427,0.0006405367,0.0,0.00038432205,0
-44.51521,-38.60532,0.0006405367,0.0,0.00038432205,0
-44.817722,-38.069134,0.0006405367,0.0,0.00038432205,0
-45.117306,-37.525124,0.0006405367,0.0,0.00038432205,0
-45.41377,-36.972958,0.0006405367,0.0,0.00038432205,0
-45.707043,-36.412724,0.0006405367,0.0,0.00038432205,0
-45.997017,-35.844273,0.0006405367,0.0,0.00038432205,0
-46.283558,-35.267536,0.0006405367,0.0,0.00038432205,0
-46.566597,-34.682533,0.0006405367,0.0,0.00038432205,0
-46.84594,-34.08904,0.0006405367,0.0,0.00038432205,0
-47.1216,-33.487263,0.0006405367,0.0,0.00038432205,0
-47.393284,-32.876812,0.0006405367,0.0,0.00038432205,0
-47.661083,-32.25807,0.0006405367,0.0,0.00038432205,0
-47.924644,-31.6305,0.0006405367,0.0,0.00038432205,0
-48.184113,-30.994656,0.0006405367,0.0,0.00038432205,0
-48.43906,-30.349888,0.0006405367,0.0,0.00038432205,0
-48.689674,-29.696802,0.0006405367,0.0,0.00038432205,0
-48.935566,-29.034864,0.0006405367,0.0,0.00038432205,0
-49.17683,-28.364536,0.0006405367,0.0,0.00038432205,0
-49.413166,-27.685474,0.0006405367,0.0,0.00038432205,0
-49.64459,-26.997976,0.0006405367,0.0,0.00038432205,0
-49.87088,-26.301897,0.0006405367,0.0,0.00038432205,0
-50.091957,-25.597385,0.0006405367,0.0,0.00038432205,0
-50.307705,-24.884499,0.0006405367,0.0,0.00038432205,0
-50.517937,-24.163223,0.0006405367,0.0,0.00038432205,0
-50.722656,-23.433817,0.0006405367,0.0,0.00038432205,0
-50.921555,-22.696123,0.0006405367,0.0,0.00038432205,0
-51.11475,-21.950586,0.0006405367,0.0,0.00038432205,0
-51.301823,-21.196926,0.000640537,0.0,0.00038432222,0
-51.483025,-20.435757,0.0006405386,0.0,0.00038432315,0
-51.657795,-19.666685,0.0006405453,0.0,0.00038432717,0
-51.826485,-18.890432,0.00064054434,0.0,0.00038432662,0
-51.98855,-18.106674,0.000640519,0.0,0.00038431142,0
-52.14426,-17.316046,0.0006404067,0.0,0.00038424402,0
-52.293182,-16.518396,0.00064027397,0.0,0.0003841644,0
-52.435486,-15.714228,0.0006403283,0.0,0.000384197,0
-52.570858,-14.903576,0.00064060173,0.0,0.00038436105,0
-52.699345,-14.0868225,0.00064117555,0.0,0.00038470534,0
-52.820778,-13.264171,0.0006421984,0.0,0.0003853191,0
-52.935066,-12.435899,0.00064400834,0.0,0.000386405,0
-53.042206,-11.602353,0.0006472579,0.0,0.00038835476,0
-53.141953,-10.763735,0.00065372954,0.0,0.00039223774,0
-53.234467,-9.92051,0.0006597363,0.0,0.00039584178,0
-53.31937,-9.07282,0.000668378,0.0,0.00040102683,0
-53.396973,-8.22122,0.0006687007,0.0,0.00040122046,0
-53.46676,-7.365824,0.00066687964,0.0,0.0004001278,0
-53.529198,-6.5072336,0.0006627366,0.0,0.00039764197,0
-53.583668,-5.6455846,0.0006588158,0.0,0.00039528948,0
-53.630672,-4.7814536,0.0006531961,0.0,0.00039191768,0
-53.669704,-3.915077,0.00064698653,0.0,0.00038819193,0
-53.701126,-3.046945,0.00064673374,0.0,0.00038804027,0
-53.7246,-2.1773872,0.00065722043,0.0,0.00039433228,0
-53.740337,-1.3068371,0.00069571234,0.0,0.00041742742,0
-53.74817,-0.43567953,0.0007003473,0.0,0.0004202084,0
-53.74817,0.43567953,0.000793266,0.0,0.00047595962,0
-53.740337,1.3068371,0.0008027783,0.0,0.000481667,0
-53.7246,2.1773872,0.00082090386,0.0,0.00049254234,0
-53.701126,3.046945,0.0008019105,0.0,0.0004811463,0
-53.669704,3.915077,0.0008497083,0.0,0.000509825,0
-53.630672,4.7814536,0.0008530331,0.0,0.0005118199,0
-53.583668,5.6455846,0.00091925624,0.0,0.0005515538,0
-53.529198,6.5072336,0.00094763254,0.0,0.00056857953,0
-53.46676,7.365824,0.0010263562,0.0,0.00061581377,0
-53.396973,8.22122,0.0009989429,0.0,0.00059936574,0
-53.31937,9.07282,0.0009794164,0.0,0.0005876499,0
-53.234467,9.92051,0.0009903716,0.0,0.000594223,0
-53.141953,10.763735,0.0010889237,0.0,0.0006533542,0
-53.042206,11.602353,0.001141352,0.0,0.0006848112,0
-52.935066,12.435899,0.0011192199,0.0,0.000671532,0
-52.820778,13.264171,0.0009797902,0.0,0.00058787415,0
-52.699345,14.0868225,0.0008445776,0.0,0.0005067466,0
-52.570858,14.903576,0.0007378521,0.0,0.0004427113,0
-52.435486,15.714228,0.0007067456,0.0,0.00042404738,0
-52.293182,16.518396,0.000655547,0.0,0.00039332823,0
-52.14426,17.316046,0.0006633584,0.0,0.00039801508,0
-51.98855,18.106674,0.000639824,0.0,0.00038389442,0
-51.826485,18.890432,0.0006364453,0.0,0.0003818672,0
-51.657795,19.666685,0.0006334927,0.0,0.00038009565,0
-51.483025,20.435757,0.0006365236,0.0,0.00038191417,0
-51.301823,21.196926,0.00063751254,0.0,0.00038250754,0
-51.11475,21.950586,0.00063962315,0.0,0.0003837739,0
-50.921555,22.696123,0.0006401281,0.0,0.00038407688,0
-50.722656,23.433817,0.00064044393,0.0,0.00038426637,0
-50.517937,24.163223,0.00064051047,0.0,0.0003843063,0
-50.307705,24.884499,0.00064054003,0.0,0.00038432403,0
-50.091957,25.597385,0.00064053823,0.0,0.00038432295,0
-49.87088,26.301897,0.00064053823,0.0,0.00038432295,0
-49.64459,26.997976,0.00064053765,0.0,0.0003843226,0
-49.413166,27.685474,0.0006405367,0.0,0.00038432205,0
-49.17683,28.364536,0.0006405367,0.0,0.00038432205,0
-48.935566,29.034864,0.0006405367,0.0,0.00038432205,0
-48.689674,29.696802,0.0006405367,0.0,0.00038432205,0
-48.43906,30.349888,0.0006405367,0.0,0.00038432205,0
-48.184113,30.994656,0.0006405367,0.0,0.00038432205,0
-47.924644,31.6305,0.0006405367,0.0,0.00038432205,0
-47.661083,32.25807,0.0006405367,0.0,0.00038432205,0
-47.393284,32.876812,0.0006405367,0.0,0.00038432205,0
-47.1216,33.487263,0.0006405367,0.0,0.00038432205,0
-46.84594,34.08904,0.0006405367,0.0,0.00038432205,0
-46.566597,34.682533,0.0006405367,0.0,0.00038432205,0
-46.283558,35.267536,0.0006405367,0.0,0.00038432205,0
-45.997017,35.844273,0.0006405367,0.0,0.00038432205,0
-45.707043,36.412724,0.0006405367,0.0,0.00038432205,0
-45.41377,36.972958,0.0006405367,0.0,0.00038432205,0
-45.117306,37.525124,0.0006405367,0.0,0.00038432205,0
-44.817722,38.069134,0.0006405367,0.0,0.00038432205,0
-44.51521,38.60532,0.0006405367,0.0,0.00038432205,0
-44.20975,39.133427,0.0006405367,0.0,0.00038432205,0
-43.901592,39.653957,0.0006405367,0.0,0.00038432205,0
-43.590668,40.166504,0.0006405367,0.0,0.00038432205,0
-43.27727,40.671696,0.0006405367,0.0,0.00038432205,0
-42.961292,41.169067,0.00064062065,0.0,0.0003843724,0
-42.643017,41.659245,0.00063862454,0.0,0.00038317475,0
-42.322388,42.141872,0.000640791,0.0,0.00038447464,0
-41.999615,42.617413,0.00061776856,0.0,0.00037066115,0
-41.674698,43.085682,0.00058670837,0.0,0.00035202503,0
-41.34779,43.54698,0.00060153886,0.0,0.00036092332,0
-41.018936,44.001278,0.0007867467,0.0,0.00047204804,0
-41.37681,-44.462578,0.0012584194,0.0,0.0007550517,0
-41.709328,-44.008022,0.00090939255,0.0,0.0005456355,0
-42.03993,-43.54634,0.0006216259,0.0,0.00037297557,0
-42.36856,-43.077576,0.0006328874,0.0,0.00037973246,0
-42.69507,-42.601395,0.0006379089,0.0,0.00038274535,0
-43.01946,-42.117992,0.0006384474,0.0,0.00038306846,0
-43.341507,-41.626884,0.0006388227,0.0,0.00038329363,0
-43.661278,-41.128445,0.00063882384,0.0,0.00038329433,0
-43.978493,-40.622013,0.00063882384,0.0,0.00038329433,0
-44.293236,-40.10807,0.00063882384,0.0,0.00038329433,0
-44.605232,-39.58598,0.00063882384,0.0,0.00038329433,0
-44.91454,-39.056126,0.00063882384,0.0,0.00038329433,0
-45.220917,-38.518013,0.00063882384,0.0,0.00038329433,0
-45.52437,-37.97188,0.00063882384,0.0,0.00038329433,0
-45.8247,-37.4174,0.00063882384,0.0,0.00038329433,0
-46.12186,-36.854652,0.00063882384,0.0,0.00038329433,0
-46.415714,-36.28347,0.00063882384,0.0,0.00038329433,0
-46.706135,-35.703785,0.00063882384,0.0,0.00038329433,0
-46.993053,-35.115612,0.00063882384,0.0,0.00038329433,0
-47.27628,-34.518715,0.00063882384,0.0,0.00038329433,0
-47.555798,-33.913296,0.00063882384,0.0,0.00038329433,0
-47.831352,-33.298954,0.00063882384,0.0,0.00038329433,0
-48.103004,-32.676083,0.00063882384,0.0,0.00038329433,0
-48.370388,-32.044106,0.00063882384,0.0,0.00038329433,0
-48.63367,-31.403606,0.00063882384,0.0,0.00038329433,0
-48.892414,-30.753899,0.00063882384,0.0,0.00038329433,0
-49.146797,-30.095608,0.00063882384,0.0,0.00038329433,0
-49.39642,-29.428177,0.00063882384,0.0,0.00038329433,0
-49.641396,-28.752068,0.00063882384,0.0,0.00038329433,0
-49.881405,-28.066929,0.00063882384,0.0,0.00038329433,0
-50.11646,-27.37306,0.00063882384,0.0,0.00038329433,0
-50.34634,-26.67031,0.00063882384,0.0,0.00038329433,0
-50.570965,-25.958818,0.00063882384,0.0,0.00038329433,0
-50.79021,-25.23864,0.00063882384,0.0,0.00038329433,0
-51.003883,-24.509764,0.00063882384,0.0,0.00038329433,0
-51.211975,-23.772446,0.00063882384,0.0,0.00038329433,0
-51.414192,-23.02652,0.00063882384,0.0,0.00038329433,0
-51.61064,-22.272442,0.0006388245,0.0,0.0003832947,0
-51.80089,-21.509914,0.00063882786,0.0,0.00038329672,0
-51.985195,-20.739576,0.00063882937,0.0,0.00038329765,0
-52.16299,-19.961008,0.00063880347,0.0,0.0003832821,0
-52.33462,-19.174961,0.0006386765,0.0,0.00038320592,0
-52.499527,-18.381088,0.0006385335,0.0,0.00038312012,0
-52.657997,-17.580051,0.00063852745,0.0,0.00038311648,0
-52.809578,-16.771687,0.0006392801,0.0,0.00038356805,0
-52.954437,-15.956518,0.0006410072,0.0,0.00038460435,0
-53.092262,-15.134579,0.00064388686,0.0,0.00038633213,0
-53.22309,-14.306262,0.0006479393,0.0,0.00038876358,0
-53.346745,-13.471779,0.00065202994,0.0,0.00039121797,0
-53.46314,-12.631416,0.00065607793,0.0,0.00039364677,0
-53.57226,-11.785538,0.00066060736,0.0,0.00039636443,0
-53.673866,-10.934348,0.00066945574,0.0,0.00040167346,0
-53.768112,-10.078335,0.0006843761,0.0,0.00041062568,0
-53.854618,-9.217646,0.00070256664,0.0,0.00042154,0
-53.93369,-8.352859,0.00071204687,0.0,0.00042722814,0
-54.0048,-7.4840937,0.000706172,0.0,0.00042370323,0
-54.06842,-6.6119785,0.00071582914,0.0,0.0004294975,0
-54.12393,-5.7366576,0.0007063234,0.0,0.00042379406,0
-54.171837,-4.858733,0.00070054515,0.0,0.0004203271,0
-54.211617,-3.978452,0.0006916163,0.0,0.0004149698,0
-54.243645,-3.0963302,0.00067370746,0.0,0.0004042245,0
-54.26757,-2.2127113,0.0006907234,0.0,0.00041443406,0
-54.283607,-1.3280517,0.0007277979,0.0,0.00043667876,0
-54.291595,-0.4427544,0.0008084371,0.0,0.00048506228,0
-54.291595,0.4427544,0.0011152023,0.0,0.0006691214,0
-54.283607,1.3280517,0.0020728754,0.0,0.0012437253,0
-54.26757,2.2127113,0.002097612,0.0,0.0012585672,0
-54.243645,3.0963302,0.0021763418,0.0,0.0013058052,0
-54.211617,3.978452,0.0032230478,0.0,0.0019338288,0
-54.171837,4.858733,0.00474418,0.0,0.002846508,0
-54.12393,5.7366576,0.0039704177,0.0,0.0023822507,0
-54.06842,6.6119785,0.0048846547,0.0,0.002930793,0
-54.0048,7.4840937,0.0063900617,0.0,0.003834037,0
-53.93369,8.352859,0.0037948613,0.0,0.0022769168,0
-53.854618,9.217646,0.0037227625,0.0,0.0022336575,0
-53.768112,10.078335,0.004158352,0.0,0.0024950113,0
-53.673866,10.934348,0.00623652,0.0,0.0037419123,0
-53.57226,11.785538,0.009266792,0.0,0.0055600754,0
-53.46314,12.631416,0.007555181,0.0,0.004533109,0
-53.346745,13.471779,0.0045902827,0.0,0.0027541697,0
-53.22309,14.306262,0.0028272874,0.0,0.0016963725,0
-53.092262,15.134579,0.0018513792,0.0,0.0011108276,0
-52.954437,15.956518,0.0013847525,0.0,0.0008308515,0
-52.809578,16.771687,0.0010953242,0.0,0.0006571945,0
-52.657997,17.580051,0.00085746875,0.0,0.0005144813,0
-52.499527,18.381088,0.00072122767,0.0,0.00043273662,0
-52.33462,19.174961,0.0006586409,0.0,0.0003951846,0
-52.16299,19.961008,0.00064635416,0.0,0.00038781253,0
-51.985195,20.739576,0.00062976516,0.0,0.0003778591,0
-51.80089,21.509914,0.00063481147,0.0,0.0003808869,0
-51.61064,22.272442,0.0006358048,0.0,0.00038148288,0
-51.414192,23.02652,0.00063827186,0.0,0.00038296313,0
-51.211975,23.772446,0.00063869514,0.0,0.0003832171,0
-51.003883,24.509764,0.0006388175,0.0,0.00038329052,0
-50.79021,25.23864,0.0006388193,0.0,0.0003832916,0
-50.570965,25.958818,0.00063884666,0.0,0.000383308,0
-50.34634,26.67031,0.00063882326,0.0,0.00038329398,0
-50.11646,27.37306,0.00063882663,0.0,0.000383296,0
-49.881405,28.066929,0.0006388245,0.0,0.0003832947,0
-49.641396,28.752068,0.00063882384,0.0,0.00038329433,0
-49.39642,29.428177,0.00063882384,0.0,0.00038329433,0
-49.146797,30.095608,0.00063882384,0.0,0.00038329433,0
-48.892414,30.753899,0.00063882384,0.0,0.00038329433,0
-48.63367,31.403606,0.00063882384,0.0,0.00038329433,0
-48.370388,32.044106,0.00063882384,0.0,0.00038329433,0
-48.103004,32.676083,0.00063882384,0.0,0.00038329433,0
-47.831352,33.298954,0.00063882384,0.0,0.00038329433,0
-47.555798,33.913296,0.00063882384,0.0,0.00038329433,0
-47.27628,34.518715,0.00063882384,0.0,0.00038329433,0
-46.993053,35.115612,0.00063882384,0.0,0.00038329433,0
-46.706135,35.703785,0.00063882384,0.0,0.00038329433,0
-46.415714,36.28347,0.00063882384,0.0,0.00038329433,0
-46.12186,36.854652,0.00063882384,0.0,0.00038329433,0
-45.8247,37.4174,0.00063882384,0.0,0.00038329433,0
-45.52437,37.97188,0.00063882384,0.0,0.00038329433,0
-45.220917,38.518013,0.00063882384,0.0,0.00038329433,0
-44.91454,39.056126,0.00063882384,0.0,0.00038329433,0
-44.605232,39.58598,0.00063882384,0.0,0.00038329433,0
-44.293236,40.10807,0.00063882384,0.0,0.00038329433,0
-43.978493,40.622013,0.00063882384,0.0,0.00038329433,0
-43.661278,41.128445,0.00063882384,0.0,0.00038329433,0
-43.341507,41.626884,0.00063890824,0.0,0.00038334497,0
-43.01946,42.117992,0.0006369065,0.0,0.00038214392,0
-42.69507,42.601395,0.00063901325,0.0,0.00038340795,0
-42.36856,43.077576,0.0006164053,0.0,0.00036984318,0
-42.03993,43.54634,0.00058636843,0.0,0.00035182107,0
-41.709328,44.008022,0.00060193,0.0,0.00036115802,0
-41.37681,44.462578,0.0007874495,0.0,0.0004724697,0
-41.73281,-44.931576,0.0012575705,0.0,0.0007545423,0
-42.06903,-44.476883,0.00090861134,0.0,0.00054516684,0
-42.40335,-44.014942,0.00062118884,0.0,0.00037271332,0
-42.735733,-43.545788,0.00063237915,0.0,0.0003794275,0
-43.066013,-43.069077,0.00063739286,0.0,0.00038243574,0
-43.394196,-42.585014,0.00063792925,0.0,0.00038275757,0
-43.720055,-42.0931,0.00063830323,0.0,0.00038298196,0
-44.043655,-41.593697,0.00063830474,0.0,0.00038298286,0
-44.364723,-41.086136,0.00063830474,0.0,0.00038298286,0
-44.683334,-40.570908,0.00063830474,0.0,0.00038298286,0
-44.99921,-40.047348,0.00063830474,0.0,0.00038298286,0
-45.312416,-39.515858,0.00063830474,0.0,0.00038298286,0
-45.622696,-38.975914,0.00063830474,0.0,0.00038298286,0
-45.93007,-38.42776,0.00063830474,0.0,0.00038298286,0
-46.23433,-37.871056,0.00063830474,0.0,0.00038298286,0
-46.535423,-37.30587,0.00063830474,0.0,0.00038298286,0
-46.833214,-36.73204,0.00063830474,0.0,0.00038298286,0
-47.12758,-36.149487,0.00063830474,0.0,0.00038298286,0
-47.418434,-35.558216,0.00063830474,0.0,0.00038298286,0
-47.705597,-34.957977,0.00063830474,0.0,0.00038298286,0
-47.98905,-34.34898,0.00063830474,0.0,0.00038298286,0
-48.268524,-33.730797,0.00063830474,0.0,0.00038298286,0
-48.54409,-33.103836,0.00063830474,0.0,0.00038298286,0
-48.815372,-32.46749,0.00063830474,0.0,0.00038298286,0
-49.082535,-31.822361,0.00063830474,0.0,0.00038298286,0
-49.34514,-31.167732,0.00063830474,0.0,0.00038298286,0
-49.603363,-30.50424,0.00063830474,0.0,0.00038298286,0
-49.8568,-29.83131,0.00063830474,0.0,0.00038298286,0
-50.10556,-29.149406,0.00063830474,0.0,0.00038298286,0
-50.34931,-28.458166,0.00063830474,0.0,0.00038298286,0
-50.58808,-27.757887,0.00063830474,0.0,0.00038298286,0
-50.821625,-27.048412,0.00063830474,0.0,0.00038298286,0
-51.049873,-26.329876,0.00063830474,0.0,0.00038298286,0
-51.272682,-25.602335,0.00063830474,0.0,0.00038298286,0
-51.489876,-24.865763,0.00063830474,0.0,0.00038298286,0
-51.701435,-24.120426,0.00063830445,0.0,0.0003829827,0
-51.907043,-23.366144,0.00063830503,0.0,0.00038298304,0
-52.106823,-22.60339,0.000638309,0.0,0.00038298542,0
-52.30033,-21.83184,0.0006383063,0.0,0.0003829838,0
-52.487816,-21.052162,0.0006382375,0.0,0.00038294253,0
-52.66871,-20.263912,0.00063806993,0.0,0.00038284197,0
-52.843353,-19.467865,0.0006380538,0.0,0.0003828323,0
-53.011185,-18.663658,0.00063889235,0.0,0.00038333543,0
-53.17249,-17.851974,0.0006409666,0.0,0.00038457997,0
-53.326794,-17.032644,0.0006450372,0.0,0.00038702236,0
-53.47428,-16.206203,0.0006499729,0.0,0.00038998373,0
-53.614624,-15.372688,0.0006573378,0.0,0.00039440268,0
-53.74785,-14.532505,0.0006654409,0.0,0.00039926457,0
-53.8738,-13.685869,0.00067047926,0.0,0.00040228758,0
-53.992363,-12.833082,0.00067344686,0.0,0.00040406812,0
-54.10353,-11.974521,0.0006695412,0.0,0.00040172474,0
-54.20705,-11.110395,0.00068278227,0.0,0.0004096694,0
-54.303085,-10.241216,0.0007125818,0.0,0.0004275491,0
-54.391228,-9.367134,0.0007653386,0.0,0.00045920318,0
-54.471806,-8.488756,0.0007772616,0.0,0.00046635699,0
-54.544285,-7.606206,0.00076969404,0.0,0.00046181644,0
-54.60913,-6.720141,0.0007727367,0.0,0.00046364203,0
-54.66571,-5.830711,0.0007809478,0.0,0.0004685687,0
-54.714542,-4.9385486,0.00080257334,0.0,0.00048154403,0
-54.755096,-4.043912,0.0008014655,0.0,0.0004808793,0
-54.787743,-3.1473427,0.00078637677,0.0,0.0004718261,0
-54.812126,-2.2492015,0.00080206146,0.0,0.0004812369,0
-54.828484,-1.3499672,0.00097225583,0.0,0.0005833535,0
-54.836624,-0.45006308,0.0012874005,0.0,0.00077244034,0
-54.836624,0.45006308,0.0029388738,0.0,0.0017633244,0
-54.828484,1.3499672,0.00963216,0.0,0.005779296,0
-54.812126,2.2492015,0.009096046,0.0,0.0054576276,0
-54.787743,3.1473427,0.008198838,0.0,0.0049193026,0
-54.755096,4.043912,0.015047702,0.0,0.009028622,0
-54.714542,4.9385486,0.13687113,0.0,0.08212268,0
-54.66571,5.830711,0.047572434,0.0,0.028543461,0
-54.60913,6.720141,0.06684932,0.0,0.040109593,0
-54.544285,7.606206,0.17219664,0.0,0.10331799,0
-54.471806,8.488756,0.077209376,0.0,0.046325628,0
-54.391228,9.367134,0.07863033,0.0,0.047178198,0
-54.303085,10.241216,0.11170415,0.0,0.067022495,0
-54.20705,11.110395,0.1834366,0.0,0.110061966,0
-54.10353,11.974521,0.26188022,0.0,0.15712814,0
-53.992363,12.833082,0.19398233,0.0,0.1163894,0
-53.8738,13.685869,0.098800674,0.0,0.059280407,0
-53.74785,14.532505,0.06713074,0.0,0.040278442,0
-53.614624,15.372688,0.021880124,0.0,0.013128075,0
-53.47428,16.206203,0.013242846,0.0,0.007945708,0
-53.326794,17.032644,0.0069518685,0.0,0.0041711214,0
-53.17249,17.851974,0.0023786384,0.0,0.001427183,0
-53.011185,18.663658,0.0014017259,0.0,0.00084103557,0
-52.843353,19.467865,0.0009251028,0.0,0.0005550617,0
-52.66871,20.263912,0.0007240905,0.0,0.00043445433,0
-52.487816,21.052162,0.0006627426,0.0,0.00039764558,0
-52.30033,21.83184,0.00063247373,0.0,0.00037948426,0
-52.106823,22.60339,0.00063631614,0.0,0.0003817897,0
-51.907043,23.366144,0.00063564634,0.0,0.00038138783,0
-51.701435,24.120426,0.0006370297,0.0,0.00038221784,0
-51.489876,24.865763,0.00063695776,0.0,0.00038217468,0
-51.272682,25.602335,0.00063781795,0.0,0.00038269078,0
-51.049873,26.329876,0.00063810707,0.0,0.00038286427,0
-50.821625,27.048412,0.000638274,0.0,0.0003829644,0
-50.58808,27.757887,0.00063830114,0.0,0.0003829807,0
-50.34931,28.458166,0.0006383072,0.0,0.00038298432,0
-50.10556,29.149406,0.00063830474,0.0,0.00038298286,0
-49.8568,29.83131,0.00063830474,0.0,0.00038298286,0
-49.603363,30.50424,0.00063830474,0.0,0.00038298286,0
-49.34514,31.167732,0.00063830474,0.0,0.00038298286,0
-49.082535,31.822361,0.00063830474,0.0,0.00038298286,0
-48.815372,32.46749,0.00063830474,0.0,0.00038298286,0
-48.54409,33.103836,0.00063830474,0.0,0.00038298286,0
-48.268524,33.730797,0.00063830474,0.0,0.00038298286,0
-47.98905,34.34898,0.00063830474,0.0,0.00038298286,0
-47.705597,34.957977,0.00063830474,0.0,0.00038298286,0
-47.418434,35.558216,0.00063830474,0.0,0.00038298286,0
-47.12758,36.149487,0.00063830474,0.0,0.00038298286,0
-46.833214,36.73204,0.00063830474,0.0,0.00038298286,0
-46.535423,37.30587,0.00063830474,0.0,0.00038298286,0
-46.23433,37.871056,0.00063830474,0.0,0.00038298286,0
-45.93007,38.42776,0.00063830474,0.0,0.00038298286,0
-45.622696,38.975914,0.00063830474,0.0,0.00038298286,0
-45.312416,39.515858,0.00063830474,0.0,0.00038298286,0
-44.99921,40.047348,0.00063830474,0.0,0.00038298286,0
-44.683334,40.570908,0.00063830474,0.0,0.00038298286,0
-44.364723,41.086136,0.00063830474,0.0,0.00038298286,0
-44.043655,41.593697,0.00063830474,0.0,0.00038298286,0
-43.720055,42.0931,0.0006383896,0.0,0.0003830338,0
-43.394196,42.585014,0.00063638645,0.0,0.0003818319,0
-43.066013,43.069077,0.0006384468,0.0,0.0003830681,0
-42.735733,43.545788,0.00061585504,0.0,0.00036951303,0
-42.40335,44.014942,0.0005859246,0.0,0.00035155477,0
-42.06903,44.476883,0.00060159934,0.0,0.00036095962,0
-41.73281,44.931576,0.0007872315,0.0,0.0004723389,0
-42.086887,-45.40826,0.0012575969,0.0,0.0007545582,0
-42.42683,-44.95355,0.0009086667,0.0,0.0005452,0
-42.764915,-44.491467,0.00062122586,0.0,0.00037273552,0
-43.101067,-44.022045,0.00063243276,0.0,0.00037945967,0
-43.43515,-43.544933,0.0006374557,0.0,0.00038247346,0
-43.76716,-43.060326,0.0006379955,0.0,0.0003827973,0
-44.096874,-42.56771,0.0006383699,0.0,0.00038302195,0
-44.424335,-42.067455,0.00063837104,0.0,0.00038302265,0
-44.74929,-41.55889,0.00063837104,0.0,0.00038302265,0
-45.07181,-41.04249,0.00063837104,0.0,0.00038302265,0
-45.39162,-40.51757,0.00063837104,0.0,0.00038302265,0
-45.708767,-39.984547,0.00063837104,0.0,0.00038302265,0
-46.023003,-39.44288,0.00063837104,0.0,0.00038302265,0
-46.334343,-38.8928,0.00063837104,0.0,0.00038302265,0
-46.64258,-38.33397,0.00063837104,0.0,0.00038302265,0
-46.947662,-37.76645,0.00063837104,0.0,0.00038302265,0
-47.249443,-37.190056,0.00063837104,0.0,0.00038302265,0
-47.547802,-36.60471,0.00063837104,0.0,0.00038302265,0
-47.84266,-36.01042,0.00063837104,0.0,0.00038302265,0
-48.13382,-35.40691,0.00063837104,0.0,0.00038302265,0
-48.42127,-34.7944,0.00063837104,0.0,0.00038302265,0
-48.704727,-34.17243,0.00063837104,0.0,0.00038302265,0
-48.98427,-33.541428,0.00063837104,0.0,0.00038302265,0
-49.259518,-32.90076,0.00063837104,0.0,0.00038302265,0
-49.530632,-32.251034,0.00063837104,0.0,0.00038302265,0
-49.797165,-31.591503,0.00063837104,0.0,0.00038302265,0
-50.0593,-30.922829,0.00063837104,0.0,0.00038302265,0
-50.31662,-30.2444,0.00063837104,0.0,0.00038302265,0
-50.569233,-29.556698,0.00063837104,0.0,0.00038302265,0
-50.81681,-28.859333,0.00063837075,0.0,0.00038302247,0
-51.059364,-28.152613,0.0006383716,0.0,0.000383023,0
-51.296654,-27.436365,0.0006383732,0.0,0.00038302393,0
-51.5286,-26.710726,0.0006383762,0.0,0.00038302576,0
-51.755062,-25.975746,0.00063838053,0.0,0.00038302832,0
-51.975853,-25.23139,0.0006383847,0.0,0.00038303086,0
-52.19095,-24.477932,0.0006383881,0.0,0.00038303286,0
-52.400032,-23.715174,0.0006383939,0.0,0.00038303636,0
-52.60322,-22.943605,0.0006383951,0.0,0.00038303706,0
-52.800064,-22.162886,0.0006383014,0.0,0.00038298088,0
-52.99081,-21.373701,0.0006381135,0.0,0.0003828681,0
-53.17488,-20.57558,0.0006382411,0.0,0.00038294468,0
-53.35262,-19.769331,0.0006399979,0.0,0.00038399876,0
-53.523445,-18.954573,0.0006439439,0.0,0.00038636636,0
-53.687656,-18.132006,0.00065035676,0.0,0.00039021406,0
-53.844765,-17.30145,0.0006591471,0.0,0.00039548828,0
-53.99495,-16.463467,0.0006642245,0.0,0.00039853473,0
-54.13788,-15.618085,0.00067566027,0.0,0.0004053962,0
-54.27358,-14.765726,0.00069238164,0.0,0.000415429,0
-54.40188,-13.906615,0.0007132806,0.0,0.00042796836,0
-54.522675,-13.041063,0.00073115807,0.0,0.00043869487,0
-54.63595,-12.169459,0.0007220897,0.0,0.00043325385,0
-54.74144,-11.292025,0.0007152938,0.0,0.0004291763,0
-54.839302,-10.40929,0.0007741171,0.0,0.0004644703,0
-54.929142,-9.521416,0.00091097265,0.0,0.0005465836,0
-55.011284,-8.629032,0.0010834985,0.0,0.00065009913,0
-55.08516,-7.73227,0.0011139287,0.0,0.00066835724,0
-55.151276,-6.831817,0.0013658096,0.0,0.0008194858,0
-55.208954,-5.9278307,0.0018206475,0.0,0.0010923885,0
-55.258747,-5.0209737,0.0032145786,0.0,0.0019287473,0
-55.30009,-4.1115184,0.0046164384,0.0,0.0027698632,0
-55.33338,-3.200031,0.005514868,0.0,0.003308921,0
-55.358253,-2.286892,0.0064499113,0.0,0.0038699468,0
-55.374924,-1.3726044,0.013694198,0.0,0.008216519,0
-55.383224,-0.45761266,0.01279067,0.0,0.007674402,0
-55.383224,0.45761266,0.014267268,0.0,0.008560361,0
-55.374924,1.3726044,0.018934727,0.0,0.011360836,0
-55.358253,2.286892,0.10169178,0.0,0.061015073,0
-55.33338,3.200031,0.1279294,0.0,0.07675765,0
-55.30009,4.1115184,0.17968464,0.0,0.10781079,0
-55.258747,5.0209737,0.3487422,0.0,0.20924532,0
-55.208954,5.9278307,0.40469232,0.0,0.2428154,0
-55.151276,6.831817,0.3650471,0.0,0.21902826,0
-55.08516,7.73227,0.43417802,0.0,0.26050684,1
-55.011284,8.629032,0.47353354,0.0,0.28412014,1
-54.929142,9.521416,0.5833453,0.0,0.35000718,1
-54.839302,10.40929,0.6067041,0.0,0.3640225,1
-54.74144,11.292025,0.6058573,0.0,0.3635144,1
-54.63595,12.169459,0.64949095,0.0,0.3896946,1
-54.522675,13.041063,0.5875697,0.0,0.35254183,1
-54.40188,13.906615,0.47699365,0.0,0.2861962,1
-54.27358,14.765726,0.47999337,0.0,0.28799602,1
-54.13788,15.618085,0.3777275,0.0,0.22663651,0
-53.99495,16.463467,0.3264082,0.0,0.19584493,0
-53.844765,17.30145,0.24280684,0.0,0.14568411,0
-53.687656,18.132006,0.041082058,0.0,0.024649236,0
-53.523445,18.954573,0.0114038745,0.0,0.006842325,0
-53.35262,19.769331,0.0033231985,0.0,0.0019939193,0
-53.17488,20.57558,0.0014296229,0.0,0.00085777376,0
-52.99081,21.373701,0.0007748094,0.0,0.00046488564,0
-52.800064,22.162886,0.00065956713,0.0,0.0003957403,0
-52.60322,22.943605,0.0006322677,0.0,0.00037936063,0
-52.400032,23.715174,0.0006326209,0.0,0.00037957254,0
-52.19095,24.477932,0.00063026685,0.0,0.00037816013,0
-51.975853,25.23139,0.00063351926,0.0,0.00038011157,0
-51.755062,25.975746,0.0006356082,0.0,0.00038136495,0
-51.5286,26.710726,0.00063769764,0.0,0.0003826186,0
-51.296654,27.436365,0.0006382698,0.0,0.0003829619,0
-51.059364,28.152613,0.00063834427,0.0,0.00038300658,0
-50.81681,28.859333,0.00063837506,0.0,0.00038302506,0
-50.569233,29.556698,0.00063837104,0.0,0.00038302265,0
-50.31662,30.2444,0.00063837104,0.0,0.00038302265,0
-50.0593,30.922829,0.00063837104,0.0,0.00038302265,0
-49.797165,31.591503,0.00063837104,0.0,0.00038302265,0
-49.530632,32.251034,0.00063837104,0.0,0.00038302265,0
-49.259518,32.90076,0.00063837104,0.0,0.00038302265,0
-48.98427,33.541428,0.00063837104,0.0,0.00038302265,0
-48.704727,34.17243,0.00063837104,0.0,0.00038302265,0
-48.42127,34.7944,0.00063837104,0.0,0.00038302265,0
-48.13382,35.40691,0.00063837104,0.0,0.00038302265,0
-47.84266,36.01042,0.00063837104,0.0,0.00038302265,0
-47.547802,36.60471,0.00063837104,0.0,0.00038302265,0
-47.249443,37.190056,0.00063837104,0.0,0.00038302265,0
-46.947662,37.76645,0.00063837104,0.0,0.00038302265,0
-46.64258,38.33397,0.00063837104,0.0,0.00038302265,0
-46.334343,38.8928,0.00063837104,0.0,0.00038302265,0
-46.023003,39.44288,0.00063837104,0.0,0.00038302265,0
-45.708767,39.984547,0.00063837104,0.0,0.00038302265,0
-45.39162,40.51757,0.00063837104,0.0,0.00038302265,0
-45.07181,41.04249,0.00063837104,0.0,0.00038302265,0
-44.74929,41.55889,0.00063837104,0.0,0.00038302265,0
-44.424335,42.067455,0.00063837104,0.0,0.00038302265,0
-44.096874,42.56771,0.0006384559,0.0,0.00038307355,0
-43.76716,43.060326,0.0006364523,0.0,0.0003818714,0
-43.43515,43.544933,0.00063851406,0.0,0.00038310845,0
-43.101067,44.022045,0.00061591144,0.0,0.00036954688,0
-42.764915,44.491467,0.00058596703,0.0,0.00035158024,0
-42.42683,44.95355,0.0006016315,0.0,0.00036097888,0
-42.086887,45.40826,0.00078726263,0.0,0.00047235758,0
-42.438835,-45.89312,0.0012575969,0.0,0.0007545582,0
-42.78254,-45.43853,0.0009086667,0.0,0.0005452,0
-43.1244,-44.97644,0.00062122586,0.0,0.00037273552,0
-43.46437,-44.50688,0.00063243276,0.0,0.00037945967,0
-43.80229,-44.029495,0.0006374557,0.0,0.00038247346,0
-44.138157,-43.544476,0.0006379955,0.0,0.0003827973,0
-44.47176,-43.051296,0.0006383699,0.0,0.00038302195,0
-44.80314,-42.55033,0.00063837104,0.0,0.00038302265,0
-45.132027,-42.04087,0.00063837104,0.0,0.00038302265,0
-45.458496,-41.523422,0.00063837104,0.0,0.00038302265,0
-45.782272,-40.997272,0.00063837104,0.0,0.00038302265,0
-46.103405,-40.462837,0.00063837104,0.0,0.00038302265,0
-46.42165,-39.919556,0.00063837104,0.0,0.00038302265,0
-46.737007,-39.367676,0.00063837104,0.0,0.00038302265,0
-47.049274,-38.806824,0.00063837104,0.0,0.00038302265,0
-47.3584,-38.23707,0.00063837104,0.0,0.00038302265,0
-47.66423,-37.658226,0.00063837104,0.0,0.00038302265,0
-47.966644,-37.070187,0.000638372,0.0,0.0003830232,0
-48.265564,-36.47296,0.00063837256,0.0,0.00038302355,0
-48.560776,-35.86627,0.0006383738,0.0,0.00038302428,0
-48.852283,-35.250313,0.00063837407,0.0,0.00038302445,0
-49.139793,-34.62463,0.0006383744,0.0,0.00038302466,0
-49.423386,-33.98965,0.00063837407,0.0,0.00038302445,0
-49.70267,-33.34471,0.0006383738,0.0,0.00038302428,0
-49.977814,-32.690426,0.0006383735,0.0,0.0003830241,0
-50.248352,-32.02603,0.00063837256,0.0,0.00038302355,0
-50.514473,-31.352192,0.00063837256,0.0,0.00038302355,0
-50.775757,-30.668274,0.000638372,0.0,0.0003830232,0
-51.032307,-29.97477,0.0006383716,0.0,0.000383023,0
-51.283783,-29.271267,0.0006383729,0.0,0.00038302375,0
-51.530205,-28.558077,0.0006383738,0.0,0.00038302428,0
-51.771324,-27.835018,0.0006383656,0.0,0.00038301936,0
-52.007053,-27.102219,0.0006383379,0.0,0.00038300277,0
-52.23725,-26.359726,0.0006382838,0.0,0.0003829703,0
-52.461723,-25.607498,0.0006382199,0.0,0.00038293193,0
-52.680443,-24.845812,0.00063815876,0.0,0.00038289526,0
-52.89308,-24.074461,0.0006381107,0.0,0.00038286642,0
-53.09977,-23.293938,0.0006380076,0.0,0.00038280457,0
-53.300034,-22.503887,0.00063773105,0.0,0.00038263865,0
-53.49413,-21.705015,0.00063784077,0.0,0.0003827045,0
-53.681454,-20.89683,0.0006395802,0.025893392,0.010741104,0
-53.862373,-20.080166,0.0006446317,0.0,0.00038677902,0
-54.036278,-19.254612,0.00065279723,0.0,0.00039167836,0
-54.203476,-18.420908,0.0006664517,0.0,0.00039987103,0
-54.36347,-17.578856,0.0006793034,0.0,0.00040758206,0
-54.516426,-16.729034,0.00069849787,0.0,0.00041909874,0
-54.662018,-15.8714695,0.0007139593,0.0,0.00042837558,0
-54.800274,-15.006603,0.0007406319,0.0,0.00044437914,0
-54.931,-14.134665,0.0007507535,0.0,0.00045045212,0
-55.05409,-13.255974,0.00081608584,0.0,0.0004896515,0
-55.169525,-12.370938,0.0008247124,0.0,0.00049482746,0
-55.277054,-11.479789,0.0008254109,0.0,0.00049524655,0
-55.376816,-10.583077,0.000963956,0.0,0.0005783736,0
-55.4684,-9.680968,0.0016758881,0.0,0.0010055329,0
-55.552143,-8.774126,0.00508272,0.0,0.003049632,0
-55.627472,-7.8626823,0.013964177,0.0,0.008378507,0
-55.694885,-6.947362,0.026073378,0.0,0.015644027,0
-55.75371,-6.028327,0.039852202,0.0,0.023911322,0
-55.80449,-5.1062737,0.15626638,0.0,0.09375983,0
-55.846657,-4.181488,0.17005683,0.0,0.10203411,0
-55.880608,-3.2545652,0.20538382,0.0,0.1232303,0
-55.905975,-2.3259053,0.25673664,0.0,0.15404199,0
-55.92298,-1.3960369,0.3682706,0.0,0.22096238,0
-55.93145,-0.4654275,0.3687916,0.0,0.22127497,0
-55.93145,0.4654275,0.29112646,0.0,0.17467588,0
-55.92298,1.3960369,0.20448376,0.0,0.12269026,0
-55.905975,2.3259053,0.23308946,0.0,0.13985369,0
-55.880608,3.2545652,0.26215422,0.0,0.15729254,0
-55.846657,4.181488,0.3746353,0.0,0.2247812,0
-55.80449,5.1062737,0.45872054,0.0,0.27523234,1
-55.75371,6.028327,0.48012108,0.0,0.28807265,1
-55.694885,6.947362,0.5352561,0.0,0.32115367,1
-55.627472,7.8626823,0.717474,0.0,0.4304844,1
-55.552143,8.774126,0.7621177,0.0,0.45727062,1
-55.4684,9.680968,0.8182001,0.0,0.4909201,1
-55.376816,10.583077,0.82512355,0.0,0.49507415,1
-55.277054,11.479789,0.8125859,0.0,0.48755154,1
-55.169525,12.370938,0.8052242,0.0,0.48313454,1
-55.05409,13.255974,0.7584036,0.0,0.45504218,1
-54.931,14.134665,0.72570735,0.0,0.43542442,1
-54.800274,15.006603,0.7019756,0.0,0.42118537,1
-54.662018,15.8714695,0.6606282,0.0,0.39637694,1
-54.516426,16.729034,0.68572533,0.0,0.41143522,1
-54.36347,17.578856,0.7105159,0.0,0.42630956,1
-54.203476,18.420908,0.5404649,0.0,0.32427895,1
-54.036278,19.254612,0.35111937,0.0,0.21067163,0
-53.862373,20.080166,0.029764494,0.0,0.017858697,0
-53.681454,20.89683,0.003942777,0.0,0.0023656662,0
-53.49413,21.705015,0.0019936382,0.0,0.001196183,0
-53.300034,22.503887,0.001137799,0.0,0.0006826794,0
-53.09977,23.293938,0.0007958308,0.0,0.00047749848,0
-52.89308,24.074461,0.000678141,0.0,0.00040688462,0
-52.680443,24.845812,0.0006464395,0.0,0.00038786372,0
-52.461723,25.607498,0.00062833267,0.0,0.0003769996,0
-52.23725,26.359726,0.0006334625,0.0,0.00038007752,0
-52.007053,27.102219,0.0006363292,0.0,0.00038179752,0
-51.771324,27.835018,0.00063809246,0.0,0.0003828555,0
-51.530205,28.558077,0.0006383282,0.0,0.00038299695,0
-51.283783,29.271267,0.0006383768,0.0,0.0003830261,0
-51.032307,29.97477,0.00063837104,0.0,0.00038302265,0
-50.775757,30.668274,0.00063837104,0.0,0.00038302265,0
-50.514473,31.352192,0.00063837104,0.0,0.00038302265,0
-50.248352,32.02603,0.00063837104,0.0,0.00038302265,0
-49.977814,32.690426,0.00063837104,0.0,0.00038302265,0
-49.70267,33.34471,0.00063837104,0.0,0.00038302265,0
-49.423386,33.98965,0.00063837104,0.0,0.00038302265,0
-49.139793,34.62463,0.00063837104,0.0,0.00038302265,0
-48.852283,35.250313,0.00063837104,0.0,0.00038302265,0
-48.560776,35.86627,0.00063837104,0.0,0.00038302265,0
-48.265564,36.47296,0.00063837104,0.0,0.00038302265,0
-47.966644,37.070187,0.00063837104,0.0,0.00038302265,0
-47.66423,37.658226,0.00063837104,0.0,0.00038302265,0
-47.3584,38.23707,0.00063837104,0.0,0.00038302265,0
-47.049274,38.806824,0.00063837104,0.0,0.00038302265,0
-46.737007,39.367676,0.00063837104,0.0,0.00038302265,0
-46.42165,39.919556,0.00063837104,0.0,0.00038302265,0
-46.103405,40.462837,0.00063837104,0.0,0.00038302265,0
-45.782272,40.997272,0.00063837104,0.0,0.00038302265,0
-45.458496,41.523422,0.00063837104,0.0,0.00038302265,0
-45.132027,42.04087,0.00063837104,0.0,0.00038302265,0
-44.80314,42.55033,0.00063837104,0.0,0.00038302265,0
-44.47176,43.051296,0.0006384559,0.0,0.00038307355,0
-44.138157,43.544476,0.0006364523,0.0,0.0003818714,0
-43.80229,44.029495,0.00063851406,0.0,0.00038310845,0
-43.46437,44.50688,0.00061591144,0.0,0.00036954688,0
-43.1244,44.97644,0.00058596703,0.0,0.00035158024,0
-42.78254,45.43853,0.0006016315,0.0,0.00036097888,0
-42.438835,45.89312,0.00078726263,0.0,0.00047235758,0
-42.788673,-46.385876,0.0012575969,0.0,0.0007545582,0
-43.136158,-45.93153,0.0009086667,0.0,0.0005452,0
-43.481827,-45.469566,0.00062122586,0.0,0.00037273552,0
-43.82564,-45.0,0.00063243276,0.0,0.00037945967,0
-44.167427,-44.52247,0.0006374557,0.0,0.00038247346,0
-44.50719,-44.037167,0.0006379955,0.0,0.0003827973,0
-44.84472,-43.543556,0.0006383699,0.0,0.00038302195,0
-45.180046,-43.042004,0.00063837104,0.0,0.00038302265,0
-45.512897,-42.53179,0.00063837104,0.0,0.00038302265,0
-45.84336,-42.013416,0.00063837104,0.0,0.00038302265,0
-46.17115,-41.486164,0.00063837104,0.0,0.00038302265,0
-46.49632,-40.95043,0.00063837104,0.0,0.00038302265,0
-46.81862,-40.40567,0.00063837104,0.0,0.00038302265,0
-47.138042,-39.852097,0.00063837104,0.0,0.00038302265,0
-47.454388,-39.289337,0.00063837075,0.0,0.00038302247,0
-47.767605,-38.717464,0.00063837104,0.0,0.00038302265,0
-48.07754,-38.13626,0.00063837226,0.0,0.00038302338,0
-48.384064,-37.545635,0.00063836743,0.0,0.00038302047,0
-48.687096,-36.945568,0.0006383586,0.0,0.00038301517,0
-48.98644,-36.335777,0.0006383397,0.0,0.00038300385,0
-49.28206,-35.71647,0.0006383337,0.0,0.0003830002,0
-49.573696,-35.087147,0.00063832273,0.0,0.00038299366,0
-49.8614,-34.44825,0.0006383093,0.0,0.0003829856,0
-50.14479,-33.7991,0.00063831237,0.0,0.00038298743,0
-50.42402,-33.14031,0.00063831784,0.0,0.00038299072,0
-50.698643,-32.47109,0.00063835643,0.0,0.0003830139,0
-50.96882,-31.792112,0.0006383644,0.0,0.00038301866,0
-51.234142,-31.102726,0.00063837535,0.0,0.00038302524,0
-51.4947,-30.403425,0.00063837407,0.0,0.00038302445,0
-51.75016,-29.693779,0.0006383747,0.0,0.00038302483,0
-52.00053,-28.974098,0.0006383501,0.031487983,0.012978204,0
-52.245552,-28.24419,0.00063827157,0.19084956,0.076722786,0
-52.485146,-27.504179,0.0006382046,0.03945777,0.01616603,0
-52.719162,-26.754112,0.00063823996,0.0,0.00038294398,0
-52.9474,-25.993933,0.00063843286,0.0,0.00038305973,0
-53.169823,-25.223925,0.0006385533,0.022523778,0.009392643,0
-53.386116,-24.443861,0.0006383957,0.022263829,0.009288569,0
-53.596382,-23.654253,0.0006378237,0.0,0.00038269424,0
-53.800148,-22.85472,0.00063739956,0.0,0.00038243976,0
-53.997673,-22.045994,0.0006389338,0.21725905,0.08728699,0
-54.188343,-21.227554,0.00064351934,0.7307709,0.29269448,1
-54.37252,-20.400265,0.0006524402,0.29407308,0.11802069,0
-54.54959,-19.563696,0.0006679788,0.0,0.00040078728,0
-54.719856,-18.718607,0.00069104315,0.0,0.00041462592,0
-54.88281,-17.864786,0.00073177076,0.0,0.00043906248,0
-55.038628,-17.002838,0.0007434194,0.0,0.00044605165,0
-55.18695,-16.132786,0.0007766722,0.0,0.00046600334,0
-55.327824,-15.255083,0.00078417745,0.0,0.0004705065,0
-55.46105,-14.369968,0.0008683627,0.0,0.00052101765,0
-55.586506,-13.477775,0.0012664752,0.0,0.0007598851,0
-55.704174,-12.578925,0.0019098769,0.0,0.0011459262,0
-55.813793,-11.673657,0.0025015515,0.0,0.001500931,0
-55.915504,-10.762549,0.0031430558,0.0,0.0018858336,0
-56.008896,-9.84577,0.00954949,0.0,0.0057296944,0
-56.09429,-8.924018,0.086361,0.0,0.0518166,0
-56.17112,-7.997429,0.40794167,0.0,0.24476501,0
-56.239876,-7.0667624,0.457934,0.0,0.2747604,1
-56.299873,-6.1321883,0.37824422,0.0,0.22694655,0
-56.351673,-5.19444,0.5251537,0.0,0.31509224,1
-56.394688,-4.2538147,0.50139135,0.0,0.30083483,1
-56.42933,-3.310941,0.53060305,0.0,0.31836185,1
-56.4552,-2.366238,0.5675263,0.0,0.3405158,1
-56.472553,-1.4202625,0.62658817,0.0,0.37595293,1
-56.481194,-0.473507,0.5946136,0.0,0.3567682,1
-56.481194,0.473507,0.49791518,0.0,0.29874912,1
-56.472553,1.4202625,0.42713755,0.0,0.25628254,1
-56.4552,2.366238,0.3604248,0.0,0.21625488,0
-56.42933,3.310941,0.4619383,0.0,0.277163,1
-56.394688,4.2538147,0.63188595,0.0,0.3791316,1
-56.351673,5.19444,0.67799824,0.0,0.40679896,1
-56.299873,6.1321883,0.73598754,0.0,0.44159254,1
-56.239876,7.0667624,0.82367706,0.0,0.49420625,1
-56.17112,7.997429,0.84225625,0.0,0.50535375,2
-56.09429,8.924018,0.87286043,0.0,0.5237163,2
-56.008896,9.84577,0.8897459,0.0,0.5338476,2
-55.915504,10.762549,0.88513494,0.0,0.53108096,2
-55.813793,11.673657,0.89060986,0.0,0.53436595,2
-55.704174,12.578925,0.8921006,0.0,0.5352604,2
-55.586506,13.477775,0.8809035,0.0,0.5285421,2
-55.46105,14.369968,0.85188335,0.0,0.51113003,2
-55.327824,15.255083,0.7775467,0.0,0.46652803,1
-55.18695,16.132786,0.7814267,0.0,0.46885607,1
-55.038628,17.002838,0.8057277,0.0,0.48343664,1
-54.88281,17.864786,0.8149628,0.0,0.4889777,1
-54.719856,18.718607,0.70868415,0.0,0.4252105,1
-54.54959,19.563696,0.5438693,0.0,0.3263216,1
-54.37252,20.400265,0.3535575,0.0,0.21213451,0
-54.188343,21.227554,0.059327524,0.0,0.035596516,0
-53.997673,22.045994,0.0122013725,0.0,0.0073208236,0
-53.800148,22.85472,0.009707257,0.0,0.0058243545,0
-53.596382,23.654253,0.003396701,0.0,0.0020380206,0
-53.386116,24.443861,0.0011905778,0.0,0.00071434665,0
-53.169823,25.223925,0.0007607435,0.0,0.0004564461,0
-52.9474,25.993933,0.0006490082,0.0,0.00038940494,0
-52.719162,26.754112,0.00063229294,0.0,0.0003793758,0
-52.485146,27.504179,0.0006363683,0.0,0.00038182098,0
-52.245552,28.24419,0.0006377104,0.0,0.00038262625,0
-52.00053,28.974098,0.0006382795,0.0,0.0003829677,0
-51.75016,29.693779,0.00063837593,0.0,0.0003830256,0
-51.4947,30.403425,0.00063837104,0.0,0.00038302265,0
-51.234142,31.102726,0.00063837104,0.0,0.00038302265,0
-50.96882,31.792112,0.00063837104,0.0,0.00038302265,0
-50.698643,32.47109,0.00063837104,0.0,0.00038302265,0
-50.42402,33.14031,0.00063837104,0.0,0.00038302265,0
-50.14479,33.7991,0.00063837104,0.0,0.00038302265,0
-49.8614,34.44825,0.00063837104,0.0,0.00038302265,0
-49.573696,35.087147,0.00063837104,0.0,0.00038302265,0
-49.28206,35.71647,0.00063837104,0.0,0.00038302265,0
-48.98644,36.335777,0.00063837104,0.0,0.00038302265,0
-48.687096,36.945568,0.00063837104,0.0,0.00038302265,0
-48.384064,37.545635,0.00063837104,0.0,0.00038302265,0
-48.07754,38.13626,0.00063837104,0.0,0.00038302265,0
-47.767605,38.717464,0.00063837104,0.0,0.00038302265,0
-47.454388,39.289337,0.00063837104,0.0,0.00038302265,0
-47.138042,39.852097,0.00063837104,0.0,0.00038302265,0
-46.81862,40.40567,0.00063837104,0.0,0.00038302265,0
-46.49632,40.95043,0.00063837104,0.0,0.00038302265,0
-46.17115,41.486164,0.00063837104,0.0,0.00038302265,0
-45.84336,42.013416,0.00063837104,0.0,0.00038302265,0
-45.512897,42.53179,0.00063837104,0.0,0.00038302265,0
-45.180046,43.042004,0.00063837104,0.0,0.00038302265,0
-44.84472,43.543556,0.0006384559,0.0,0.00038307355,0
-44.50719,44.037167,0.0006364523,0.0,0.0003818714,0
-44.167427,44.52247,0.00063851406,0.0,0.00038310845,0
-43.82564,45.0,0.00061591144,0.0,0.00036954688,0
-43.481827,45.469566,0.00058596703,0.0,0.00035158024,0
-43.136158,45.93153,0.0006016315,0.0,0.00036097888,0
-42.788673,46.385876,0.00078726263,0.0,0.00047235758,0
-43.1362,-46.886955,0.0012575969,0.0,0.0007545582,0
-43.4875,-46.433006,0.0009086667,0.0,0.0005452,0
-43.837013,-45.97131,0.00062122586,0.0,0.00037273552,0
-44.184692,-45.50189,0.00063243276,0.0,0.00037945967,0
-44.53038,-45.02436,0.0006374557,0.0,0.00038247346,0
-44.87407,-44.538925,0.0006379955,0.0,0.0003827973,0
-45.21555,-44.04502,0.0006383699,0.0,0.00038302195,0
-45.554863,-43.543026,0.00063837104,0.0,0.00038302265,0
-45.89173,-43.032196,0.00063837104,0.0,0.00038302265,0
-46.226227,-42.513042,0.00063837104,0.0,0.00038302265,0
-46.558075,-41.984818,0.00063837104,0.0,0.00038302265,0
-46.88732,-41.447937,0.00063837104,0.0,0.00038302265,0
-47.213715,-40.901817,0.00063837104,0.0,0.00038302265,0
-47.53725,-40.346687,0.00063837104,0.0,0.00038302265,0
-47.857735,-39.78215,0.00063837104,0.0,0.00038302265,0
-48.175102,-39.208275,0.00063837226,0.0,0.00038302338,0
-48.489197,-38.62484,0.00063836924,0.0,0.00038302157,0
-48.799896,-38.031734,0.0006383142,0.0,0.0003829885,0
-49.107105,-37.428936,0.00063831237,0.0,0.00038298743,0
-49.410625,-36.816154,0.0006383269,0.0,0.00038299616,0
-49.710438,-36.19358,0.0006384791,0.0,0.00038308746,0
-50.006256,-35.56071,0.0006384602,0.0,0.00038307614,0
-50.298145,-34.917976,0.00063829566,0.0,0.00038297742,0
-50.58571,-34.26468,0.0006381049,0.0,0.00038286296,0
-50.86911,-33.601444,0.000638097,0.0,0.0003828582,0
-51.14788,-32.927452,0.00063819677,0.0,0.00038291808,0
-51.422203,-32.243378,0.00063829985,0.0,0.00038297992,0
-51.691635,-31.54855,0.00063832663,0.0,0.000382996,0
-51.95629,-30.843466,0.00063837745,0.0,0.0003830265,0
-52.215813,-30.127674,0.00063836377,0.053885665,0.021937285,0
-52.47021,-29.401493,0.00063826796,0.67381823,0.26991025,1
-52.71923,-28.664707,0.0006382175,0.98041576,0.39254925,1
-52.962776,-27.917446,0.00063876057,0.27036157,0.10852789,0
-53.200703,-27.15974,0.0006405565,0.061613493,0.025029732,0
-53.43279,-26.391533,0.00064346724,0.10910111,0.044026528,0
-53.65901,-25.613102,0.0006462686,0.75528014,0.30249983,1
-53.879036,-24.824211,0.0006477343,0.6549685,0.26237607,1
-54.09297,-24.025381,0.0006472585,0.34391493,0.13795432,0
-54.30033,-23.216213,0.0006456391,0.5937082,0.23787068,0
-54.50138,-22.397457,0.00064629316,0.94924486,0.38008574,1
-54.695488,-21.568565,0.0006507117,0.99203634,0.397205,1
-54.883015,-20.730434,0.0006605255,0.60052466,0.24060617,0
-55.063335,-19.882603,0.0006751186,0.027380852,0.011357413,0
-55.23675,-19.025864,0.00071712816,0.42751122,0.17143476,0
-55.402752,-18.159994,0.0007656516,0.17781985,0.07158733,0
-55.56151,-17.28561,0.0008406117,0.0,0.00050436705,0
-55.712654,-16.40274,0.0009353929,0.0,0.00056123576,0
-55.856224,-15.51185,0.0012025269,0.0,0.00072151615,0
-55.99202,-14.613187,0.0017498969,0.0,0.0010499381,0
-56.11992,-13.707092,0.0039862324,0.0,0.0023917395,0
-56.23989,-12.794012,0.03487535,0.0,0.020925209,0
-56.35167,-11.87419,0.1335841,0.0,0.08015046,0
-56.45539,-10.948229,0.07296425,0.0,0.043778554,0
-56.550644,-10.01631,0.20562531,0.0,0.12337519,0
-56.63775,-9.079156,0.4678957,0.0,0.28073743,1
-56.716118,-8.136913,0.6791954,0.0,0.40751725,1
-56.786266,-7.19038,0.76884246,0.0,0.4613055,1
-56.84748,-6.239733,0.6879173,0.0,0.4127504,1
-56.900326,-5.2857428,0.69562864,0.0,0.4173772,1
-56.94423,-4.3287215,0.749837,0.0,0.4499022,1
-56.97957,-3.369332,0.75178444,0.0,0.4510707,1
-57.00598,-2.4080148,0.714032,0.0,0.4284192,1
-57.02368,-1.4453566,0.7381272,0.0,0.4428763,1
-57.032494,-0.48187637,0.7315137,0.0,0.43890822,1
-57.032494,0.48187637,0.6888782,0.0,0.41332692,1
-57.02368,1.4453566,0.6481644,0.0,0.38889864,1
-57.00598,2.4080148,0.60173845,0.0,0.3610431,1
-56.97957,3.369332,0.6767433,0.0,0.406046,1
-56.94423,4.3287215,0.82248795,0.0,0.49349278,1
-56.900326,5.2857428,0.88898855,0.0,0.53339314,2
-56.84748,6.239733,0.9114991,0.0,0.5468995,2
-56.786266,7.19038,0.91704935,0.0,0.5502296,2
-56.716118,8.136913,0.92079145,0.0,0.5524749,2
-56.63775,9.079156,0.94770414,0.0,0.5686225,2
-56.550644,10.01631,0.94288856,0.0,0.56573313,2
-56.45539,10.948229,0.93515617,0.0,0.56109375,2
-56.35167,11.87419,0.9512838,0.0,0.5707703,2
-56.23989,12.794012,0.96555305,0.0,0.5793319,2
-56.11992,13.707092,0.9724636,0.0,0.5834782,2
-55.99202,14.613187,0.955809,0.0,0.57348543,2
-55.856224,15.51185,0.8631427,0.0,0.5178857,2
-55.712654,16.40274,0.8788654,0.0,0.52731925,2
-55.56151,17.28561,0.8601884,0.0,0.5161131,2
-55.402752,18.159994,0.8386068,0.0,0.5031641,2
-55.23675,19.025864,0.80940604,0.0,0.48564366,1
-55.063335,19.882603,0.71772456,0.0,0.43063477,1
-54.883015,20.730434,0.5976577,0.0,0.35859463,1
-54.695488,21.568565,0.4269289,0.0,0.25615737,1
-54.50138,22.397457,0.25460708,0.0,0.15276426,0
-54.30033,23.216213,0.26196894,0.0,0.15718137,0
-54.09297,24.025381,0.055216685,0.0,0.033130012,0
-53.879036,24.824211,0.0035073129,0.0,0.0021043879,0
-53.65901,25.613102,0.0012433111,0.0,0.0007459867,0
-53.43279,26.391533,0.0007253765,0.0,0.0004352259,0
-53.200703,27.15974,0.00062832364,0.0,0.0003769942,0
-52.962776,27.917446,0.0006365218,0.0,0.0003819131,0
-52.71923,28.664707,0.0006377055,0.0,0.00038262332,0
-52.47021,29.401493,0.0006382436,0.0,0.0003829462,0
-52.215813,30.127674,0.00063837256,0.0,0.00038302355,0
-51.95629,30.843466,0.00063837104,0.0,0.00038302265,0
-51.691635,31.54855,0.00063837104,0.0,0.00038302265,0
-51.422203,32.243378,0.00063837104,0.0,0.00038302265,0
-51.14788,32.927452,0.00063837104,0.0,0.00038302265,0
-50.86911,33.601444,0.00063837104,0.0,0.00038302265,0
-50.58571,34.26468,0.00063837104,0.0,0.00038302265,0
-50.298145,34.917976,0.00063837104,0.0,0.00038302265,0
-50.006256,35.56071,0.00063837104,0.0,0.00038302265,0
-49.710438,36.19358,0.00063837104,0.0,0.00038302265,0
-49.410625,36.816154,0.00063837104,0.0,0.00038302265,0
-49.107105,37.428936,0.00063837104,0.0,0.00038302265,0
-48.799896,38.031734,0.00063837104,0.0,0.00038302265,0
-48.489197,38.62484,0.00063837104,0.0,0.00038302265,0
-48.175102,39.208275,0.00063837104,0.0,0.00038302265,0
-47.857735,39.78215,0.00063837104,0.0,0.00038302265,0
-47.53725,40.346687,0.00063837104,0.0,0.00038302265,0
-47.213715,40.901817,0.00063837104,0.0,0.00038302265,0
-46.88732,41.447937,0.00063837104,0.0,0.00038302265,0
-46.558075,41.984818,0.00063837104,0.0,0.00038302265,0
-46.226227,42.513042,0.00063837104,0.0,0.00038302265,0
-45.89173,43.032196,0.00063837104,0.0,0.00038302265,0
-45.554863,43.543026,0.00063837104,0.0,0.00038302265,0
-45.21555,44.04502,0.0006384559,0.0,0.00038307355,0
-44.87407,44.538925,0.0006364523,0.0,0.0003818714,0
-44.53038,45.02436,0.00063851406,0.0,0.00038310845,0
-44.184692,45.50189,0.00061591144,0.0,0.00036954688,0
-43.837013,45.97131,0.00058596703,0.0,0.00035158024,0
-43.4875,46.433006,0.0006016315,0.0,0.00036097888,0
-43.1362,46.886955,0.00078726263,0.0,0.00047235758,0
-43.48136,-47.396355,0.0012575969,0.0,0.0007545582,0
-43.83649,-46.942947,0.0009086667,0.0,0.0005452,0
-44.189873,-46.481667,0.00062122586,0.0,0.00037273552,0
-44.54145,-46.012535,0.00063243276,0.0,0.00037945967,0
-44.89107,-45.53516,0.0006374557,0.0,0.00038247346,0
-45.238724,-45.049736,0.0006379955,0.0,0.0003827973,0
-45.584194,-44.555687,0.0006383699,0.0,0.00038302195,0
-45.92752,-44.053402,0.00063837104,0.0,0.00038302265,0
-46.268436,-43.54211,0.00063837104,0.0,0.00038302265,0
-46.60701,-43.02232,0.00063837104,0.0,0.00038302265,0
-46.942955,-42.49327,0.00063837104,0.0,0.00038302265,0
-47.27632,-41.955383,0.00063837104,0.0,0.00038302265,0
-47.606865,-41.408043,0.00063837104,0.0,0.00038302265,0
-47.93457,-40.8515,0.00063837104,0.0,0.00038302265,0
-48.259235,-40.285324,0.00063837104,0.0,0.00038302265,0
-48.580803,-39.70958,0.0006383738,0.0,0.00038302428,0
-48.89911,-39.12403,0.0006383367,0.0,0.00038300204,0
-49.214043,-38.528572,0.00063825975,0.0,0.00038295586,0
-49.52549,-37.923164,0.00063867896,0.0,0.0003832074,0
-49.833256,-37.307495,0.00063955126,0.0,0.00038373077,0
-50.13732,-36.681763,0.0006409956,0.0,0.0003845974,0
-50.437393,-36.04544,0.00064170716,0.0,0.00038502432,0
-50.73353,-35.398964,0.0006414555,0.0,0.00038487333,0
-51.02534,-34.741596,0.00064014643,0.0,0.00038408788,0
-51.31299,-34.073994,0.00063851837,0.0,0.00038311104,0
-51.595985,-33.395275,0.0006382141,0.0,0.0003829285,0
-51.87452,-32.70616,0.0006377681,0.0,0.0003826609,0
-52.148155,-32.005928,0.00063809945,0.017852092,0.007523697,0
-52.416985,-31.295084,0.0006382853,0.09532069,0.038511246,0
-52.68065,-30.57316,0.0006382908,0.31277722,0.12549387,0
-52.939167,-29.84047,0.0006380505,0.9504237,0.38055232,1
-53.19227,-29.09679,0.0006382348,0.5728886,0.2295384,0
-53.43985,-28.342236,0.0006401876,0.92181826,0.36911142,1
-53.681763,-27.57684,0.00064571877,0.9299614,0.372372,1
-53.917797,-26.80053,0.0006549406,0.6211008,0.24883327,0
-54.14791,-26.013588,0.00066445937,0.97106355,0.3888241,1
-54.37176,-25.21576,0.0006708001,0.9021779,0.36127365,1
-54.589455,-24.40758,0.00067144545,0.978562,0.39182767,1
-54.800507,-23.588623,0.00066715264,0.8718249,0.34913027,1
-55.00517,-22.759665,0.00066004094,0.9663978,0.38695514,1
-55.2028,-21.920126,0.0006591066,0.98392123,0.39396396,1
-55.39377,-21.070934,0.0006743364,0.34450358,0.13820603,0
-55.57743,-20.211601,0.0007046883,0.74491656,0.29838943,1
-55.75409,-19.342955,0.0007538577,0.88585156,0.35479295,1
-55.923225,-18.464745,0.00086031924,0.35350987,0.14192015,0
-56.085003,-17.577618,0.0011144388,0.0,0.0006686633,0
-56.23905,-16.681591,0.0018641833,0.0,0.00111851,0
-56.385406,-15.777155,0.0056913793,0.0,0.0034148276,0
-56.523846,-14.864561,0.013163467,0.0,0.00789808,0
-56.654263,-13.944165,0.02391209,0.0,0.014347255,0
-56.77661,-13.016428,0.27959493,0.0,0.16775696,0
-56.89061,-12.081604,0.52870494,0.0,0.31722298,1
-56.996418,-11.140326,0.61949486,0.0,0.37169692,1
-57.09359,-10.192776,0.7213061,0.0,0.43278366,1
-57.182457,-9.2397175,0.78075165,0.0,0.468451,1
-57.26243,-8.2813,0.80578345,0.0,0.48347008,1
-57.334007,-7.3183613,0.8591484,0.0,0.51548904,2
-57.396477,-6.3510885,0.84513664,0.0,0.507082,2
-57.450413,-5.380291,0.8300372,0.0,0.49802232,1
-57.495216,-4.4062996,0.8412148,0.0,0.5047289,2
-57.531292,-3.42981,0.8524968,0.0,0.5114981,2
-57.558247,-2.451287,0.8587519,0.0,0.51525116,2
-57.57632,-1.4713502,0.84723073,0.0,0.50833845,2
-57.58532,-0.4905459,0.8007425,0.0,0.48044553,1
-57.58532,0.4905459,0.8267237,0.0,0.49603423,1
-57.57632,1.4713502,0.8440586,0.0,0.50643516,2
-57.558247,2.451287,0.8626136,0.0,0.5175682,2
-57.531292,3.42981,0.9020367,0.0,0.54122204,2
-57.495216,4.4062996,0.9271357,0.0,0.55628145,2
-57.450413,5.380291,0.9600118,0.0,0.57600707,2
-57.396477,6.3510885,0.97275454,0.0,0.58365273,2
-57.334007,7.3183613,0.972009,0.0,0.5832054,2
-57.26243,8.2813,0.97778666,0.0,0.586672,2
-57.182457,9.2397175,0.9769607,0.0,0.58617646,2
-57.09359,10.192776,0.957395,0.0,0.574437,2
-56.996418,11.140326,0.957456,0.0,0.5744736,2
-56.89061,12.081604,0.9555942,0.0,0.5733565,2
-56.77661,13.016428,0.9654227,0.0,0.5792536,2
-56.654263,13.944165,0.9808412,0.0,0.58850473,2
-56.523846,14.864561,0.98287463,0.0,0.5897248,2
-56.385406,15.777155,0.9701811,0.0,0.5821087,2
-56.23905,16.681591,0.95574975,0.0,0.57344985,2
-56.085003,17.577618,0.9116425,0.0,0.5469855,2
-55.923225,18.464745,0.9181633,0.0,0.550898,2
-55.75409,19.342955,0.912472,0.0,0.5474832,2
-55.57743,20.211601,0.82977134,0.0,0.49786282,1
-55.39377,21.070934,0.78269166,0.0,0.469615,1
-55.2028,21.920126,0.7193524,0.0,0.43161148,1
-55.00517,22.759665,0.6350438,0.0,0.3810263,1
-54.800507,23.588623,0.5737433,0.0,0.34424597,1
-54.589455,24.40758,0.3721895,0.0,0.2233137,0
-54.37176,25.21576,0.013253779,0.0,0.007952268,0
-54.14791,26.013588,0.0014814092,0.0,0.00088884553,0
-53.917797,26.80053,0.00078697276,0.0,0.00047218366,0
-53.681763,27.57684,0.000637078,0.0,0.00038224683,0
-53.43985,28.342236,0.0006360854,0.0,0.00038165125,0
-53.19227,29.09679,0.00063808094,0.0,0.00038284858,0
-52.939167,29.84047,0.0006382302,0.0,0.00038293813,0
-52.68065,30.57316,0.0006383677,0.0,0.00038302064,0
-52.416985,31.295084,0.00063837104,0.0,0.00038302265,0
-52.148155,32.005928,0.00063837104,0.0,0.00038302265,0
-51.87452,32.70616,0.00063837104,0.0,0.00038302265,0
-51.595985,33.395275,0.00063837104,0.0,0.00038302265,0
-51.31299,34.073994,0.00063837104,0.0,0.00038302265,0
-51.02534,34.741596,0.00063837104,0.0,0.00038302265,0
-50.73353,35.398964,0.00063837104,0.0,0.00038302265,0
-50.437393,36.04544,0.00063837104,0.0,0.00038302265,0
-50.13732,36.681763,0.00063837104,0.0,0.00038302265,0
-49.833256,37.307495,0.00063837104,0.0,0.00038302265,0
-49.52549,37.923164,0.00063837104,0.0,0.00038302265,0
-49.214043,38.528572,0.00063837104,0.0,0.00038302265,0
-48.89911,39.12403,0.00063837104,0.0,0.00038302265,0
-48.580803,39.70958,0.00063837104,0.0,0.00038302265,0
-48.259235,40.285324,0.00063837104,0.0,0.00038302265,0
-47.93457,40.8515,0.00063837104,0.0,0.00038302265,0
-47.606865,41.408043,0.00063837104,0.0,0.00038302265,0
-47.27632,41.955383,0.00063837104,0.0,0.00038302265,0
-46.942955,42.49327,0.00063837104,0.0,0.00038302265,0
-46.60701,43.02232,0.00063837104,0.0,0.00038302265,0
-46.268436,43.54211,0.00063837104,0.0,0.00038302265,0
-45.92752,44.053402,0.00063837104,0.0,0.00038302265,0
-45.584194,44.555687,0.0006384559,0.0,0.00038307355,0
-45.238724,45.049736,0.0006364523,0.0,0.0003818714,0
-44.89107,45.53516,0.00063851406,0.0,0.00038310845,0
-44.54145,46.012535,0.00061591144,0.0,0.00036954688,0
-44.189873,46.481667,0.00058596703,0.0,0.00035158024,0
-43.83649,46.942947,0.0006016315,0.0,0.00036097888,0
-43.48136,47.396355,0.00078726263,0.0,0.00047235758,0
-43.824066,-47.914112,0.0012575969,0.0,0.0007545582,0
-44.183056,-47.461395,0.0009086667,0.0,0.0005452,0
-44.540325,-47.000687,0.00062122586,0.0,0.00037273552,0
-44.895824,-46.532,0.00063243276,0.0,0.00037945967,0
-45.249413,-46.05493,0.0006374557,0.0,0.00038247346,0
-45.60105,-45.569683,0.0006379955,0.0,0.0003827973,0
-45.950546,-45.075653,0.0006383699,0.0,0.00038302195,0
-46.297928,-44.573235,0.00063837104,0.0,0.00038302265,0
-46.642925,-44.061626,0.00063837104,0.0,0.00038302265,0
-46.985615,-43.54136,0.00063837104,0.0,0.00038302265,0
-47.3257,-43.01164,0.00063837104,0.0,0.00038302265,0
-47.663235,-42.472897,0.00063837104,0.0,0.00038302265,0
-47.997963,-41.924496,0.00063837104,0.0,0.00038302265,0
-48.329887,-41.366673,0.00063837104,0.0,0.00038302265,0
-48.658787,-40.798996,0.00063837104,0.0,0.00038302265,0
-48.98461,-40.22153,0.00063837564,0.0,0.0003830254,0
-49.30719,-39.63401,0.0006382576,0.0,0.00038295457,0
-49.6264,-39.036324,0.0006383653,0.0,0.00038301919,0
-49.94215,-38.428436,0.00063961005,0.0,0.00038376605,0
-50.254223,-37.81,0.00064168236,0.0,0.00038500942,0
-50.562603,-37.18122,0.0006460512,0.0,0.00038763075,0
-50.86699,-36.541553,0.000649588,0.0,0.00038975282,0
-51.16745,-35.891434,0.0006529873,0.0,0.0003917924,0
-51.463593,-35.230095,0.00064921944,0.0,0.0003895317,0
-51.755547,-34.558193,0.00064082333,0.0,0.00038449402,0
-52.04285,-33.87483,0.00063734245,0.0,0.0003824055,0
-52.325676,-33.18073,0.0006350944,0.0,0.00038105666,0
-52.60358,-32.475132,0.0006369544,0.18440638,0.07414473,0
-52.87667,-31.758562,0.0006378058,0.9832947,0.3937006,1
-53.144566,-31.030525,0.0006380581,0.20821965,0.08367069,0
-53.407284,-30.291332,0.00063761644,0.8852211,0.35447103,1
-53.664555,-29.540741,0.00063809153,0.1537981,0.0619021,0
-53.916264,-28.778872,0.00064111355,0.14480692,0.05830744,0
-54.162266,-28.005737,0.00065071543,0.36252207,0.14539926,0
-54.402332,-27.22126,0.000671124,0.9394196,0.37617055,1
-54.63643,-26.425724,0.00069999427,0.98676133,0.39512455,1
-54.8642,-25.618855,0.0007206941,0.9433858,0.37778673,1
-55.085754,-24.801199,0.0007251245,0.88656974,0.355063,1
-55.300583,-23.972307,0.00071395654,0.80608875,0.32286388,1
-55.508945,-23.132978,0.00069705554,0.30076206,0.120723054,0
-55.7102,-22.282597,0.0006823747,0.93475425,0.37431112,1
-55.9047,-21.422125,0.00070673757,0.5341519,0.2140848,0
-56.091797,-20.55105,0.00073258433,0.95720404,0.38332117,1
-56.27179,-19.670223,0.00082357484,0.3475541,0.13951579,0
-56.44415,-18.779383,0.0010283506,0.124315344,0.05034315,0
-56.60904,-17.879198,0.0017531117,0.0,0.001051867,0
-56.766083,-16.969677,0.0066413675,0.0,0.0039848206,0
-56.9153,-16.051329,0.09970419,0.0,0.05982252,0
-57.056477,-15.124413,0.25804842,0.0,0.15482906,0
-57.189484,-14.1893,0.31632358,0.0,0.18979415,0
-57.314278,-13.2464695,0.5195301,0.0,0.31171808,1
-57.430576,-12.296183,0.74247557,0.0,0.44548535,1
-57.538532,-11.339101,0.8707393,0.0,0.5224436,2
-57.63768,-10.375416,0.89408696,0.0,0.5364522,2
-57.728386,-9.405928,0.875934,0.0,0.52556044,2
-57.809994,-8.430792,0.8694459,0.0,0.5216676,2
-57.883053,-7.450891,0.8614816,0.0,0.516889,2
-57.946823,-6.466418,0.8714005,0.0,0.5228403,2
-58.001884,-5.478227,0.9015281,0.0,0.5409169,2
-58.04763,-4.4866643,0.90650666,0.0,0.543904,2
-58.084457,-3.492466,0.90405947,0.0,0.5424357,2
-58.11198,-2.4961205,0.92891175,0.0,0.55734706,2
-58.130436,-1.4982824,0.9228813,0.0,0.5537288,2
-58.139618,-0.49952874,0.87555677,0.0,0.52533406,2
-58.139618,0.49952874,0.8787325,0.0,0.5272395,2
-58.130436,1.4982824,0.9366748,0.0,0.56200486,2
-58.11198,2.4961205,0.9692786,0.0,0.58156717,2
-58.084457,3.492466,0.9759531,0.0,0.5855719,2
-58.04763,4.4866643,0.98026353,0.0,0.58815813,2
-58.001884,5.478227,0.9855048,0.0,0.59130293,2
-57.946823,6.466418,0.98929507,0.0,0.5935771,2
-57.883053,7.450891,0.990217,0.0,0.5941302,2
-57.809994,8.430792,0.99004304,0.0,0.59402585,2
-57.728386,9.405928,0.98925215,0.0,0.59355134,2
-57.63768,10.375416,0.9820696,0.0,0.5892418,2
-57.538532,11.339101,0.9657548,0.0,0.57945293,2
-57.430576,12.296183,0.96629477,0.0,0.5797769,2
-57.314278,13.2464695,0.9634115,0.0,0.5780469,2
-57.189484,14.1893,0.9711267,0.0,0.58267605,2
-57.056477,15.124413,0.9769084,0.0,0.58614504,2
-56.9153,16.051329,0.9507689,0.0,0.57046133,2
-56.766083,16.969677,0.94595766,0.0,0.5675746,2
-56.60904,17.879198,0.956082,0.0,0.5736492,2
-56.44415,18.779383,0.95696807,0.0,0.57418084,2
-56.27179,19.670223,0.9586026,0.0,0.5751616,2
-56.091797,20.55105,0.91477025,0.0,0.54886216,2
-55.9047,21.422125,0.92412585,0.0,0.55447555,2
-55.7102,22.282597,0.88428205,0.0,0.53056926,2
-55.508945,23.132978,0.74785715,0.0,0.44871432,1
-55.300583,23.972307,0.45935804,0.0,0.27561483,1
-55.085754,24.801199,0.2546436,0.0,0.15278617,0
-54.8642,25.618855,0.010743998,0.0,0.0064463993,0
-54.63643,26.425724,0.0013080406,0.0,0.00078482437,0
-54.402332,27.22126,0.0007947793,0.0,0.00047686757,0
-54.162266,28.005737,0.000642789,0.0,0.00038567343,0
-53.916264,28.778872,0.00063534593,0.0,0.0003812076,0
-53.664555,29.540741,0.00063845166,0.0,0.00038307102,0
-53.407284,30.291332,0.0006382737,0.0,0.00038296424,0
-53.144566,31.030525,0.0006383634,0.0,0.00038301808,0
-52.87667,31.758562,0.00063837104,0.0,0.00038302265,0
-52.60358,32.475132,0.00063837104,0.0,0.00038302265,0
-52.325676,33.18073,0.00063837104,0.0,0.00038302265,0
-52.04285,33.87483,0.00063837104,0.0,0.00038302265,0
-51.755547,34.558193,0.00063837104,0.0,0.00038302265,0
-51.463593,35.230095,0.00063837104,0.0,0.00038302265,0
-51.16745,35.891434,0.00063837104,0.0,0.00038302265,0
-50.86699,36.541553,0.00063837104,0.0,0.00038302265,0
-50.562603,37.18122,0.00063837104,0.0,0.00038302265,0
-50.254223,37.81,0.00063837104,0.0,0.00038302265,0
-49.94215,38.428436,0.00063837104,0.0,0.00038302265,0
-49.6264,39.036324,0.00063837104,0.0,0.00038302265,0
-49.30719,39.63401,0.00063837104,0.0,0.00038302265,0
-48.98461,40.22153,0.00063837104,0.0,0.00038302265,0
-48.658787,40.798996,0.00063837104,0.0,0.00038302265,0
-48.329887,41.366673,0.00063837104,0.0,0.00038302265,0
-47.997963,41.924496,0.00063837104,0.0,0.00038302265,0
-47.663235,42.472897,0.00063837104,0.0,0.00038302265,0
-47.3257,43.01164,0.00063837104,0.0,0.00038302265,0
-46.985615,43.54136,0.00063837104,0.0,0.00038302265,0
-46.642925,44.061626,0.00063837104,0.0,0.00038302265,0
-46.297928,44.573235,0.00063837104,0.0,0.00038302265,0
-45.950546,45.075653,0.0006384559,0.0,0.00038307355,0
-45.60105,45.569683,0.0006364523,0.0,0.0003818714,0
-45.249413,46.05493,0.00063851406,0.0,0.00038310845,0
-44.895824,46.532,0.00061591144,0.0,0.00036954688,0
-44.540325,47.000687,0.00058596703,0.0,0.00035158024,0
-44.183056,47.461395,0.0006016315,0.0,0.00036097888,0
-43.824066,47.914112,0.00078726263,0.0,0.00047235758,0
-44.16411,-48.440662,0.0012575969,0.0,0.0007545582,0
-44.52697,-47.988815,0.0009086667,0.0,0.0005452,0
-44.88816,-47.528847,0.00062122586,0.0,0.00037273552,0
-45.247612,-47.060776,0.00063243276,0.0,0.00037945967,0
-45.605186,-46.584194,0.0006374557,0.0,0.00038247346,0
-45.96085,-46.09928,0.0006379955,0.0,0.0003827973,0
-46.3144,-45.60544,0.0006383699,0.0,0.00038302195,0
-46.66587,-45.10305,0.00063837104,0.0,0.00038302265,0
-47.01499,-44.591305,0.00063837104,0.0,0.00038302265,0
-47.36183,-44.07073,0.00063837104,0.0,0.00038302265,0
-47.7061,-43.540512,0.00063837104,0.0,0.00038302265,0
-48.047848,-43.00108,0.00063837104,0.0,0.00038302265,0
-48.386814,-42.451782,0.00063837104,0.0,0.00038302265,0
-48.722992,-41.892853,0.00063837104,0.0,0.00038302265,0
-49.056187,-41.323845,0.00063837104,0.0,0.00038302265,0
-49.386314,-40.7448,0.0006383768,0.0,0.0003830261,0
-49.71322,-40.15547,0.00063806056,0.0,0.00038283636,0
-50.036774,-39.55571,0.00063819555,0.0,0.00038291735,0
-50.356884,-38.945473,0.0006386339,0.0,0.00038318036,0
-50.673332,-38.324417,0.0006403432,0.0,0.00038420592,0
-50.98609,-37.692726,0.00065355265,0.0,0.0003921316,0
-51.294876,-37.049835,0.0006704345,0.0,0.00040226072,0
-51.59973,-36.396183,0.00069552235,0.0,0.00041731342,0
-51.900257,-35.730972,0.00068373035,0.0,0.00041023822,0
-52.196606,-35.05488,0.00065761356,0.0,0.00039456817,0
-52.488297,-34.36695,0.0006388193,0.0,0.0003832916,0
-52.775497,-33.667934,0.0006324786,0.0,0.0003794872,0
-53.05777,-32.95704,0.0006336874,0.12810364,0.05162167,0
-53.33519,-32.23479,0.0006370209,0.9412951,0.37690026,1
-53.607414,-31.50067,0.00063757243,0.45358866,0.18181801,0
-53.874428,-30.75499,0.0006370923,0.91020733,0.36446518,1
-54.135952,-29.99749,0.00063770125,0.08783219,0.0355155,0
-54.39189,-29.22828,0.0006394534,0.0,0.00038367207,0
-54.64207,-28.447372,0.00065027864,0.10110946,0.040833954,0
-54.88627,-27.654667,0.00068887026,0.37332267,0.1497424,0
-55.124447,-26.850456,0.0007669141,0.39349672,0.15785883,0
-55.35624,-26.03444,0.0008517328,0.37268478,0.14958495,0
-55.58174,-25.207184,0.0008851139,0.9025272,0.36154196,1
-55.80046,-24.368202,0.00086816837,0.86813176,0.3477736,1
-56.012634,-23.518326,0.0008054717,0.26690295,0.10724446,0
-56.217606,-22.656902,0.00074903475,0.9920896,0.39728528,1
-56.41574,-21.784931,0.000747797,0.9752622,0.39055356,1
-56.606377,-20.90186,0.00082532084,0.479231,0.19218759,0
-56.789803,-20.008574,0.0011125904,0.021878408,0.009418918,0
-56.965485,-19.10479,0.0020020744,0.0,0.0012012447,0
-57.13358,-18.191206,0.0061423695,0.0,0.0036854218,0
-57.29371,-17.267826,0.019425904,0.0,0.011655543,0
-57.445877,-16.335175,0.2789718,0.0,0.16738307,0
-57.589874,-15.393517,0.5276007,0.0,0.31656045,1
-57.725555,-14.443239,0.61654264,0.0,0.3699256,1
-57.852882,-13.4848385,0.73580927,0.0,0.44148558,1
-57.97156,-12.518587,0.8918189,0.0,0.53509134,2
-58.081734,-11.54518,0.93264204,0.0,0.5595853,2
-58.182938,-10.564812,0.8964911,0.0,0.53789467,2
-58.27552,-9.578325,0.8633107,0.0,0.5179864,2
-58.35884,-8.585879,0.8848831,0.0,0.53092986,2
-58.433434,-7.5884037,0.88991183,0.0,0.5339471,2
-58.49855,-6.5861015,0.90892893,0.0,0.5453574,2
-58.55478,-5.5798736,0.93396306,0.0,0.56037784,2
-58.601486,-4.5700846,0.9497816,0.0,0.569869,2
-58.639107,-3.557509,0.9652259,0.0,0.57913554,2
-58.667213,-2.542666,0.95367646,0.0,0.5722059,2
-58.686058,-1.5262444,0.94663715,0.0,0.5679823,2
-58.695442,-0.5088551,0.9397376,0.0,0.5638426,2
-58.695442,0.5088551,0.9657241,0.0,0.5794345,2
-58.686058,1.5262444,0.98316747,0.0,0.5899005,2
-58.667213,2.542666,0.9878939,0.0,0.59273636,2
-58.639107,3.557509,0.9874232,0.0,0.59245396,2
-58.601486,4.5700846,0.98835105,0.0,0.59301066,2
-58.55478,5.5798736,0.9877446,0.0,0.5926468,2
-58.49855,6.5861015,0.9897363,0.0,0.5938418,2
-58.433434,7.5884037,0.99046177,0.0,0.5942771,2
-58.35884,8.585879,0.99138826,0.0,0.59483296,2
-58.27552,9.578325,0.99034965,0.0,0.5942098,2
-58.182938,10.564812,0.98345494,0.0,0.590073,2
-58.081734,11.54518,0.9702602,0.0,0.5821561,2
-57.97156,12.518587,0.97292477,0.0,0.5837549,2
-57.852882,13.4848385,0.96999073,0.0,0.5819945,2
-57.725555,14.443239,0.9719373,0.0,0.5831624,2
-57.589874,15.393517,0.9670459,0.0,0.58022755,2
-57.445877,16.335175,0.96364224,0.0,0.5781854,2
-57.29371,17.267826,0.95647955,0.0,0.57388777,2
-57.13358,18.191206,0.93613976,0.0,0.5616839,2
-56.965485,19.10479,0.9480135,0.0,0.56880814,2
-56.789803,20.008574,0.95972395,0.0,0.5758344,2
-56.606377,20.90186,0.94406015,0.0,0.5664361,2
-56.41574,21.784931,0.91784924,0.0,0.55070955,2
-56.217606,22.656902,0.83351827,0.0,0.500111,2
-56.012634,23.518326,0.5973448,0.0,0.3584069,1
-55.80046,24.368202,0.22351249,0.0,0.1341075,0
-55.58174,25.207184,0.028642109,0.0,0.017185265,0
-55.35624,26.03444,0.0039363718,0.0,0.002361823,0
-55.124447,26.850456,0.0011703332,0.0,0.0007022,0
-54.88627,27.654667,0.0007621705,0.0,0.0004573023,0
-54.64207,28.447372,0.0006465871,0.0,0.00038795228,0
-54.39189,29.22828,0.00063626486,0.0,0.00038175893,0
-54.135952,29.99749,0.0006384261,0.0,0.00038305568,0
-53.874428,30.75499,0.00063829985,0.0,0.00038297992,0
-53.607414,31.50067,0.0006383619,0.0,0.00038301715,0
-53.33519,32.23479,0.00063837104,0.0,0.00038302265,0
-53.05777,32.95704,0.00063837104,0.0,0.00038302265,0
-52.775497,33.667934,0.00063837104,0.0,0.00038302265,0
-52.488297,34.36695,0.00063837104,0.0,0.00038302265,0
-52.196606,35.05488,0.00063837104,0.0,0.00038302265,0
-51.900257,35.730972,0.00063837104,0.0,0.00038302265,0
-51.59973,36.396183,0.00063837104,0.0,0.00038302265,0
-51.294876,37.049835,0.00063837104,0.0,0.00038302265,0
-50.98609,37.692726,0.00063837104,0.0,0.00038302265,0
-50.673332,38.324417,0.00063837104,0.0,0.00038302265,0
-50.356884,38.945473,0.00063837104,0.0,0.00038302265,0
-50.036774,39.55571,0.00063837104,0.0,0.00038302265,0
-49.71322,40.15547,0.00063837104,0.0,0.00038302265,0
-49.386314,40.7448,0.00063837104,0.0,0.00038302265,0
-49.056187,41.323845,0.00063837104,0.0,0.00038302265,0
-48.722992,41.892853,0.00063837104,0.0,0.00038302265,0
-48.386814,42.451782,0.00063837104,0.0,0.00038302265,0
-48.047848,43.00108,0.00063837104,0.0,0.00038302265,0
-47.7061,43.540512,0.00063837104,0.0,0.00038302265,0
-47.36183,44.07073,0.00063837104,0.0,0.00038302265,0
-47.01499,44.591305,0.00063837104,0.0,0.00038302265,0
-46.66587,45.10305,0.00063837104,0.0,0.00038302265,0
-46.3144,45.60544,0.0006384559,0.0,0.00038307355,0
-45.96085,46.09928,0.0006364523,0.0,0.0003818714,0
-45.605186,46.584194,0.00063851406,0.0,0.00038310845,0
-45.247612,47.060776,0.00061591144,0.0,0.00036954688,0
-44.88816,47.528847,0.00058596703,0.0,0.00035158024,0
-44.52697,47.988815,0.0006016315,0.0,0.00036097888,0
-44.16411,48.440662,0.00078726263,0.0,0.00047235758,0
-44.5015,-48.975727,0.0012575969,0.0,0.0007545582,0
-44.868263,-48.524902,0.0009086667,0.0,0.0005452,0
-45.23339,-48.065853,0.00062122586,0.0,0.00037273552,0
-45.596817,-47.598568,0.00063243276,0.0,0.00037945967,0
-45.958405,-47.12263,0.0006374557,0.0,0.00038247346,0
-46.318115,-46.638233,0.0006379955,0.0,0.0003827973,0
-46.67576,-46.144753,0.0006383699,0.0,0.00038302195,0
-47.03135,-45.64257,0.00063837104,0.0,0.00038302265,0
-47.384624,-45.13086,0.00063837104,0.0,0.00038302265,0
-47.73565,-44.610146,0.00063837104,0.0,0.00038302265,0
-48.084145,-44.0796,0.00063837104,0.0,0.00038302265,0
-48.430138,-43.539654,0.00063837104,0.0,0.00038302265,0
-48.77339,-42.98962,0.00063837104,0.0,0.00038302265,0
-49.11388,-42.429756,0.00063837104,0.0,0.00038302265,0
-49.451397,-41.859573,0.00063837104,0.0,0.00038302265,0
-49.78589,-41.279125,0.0006383744,0.0,0.00038302466,0
-50.117176,-40.688137,0.0006377538,0.0,0.0003826523,0
-50.445133,-40.086456,0.0006377201,0.0,0.00038263208,0
-50.769665,-39.47403,0.0006351198,0.0,0.0003810719,0
-51.09054,-38.85049,0.0006371994,0.0,0.00038231965,0
-51.407753,-38.216022,0.0006719986,0.07565844,0.030666577,0
-51.72099,-37.57004,0.00074006076,0.14505896,0.05846762,0
-52.030308,-36.91298,0.0008262655,0.2496415,0.10035236,0
-52.3353,-36.244015,0.000830267,0.17571776,0.07078526,0
-52.636112,-35.563828,0.0007137732,0.39673334,0.1591216,0
-52.932266,-34.871437,0.0006857027,0.18222126,0.07329993,0
-53.22393,-34.167583,0.0006343748,0.018683074,0.007853854,0
-53.510635,-33.451458,0.00063350657,0.015503242,0.0065814005,0
-53.792492,-32.723587,0.00063597603,0.2979288,0.11955311,0
-54.06912,-31.983425,0.0006369508,0.95440924,0.38214588,1
-54.34051,-31.231283,0.000637543,0.5452024,0.21846348,0
-54.60639,-30.466883,0.00063862634,0.029174697,0.012053055,0
-54.866646,-29.690327,0.00063804776,0.0,0.00038282867,0
-55.121105,-28.901613,0.00064926705,0.0,0.00038956024,0
-55.36953,-28.100636,0.00070779,0.0,0.00042467404,0
-55.61188,-27.287678,0.0008502359,0.0,0.0005101416,0
-55.847794,-26.462425,0.0009948821,0.025315052,0.01072295,0
-56.07735,-25.62545,0.0010812002,0.42087,0.16899672,0
-56.300056,-24.776243,0.0010679766,0.8775003,0.3516409,1
-56.516132,-23.915655,0.0010566923,0.71074784,0.28493315,1
-56.72493,-23.043001,0.00097014103,0.7083853,0.28393623,1
-56.926796,-22.159306,0.0009901437,0.92922944,0.37228587,1
-57.121063,-21.263994,0.0012531846,0.7414158,0.29731825,1
-57.30802,-20.357975,0.0024638239,0.025909983,0.011842288,0
-57.48712,-19.44095,0.014444547,0.0,0.008666729,0
-57.658524,-18.513641,0.15936178,0.0,0.09561707,0
-57.821827,-17.576042,0.31471664,0.0,0.18882999,0
-57.97705,-16.628698,0.42436638,0.0,0.25461984,1
-58.123947,-15.6718855,0.64364654,0.0,0.38618794,1
-58.262386,-14.705998,0.8343164,0.0,0.50058985,2
-58.392334,-13.73156,0.8424065,0.0,0.50544393,2
-58.513462,-12.748848,0.9253772,0.0,0.5552263,2
-58.625927,-11.758591,0.9483118,0.0,0.56898713,2
-58.72925,-10.760991,0.9179385,0.0,0.55076313,2
-58.823784,-9.756935,0.8852444,0.0,0.5311467,2
-58.90887,-8.746587,0.92424345,0.0,0.5545461,2
-58.98505,-7.730926,0.95172554,0.0,0.5710353,2
-59.05156,-6.710165,0.9694845,0.0,0.5816907,2
-59.10899,-5.6852536,0.97787195,0.0,0.5867232,2
-59.156704,-4.6565776,0.9834594,0.0,0.5900757,2
-59.195133,-3.6249552,0.9879239,0.0,0.59275436,2
-59.22385,-2.5909336,0.9819832,0.0,0.58918995,2
-59.243103,-1.5552424,0.9818955,0.0,0.5891373,2
-59.252693,-0.5185274,0.98589814,0.0,0.5915389,2
-59.252693,0.5185274,0.9887376,0.0,0.5932426,2
-59.243103,1.5552424,0.98986524,0.0,0.59391916,2
-59.22385,2.5909336,0.989073,0.0,0.5934438,2
-59.195133,3.6249552,0.9892229,0.0,0.59353375,2
-59.156704,4.6565776,0.9896428,0.0,0.5937857,2
-59.10899,5.6852536,0.9895363,0.0,0.5937218,2
-59.05156,6.710165,0.9897013,0.0,0.5938208,2
-58.98505,7.730926,0.99148023,0.0,0.59488815,2
-58.90887,8.746587,0.9916688,0.0,0.59500134,2
-58.823784,9.756935,0.9905563,0.0,0.5943338,2
-58.72925,10.760991,0.98574257,0.0,0.59144557,2
-58.625927,11.758591,0.97815096,0.0,0.5868906,2
-58.513462,12.748848,0.97097206,0.0,0.58258325,2
-58.392334,13.73156,0.982232,0.0,0.5893392,2
-58.262386,14.705998,0.98710585,0.0,0.5922635,2
-58.123947,15.6718855,0.9870703,0.0,0.59224224,2
-57.97705,16.628698,0.98425484,0.0,0.5905529,2
-57.821827,17.576042,0.9738178,0.0,0.58429074,2
-57.658524,18.513641,0.9519785,0.0,0.57118714,2
-57.48712,19.44095,0.94753844,0.0,0.5685231,2
-57.30802,20.357975,0.94940376,0.0,0.5696423,2
-57.121063,21.263994,0.90464103,0.0,0.54278463,2
-56.926796,22.159306,0.81949216,0.0,0.4916953,1
-56.72493,23.043001,0.6124901,0.0,0.36749408,1
-56.516132,23.915655,0.33173192,0.0,0.19903916,0
-56.300056,24.776243,0.030515261,0.0,0.018309157,0
-56.07735,25.62545,0.0043196115,0.0,0.0025917669,0
-55.847794,26.462425,0.0018914182,0.0,0.001134851,0
-55.61188,27.287678,0.0008699301,0.0,0.00052195805,0
-55.36953,28.100636,0.00070602866,0.0,0.00042361722,0
-55.121105,28.901613,0.000643126,0.0,0.00038587564,0
-54.866646,29.690327,0.00063750165,0.0,0.00038250102,0
-54.60639,30.466883,0.0006383601,0.0,0.00038301607,0
-54.34051,31.231283,0.0006383203,0.0,0.00038299218,0
-54.06912,31.983425,0.0006383631,0.0,0.0003830179,0
-53.792492,32.723587,0.00063837104,0.0,0.00038302265,0
-53.510635,33.451458,0.00063837104,0.0,0.00038302265,0
-53.22393,34.167583,0.00063837104,0.0,0.00038302265,0
-52.932266,34.871437,0.00063837104,0.0,0.00038302265,0
-52.636112,35.563828,0.00063837104,0.0,0.00038302265,0
-52.3353,36.244015,0.00063837104,0.0,0.00038302265,0
-52.030308,36.91298,0.00063837104,0.0,0.00038302265,0
-51.72099,37.57004,0.00063837104,0.0,0.00038302265,0
-51.407753,38.216022,0.00063837104,0.0,0.00038302265,0
-51.09054,38.85049,0.00063837104,0.0,0.00038302265,0
-50.769665,39.47403,0.00063837104,0.0,0.00038302265,0
-50.445133,40.086456,0.00063837104,0.0,0.00038302265,0
-50.117176,40.688137,0.00063837104,0.0,0.00038302265,0
-49.78589,41.279125,0.00063837104,0.0,0.00038302265,0
-49.451397,41.859573,0.00063837104,0.0,0.00038302265,0
-49.11388,42.429756,0.00063837104,0.0,0.00038302265,0
-48.77339,42.98962,0.00063837104,0.0,0.00038302265,0
-48.430138,43.539654,0.00063837104,0.0,0.00038302265,0
-48.084145,44.0796,0.00063837104,0.0,0.00038302265,0
-47.73565,44.610146,0.00063837104,0.0,0.00038302265,0
-47.384624,45.13086,0.00063837104,0.0,0.00038302265,0
-47.03135,45.64257,0.00063837104,0.0,0.00038302265,0
-46.67576,46.144753,0.0006384559,0.0,0.00038307355,0
-46.318115,46.638233,0.0006364523,0.0,0.0003818714,0
-45.958405,47.12263,0.00063851406,0.0,0.00038310845,0
-45.596817,47.598568,0.00061591144,0.0,0.00036954688,0
-45.23339,48.065853,0.00058596703,0.0,0.00035158024,0
-44.868263,48.524902,0.0006016315,0.0,0.00036097888,0
-44.5015,48.975727,0.00078726263,0.0,0.00047235758,0
-44.836,-49.5198,0.0012575969,0.0,0.0007545582,0
-45.20668,-49.07019,0.0009086667,0.0,0.0005452,0
-45.575768,-48.612225,0.00062122586,0.0,0.00037273552,0
-45.9432,-48.14592,0.00063243276,0.0,0.00037945967,0
-46.308826,-47.670826,0.0006374557,0.0,0.00038247346,0
-46.672615,-47.187126,0.0006379955,0.0,0.0003827973,0
-47.034378,-46.6942,0.0006383699,0.0,0.00038302195,0
-47.39412,-46.19241,0.00063837104,0.0,0.00038302265,0
-47.75159,-45.680927,0.00063837104,0.0,0.00038302265,0
-48.10684,-45.16027,0.00063837104,0.0,0.00038302265,0
-48.459595,-44.62959,0.00063837104,0.0,0.00038302265,0
-48.809883,-44.089306,0.00063837104,0.0,0.00038302265,0
-49.157455,-43.538742,0.00063837104,0.0,0.00038302265,0
-49.5023,-42.97812,0.00063837104,0.0,0.00038302265,0
-49.844208,-42.406956,0.00063837104,0.0,0.00038302265,0
-50.18311,-41.825283,0.00063837046,0.0,0.0003830223,0
-50.518833,-41.232815,0.0006374864,0.0,0.00038249185,0
-50.851254,-40.629387,0.0006374038,0.0,0.0003824423,0
-51.18026,-40.01494,0.0006294481,0.0,0.00037766888,0
-51.50564,-39.38908,0.0006245414,0.08614873,0.034834217,0
-51.82736,-38.752003,0.0006773733,0.9015591,0.36103007,1
-52.145123,-38.103073,0.00079212163,0.9170179,0.36728245,1
-52.458977,-37.44275,0.0010987411,0.87489575,0.35061756,1
-52.768513,-36.770164,0.0012068816,0.95957375,0.38455364,1
-53.073875,-36.086006,0.0010203696,0.900282,0.36072505,1
-53.374565,-35.389256,0.0008032202,0.9558733,0.38283128,1
-53.670765,-34.68067,0.00067900174,0.61716896,0.24727498,0
-53.962013,-33.959408,0.00063257595,0.3516514,0.14104012,0
-54.248383,-33.22599,0.0006376939,0.2976687,0.1194501,0
-54.52951,-32.47984,0.0006371174,0.7862909,0.31489864,1
-54.805378,-31.721275,0.00064017327,0.8993617,0.3601288,1
-55.075703,-30.949993,0.00064268213,0.28420365,0.11406707,0
-55.34037,-30.166088,0.0006399436,0.057375338,0.0233341,0
-55.599205,-29.369555,0.00065953226,0.0,0.00039571937,0
-55.851967,-28.56026,0.00074123987,0.0,0.00044474393,0
-56.0986,-27.738495,0.0009874965,0.0,0.0005924979,0
-56.33873,-26.90392,0.0012624129,0.0,0.00075744773,0
-56.572456,-26.057116,0.0021861014,0.057826344,0.0244422,0
-56.799248,-25.19754,0.0039442396,0.55549484,0.22456448,0
-57.019344,-24.326073,0.007152186,0.45195308,0.18507254,0
-57.232063,-23.441982,0.004862313,0.96987975,0.3908693,1
-57.437775,-22.546343,0.0030848489,0.9498425,0.38178793,1
-57.635788,-21.638529,0.004274866,0.6075143,0.24557066,0
-57.826385,-20.71949,0.010231885,0.015352608,0.0122801745,0
-58.00901,-19.788904,0.16234933,0.0,0.0974096,0
-58.18382,-18.847517,0.4517784,0.0,0.27106705,1
-58.350403,-17.895313,0.61508936,0.0,0.36905363,1
-58.508762,-16.932861,0.76930887,0.0,0.46158534,1
-58.65867,-15.960441,0.86539763,0.0,0.5192386,2
-58.799973,-14.978466,0.9135245,0.0,0.5481147,2
-58.932617,-13.987474,0.89646995,0.0,0.537882,2
-59.056282,-12.987761,0.92714494,0.0,0.556287,2
-59.17112,-11.980083,0.94339806,0.0,0.56603885,2
-59.276638,-10.964651,0.95829415,0.0,0.5749765,2
-59.373188,-9.9424,0.9586837,0.0,0.5752103,2
-59.4601,-8.913498,0.96759874,0.0,0.58055925,2
-59.537926,-7.878979,0.98242915,0.0,0.5894575,2
-59.60588,-6.8390646,0.9871257,0.0,0.59227544,2
-59.66456,-5.794759,0.9881612,0.0,0.59289676,2
-59.713318,-4.746468,0.9891811,0.0,0.59350866,2
-59.752586,-3.6950574,0.9890878,0.0,0.5934527,2
-59.781933,-2.6411061,0.9902941,0.0,0.5941765,2
-59.801617,-1.5853863,0.9908999,0.0,0.59454,2
-59.81141,-0.528582,0.9910381,0.0,0.59462285,2
-59.81141,0.528582,0.9906701,0.0,0.5944021,2
-59.801617,1.5853863,0.99062765,0.0,0.5943766,2
-59.781933,2.6411061,0.9903616,0.0,0.59421694,2
-59.752586,3.6950574,0.99135137,0.0,0.59481084,2
-59.713318,4.746468,0.99108946,0.0,0.5946537,2
-59.66456,5.794759,0.99137306,0.0,0.59482384,2
-59.60588,6.8390646,0.99131036,0.0,0.5947862,2
-59.537926,7.878979,0.9913186,0.0,0.5947912,2
-59.4601,8.913498,0.99113715,0.0,0.59468234,2
-59.373188,9.9424,0.9908668,0.0,0.5945201,2
-59.276638,10.964651,0.98970795,0.0,0.5938248,2
-59.17112,11.980083,0.9851177,0.0,0.59107065,2
-59.056282,12.987761,0.98549336,0.0,0.591296,2
-58.932617,13.987474,0.98968387,0.0,0.5938103,2
-58.799973,14.978466,0.99035066,0.0,0.59421045,2
-58.65867,15.960441,0.9905428,0.0,0.5943257,2
-58.508762,16.932861,0.9904745,0.0,0.5942847,2
-58.350403,17.895313,0.9881412,0.0,0.5928847,2
-58.18382,18.847517,0.96996486,0.0,0.5819789,2
-58.00901,19.788904,0.9442598,0.0,0.5665559,2
-57.826385,20.71949,0.93999517,0.0,0.56399715,2
-57.635788,21.638529,0.8896319,0.0,0.5337792,2
-57.437775,22.546343,0.7916463,0.0,0.4749878,1
-57.232063,23.441982,0.508416,0.0,0.3050496,1
-57.019344,24.326073,0.20610198,0.0,0.1236612,0
-56.799248,25.19754,0.0073558716,0.0,0.0044135232,0
-56.572456,26.057116,0.002002585,0.0,0.0012015511,0
-56.33873,26.90392,0.00092233525,0.0,0.0005534012,0
-56.0986,27.738495,0.000728353,0.0,0.0004370118,0
-55.851967,28.56026,0.00066000986,0.0,0.00039600593,0
-55.599205,29.369555,0.0006412327,0.0,0.00038473963,0
-55.34037,30.166088,0.0006380788,0.0,0.0003828473,0
-55.075703,30.949993,0.000638292,0.0,0.0003829752,0
-54.805378,31.721275,0.0006383354,0.0,0.00038300126,0
-54.52951,32.47984,0.0006383668,0.0,0.0003830201,0
-54.248383,33.22599,0.0006383716,0.0,0.000383023,0
-53.962013,33.959408,0.0006383716,0.0,0.000383023,0
-53.670765,34.68067,0.00063837104,0.0,0.00038302265,0
-53.374565,35.389256,0.00063837075,0.0,0.00038302247,0
-53.073875,36.086006,0.00063837104,0.0,0.00038302265,0
-52.768513,36.770164,0.00063837104,0.0,0.00038302265,0
-52.458977,37.44275,0.00063837104,0.0,0.00038302265,0
-52.145123,38.103073,0.00063837104,0.0,0.00038302265,0
-51.82736,38.752003,0.00063837104,0.0,0.00038302265,0
-51.50564,39.38908,0.00063837104,0.0,0.00038302265,0
-51.18026,40.01494,0.00063837104,0.0,0.00038302265,0
-50.851254,40.629387,0.00063837104,0.0,0.00038302265,0
-50.518833,41.232815,0.00063837104,0.0,0.00038302265,0
-50.18311,41.825283,0.00063837104,0.0,0.00038302265,0
-49.844208,42.406956,0.00063837104,0.0,0.00038302265,0
-49.5023,42.97812,0.00063837104,0.0,0.00038302265,0
-49.157455,43.538742,0.00063837104,0.0,0.00038302265,0
-48.809883,44.089306,0.00063837104,0.0,0.00038302265,0
-48.459595,44.62959,0.00063837104,0.0,0.00038302265,0
-48.10684,45.16027,0.00063837104,0.0,0.00038302265,0
-47.75159,45.680927,0.00063837104,0.0,0.00038302265,0
-47.39412,46.19241,0.00063837104,0.0,0.00038302265,0
-47.034378,46.6942,0.0006384559,0.0,0.00038307355,0
-46.672615,47.187126,0.0006364523,0.0,0.0003818714,0
-46.308826,47.670826,0.00063851406,0.0,0.00038310845,0
-45.9432,48.14592,0.00061591144,0.0,0.00036954688,0
-45.575768,48.612225,0.00058596703,0.0,0.00035158024,0
-45.20668,49.07019,0.0006016315,0.0,0.00036097888,0
-44.836,49.5198,0.00078726263,0.0,0.00047235758,0
-45.16757,-50.07276,0.0012575969,0.0,0.0007545582,0
-45.54219,-49.62455,0.0009086667,0.0,0.0005452,0
-45.91526,-49.167873,0.00062122586,0.0,0.00037273552,0
-46.28671,-48.702724,0.00063243276,0.0,0.00037945967,0
-46.656395,-48.22866,0.0006374557,0.0,0.00038247346,0
-47.024292,-47.745853,0.0006379955,0.0,0.0003827973,0
-47.390198,-47.25367,0.0006383699,0.0,0.00038302195,0
-47.754124,-46.75248,0.00063837104,0.0,0.00038302265,0
-48.115818,-46.241417,0.00063837104,0.0,0.00038302265,0
-48.475327,-45.72101,0.00063837104,0.0,0.00038302265,0
-48.83238,-45.19039,0.00063837104,0.0,0.00038302265,0
-49.187004,-44.64998,0.00063837104,0.0,0.00038302265,0
-49.538944,-44.09907,0.00063837104,0.0,0.00038302265,0
-49.88819,-43.53789,0.00063837104,0.0,0.00038302265,0
-50.23453,-42.965935,0.000638372,0.0,0.0003830232,0
-50.577896,-42.383224,0.0006383689,0.0,0.00038302134,0
-50.91811,-41.789467,0.0006374275,0.0,0.00038245652,0
-51.25504,-41.18448,0.00063790276,0.0,0.00038274168,0
-51.588585,-40.568188,0.0006291533,0.0,0.000377492,0
-51.918526,-39.940186,0.00062241533,0.06851519,0.027779525,0
-52.244827,-39.30066,0.00069583266,0.46887514,0.18796755,0
-52.567184,-38.648952,0.0011157172,0.9044562,0.3624519,1
-52.885643,-37.98552,0.0042633372,0.8730746,0.35178784,1
-53.199795,-37.309456,0.016320044,0.9506745,0.39006183,1
-53.50978,-36.621468,0.0037164825,0.9871017,0.3970706,1
-53.8151,-35.920486,0.001157359,0.942672,0.37776324,1
-54.11592,-35.207287,0.0007999856,0.9361768,0.3749507,1
-54.41178,-34.480972,0.000633894,0.99583423,0.39871404,1
-54.70276,-33.742092,0.00063685916,0.6621594,0.26524588,1
-54.988472,-32.990025,0.0006388942,0.9379996,0.3755832,1
-55.268917,-32.225094,0.0006445767,0.41141257,0.16495177,0
-55.543785,-31.446964,0.00065116864,0.9600901,0.38442674,1
-55.812965,-30.655733,0.00065635506,0.70212805,0.28124502,1
-56.07628,-29.851372,0.0006913336,0.03138053,0.012967012,0
-56.333473,-29.03373,0.00081578566,0.0,0.0004894714,0
-56.584496,-28.203106,0.0010537725,0.0,0.00063226355,0
-56.82896,-27.359123,0.0014998419,0.0,0.00089990516,0
-57.066956,-26.50239,0.0036346982,0.0,0.002180819,0
-57.297935,-25.632315,0.035180356,0.015659194,0.02737189,0
-57.52216,-24.749807,0.2175965,0.026257806,0.14106104,0
-57.738926,-23.854095,0.21834609,0.48552617,0.32521814,1
-57.948586,-22.94629,0.015961654,0.8746985,0.35945642,1
-58.150444,-22.025723,0.019545356,0.9978709,0.4108756,1
-58.344795,-21.093382,0.12001735,0.13032158,0.12413904,0
-58.531048,-20.148914,0.14649646,0.0,0.08789788,0
-58.709373,-19.193096,0.33211857,0.0,0.19927116,0
-58.87934,-18.2259,0.66271466,0.0,0.3976288,1
-59.040943,-17.247921,0.8752606,0.0,0.5251564,2
-59.193954,-16.259445,0.9037055,0.0,0.54222333,2
-59.338203,-15.260893,0.9227824,0.0,0.55366945,2
-59.47364,-14.2528305,0.9176248,0.0,0.5505749,2
-59.59993,-13.235561,0.92528754,0.0,0.55517256,2
-59.71723,-12.20988,0.94732004,0.0,0.56839204,2
-59.825016,-11.176005,0.9738255,0.0,0.58429533,2
-59.923664,-10.134918,0.982262,0.0,0.58935726,2
-60.012474,-9.086798,0.9851725,0.0,0.59110355,2
-60.092,-8.032729,0.9895616,0.0,0.593737,2
-60.161446,-6.972948,0.9898836,0.0,0.5939302,2
-60.221428,-5.908515,0.98965997,0.0,0.593796,2
-60.271263,-4.839859,0.9904357,0.0,0.59426147,2
-60.31141,-3.7678971,0.98700446,0.0,0.5922027,2
-60.3414,-2.6932418,0.98797566,0.0,0.5927854,2
-60.36152,-1.6167116,0.99001044,0.0,0.5940063,2
-60.37154,-0.53903097,0.99162537,0.0,0.59497523,2
-60.37154,0.53903097,0.9914352,0.0,0.59486115,2
-60.36152,1.6167116,0.9914027,0.0,0.59484166,2
-60.3414,2.6932418,0.9913675,0.0,0.59482056,2
-60.31141,3.7678971,0.99131715,0.0,0.59479034,2
-60.271263,4.839859,0.9912895,0.0,0.5947737,2
-60.221428,5.908515,0.9912335,0.0,0.59474015,2
-60.161446,6.972948,0.99108523,0.0,0.59465116,2
-60.092,8.032729,0.9910828,0.0,0.5946497,2
-60.012474,9.086798,0.9910228,0.0,0.59461373,2
-59.923664,10.134918,0.9910097,0.0,0.59460586,2
-59.825016,11.176005,0.9907018,0.0,0.5944211,2
-59.71723,12.20988,0.98951554,0.0,0.59370935,2
-59.59993,13.235561,0.9901721,0.0,0.5941033,2
-59.47364,14.2528305,0.990364,0.0,0.59421843,2
-59.338203,15.260893,0.98777264,0.0,0.5926636,2
-59.193954,16.259445,0.98918253,0.0,0.59350955,2
-59.040943,17.247921,0.9895822,0.0,0.59374934,2
-58.87934,18.2259,0.9900175,0.0,0.59401053,2
-58.709373,19.193096,0.9750683,0.0,0.585041,2
-58.531048,20.148914,0.94149,0.0,0.564894,2
-58.344795,21.093382,0.91036445,0.0,0.5462187,2
-58.150444,22.025723,0.89461535,0.0,0.5367692,2
-57.948586,22.94629,0.72848725,0.0,0.43709236,1
-57.738926,23.854095,0.23639388,0.0,0.14183633,0
-57.52216,24.749807,0.026947878,0.0,0.016168728,0
-57.297935,25.632315,0.0054003703,0.0,0.0032402223,0
-57.066956,26.50239,0.0014361214,0.0,0.00086167286,0
-56.82896,27.359123,0.00076959614,0.0,0.0004617577,0
-56.584496,28.203106,0.00064882607,0.0,0.00038929566,0
-56.333473,29.03373,0.0006384435,0.0,0.00038306613,0
-56.07628,29.851372,0.0006375918,0.0,0.0003825551,0
-55.812965,30.655733,0.0006379706,0.0,0.00038278237,0
-55.543785,31.446964,0.00063829287,0.0,0.00038297573,0
-55.268917,32.225094,0.00063834793,0.0,0.00038300877,0
-54.988472,32.990025,0.0006383762,0.0,0.00038302576,0
-54.70276,33.742092,0.00063837535,0.0,0.00038302524,0
-54.41178,34.480972,0.000638372,0.0,0.0003830232,0
-54.11592,35.207287,0.0006383716,0.0,0.000383023,0
-53.8151,35.920486,0.00063837133,0.0,0.00038302282,0
-53.50978,36.621468,0.00063837104,0.0,0.00038302265,0
-53.199795,37.309456,0.00063837104,0.0,0.00038302265,0
-52.885643,37.98552,0.00063837104,0.0,0.00038302265,0
-52.567184,38.648952,0.00063837104,0.0,0.00038302265,0
-52.244827,39.30066,0.00063837104,0.0,0.00038302265,0
-51.918526,39.940186,0.00063837104,0.0,0.00038302265,0
-51.588585,40.568188,0.00063837104,0.0,0.00038302265,0
-51.25504,41.18448,0.00063837104,0.0,0.00038302265,0
-50.91811,41.789467,0.00063837104,0.0,0.00038302265,0
-50.577896,42.383224,0.00063837104,0.0,0.00038302265,0
-50.23453,42.965935,0.00063837104,0.0,0.00038302265,0
-49.88819,43.53789,0.00063837104,0.0,0.00038302265,0
-49.538944,44.09907,0.00063837104,0.0,0.00038302265,0
-49.187004,44.64998,0.00063837104,0.0,0.00038302265,0
-48.83238,45.19039,0.00063837104,0.0,0.00038302265,0
-48.475327,45.72101,0.00063837104,0.0,0.00038302265,0
-48.115818,46.241417,0.00063837104,0.0,0.00038302265,0
-47.754124,46.75248,0.00063837104,0.0,0.00038302265,0
-47.390198,47.25367,0.0006384559,0.0,0.00038307355,0
-47.024292,47.745853,0.0006364523,0.0,0.0003818714,0
-46.656395,48.22866,0.00063851406,0.0,0.00038310845,0
-46.28671,48.702724,0.00061591144,0.0,0.00036954688,0
-45.91526,49.167873,0.00058596703,0.0,0.00035158024,0
-45.54219,49.62455,0.0006016315,0.0,0.00036097888,0
-45.16757,50.07276,0.00078726263,0.0,0.00047235758,0
-45.496098,-50.63473,0.0012575969,0.0,0.0007545582,0
-45.87467,-50.188107,0.0009086667,0.0,0.0005452,0
-46.251736,-49.732906,0.00062122586,0.0,0.00037273552,0
-46.627224,-49.26912,0.00063243276,0.0,0.00037945967,0
-47.001,-48.796284,0.0006374557,0.0,0.00038247346,0
-47.37302,-48.31458,0.0006379955,0.0,0.0003827973,0
-47.743095,-47.82334,0.0006383699,0.0,0.00038302195,0
-48.111233,-47.32295,0.00063837104,0.0,0.00038302265,0
-48.47719,-46.812515,0.00063837104,0.0,0.00038302265,0
-48.84099,-46.292572,0.00063837104,0.0,0.00038302265,0
-49.202374,-45.76222,0.00063837104,0.0,0.00038302265,0
-49.561367,-45.22189,0.00063837104,0.0,0.00038302265,0
-49.917717,-44.67084,0.00063837104,0.0,0.00038302265,0
-50.27141,-44.109314,0.00063837104,0.0,0.00038302265,0
-50.622234,-43.53677,0.0006383716,0.0,0.000383023,0
-50.970104,-42.95323,0.0006383683,0.0,0.000383021,0
-51.31486,-42.35838,0.00063756725,0.0,0.00038254037,0
-51.65637,-41.75203,0.00063862454,0.0,0.00038317475,0
-51.99451,-41.134094,0.00062952604,0.0,0.00037771565,0
-52.32907,-40.504143,0.00062442565,0.32939976,0.13213457,0
-52.660015,-39.86235,0.0006919842,0.9961054,0.39885733,1
-52.987034,-39.208042,0.0013177828,0.9830116,0.3939953,1
-53.310173,-38.54167,0.010940604,0.89108735,0.3629993,1
-53.629017,-37.86229,0.22895356,0.9376183,0.51241946,2
-53.9437,-37.17062,0.018319901,0.40273166,0.17208461,0
-54.253727,-36.46555,0.0014676661,0.09005901,0.036904205,0
-54.55925,-35.747864,0.00077638106,0.39423475,0.15815973,0
-54.859814,-35.01662,0.0006504937,0.6260998,0.25083023,1
-55.15549,-34.272377,0.0006365785,0.99576867,0.39868942,1
-55.445892,-33.514477,0.00064200966,0.64396805,0.25797242,1
-55.730995,-32.743244,0.00065012375,0.9956839,0.39866364,1
-56.01051,-31.958323,0.00066773087,0.8937169,0.3578874,1
-56.284306,-31.159786,0.0006950817,0.9918494,0.39715683,1
-56.5522,-30.3476,0.00077436166,0.72545046,0.2906448,1
-56.813934,-29.521605,0.0009010869,0.46149445,0.18513843,0
-57.069447,-28.68208,0.0011859676,0.066126615,0.027162228,0
-57.318356,-27.828627,0.0017386575,0.0,0.0010431946,0
-57.560722,-26.961859,0.0049281055,0.0,0.0029568635,0
-57.79602,-26.081165,0.04911561,0.0,0.029469367,0
-58.024483,-25.187466,0.37496167,0.0,0.22497702,0
-58.245403,-24.279947,0.42784876,0.094813794,0.2946348,1
-58.459126,-23.359753,0.3887643,0.33151197,0.36586338,1
-58.66495,-22.426182,0.24592347,0.91939616,0.51531255,2
-58.863155,-21.48025,0.35845944,0.1898077,0.29099876,1
-59.05316,-20.521576,0.60523975,0.0,0.36314386,1
-59.235104,-19.550968,0.6388546,0.0,0.3833128,1
-59.40856,-18.56839,0.7930336,0.0,0.47582018,1
-59.573524,-17.574451,0.90785724,0.0,0.5447144,2
-59.729744,-16.569445,0.9105197,0.0,0.54631186,2
-59.877045,-15.553812,0.92975897,0.0,0.5578554,2
-60.015366,-14.528139,0.9365345,0.0,0.56192076,2
-60.144375,-13.492737,0.9579855,0.0,0.5747913,2
-60.264206,-12.448445,0.9814192,0.0,0.5888516,2
-60.37435,-11.395485,0.98652565,0.0,0.5919154,2
-60.475163,-10.33489,0.9859766,0.0,0.591586,2
-60.565933,-9.266846,0.9867791,0.0,0.5920675,2
-60.647232,-8.192502,0.9891305,0.0,0.5934783,2
-60.718227,-7.112102,0.99061906,0.0,0.59437144,2
-60.779552,-6.026769,0.99107414,0.0,0.5946445,2
-60.830517,-4.9369564,0.9912286,0.0,0.5947372,2
-60.871567,-3.8436363,0.9899379,0.0,0.5939628,2
-60.902237,-2.7474573,0.9843263,0.0,0.5905958,2
-60.92282,-1.6492879,0.9828131,0.0,0.5896879,2
-60.933056,-0.5498977,0.99048257,0.0,0.59428954,2
-60.933056,0.5498977,0.99154645,0.0,0.5949279,2
-60.92282,1.6492879,0.9912621,0.0,0.59475726,2
-60.902237,2.7474573,0.99112564,0.0,0.5946754,2
-60.871567,3.8436363,0.9910945,0.0,0.59465677,2
-60.830517,4.9369564,0.9910449,0.0,0.59462696,2
-60.779552,6.026769,0.9908125,0.0,0.5944875,2
-60.718227,7.112102,0.99100566,0.0,0.5946034,2
-60.647232,8.192502,0.9910295,0.0,0.5946177,2
-60.565933,9.266846,0.9911451,0.0,0.59468704,2
-60.475163,10.33489,0.99102473,0.0,0.59461486,2
-60.37435,11.395485,0.9909567,0.0,0.59457403,2
-60.264206,12.448445,0.9907102,0.0,0.59442616,2
-60.144375,13.492737,0.99033266,0.0,0.5941996,2
-60.015366,14.528139,0.9884545,0.0,0.5930727,2
-59.877045,15.553812,0.9823271,0.0,0.5893963,2
-59.729744,16.569445,0.9718499,0.0,0.58311,2
-59.573524,17.574451,0.97692436,0.0,0.58615464,2
-59.40856,18.56839,0.98815954,0.0,0.59289575,2
-59.235104,19.550968,0.9855122,0.0,0.59130734,2
-59.05316,20.521576,0.94739395,0.0,0.5684364,2
-58.863155,21.48025,0.90087795,0.0,0.5405268,2
-58.66495,22.426182,0.8505995,0.0,0.51035976,2
-58.459126,23.359753,0.6052158,0.0,0.3631295,1
-58.245403,24.279947,0.22426106,0.0,0.13455664,0
-58.024483,25.187466,0.22173797,0.0,0.13304278,0
-57.79602,26.081165,0.010391825,0.0,0.006235095,0
-57.560722,26.961859,0.0015051988,0.0,0.0009031193,0
-57.318356,27.828627,0.0007804445,0.0,0.0004682667,0
-57.069447,28.68208,0.0006320842,0.0,0.00037925053,0
-56.813934,29.521605,0.00063370884,0.0,0.00038022533,0
-56.5522,30.3476,0.00063708343,0.0,0.0003822501,0
-56.284306,31.159786,0.00063760555,0.0,0.00038256336,0
-56.01051,31.958323,0.0006381022,0.0,0.00038286133,0
-55.730995,32.743244,0.000638267,0.0,0.00038296022,0
-55.445892,33.514477,0.0006383057,0.0,0.00038298342,0
-55.15549,34.272377,0.0006383823,0.0,0.00038302937,0
-54.859814,35.01662,0.0006383671,0.0,0.00038302026,0
-54.55925,35.747864,0.0006383744,0.0,0.00038302466,0
-54.253727,36.46555,0.000638372,0.0,0.0003830232,0
-53.9437,37.17062,0.00063837104,0.0,0.00038302265,0
-53.629017,37.86229,0.00063837104,0.0,0.00038302265,0
-53.310173,38.54167,0.00063837104,0.0,0.00038302265,0
-52.987034,39.208042,0.00063837104,0.0,0.00038302265,0
-52.660015,39.86235,0.00063837104,0.0,0.00038302265,0
-52.32907,40.504143,0.00063837104,0.0,0.00038302265,0
-51.99451,41.134094,0.00063837104,0.0,0.00038302265,0
-51.65637,41.75203,0.00063837104,0.0,0.00038302265,0
-51.31486,42.35838,0.00063837104,0.0,0.00038302265,0
-50.970104,42.95323,0.00063837104,0.0,0.00038302265,0
-50.622234,43.53677,0.00063837104,0.0,0.00038302265,0
-50.27141,44.109314,0.00063837104,0.0,0.00038302265,0
-49.917717,44.67084,0.00063837104,0.0,0.00038302265,0
-49.561367,45.22189,0.00063837104,0.0,0.00038302265,0
-49.202374,45.76222,0.00063837104,0.0,0.00038302265,0
-48.84099,46.292572,0.00063837104,0.0,0.00038302265,0
-48.47719,46.812515,0.00063837104,0.0,0.00038302265,0
-48.111233,47.32295,0.00063837104,0.0,0.00038302265,0
-47.743095,47.82334,0.0006384559,0.0,0.00038307355,0
-47.37302,48.31458,0.0006364523,0.0,0.0003818714,0
-47.001,48.796284,0.00063851406,0.0,0.00038310845,0
-46.627224,49.26912,0.00061591144,0.0,0.00036954688,0
-46.251736,49.732906,0.00058596703,0.0,0.00035158024,0
-45.87467,50.188107,0.0006016315,0.0,0.00036097888,0
-45.496098,50.63473,0.00078726263,0.0,0.00047235758,0
-45.821354,-51.20607,0.0012575969,0.0,0.0007545582,0
-46.203896,-50.761246,0.0009086667,0.0,0.0005452,0
-46.584976,-50.30773,0.00062122586,0.0,0.00037273552,0
-46.96453,-49.84552,0.00063243276,0.0,0.00037945967,0
-47.342407,-49.37413,0.0006374557,0.0,0.00038247346,0
-47.718582,-48.89374,0.0006379955,0.0,0.0003827973,0
-48.09285,-48.40367,0.0006383699,0.0,0.00038302195,0
-48.465233,-47.9043,0.00063837104,0.0,0.00038302265,0
-48.835464,-47.394722,0.00063837104,0.0,0.00038302265,0
-49.20359,-46.875465,0.00063837104,0.0,0.00038302265,0
-49.56935,-46.34561,0.00063837104,0.0,0.00038302265,0
-49.93275,-45.805588,0.00063837104,0.0,0.00038302265,0
-50.293556,-45.254635,0.00063837104,0.0,0.00038302265,0
-50.65174,-44.692978,0.00063837104,0.0,0.00038302265,0
-51.00708,-44.12008,0.0006383716,0.0,0.000383023,0
-51.359512,-43.535934,0.00063837017,0.0,0.00038302212,0
-51.70887,-42.94022,0.0006378085,0.0,0.00038268513,0
-52.055,-42.332726,0.0006388501,0.0,0.00038331008,0
-52.397804,-41.71336,0.00063212065,0.0,0.00037927242,0
-52.737053,-41.081665,0.00063643954,0.03202081,0.013190188,0
-53.0727,-40.43782,0.0007269498,0.70584446,0.28277394,1
-53.404457,-39.781113,0.0010157373,0.9528437,0.38174692,1
-53.732346,-39.11199,0.0041729324,0.7030728,0.28373286,1
-54.055958,-38.42948,0.012436921,0.17834504,0.07880017,0
-54.37542,-37.734306,0.0032711148,0.18527362,0.07607212,0
-54.69023,-37.025307,0.0010434516,0.26239473,0.105583966,0
-55.000557,-36.303288,0.00074781163,0.81936073,0.32819298,1
-55.30591,-35.567253,0.0006489989,0.997323,0.3993186,1
-55.606377,-34.817764,0.00064135983,0.9261398,0.37084073,1
-55.901558,-34.05414,0.00064750994,0.73508894,0.2944241,1
-56.191425,-33.276695,0.00065708754,0.6582657,0.26370054,1
-56.475685,-32.485043,0.0006900063,0.99057674,0.3966447,1
-56.75421,-31.679255,0.0007605311,0.5838612,0.23400079,0
-57.026794,-30.859272,0.00089147576,0.65531635,0.26266143,1
-57.293182,-30.024912,0.0011125676,0.997784,0.39978117,1
-57.5533,-29.176456,0.0019894294,0.19091733,0.07756059,0
-57.806763,-28.313477,0.0046734484,0.0,0.002804069,0
-58.053627,-27.436598,0.012432546,0.0,0.0074595283,0
-58.29336,-26.545158,0.08155201,0.0,0.048931208,0
-58.526176,-25.64012,0.4356011,0.0,0.26136068,1
-58.751373,-24.720604,0.57315993,0.0,0.34389597,1
-58.969284,-23.787804,0.532425,0.01650156,0.32605562,1
-59.17919,-22.840965,0.41938385,0.05349376,0.27302784,1
-59.381386,-21.881145,0.5747597,0.0,0.34485584,1
-59.57525,-20.907932,0.7871054,0.0,0.47226325,1
-59.760933,-19.922157,0.83147603,0.0,0.49888563,1
-59.937996,-18.923779,0.892733,0.0,0.5356398,2
-60.106426,-17.91342,0.91232824,0.0,0.54739696,2
-60.26596,-16.891384,0.92499596,0.0,0.5549976,2
-60.41642,-15.858131,0.9558235,0.0,0.57349414,2
-60.55774,-14.814268,0.9809074,0.0,0.5885444,2
-60.68956,-13.760117,0.9881287,0.0,0.59287727,2
-60.812035,-12.696554,0.99036646,0.0,0.5942199,2
-60.92462,-11.623816,0.9906872,0.0,0.5944123,2
-61.02768,-10.542985,0.9891818,0.0,0.59350914,2
-61.12049,-9.454258,0.9841787,0.0,0.59050727,2
-61.20362,-8.358847,0.98596025,0.0,0.59157616,2
-61.27623,-7.257009,0.990475,0.0,0.594285,2
-61.33895,-6.149934,0.9914438,0.0,0.59486634,2
-61.391075,-5.038101,0.991115,0.0,0.594669,2
-61.43307,-3.9225416,0.991045,0.0,0.594627,2
-61.464455,-2.8039443,0.9861902,0.0,0.59171414,2
-61.485504,-1.6832314,0.98316437,0.0,0.58989865,2
-61.495983,-0.56122065,0.98979783,0.0,0.59387875,2
-61.495983,0.56122065,0.99133533,0.0,0.59480125,2
-61.485504,1.6832314,0.99128026,0.0,0.59476817,2
-61.464455,2.8039443,0.99120444,0.0,0.5947227,2
-61.43307,3.9225416,0.9912913,0.0,0.5947748,2
-61.391075,5.038101,0.9908958,0.0,0.5945375,2
-61.33895,6.149934,0.9893364,0.0,0.5936018,2
-61.27623,7.257009,0.99088216,0.0,0.59452933,2
-61.20362,8.358847,0.9912531,0.0,0.5947519,2
-61.12049,9.454258,0.99133134,0.0,0.5947988,2
-61.02768,10.542985,0.9913852,0.0,0.59483117,2
-60.92462,11.623816,0.9913557,0.0,0.59481347,2
-60.812035,12.696554,0.9911175,0.0,0.59467053,2
-60.68956,13.760117,0.9898837,0.0,0.59393024,2
-60.55774,14.814268,0.98894787,0.0,0.59336877,2
-60.41642,15.858131,0.98612714,0.0,0.5916763,2
-60.26596,16.891384,0.97312963,0.0,0.5838778,2
-60.106426,17.91342,0.97400624,0.0,0.58440375,2
-59.937996,18.923779,0.9798356,0.0,0.5879014,2
-59.760933,19.922157,0.9847307,0.0,0.59083843,2
-59.57525,20.907932,0.9568805,0.0,0.5741283,2
-59.381386,21.881145,0.9024304,0.0,0.54145825,2
-59.17919,22.840965,0.82968575,0.0,0.49781147,1
-58.969284,23.787804,0.6774477,0.0,0.40646863,1
-58.751373,24.720604,0.53653914,0.0,0.3219235,1
-58.526176,25.64012,0.38142088,0.0,0.22885254,0
-58.29336,26.545158,0.049168035,0.0,0.029500822,0
-58.053627,27.436598,0.0020025251,0.0,0.0012015151,0
-57.806763,28.313477,0.00074904517,0.0,0.0004494271,0
-57.5533,29.176456,0.00064495514,0.0,0.00038697312,0
-57.293182,30.024912,0.00063822535,0.0,0.00038293522,0
-57.026794,30.859272,0.00063813536,0.0,0.00038288123,0
-56.75421,31.679255,0.00063769,0.0,0.00038261403,0
-56.475685,32.485043,0.00063784525,0.0,0.00038270716,0
-56.191425,33.276695,0.000637354,0.0,0.0003824124,0
-55.901558,34.05414,0.0006379852,0.0,0.00038279113,0
-55.606377,34.817764,0.0006382095,0.0,0.00038292573,0
-55.30591,35.567253,0.00063833577,0.0,0.0003830015,0
-55.000557,36.303288,0.00063837226,0.0,0.00038302338,0
-54.69023,37.025307,0.0006383762,0.0,0.00038302576,0
-54.37542,37.734306,0.0006383716,0.0,0.000383023,0
-54.055958,38.42948,0.00063837133,0.0,0.00038302282,0
-53.732346,39.11199,0.00063837075,0.0,0.00038302247,0
-53.404457,39.781113,0.00063837104,0.0,0.00038302265,0
-53.0727,40.43782,0.00063837104,0.0,0.00038302265,0
-52.737053,41.081665,0.00063837104,0.0,0.00038302265,0
-52.397804,41.71336,0.00063837104,0.0,0.00038302265,0
-52.055,42.332726,0.00063837104,0.0,0.00038302265,0
-51.70887,42.94022,0.00063837104,0.0,0.00038302265,0
-51.359512,43.535934,0.00063837104,0.0,0.00038302265,0
-51.00708,44.12008,0.00063837104,0.0,0.00038302265,0
-50.65174,44.692978,0.00063837104,0.0,0.00038302265,0
-50.293556,45.254635,0.00063837104,0.0,0.00038302265,0
-49.93275,45.805588,0.00063837104,0.0,0.00038302265,0
-49.56935,46.34561,0.00063837104,0.0,0.00038302265,0
-49.20359,46.875465,0.00063837104,0.0,0.00038302265,0
-48.835464,47.394722,0.00063837104,0.0,0.00038302265,0
-48.465233,47.9043,0.00063837104,0.0,0.00038302265,0
-48.09285,48.40367,0.0006384559,0.0,0.00038307355,0
-47.718582,48.89374,0.0006364523,0.0,0.0003818714,0
-47.342407,49.37413,0.00063851406,0.0,0.00038310845,0
-46.96453,49.84552,0.00061591144,0.0,0.00036954688,0
-46.584976,50.30773,0.00058596703,0.0,0.00035158024,0
-46.203896,50.761246,0.0006016315,0.0,0.00036097888,0
-45.821354,51.20607,0.00078726263,0.0,0.00047235758,0
-46.14337,-51.786488,0.0012575969,0.0,0.0007545582,0
-46.529892,-51.343666,0.0009086667,0.0,0.0005452,0
-46.915,-50.892048,0.00062122586,0.0,0.00037273552,0
-47.298626,-50.43162,0.00063243276,0.0,0.00037945967,0
-47.680634,-49.9619,0.0006374557,0.0,0.00038247346,0
-48.060974,-49.483044,0.0006379955,0.0,0.0003827973,0
-48.439465,-48.99436,0.0006383699,0.0,0.00038302195,0
-48.81611,-48.49624,0.00063837104,0.0,0.00038302265,0
-49.190655,-47.987743,0.00063837104,0.0,0.00038302265,0
-49.56314,-47.4694,0.00063837104,0.0,0.00038302265,0
-49.933292,-46.94027,0.00063837104,0.0,0.00038302265,0
-50.301144,-46.40078,0.00063837104,0.0,0.00038302265,0
-50.66643,-45.850155,0.00063837104,0.0,0.00038302265,0
-51.02915,-45.288616,0.00063837104,0.0,0.00038302265,0
-51.38906,-44.71558,0.00063837104,0.0,0.00038302265,0
-51.7461,-44.13106,0.0006383732,0.0,0.00038302393,0
-52.1001,-43.534714,0.0006380663,0.0,0.00038283982,0
-52.450912,-42.926308,0.0006387624,0.0,0.00038325743,0
-52.79843,-42.305733,0.0006355346,0.0,0.00038132077,0
-53.142426,-41.672523,0.0006574365,0.028769298,0.0119021805,0
-53.48285,-41.026836,0.0006964875,0.5509211,0.22078632,0
-53.819405,-40.367928,0.00067919306,0.30119792,0.12088668,0
-54.152115,-39.696266,0.0009016422,0.82946104,0.3323254,1
-54.480564,-39.010822,0.0011160473,0.9464219,0.3792384,1
-54.804886,-38.31233,0.00092075433,0.89165014,0.3572125,1
-55.12457,-37.599575,0.0008189705,0.9000876,0.3605264,1
-55.439766,-36.873375,0.00071083085,0.9864843,0.39502022,1
-55.750004,-36.132706,0.00065772136,0.72815406,0.2916563,1
-56.055347,-35.378117,0.0006526476,0.7946948,0.31826952,1
-56.3554,-34.60889,0.0006585844,0.66879,0.26791114,1
-56.65014,-33.825333,0.00068159454,0.13663144,0.055061534,0
-56.939243,-33.027035,0.0007351636,0.99617654,0.3989117,1
-57.222595,-32.21405,0.0008716625,0.7864882,0.31511828,1
-57.49997,-31.386307,0.0010409927,0.78222114,0.31351307,1
-57.771126,-30.5436,0.0016672655,0.9932806,0.3983126,1
-58.035965,-29.686203,0.0043374863,0.20270114,0.083682954,0
-58.294098,-28.813656,0.0853192,0.0,0.05119152,0
-58.545578,-27.926592,0.2376568,0.0,0.14259408,0
-58.78986,-27.024305,0.3617726,0.0,0.21706356,0
-59.027157,-26.107786,0.54245603,0.0,0.32547364,1
-59.256737,-25.176107,0.7017949,0.0,0.42107698,1
-59.478962,-24.230492,0.71378046,0.0,0.42826828,1
-59.693077,-23.27014,0.5685814,0.0,0.34114885,1
-59.89937,-22.296146,0.7269233,0.0,0.43615398,1
-60.09722,-21.308065,0.84982884,0.0,0.50989735,2
-60.28677,-20.306759,0.88378954,0.0,0.53027374,2
-60.467552,-19.292168,0.92092246,0.0,0.5525535,2
-60.639572,-18.26494,0.9154428,0.0,0.54926574,2
-60.80253,-17.225384,0.9264582,0.0,0.55587494,2
-60.956257,-16.173971,0.97205365,0.0,0.5832322,2
-61.100666,-15.11134,0.98947644,0.0,0.59368587,2
-61.235413,-14.037819,0.99106467,0.0,0.5946388,2
-61.360607,-12.9543295,0.9910217,0.0,0.594613,2
-61.47573,-11.8611145,0.99111605,0.0,0.59466964,2
-61.58112,-10.7593155,0.99051255,0.0,0.59430754,2
-61.67605,-9.649137,0.98684883,0.0,0.5921093,2
-61.76108,-8.531861,0.98622406,0.0,0.59173447,2
-61.83537,-7.407757,0.990576,0.0,0.5943456,2
-61.89954,-6.2780867,0.99122494,0.0,0.59473497,2
-61.952873,-5.1433573,0.9898318,0.0,0.59389913,2
-61.995853,-4.004665,0.9905551,0.0,0.5943331,2
-62.02796,-2.86274,0.985796,0.0,0.59147763,2
-62.04951,-1.7185643,0.9868706,0.0,0.5921224,2
-62.06023,-0.5730075,0.99014217,0.0,0.59408534,2
-62.06023,0.5730075,0.991093,0.0,0.5946558,2
-62.04951,1.7185643,0.991217,0.0,0.59473026,2
-62.02796,2.86274,0.9912441,0.0,0.5947465,2
-61.995853,4.004665,0.99062914,0.0,0.5943775,2
-61.952873,5.1433573,0.9913155,0.0,0.5947893,2
-61.89954,6.2780867,0.9910226,0.0,0.59461355,2
-61.83537,7.407757,0.9910886,0.0,0.5946532,2
-61.76108,8.531861,0.9913112,0.0,0.59478676,2
-61.67605,9.649137,0.9914847,0.0,0.59489083,2
-61.58112,10.7593155,0.99163604,0.0,0.5949817,2
-61.47573,11.8611145,0.9918263,0.0,0.5950958,2
-61.360607,12.9543295,0.99216324,0.0,0.595298,2
-61.235413,14.037819,0.9918356,0.0,0.59510136,2
-61.100666,15.11134,0.98974013,0.0,0.5938441,2
-60.956257,16.173971,0.98530406,0.0,0.5911825,2
-60.80253,17.225384,0.97629607,0.0,0.58577764,2
-60.639572,18.26494,0.983526,0.0,0.5901156,2
-60.467552,19.292168,0.98244804,0.0,0.58946884,2
-60.28677,20.306759,0.97211874,0.0,0.58327127,2
-60.09722,21.308065,0.9532176,0.0,0.5719306,2
-59.89937,22.296146,0.9152987,0.0,0.54917926,2
-59.693077,23.27014,0.8836432,0.0,0.53018594,2
-59.478962,24.230492,0.78060055,0.0,0.46836033,1
-59.256737,25.176107,0.46655658,0.0,0.27993396,1
-59.027157,26.107786,0.2385801,0.0,0.14314806,0
-58.78986,27.024305,0.02227668,0.0,0.013366009,0
-58.545578,27.926592,0.0019705512,0.0,0.0011823308,0
-58.294098,28.813656,0.00086650474,0.0,0.00051990285,0
-58.035965,29.686203,0.0006506094,0.0,0.00039036563,0
-57.771126,30.5436,0.00064555753,0.0,0.00038733453,0
-57.49997,31.386307,0.0006460247,0.0,0.00038761485,0
-57.222595,32.21405,0.0006401342,0.0,0.00038408054,0
-56.939243,33.027035,0.0006367465,0.0,0.00038204793,0
-56.65014,33.825333,0.00063525967,0.0,0.0003811558,0
-56.3554,34.60889,0.00063657,0.0,0.000381942,0
-56.055347,35.378117,0.00063767633,0.0,0.00038260582,0
-55.750004,36.132706,0.00063822506,0.0,0.00038293505,0
-55.439766,36.873375,0.00063835643,0.0,0.0003830139,0
-55.12457,37.599575,0.00063838443,0.0,0.00038303068,0
-54.804886,38.31233,0.0006383732,0.0,0.00038302393,0
-54.480564,39.010822,0.000638372,0.0,0.0003830232,0
-54.152115,39.696266,0.00063837133,0.0,0.00038302282,0
-53.819405,40.367928,0.00063837075,0.0,0.00038302247,0
-53.48285,41.026836,0.00063837104,0.0,0.00038302265,0
-53.142426,41.672523,0.00063837104,0.0,0.00038302265,0
-52.79843,42.305733,0.00063837104,0.0,0.00038302265,0
-52.450912,42.926308,0.00063837104,0.0,0.00038302265,0
-52.1001,43.534714,0.00063837104,0.0,0.00038302265,0
-51.7461,44.13106,0.00063837104,0.0,0.00038302265,0
-51.38906,44.71558,0.00063837104,0.0,0.00038302265,0
-51.02915,45.288616,0.00063837104,0.0,0.00038302265,0
-50.66643,45.850155,0.00063837104,0.0,0.00038302265,0
-50.301144,46.40078,0.00063837104,0.0,0.00038302265,0
-49.933292,46.94027,0.00063837104,0.0,0.00038302265,0
-49.56314,47.4694,0.00063837104,0.0,0.00038302265,0
-49.190655,47.987743,0.00063837104,0.0,0.00038302265,0
-48.81611,48.49624,0.00063837104,0.0,0.00038302265,0
-48.439465,48.99436,0.0006384559,0.0,0.00038307355,0
-48.060974,49.483044,0.0006364523,0.0,0.0003818714,0
-47.680634,49.9619,0.00063851406,0.0,0.00038310845,0
-47.298626,50.43162,0.00061591144,0.0,0.00036954688,0
-46.915,50.892048,0.00058596703,0.0,0.00035158024,0
-46.529892,51.343666,0.0006016315,0.0,0.00036097888,0
-46.14337,51.786488,0.00078726263,0.0,0.00047235758,0
-46.461853,-52.37655,0.0012575969,0.0,0.0007545582,0
-46.85236,-51.93595,0.0009086667,0.0,0.0005452,0
-47.24151,-51.486465,0.00062122586,0.0,0.00037273552,0
-47.629227,-51.028053,0.00063243276,0.0,0.00037945967,0
-48.01537,-50.560226,0.0006374557,0.0,0.00038247346,0
-48.399902,-50.08315,0.0006379955,0.0,0.0003827973,0
-48.78263,-49.596107,0.0006383699,0.0,0.00038302195,0
-49.163567,-49.099472,0.00063837104,0.0,0.00038302265,0
-49.542442,-48.592304,0.00063837104,0.0,0.00038302265,0
-49.91932,-48.075127,0.00063837104,0.0,0.00038302265,0
-50.29391,-47.54698,0.00063837104,0.0,0.00038302265,0
-50.666237,-47.008286,0.00063837104,0.0,0.00038302265,0
-51.036057,-46.458244,0.00063837104,0.0,0.00038302265,0
-51.403336,-45.89707,0.00063837104,0.0,0.00038302265,0
-51.76786,-45.324173,0.00063837104,0.0,0.00038302265,0
-52.129562,-44.73954,0.00063837407,0.0,0.00038302445,0
-52.48826,-44.14281,0.000638233,0.0,0.0003829398,0
-52.84381,-43.53374,0.0006386352,0.015978986,0.0067747757,0
-53.196095,-42.912216,0.0006392569,0.13487428,0.05433327,0
-53.544895,-42.277733,0.00065874454,0.46100667,0.18479793,0
-53.89016,-41.63045,0.0006656896,0.93492216,0.37436828,1
-54.23158,-40.969597,0.00072368205,0.85777575,0.3435445,1
-54.569183,-40.295624,0.00070854963,0.9750838,0.39045867,1
-54.90255,-39.607468,0.0007847419,0.8752723,0.35057977,1
-55.23181,-38.905876,0.00069332094,0.99457043,0.39824417,1
-55.55645,-38.18957,0.00067913346,0.682552,0.2734283,1
-55.876614,-37.459396,0.00065709325,0.8777313,0.3514868,1
-56.191826,-36.714264,0.0006567045,0.8755818,0.35062674,1
-56.50215,-35.95474,0.00066847197,0.8504822,0.34059396,1
-56.80718,-35.18005,0.00068668136,0.17786364,0.07155747,0
-57.106888,-34.39051,0.00073085463,0.74982345,0.3003679,1
-57.40095,-33.58567,0.0008300787,0.99823034,0.3997902,1
-57.68923,-32.76558,0.0009792859,0.94791675,0.37975428,1
-57.97152,-31.930138,0.0015087978,0.5230113,0.21010982,0
-58.24755,-31.079113,0.0027094486,0.6701388,0.2696812,1
-58.517235,-30.212778,0.020211667,0.13541824,0.0662943,0
-58.78016,-29.330639,0.31746918,0.0,0.19048151,0
-59.03638,-28.43333,0.4831242,0.0,0.28987452,1
-59.28533,-27.520103,0.6059212,0.0,0.36355275,1
-59.527245,-26.591976,0.6040809,0.0,0.36244857,1
-59.761353,-25.647953,0.7105583,0.0,0.426335,1
-59.988014,-24.689312,0.8465766,0.0,0.50794595,2
-60.20647,-23.71519,0.769712,0.0,0.4618272,1
-60.417,-22.726727,0.79531455,0.0,0.47718874,1
-60.61896,-21.72343,0.8439373,0.0,0.5063624,2
-60.8125,-20.7062,0.8979198,0.0,0.5387519,2
-60.997147,-19.674957,0.9345866,0.0,0.560752,2
-61.17286,-18.630371,0.90948176,0.0,0.5456891,2
-61.33938,-17.57276,0.9271056,0.0,0.5562634,2
-61.49649,-16.502605,0.9847259,0.0,0.5908356,2
-61.644123,-15.420572,0.99076146,0.0,0.5944569,2
-61.781887,-14.327002,0.9910505,0.0,0.5946303,2
-61.909927,-13.222863,0.99135077,0.0,0.5948105,2
-62.02767,-12.1084,0.991299,0.0,0.59477943,2
-62.135487,-10.984824,0.99122626,0.0,0.5947358,2
-62.232613,-9.852341,0.9903808,0.0,0.5942285,2
-62.319637,-8.712315,0.9873033,0.0,0.592382,2
-62.39566,-7.5650225,0.98803884,0.0,0.5928233,2
-62.46134,-6.411807,0.9897335,0.0,0.5938401,2
-62.515945,-5.253206,0.9902682,0.0,0.5941609,2
-62.559933,-4.090382,0.98936325,0.0,0.593618,2
-62.59281,-2.9241154,0.98490846,0.0,0.5909451,2
-62.61487,-1.7554501,0.9887157,0.0,0.5932295,2
-62.625847,-0.5853129,0.99052936,0.0,0.5943176,2
-62.625847,0.5853129,0.9905689,0.0,0.59434134,2
-62.61487,1.7554501,0.99009156,0.0,0.59405494,2
-62.59281,2.9241154,0.9875908,0.0,0.5925545,2
-62.559933,4.090382,0.9876337,0.0,0.59258026,2
-62.515945,5.253206,0.9909147,0.0,0.5945488,2
-62.46134,6.411807,0.9909093,0.0,0.5945456,2
-62.39566,7.5650225,0.99121654,0.0,0.59472996,2
-62.319637,8.712315,0.9909484,0.0,0.594569,2
-62.232613,9.852341,0.9900358,0.0,0.5940215,2
-62.135487,10.984824,0.9880179,0.0,0.59281075,2
-62.02767,12.1084,0.9875236,0.0,0.5925142,2
-61.909927,13.222863,0.9914172,0.0,0.59485036,2
-61.781887,14.327002,0.9916707,0.0,0.5950025,2
-61.644123,15.420572,0.9902784,0.0,0.59416705,2
-61.49649,16.502605,0.97936594,0.0,0.5876196,2
-61.33938,17.57276,0.9682584,0.0,0.580955,2
-61.17286,18.630371,0.9859235,0.0,0.59155416,2
-60.997147,19.674957,0.9860097,0.0,0.59160584,2
-60.8125,20.7062,0.9833341,0.0,0.5900005,2
-60.61896,21.72343,0.9709189,0.0,0.58255136,2
-60.417,22.726727,0.9376845,0.0,0.5626107,2
-60.20647,23.71519,0.8602218,0.0,0.5161331,2
-59.988014,24.689312,0.7366271,0.0,0.44197628,1
-59.761353,25.647953,0.569106,0.0,0.3414636,1
-59.527245,26.591976,0.38513622,0.0,0.23108174,0
-59.28533,27.520103,0.0788463,0.0,0.047307782,0
-59.03638,28.43333,0.002429001,0.0,0.0014574006,0
-58.78016,29.330639,0.0010034647,0.0,0.00060207886,0
-58.517235,30.212778,0.0006679418,0.0,0.0004007651,0
-58.24755,31.079113,0.0007002505,0.0,0.00042015032,0
-57.97152,31.930138,0.0006671212,0.0,0.00040027275,0
-57.68923,32.76558,0.00065422535,0.0,0.00039253524,0
-57.40095,33.58567,0.000643233,0.0,0.0003859398,0
-57.106888,34.39051,0.00063349755,0.0,0.00038009856,0
-56.80718,35.18005,0.0006344903,0.0,0.0003806942,0
-56.50215,35.95474,0.00063677115,0.0,0.00038206272,0
-56.191826,36.714264,0.0006378742,0.0,0.00038272454,0
-55.876614,37.459396,0.00063824025,0.0,0.00038294416,0
-55.55645,38.18957,0.0006383899,0.0,0.00038303397,0
-55.23181,38.905876,0.0006383683,0.0,0.000383021,0
-54.90255,39.607468,0.00063837564,0.0,0.0003830254,0
-54.569183,40.295624,0.00063837256,0.0,0.00038302355,0
-54.23158,40.969597,0.00063837075,0.0,0.00038302247,0
-53.89016,41.63045,0.00063837104,0.0,0.00038302265,0
-53.544895,42.277733,0.00063837104,0.0,0.00038302265,0
-53.196095,42.912216,0.00063837104,0.0,0.00038302265,0
-52.84381,43.53374,0.00063837104,0.0,0.00038302265,0
-52.48826,44.14281,0.00063837104,0.0,0.00038302265,0
-52.129562,44.73954,0.00063837104,0.0,0.00038302265,0
-51.76786,45.324173,0.00063837104,0.0,0.00038302265,0
-51.403336,45.89707,0.00063837104,0.0,0.00038302265,0
-51.036057,46.458244,0.00063837104,0.0,0.00038302265,0
-50.666237,47.008286,0.00063837104,0.0,0.00038302265,0
-50.29391,47.54698,0.00063837104,0.0,0.00038302265,0
-49.91932,48.075127,0.00063837104,0.0,0.00038302265,0
-49.542442,48.592304,0.00063837104,0.0,0.00038302265,0
-49.163567,49.099472,0.00063837104,0.0,0.00038302265,0
-48.78263,49.596107,0.0006384559,0.0,0.00038307355,0
-48.399902,50.08315,0.0006364523,0.0,0.0003818714,0
-48.01537,50.560226,0.00063851406,0.0,0.00038310845,0
-47.629227,51.028053,0.00061591144,0.0,0.00036954688,0
-47.24151,51.486465,0.00058596703,0.0,0.00035158024,0
-46.85236,51.93595,0.0006016315,0.0,0.00036097888,0
-46.461853,52.37655,0.00078726263,0.0,0.00047235758,0
-46.776794,-52.975998,0.0012575969,0.0,0.0007545582,0
-47.1713,-52.537857,0.0009086667,0.0,0.0005452,0
-47.564495,-52.09072,0.00062122586,0.0,0.00037273552,0
-47.956314,-51.634567,0.00063243276,0.0,0.00037945967,0
-48.346607,-51.168877,0.0006374557,0.0,0.00038247346,0
-48.73535,-50.693817,0.0006379955,0.0,0.0003827973,0
-49.122337,-50.20866,0.0006383699,0.0,0.00038302195,0
-49.507576,-49.713768,0.00063837104,0.0,0.00038302265,0
-49.890823,-49.208183,0.00063837104,0.0,0.00038302265,0
-50.272106,-48.69243,0.00063837104,0.0,0.00038302265,0
-50.651154,-48.165524,0.00063837104,0.0,0.00038302265,0
-51.027996,-47.627884,0.00063837104,0.0,0.00038302265,0
-51.402374,-47.07869,0.00063837104,0.0,0.00038302265,0
-51.77427,-46.51815,0.00063837104,0.0,0.00038302265,0
-52.143448,-45.945644,0.00063837075,0.0,0.00038302247,0
-52.509846,-45.361164,0.0006383735,0.04710506,0.01922505,0
-52.873287,-44.764324,0.0006383148,0.069736116,0.028277436,0
-53.233624,-44.15486,0.0006385302,0.3714902,0.14897922,0
-53.590733,-43.532646,0.00063945184,0.97515947,0.39044747,1
-53.944397,-42.897156,0.0006460675,0.8016503,0.32104775,1
-54.294563,-42.248535,0.00066103344,0.9935658,0.39782295,1
-54.640923,-41.58598,0.00067421206,0.7833686,0.31375197,1
-54.983486,-40.909946,0.00068609166,0.7059326,0.2827847,1
-55.32185,-40.21932,0.0006811146,0.80145806,0.3209919,1
-55.65612,-39.514847,0.00065860857,0.45941308,0.1841604,0
-55.9858,-38.795223,0.00064219564,0.07777283,0.03149445,0
-56.311016,-38.06128,0.0006514902,0.593518,0.2377981,0
-56.63129,-37.31188,0.0006734928,0.40894857,0.16398352,0
-56.946686,-36.5476,0.0006992082,0.51113284,0.20487267,0
-57.25679,-35.767616,0.00074270496,0.8822226,0.35333467,1
-57.56156,-34.97224,0.00082839443,0.6920232,0.27730635,1
-57.860695,-34.160988,0.0009560552,0.8811368,0.35302836,1
-58.154022,-33.333897,0.0014168972,0.99713546,0.39970434,1
-58.441334,-32.49083,0.0028391718,0.38266712,0.15477036,0
-58.72236,-31.631542,0.009871733,0.0152866375,0.012037695,0
-58.997005,-30.756294,0.15182497,0.0,0.091094986,0
-59.26484,-29.864548,0.48656753,0.0,0.29194054,1
-59.525932,-28.956955,0.6302243,0.0,0.37813458,1
-59.77969,-28.03271,0.6675465,0.0,0.40052792,1
-60.026337,-27.092857,0.66985667,0.0,0.40191403,1
-60.265102,-26.136341,0.7847091,0.0,0.47082546,1
-60.496338,-25.164478,0.90359527,0.0,0.5421572,2
-60.71927,-24.176346,0.85506296,0.0,0.5130378,2
-60.934162,-23.17312,0.84044427,0.0,0.50426656,2
-61.14038,-22.154278,0.92909795,0.0,0.5574588,2
-61.338036,-21.120739,0.97730356,0.06481599,0.61230856,2
-61.526665,-20.072412,0.9821989,0.13142128,0.64188784,2
-61.706223,-19.009989,0.96187997,0.01680059,0.58384824,2
-61.87641,-17.933784,0.9690814,0.0,0.58144885,2
-62.03704,-16.844303,0.9890554,0.0,0.59343326,2
-62.187996,-15.742234,0.9910347,0.0,0.5946208,2
-62.328903,-14.627932,0.9913333,0.0,0.5948,2
-62.459885,-13.502408,0.99152607,0.0,0.5949157,2
-62.580357,-12.365917,0.99123013,0.0,0.5947381,2
-62.690697,-11.219738,0.9918356,0.0,0.59510136,2
-62.790108,-10.064087,0.991527,0.0,0.5949162,2
-62.879196,-8.900402,0.9901822,0.0,0.59410936,2
-62.957024,-7.728981,0.98956645,0.0,0.59373987,2
-63.024284,-6.5512476,0.9899025,0.0,0.5939415,2
-63.080193,-5.367772,0.9884841,0.0,0.5930905,2
-63.12525,-4.1797943,0.98759484,0.0,0.59255695,2
-63.158924,-2.9881427,0.9870271,0.0,0.5922163,2
-63.18152,-1.7939324,0.9906838,0.0,0.5944103,2
-63.192764,-0.59815127,0.9910342,0.0,0.5946205,2
-63.192764,0.59815127,0.9900535,0.0,0.5940321,2
-63.18152,1.7939324,0.9873996,0.0,0.5924398,2
-63.158924,2.9881427,0.976503,0.0,0.58590186,2
-63.12525,4.1797943,0.97841084,0.0,0.5870465,2
-63.080193,5.367772,0.9868182,0.0,0.59209096,2
-63.024284,6.5512476,0.985885,0.0,0.59153104,2
-62.957024,7.728981,0.98986065,0.0,0.5939164,2
-62.879196,8.900402,0.9875366,0.0,0.59252197,2
-62.790108,10.064087,0.9863041,0.0,0.5917825,2
-62.690697,11.219738,0.98719925,0.0,0.59231955,2
-62.580357,12.365917,0.98439837,0.0,0.59063905,2
-62.459885,13.502408,0.9849259,0.0,0.59095556,2
-62.328903,14.627932,0.98394483,0.0,0.5903669,2
-62.187996,15.742234,0.9820685,0.0,0.5892411,2
-62.03704,16.844303,0.9674461,0.0,0.5804677,2
-61.87641,17.933784,0.95744354,0.0,0.57446617,2
-61.706223,19.009989,0.9812723,0.0,0.5887634,2
-61.526665,20.072412,0.98349875,0.0,0.5900993,2
-61.338036,21.120739,0.97514695,0.0,0.5850882,2
-61.14038,22.154278,0.9732503,0.0,0.5839502,2
-60.934162,23.17312,0.94329506,0.0,0.56597704,2
-60.71927,24.176346,0.86492085,0.0,0.51895255,2
-60.496338,25.164478,0.719992,0.0,0.4319952,1
-60.265102,26.136341,0.5794359,0.0,0.34766155,1
-60.026337,27.092857,0.39032403,0.0,0.23419443,0
-59.77969,28.03271,0.03655472,0.0,0.021932833,0
-59.525932,28.956955,0.0034280415,0.0,0.002056825,0
-59.26484,29.864548,0.0018227111,0.0,0.0010936267,0
-58.997005,30.756294,0.0010889341,0.0,0.0006533605,0
-58.72236,31.631542,0.0009246225,0.0,0.00055477355,0
-58.441334,32.49083,0.00080601376,0.0,0.00048360828,0
-58.154022,33.333897,0.00072202575,0.0,0.00043321546,0
-57.860695,34.160988,0.000683861,0.0,0.00041031663,0
-57.56156,34.97224,0.000645052,0.0,0.0003870312,0
-57.25679,35.767616,0.0006353414,0.0,0.00038120485,0
-56.946686,36.5476,0.000636711,0.0,0.00038202663,0
-56.63129,37.31188,0.000636546,0.0,0.00038192762,0
-56.311016,38.06128,0.00063781947,0.0,0.0003826917,0
-55.9858,38.795223,0.00063818187,0.0,0.00038290914,0
-55.65612,39.514847,0.0006383239,0.0,0.00038299436,0
-55.32185,40.21932,0.0006383696,0.0,0.00038302178,0
-54.983486,40.909946,0.0006383762,0.0,0.00038302576,0
-54.640923,41.58598,0.00063837133,0.0,0.00038302282,0
-54.294563,42.248535,0.00063837104,0.0,0.00038302265,0
-53.944397,42.897156,0.00063837104,0.0,0.00038302265,0
-53.590733,43.532646,0.00063837104,0.0,0.00038302265,0
-53.233624,44.15486,0.00063837104,0.0,0.00038302265,0
-52.873287,44.764324,0.00063837104,0.0,0.00038302265,0
-52.509846,45.361164,0.00063837104,0.0,0.00038302265,0
-52.143448,45.945644,0.00063837104,0.0,0.00038302265,0
-51.77427,46.51815,0.00063837104,0.0,0.00038302265,0
-51.402374,47.07869,0.00063837104,0.0,0.00038302265,0
-51.027996,47.627884,0.00063837104,0.0,0.00038302265,0
-50.651154,48.165524,0.00063837104,0.0,0.00038302265,0
-50.272106,48.69243,0.00063837104,0.0,0.00038302265,0
-49.890823,49.208183,0.00063837104,0.0,0.00038302265,0
-49.507576,49.713768,0.00063837104,0.0,0.00038302265,0
-49.122337,50.20866,0.0006384559,0.0,0.00038307355,0
-48.73535,50.693817,0.0006364523,0.0,0.0003818714,0
-48.346607,51.168877,0.00063851406,0.0,0.00038310845,0
-47.956314,51.634567,0.00061591144,0.0,0.00036954688,0
-47.564495,52.09072,0.00058596703,0.0,0.00035158024,0
-47.1713,52.537857,0.0006016315,0.0,0.00036097888,0
-46.776794,52.975998,0.00078726263,0.0,0.00047235758,0
-47.088028,-53.585022,0.0012575969,0.0,0.0007545582,0
-47.486534,-53.14957,0.0009086667,0.0,0.0005452,0
-47.88379,-52.705032,0.00062122586,0.0,0.00037273552,0
-48.279716,-52.25138,0.00063243276,0.0,0.00037945967,0
-48.67418,-51.78808,0.0006374557,0.0,0.00038247346,0
-49.067135,-51.315292,0.0006379955,0.0,0.0003827973,0
-49.458405,-50.83227,0.0006383699,0.0,0.00038302195,0
-49.84797,-50.339394,0.00063837104,0.0,0.00038302265,0
-50.235596,-49.83566,0.00063837104,0.0,0.00038302265,0
-50.621315,-49.321598,0.00063837104,0.0,0.00038302265,0
-51.004856,-48.79621,0.00063837104,0.0,0.00038302265,0
-51.386234,-48.259907,0.00063837104,0.0,0.00038302265,0
-51.765205,-47.711838,0.00063837104,0.0,0.00038302265,0
-52.14174,-47.152214,0.00063837104,0.0,0.00038302265,0
-52.51562,-46.58039,0.00063837104,0.0,0.00038302265,0
-52.88676,-45.996357,0.0006383716,0.5109486,0.20476246,0
-53.254993,-45.399693,0.0006383446,0.9525644,0.38140878,1
-53.620163,-44.790115,0.0006383224,0.91611665,0.36682966,1
-53.982155,-44.167496,0.00063832116,0.37574536,0.15068114,0
-54.34074,-43.53128,0.00063936994,0.9376356,0.37543786,1
-54.69587,-42.881603,0.0006409245,0.8995681,0.36021182,1
-55.047226,-42.217625,0.0006419582,0.94609505,0.3788232,1
-55.39483,-41.539795,0.00064214424,0.58762795,0.23543647,0
-55.738262,-40.84696,0.00064253516,0.9731745,0.38965532,1
-56.07763,-40.139874,0.00064449344,0.20655146,0.083007276,0
-56.412422,-39.41717,0.00064652023,0.26514795,0.1064471,0
-56.742775,-38.67969,0.0006646709,0.9333465,0.37373742,1
-57.068207,-37.926247,0.00070563046,0.7334965,0.29382196,1
-57.38877,-37.157417,0.00077025173,0.67374414,0.2699598,1
-57.70405,-36.372334,0.0008793787,0.96671706,0.38721445,1
-58.014,-35.571293,0.001103117,0.892194,0.35753947,1
-58.31829,-34.753784,0.001498891,0.92852724,0.37231025,1
-58.616783,-33.919807,0.0033400676,0.8987787,0.3615155,1
-58.909237,-33.06923,0.019954963,0.42405516,0.18159504,0
-59.19538,-32.201756,0.18488105,0.0,0.11092863,0
-59.475105,-31.317638,0.35979104,0.0,0.21587463,0
-59.747993,-30.4163,0.60707,0.0,0.36424202,1
-60.014076,-29.498402,0.6940847,0.0,0.41645083,1
-60.27277,-28.563072,0.6635459,0.0,0.39812756,1
-60.52429,-27.611397,0.69698644,0.0,0.41819188,1
-60.767853,-26.642237,0.7850668,0.0,0.4710401,1
-61.003796,-25.656963,0.9298712,0.0,0.5579227,2
-61.231335,-24.65458,0.9575021,0.0,0.5745013,2
-61.45074,-23.63631,0.972582,0.0,0.5835492,2
-61.661343,-22.601582,0.98646533,0.0,0.59187925,2
-61.86327,-21.551348,0.9899346,0.3957838,0.75227433,3
-62.056015,-20.485485,0.9902271,0.9864962,0.9887348,3
-62.239548,-19.404724,0.9895683,0.53363097,0.8071934,3
-62.41355,-18.309374,0.9888024,0.030790607,0.6055977,2
-62.577812,-17.199957,0.9907863,0.0,0.5944718,2
-62.732224,-16.077185,0.9876544,0.0,0.59259266,2
-62.87639,-14.941426,0.9912176,0.0,0.5947306,2
-63.010433,-13.793743,0.9909604,0.0,0.5945763,2
-63.13374,-12.634398,0.98916,0.0,0.593496,2
-63.246708,-11.464742,0.9910981,0.0,0.5946589,2
-63.34849,-10.284995,0.9915826,0.0,0.59494954,2
-63.439728,-9.096685,0.9911112,0.0,0.5946668,2
-63.519447,-7.9001274,0.99061626,0.0,0.59436977,2
-63.58834,-6.696833,0.9904488,0.0,0.5942693,2
-63.645622,-5.4874096,0.98928285,0.0,0.59356976,2
-63.691784,-4.2731776,0.9874516,0.0,0.592471,2
-63.726288,-3.0550222,0.9872199,0.0,0.592332,2
-63.74944,-1.834132,0.98918474,0.0,0.59351087,2
-63.760963,-0.61156297,0.98943174,0.0,0.59365904,2
-63.760963,0.61156297,0.9868118,0.0,0.5920871,2
-63.74944,1.834132,0.98406845,0.0,0.5904411,2
-63.726288,3.0550222,0.98284805,0.0,0.58970886,2
-63.691784,4.2731776,0.98463804,0.0,0.5907828,2
-63.645622,5.4874096,0.9856418,0.0,0.59138507,2
-63.58834,6.696833,0.9853167,0.0,0.59119004,2
-63.519447,7.9001274,0.98744035,0.0,0.5924642,2
-63.439728,9.096685,0.9850589,0.0,0.59103537,2
-63.34849,10.284995,0.9867819,0.0,0.59206915,2
-63.246708,11.464742,0.9867317,0.0,0.59203905,2
-63.13374,12.634398,0.9835495,0.0,0.59012973,2
-63.010433,13.793743,0.98258317,0.0,0.5895499,2
-62.87639,14.941426,0.98320156,0.0,0.58992094,2
-62.732224,16.077185,0.975104,0.0,0.5850624,2
-62.577812,17.199957,0.973231,0.0,0.58393866,2
-62.41355,18.309374,0.96327657,0.0,0.577966,2
-62.239548,19.404724,0.96157235,0.0,0.57694346,2
-62.056015,20.485485,0.97205216,0.0,0.58323133,2
-61.86327,21.551348,0.9861124,0.0,0.5916675,2
-61.661343,22.601582,0.9787852,0.0,0.58727115,2
-61.45074,23.63631,0.9461718,0.0,0.5677031,2
-61.231335,24.65458,0.8871114,0.0,0.53226686,2
-61.003796,25.656963,0.8047943,0.0,0.4828766,1
-60.767853,26.642237,0.72858775,0.0,0.43715265,1
-60.52429,27.611397,0.53402054,0.0,0.32041234,1
-60.27277,28.563072,0.1444616,0.0,0.08667696,0
-60.014076,29.498402,0.016688874,0.0,0.010013325,0
-59.747993,30.4163,0.016255768,0.0,0.009753461,0
-59.475105,31.317638,0.0070132003,0.0,0.0042079203,0
-59.19538,32.201756,0.0024399408,0.0,0.0014639646,0
-58.909237,33.06923,0.0017221104,0.0,0.0010332663,0
-58.616783,33.919807,0.0010363982,0.0,0.00062183896,0
-58.31829,34.753784,0.0008008105,0.0,0.00048048634,0
-58.014,35.571293,0.0006925476,0.0,0.00041552857,0
-57.70405,36.372334,0.00064290053,0.0,0.00038574034,0
-57.38877,37.157417,0.00063727505,0.0,0.00038236505,0
-57.068207,37.926247,0.00063428533,0.0,0.0003805712,0
-56.742775,38.67969,0.00063632795,0.0,0.0003817968,0
-56.412422,39.41717,0.0006375812,0.0,0.00038254875,0
-56.07763,40.139874,0.0006381618,0.0,0.0003828971,0
-55.738262,40.84696,0.0006383251,0.0,0.0003829951,0
-55.39483,41.539795,0.0006383823,0.0,0.00038302937,0
-55.047226,42.217625,0.0006383729,0.0,0.00038302375,0
-54.69587,42.881603,0.00063837075,0.0,0.00038302247,0
-54.34074,43.53128,0.00063837104,0.0,0.00038302265,0
-53.982155,44.167496,0.00063837104,0.0,0.00038302265,0
-53.620163,44.790115,0.00063837104,0.0,0.00038302265,0
-53.254993,45.399693,0.00063837104,0.0,0.00038302265,0
-52.88676,45.996357,0.00063837104,0.0,0.00038302265,0
-52.51562,46.58039,0.00063837104,0.0,0.00038302265,0
-52.14174,47.152214,0.00063837104,0.0,0.00038302265,0
-51.765205,47.711838,0.00063837104,0.0,0.00038302265,0
-51.386234,48.259907,0.00063837104,0.0,0.00038302265,0
-51.004856,48.79621,0.00063837104,0.0,0.00038302265,0
-50.621315,49.321598,0.00063837104,0.0,0.00038302265,0
-50.235596,49.83566,0.00063837104,0.0,0.00038302265,0
-49.84797,50.339394,0.00063837104,0.0,0.00038302265,0
-49.458405,50.83227,0.0006384559,0.0,0.00038307355,0
-49.067135,51.315292,0.0006364523,0.0,0.0003818714,0
-48.67418,51.78808,0.00063851406,0.0,0.00038310845,0
-48.279716,52.25138,0.00061591144,0.0,0.00036954688,0
-47.88379,52.705032,0.00058596703,0.0,0.00035158024,0
-47.486534,53.14957,0.0006016315,0.0,0.00036097888,0
-47.088028,53.585022,0.00078726263,0.0,0.00047235758,0
-47.395344,-54.203903,0.0012575969,0.0,0.0007545582,0
-47.79786,-53.771385,0.0009086667,0.0,0.0005452,0
-48.199173,-53.329704,0.00062122586,0.0,0.00037273552,0
-48.59922,-52.87881,0.00063243276,0.0,0.00037945967,0
-48.997856,-52.418167,0.0006374557,0.0,0.00038247346,0
-49.395042,-51.947926,0.0006379955,0.0,0.0003827973,0
-49.790596,-51.467323,0.0006383699,0.0,0.00038302195,0
-50.18451,-50.97673,0.00063837104,0.0,0.00038302265,0
-50.576538,-50.475132,0.00063837104,0.0,0.00038302265,0
-50.966713,-49.96306,0.00063837104,0.0,0.00038302265,0
-51.354774,-49.439484,0.00063837104,0.0,0.00038302265,0
-51.740715,-48.904816,0.00063837104,0.0,0.00038302265,0
-52.12432,-48.358177,0.00063837104,0.0,0.00038302265,0
-52.505527,-47.799774,0.00063837104,0.0,0.00038302265,0
-52.88414,-47.228943,0.00063837104,0.0,0.00038302265,0
-53.260067,-46.645653,0.00063837104,0.10140866,0.040946487,0
-53.633133,-46.049473,0.00063836284,0.23545006,0.094563045,0
-54.00319,-45.44011,0.00063834974,0.06528016,0.026495075,0
-54.370117,-44.817398,0.0006383817,0.24207488,0.09721298,0
-54.73369,-44.180763,0.00063862145,0.9298796,0.37233502,1
-55.093834,-43.530334,0.0006387889,0.98680955,0.39510712,1
-55.450256,-42.865234,0.0006386287,0.9805447,0.39260104,1
-55.80296,-42.185913,0.00063839206,0.76623225,0.30687594,1
-56.151535,-41.49117,0.0006407031,0.9810374,0.39279938,1
-56.496075,-40.781757,0.0006470263,0.2519441,0.10116585,0
-56.83607,-40.05625,0.000655487,0.027668618,0.011460739,0
-57.171654,-39.315502,0.00068551715,0.52431875,0.21013883,0
-57.502335,-38.558273,0.0007555874,0.92982864,0.37238482,1
-57.828163,-37.785133,0.0008513583,0.26021203,0.104595624,0
-58.14872,-36.995167,0.0012692163,0.9187524,0.3682625,1
-58.46395,-36.18867,0.0021118622,0.9629706,0.38645536,1
-58.77353,-35.365086,0.007180301,0.70639837,0.28686756,1
-59.07729,-34.52439,0.019106027,0.48392704,0.20503443,0
-59.375015,-33.666428,0.22718824,0.4396319,0.3121657,1
-59.666393,-32.790867,0.4846636,0.47048888,0.47899374,1
-59.95134,-31.897953,0.5400758,0.016575092,0.3306755,1
-60.229393,-30.987059,0.5930945,0.0,0.35585672,1
-60.500618,-30.05885,0.6253416,0.0,0.37520498,1
-60.76439,-29.112396,0.59674525,0.0,0.35804716,1
-61.02092,-28.148811,0.6616164,0.0,0.39696985,1
-61.269417,-27.16688,0.83928,0.0,0.50356805,2
-61.510227,-26.16801,0.9660528,0.0,0.5796317,2
-61.742523,-25.151148,0.98781526,0.0,0.59268916,2
-61.96659,-24.11755,0.990126,0.0,0.5940756,2
-62.181732,-23.06659,0.9908929,0.0,0.59453577,2
-62.38807,-21.999256,0.9880102,0.0875075,0.62780917,2
-62.58508,-20.91541,0.99013174,0.8789802,0.9456712,3
-62.77273,-19.815784,0.9898347,0.7844881,0.9076961,3
-62.95069,-18.700706,0.9809683,0.029510578,0.60038525,2
-63.11873,-17.570704,0.9904454,0.0,0.59426725,2
-63.276733,-16.426525,0.9877965,0.0,0.5926779,2
-63.424286,-15.2685375,0.99111956,0.0,0.5946718,2
-63.56151,-14.097868,0.9905838,0.0,0.5943503,2
-63.687782,-12.91478,0.98877794,0.0,0.5932668,2
-63.803467,-11.720703,0.9911122,0.0,0.5946673,2
-63.907738,-10.5158615,0.99165523,0.0,0.5949932,2
-64.001205,-9.301884,0.99122167,0.0,0.594733,2
-64.0829,-8.079096,0.99104124,0.0,0.59462476,2
-64.1535,-6.84911,0.990754,0.0,0.59445244,2
-64.21222,-5.612571,0.98691547,0.0,0.5921493,2
-64.25953,-4.370889,0.98671,0.0,0.59202605,2
-64.29491,-3.1250093,0.98844737,0.0,0.5930684,2
-64.318634,-1.876203,0.987248,0.0,0.5923488,2
-64.33045,-0.62559974,0.9849348,0.0,0.5909609,2
-64.33045,0.62559974,0.9782598,0.0,0.5869559,2
-64.318634,1.876203,0.9841882,0.0,0.59051293,2
-64.29491,3.1250093,0.98748153,0.0,0.59248894,2
-64.25953,4.370889,0.98689157,0.0,0.59213495,2
-64.21222,5.612571,0.986302,0.0,0.59178126,2
-64.1535,6.84911,0.98511165,0.0,0.591067,2
-64.0829,8.079096,0.9872957,0.0,0.5923774,2
-64.001205,9.301884,0.98740435,0.0,0.59244263,2
-63.907738,10.5158615,0.98688275,0.0,0.59212965,2
-63.803467,11.720703,0.9827806,0.0,0.5896684,2
-63.687782,12.91478,0.981188,0.0,0.5887128,2
-63.56151,14.097868,0.9786195,0.0,0.58717173,2
-63.424286,15.2685375,0.9811528,0.0,0.5886917,2
-63.276733,16.426525,0.9841727,0.0,0.59050363,2
-63.11873,17.570704,0.9864537,0.0,0.5918723,2
-62.95069,18.700706,0.96049535,0.0,0.5762972,2
-62.77273,19.815784,0.95874846,0.0,0.5752491,2
-62.58508,20.91541,0.9750532,0.0,0.5850319,2
-62.38807,21.999256,0.9871442,0.0,0.5922865,2
-62.181732,23.06659,0.9763015,0.0,0.5857809,2
-61.96659,24.11755,0.9398169,0.0,0.56389016,2
-61.742523,25.151148,0.91267264,0.0,0.5476036,2
-61.510227,26.16801,0.89921945,0.0,0.5395317,2
-61.269417,27.16688,0.9007826,0.0,0.5404696,2
-61.02092,28.148811,0.8266689,0.0,0.49600136,1
-60.76439,29.112396,0.57130677,0.0,0.34278408,1
-60.500618,30.05885,0.3596182,0.0,0.21577092,0
-60.229393,30.987059,0.40983522,0.0,0.24590114,0
-59.95134,31.897953,0.24911492,0.0,0.14946896,0
-59.666393,32.790867,0.032249693,0.0,0.019349817,0
-59.375015,33.666428,0.013477034,0.0,0.00808622,0
-59.07729,34.52439,0.0031816622,0.0,0.0019089974,0
-58.77353,35.365086,0.0012804082,0.0,0.00076824497,0
-58.46395,36.18867,0.0007759088,0.0,0.0004655453,0
-58.14872,36.995167,0.00066499214,0.0,0.0003989953,0
-57.828163,37.785133,0.0006454518,0.0,0.00038727108,0
-57.502335,38.558273,0.00063303945,0.0,0.0003798237,0
-57.171654,39.315502,0.0006339732,0.0,0.00038038395,0
-56.83607,40.05625,0.00063670345,0.0,0.0003820221,0
-56.496075,40.781757,0.0006377101,0.0,0.00038262608,0
-56.151535,41.49117,0.00063822715,0.0,0.0003829363,0
-55.80296,42.185913,0.0006383781,0.0,0.00038302687,0
-55.450256,42.865234,0.0006383768,0.0,0.0003830261,0
-55.093834,43.530334,0.00063837133,0.0,0.00038302282,0
-54.73369,44.180763,0.00063837075,0.0,0.00038302247,0
-54.370117,44.817398,0.00063837104,0.0,0.00038302265,0
-54.00319,45.44011,0.00063837104,0.0,0.00038302265,0
-53.633133,46.049473,0.00063837104,0.0,0.00038302265,0
-53.260067,46.645653,0.00063837104,0.0,0.00038302265,0
-52.88414,47.228943,0.00063837104,0.0,0.00038302265,0
-52.505527,47.799774,0.00063837104,0.0,0.00038302265,0
-52.12432,48.358177,0.00063837104,0.0,0.00038302265,0
-51.740715,48.904816,0.00063837104,0.0,0.00038302265,0
-51.354774,49.439484,0.00063837104,0.0,0.00038302265,0
-50.966713,49.96306,0.00063837104,0.0,0.00038302265,0
-50.576538,50.475132,0.00063837104,0.0,0.00038302265,0
-50.18451,50.97673,0.00063837104,0.0,0.00038302265,0
-49.790596,51.467323,0.0006384559,0.0,0.00038307355,0
-49.395042,51.947926,0.0006364523,0.0,0.0003818714,0
-48.997856,52.418167,0.00063851406,0.0,0.00038310845,0
-48.59922,52.87881,0.00061591144,0.0,0.00036954688,0
-48.199173,53.329704,0.00058596703,0.0,0.00035158024,0
-47.79786,53.771385,0.0006016315,0.0,0.00036097888,0
-47.395344,54.203903,0.00078726263,0.0,0.00047235758,0
-47.69877,-54.832325,0.0012575969,0.0,0.0007545582,0
-48.105286,-54.403004,0.0009086667,0.0,0.0005452,0
-48.510666,-53.964428,0.00062122586,0.0,0.00037273552,0
-48.914837,-53.516552,0.00063243276,0.0,0.00037945967,0
-49.317657,-53.058826,0.0006374557,0.0,0.00038247346,0
-49.719078,-52.5914,0.0006379955,0.0,0.0003827973,0
-50.118927,-52.11349,0.0006383699,0.0,0.00038302195,0
-50.517197,-51.625473,0.00063837104,0.0,0.00038302265,0
-50.91365,-51.1263,0.00063837104,0.0,0.00038302265,0
-51.308296,-50.616512,0.00063837104,0.0,0.00038302265,0
-51.700893,-50.095047,0.00063837104,0.0,0.00038302265,0
-52.091434,-49.562305,0.00063837104,0.0,0.00038302265,0
-52.479687,-49.01741,0.00063837104,0.0,0.00038302265,0
-52.865604,-48.460545,0.00063837104,0.0,0.00038302265,0
-53.248985,-47.891014,0.00063837104,0.0,0.00038302265,0
-53.62973,-47.308792,0.00063837104,0.0,0.00038302265,0
-54.007675,-46.713413,0.0006383696,0.16854768,0.067802094,0
-54.382668,-46.104576,0.0006383641,0.67751414,0.27138868,1
-54.754578,-45.482098,0.0006383592,0.90994984,0.36436296,1
-55.12317,-44.845367,0.0006383601,0.8387394,0.3358788,1
-55.488407,-44.19451,0.00063780096,0.9943507,0.39812297,1
-55.849953,-43.52861,0.0006371257,0.97484505,0.3903203,1
-56.207832,-42.84811,0.0006364517,0.8837145,0.35386765,1
-56.56161,-42.15176,0.0006369687,0.8368468,0.33512092,1
-56.9114,-41.44032,0.0006462412,0.995194,0.39846537,1
-57.256683,-40.71231,0.0006701653,0.4288536,0.17194353,0
-57.597576,-39.96858,0.00072270137,0.727757,0.29153642,1
-57.933598,-39.20783,0.0008431403,0.9206717,0.3687746,1
-58.26479,-38.43064,0.0011432486,0.40648803,0.16328116,0
-58.59072,-37.636047,0.002528153,0.8394624,0.33730185,1
-58.91134,-36.82431,0.013264977,0.9912506,0.4044592,1
-59.226307,-35.99485,0.265297,0.765377,0.465329,1
-59.535465,-35.14762,0.35298935,0.9956127,0.6100387,2
-59.838562,-34.282425,0.42670253,0.996538,0.65463674,2
-60.135315,-33.398907,0.54863334,0.7384281,0.6245513,2
-60.425587,-32.497288,0.5691183,0.02856947,0.3528988,1
-60.70896,-31.576899,0.5809986,0.0,0.34859917,1
-60.98545,-30.638407,0.6457043,0.0,0.38742262,1
-61.25444,-29.680813,0.65208834,0.0,0.39125302,1
-61.51613,-28.705257,0.7641963,0.0,0.4585178,1
-61.769714,-27.710438,0.91602343,0.0,0.5496141,2
-62.01552,-26.697823,0.9833229,0.0,0.5899938,2
-62.25273,-25.666264,0.99017954,0.0,0.59410775,2
-62.481594,-24.61707,0.9908659,0.0,0.59451956,2
-62.701427,-23.549553,0.99038285,0.0,0.59422976,2
-62.912327,-22.464737,0.98612124,0.16374147,0.65716934,2
-63.113758,-21.362452,0.987193,0.8508205,0.932644,3
-63.305676,-20.243454,0.98562884,0.34252268,0.7283864,2
-63.487732,-19.108072,0.985238,0.0,0.59114283,2
-63.659687,-17.956844,0.99067044,0.0,0.5944023,2
-63.82142,-16.790548,0.9899713,0.0,0.5939828,2
-63.972496,-15.609563,0.9898629,0.0,0.5939178,2
-64.11302,-14.415071,0.99083734,0.0,0.59450245,2
-64.24238,-13.20734,0.98896104,0.0,0.59337664,2
-64.3609,-11.987884,0.9910649,0.0,0.59463894,2
-64.46776,-10.756936,0.9907358,0.0,0.59444153,2
-64.56357,-9.516225,0.9910755,0.0,0.5946453,2
-64.6473,-8.266091,0.9910336,0.0,0.59462017,2
-64.719696,-7.0082555,0.9910183,0.0,0.594611,2
-64.77989,-5.743405,0.98831624,0.0,0.59298974,2
-64.82841,-4.4730463,0.9868955,0.0,0.59213734,2
-64.864685,-3.1981902,0.9902282,0.0,0.59413695,2
-64.88903,-1.9201975,0.98793274,0.0,0.59275967,2
-64.901146,-0.64027894,0.9838303,0.0,0.5902982,2
-64.901146,0.64027894,0.9815181,0.0,0.5889109,2
-64.88903,1.9201975,0.9821961,0.0,0.5893177,2
-64.864685,3.1981902,0.982704,0.0,0.58962244,2
-64.82841,4.4730463,0.9869451,0.0,0.5921671,2
-64.77989,5.743405,0.9844046,0.0,0.5906428,2
-64.719696,7.0082555,0.98524255,0.0,0.5911456,2
-64.6473,8.266091,0.9885434,0.0,0.59312606,2
-64.56357,9.516225,0.9867595,0.0,0.59205574,2
-64.46776,10.756936,0.98150027,0.0,0.5889002,2
-64.3609,11.987884,0.97734034,0.0,0.5864042,2
-64.24238,13.20734,0.97823685,0.0,0.58694214,2
-64.11302,14.415071,0.97290313,0.0,0.5837419,2
-63.972496,15.609563,0.9756481,0.0,0.5853889,2
-63.82142,16.790548,0.98408186,0.0,0.59044915,2
-63.659687,17.956844,0.9813912,0.0,0.58883476,2
-63.487732,19.108072,0.9724067,0.0,0.58344406,2
-63.305676,20.243454,0.9760656,0.0,0.58563936,2
-63.113758,21.362452,0.98945856,0.0,0.59367514,2
-62.912327,22.464737,0.9894455,0.0,0.5936673,2
-62.701427,23.549553,0.9781858,0.0,0.5869115,2
-62.481594,24.61707,0.95253295,0.0,0.5715198,2
-62.25273,25.666264,0.94558436,0.0,0.5673506,2
-62.01552,26.697823,0.94423467,0.0,0.56654084,2
-61.769714,27.710438,0.9170639,0.0,0.5502384,2
-61.51613,28.705257,0.86810887,0.0,0.5208653,2
-61.25444,29.680813,0.769309,0.0,0.4615854,1
-60.98545,30.638407,0.7404776,0.0,0.44428658,1
-60.70896,31.576899,0.7674286,0.0,0.46045718,1
-60.425587,32.497288,0.60373646,0.0,0.3622419,1
-60.135315,33.398907,0.37371176,0.0,0.22422707,0
-59.838562,34.282425,0.2645435,0.0,0.15872611,0
-59.535465,35.14762,0.011452498,0.0,0.006871499,0
-59.226307,35.99485,0.002007674,0.0,0.0012046044,0
-58.91134,36.82431,0.00093766476,0.0,0.00056259887,0
-58.59072,37.636047,0.00073244993,0.0,0.00043946996,0
-58.26479,38.43064,0.0006910385,0.0,0.00041462312,0
-57.933598,39.20783,0.00064383284,0.0,0.0003862997,0
-57.597576,39.96858,0.0006344685,0.0,0.00038068113,0
-57.256683,40.71231,0.00063589355,0.0,0.00038153614,0
-56.9114,41.44032,0.00063686125,0.0,0.00038211676,0
-56.56161,42.15176,0.00063805445,0.0,0.0003828327,0
-56.207832,42.84811,0.00063835585,0.0,0.00038301354,0
-55.849953,43.52861,0.00063838414,0.0,0.0003830305,0
-55.488407,44.19451,0.0006383735,0.0,0.0003830241,0
-55.12317,44.845367,0.00063837133,0.0,0.00038302282,0
-54.754578,45.482098,0.00063837075,0.0,0.00038302247,0
-54.382668,46.104576,0.00063837104,0.0,0.00038302265,0
-54.007675,46.713413,0.00063837104,0.0,0.00038302265,0
-53.62973,47.308792,0.00063837104,0.0,0.00038302265,0
-53.248985,47.891014,0.00063837104,0.0,0.00038302265,0
-52.865604,48.460545,0.00063837104,0.0,0.00038302265,0
-52.479687,49.01741,0.00063837104,0.0,0.00038302265,0
-52.091434,49.562305,0.00063837104,0.0,0.00038302265,0
-51.700893,50.095047,0.00063837104,0.0,0.00038302265,0
-51.308296,50.616512,0.00063837104,0.0,0.00038302265,0
-50.91365,51.1263,0.00063837104,0.0,0.00038302265,0
-50.517197,51.625473,0.00063837104,0.0,0.00038302265,0
-50.118927,52.11349,0.0006384559,0.0,0.00038307355,0
-49.719078,52.5914,0.0006364523,0.0,0.0003818714,0
-49.317657,53.058826,0.00063851406,0.0,0.00038310845,0
-48.914837,53.516552,0.00061591144,0.0,0.00036954688,0
-48.510666,53.964428,0.00058596703,0.0,0.00035158024,0
-48.105286,54.403004,0.0006016315,0.0,0.00036097888,0
-47.69877,54.832325,0.00078726263,0.0,0.00047235758,0
-47.99794,-55.47091,0.0012575969,0.0,0.0007545582,0
-48.408463,-55.045044,0.0009086667,0.0,0.0005452,0
-48.8179,-54.60985,0.00062122586,0.0,0.00037273552,0
-49.226196,-54.165276,0.00063243276,0.0,0.00037945967,0
-49.633194,-53.71077,0.0006374557,0.0,0.00038247346,0
-50.038868,-53.24646,0.0006379955,0.0,0.0003827973,0
-50.44303,-52.771545,0.0006383699,0.0,0.00038302195,0
-50.845665,-52.286407,0.00063837104,0.0,0.00038302265,0
-51.246548,-51.789986,0.00063837104,0.0,0.00038302265,0
-51.645683,-51.2828,0.00063837104,0.0,0.00038302265,0
-52.042835,-50.763775,0.00063837104,0.0,0.00038302265,0
-52.437996,-50.233307,0.00063837104,0.0,0.00038302265,0
-52.830925,-49.69049,0.00063837104,0.0,0.00038302265,0
-53.221584,-49.135506,0.00063837104,0.0,0.00038302265,0
-53.609764,-48.567635,0.00063837104,0.0,0.00038302265,0
-53.99537,-47.986828,0.00063837104,0.013488787,0.0057785376,0
-54.37823,-47.392616,0.00063837104,0.5606779,0.22465418,0
-54.758194,-46.784664,0.00063837256,0.66178846,0.26509842,1
-55.13514,-46.162773,0.0006383765,0.97568595,0.3906574,1
-55.508827,-45.526314,0.00063826464,0.7243019,0.2901037,1
-55.879196,-44.875393,0.0006372711,0.96036655,0.384529,1
-56.245937,-44.20905,0.00063662487,0.76347816,0.30577326,1
-56.609055,-43.527733,0.0006353084,0.7028444,0.28151894,1
-56.96812,-42.83013,0.00063151517,0.8955685,0.3586063,1
-57.323235,-42.117012,0.00064308103,0.8832941,0.3537035,1
-57.67388,-41.386837,0.0006921649,0.81998515,0.32840937,1
-58.02018,-40.640457,0.0008005477,0.533908,0.21404353,0
-58.361633,-39.876514,0.0010332194,0.9898714,0.39656848,1
-58.698284,-39.09558,0.0018972306,0.9585291,0.38454998,1
-59.029694,-38.296635,0.009639641,0.84272087,0.34287214,1
-59.355812,-37.479942,0.24573354,0.7779815,0.45863274,1
-59.676292,-36.644855,0.46071872,0.57234776,0.5053703,2
-59.99096,-35.791313,0.5235762,0.23786628,0.40929225,1
-60.29957,-34.919086,0.591665,0.9820285,0.7478104,2
-60.601807,-34.027775,0.5894649,0.8668879,0.7004341,2
-60.897575,-33.11759,0.5691411,0.046764724,0.36019057,1
-61.186394,-32.187798,0.6478295,0.0,0.3886977,1
-61.4683,-31.239067,0.6802448,0.0,0.4081469,1
-61.742645,-30.27034,0.7015932,0.0,0.42095596,1
-62.00965,-29.282774,0.83127326,0.0,0.49876398,1
-62.26848,-28.274979,0.9643007,0.0,0.57858044,2
-62.519455,-27.248466,0.9885195,0.0,0.5931117,2
-62.761738,-26.202,0.99014705,0.0,0.59408826,2
-62.995575,-25.136938,0.99085695,0.0,0.5945142,2
-63.220257,-24.052528,0.98676634,0.1070163,0.63486636,2
-63.435883,-22.94983,0.96981895,0.88673687,0.93658614,3
-63.6419,-21.828625,0.97945887,0.9622488,0.97257483,3
-63.838245,-20.68971,0.9874839,0.61440146,0.838251,3
-64.02455,-19.533396,0.98978233,0.017356502,0.6008121,2
-64.20059,-18.36024,0.9902142,0.0,0.59412855,2
-64.3662,-17.171055,0.9905161,0.0,0.5943097,2
-64.52095,-15.966221,0.9878757,0.0,0.59272546,2
-64.66493,-14.746983,0.99097544,0.0,0.5945853,2
-64.797485,-13.51361,0.9899706,0.0,0.5939824,2
-64.91898,-12.267712,0.9899212,0.0,0.5939528,2
-65.028534,-11.009521,0.98660815,0.0,0.5919649,2
-65.12677,-9.74088,0.99047333,0.0,0.594284,2
-65.21266,-8.462149,0.9907961,0.0,0.59447765,2
-65.28692,-7.1751614,0.99093187,0.0,0.59455913,2
-65.34868,-5.8806505,0.9900024,0.0,0.5940015,2
-65.39847,-4.58023,0.9910189,0.0,0.59461135,2
-65.435684,-3.2749827,0.9875501,0.0,0.5925301,2
-65.46066,-1.9663677,0.97947,0.0,0.587682,2
-65.473114,-0.65568477,0.97990555,0.0,0.5879434,2
-65.473114,0.65568477,0.986948,0.0,0.5921688,2
-65.46066,1.9663677,0.98648155,0.0,0.59188896,2
-65.435684,3.2749827,0.98468405,0.0,0.5908105,2
-65.39847,4.58023,0.9820294,0.0,0.58921766,2
-65.34868,5.8806505,0.9839062,0.0,0.5903438,2
-65.28692,7.1751614,0.9844142,0.0,0.59064853,2
-65.21266,8.462149,0.98467815,0.0,0.5908069,2
-65.12677,9.74088,0.9793522,0.0,0.5876113,2
-65.028534,11.009521,0.9788954,0.0,0.58733726,2
-64.91898,12.267712,0.9748955,0.0,0.58493733,2
-64.797485,13.51361,0.97255635,0.0,0.5835338,2
-64.66493,14.746983,0.97809625,0.0,0.5868578,2
-64.52095,15.966221,0.98934096,0.0,0.5936046,2
-64.3662,17.171055,0.98831975,0.0,0.5929919,2
-64.20059,18.36024,0.9815476,0.0,0.5889286,2
-64.02455,19.533396,0.98068935,0.0,0.58841366,2
-63.838245,20.68971,0.9870068,0.0,0.5922041,2
-63.6419,21.828625,0.99072707,0.0,0.5944363,2
-63.435883,22.94983,0.99078757,0.0,0.5944726,2
-63.220257,24.052528,0.99005604,0.0,0.59403366,2
-62.995575,25.136938,0.98274845,0.0,0.5896491,2
-62.761738,26.202,0.96558505,0.0,0.57935107,2
-62.519455,27.248466,0.9468797,0.0,0.5681278,2
-62.26848,28.274979,0.91870177,0.0,0.5512211,2
-62.00965,29.282774,0.8901348,0.0,0.5340809,2
-61.742645,30.27034,0.88461775,0.0,0.53077066,2
-61.4683,31.239067,0.85045946,0.0,0.5102757,2
-61.186394,32.187798,0.81180614,0.0,0.4870837,1
-60.897575,33.11759,0.7865986,0.0,0.4719592,1
-60.601807,34.027775,0.7115182,0.0,0.42691097,1
-60.29957,34.919086,0.40799186,0.0,0.24479513,0
-59.99096,35.791313,0.025865268,0.0,0.015519162,0
-59.676292,36.644855,0.0027597856,0.0,0.0016558714,0
-59.355812,37.479942,0.0019452317,0.0,0.001167139,0
-59.029694,38.296635,0.0011917987,0.0,0.00071507925,0
-58.698284,39.09558,0.0008702405,0.0,0.0005221443,0
-58.361633,39.876514,0.00070641935,0.0,0.00042385163,0
-58.02018,40.640457,0.00063846173,0.0,0.00038307704,0
-57.67388,41.386837,0.0006370722,0.0,0.00038224334,0
-57.323235,42.117012,0.00063605147,0.0,0.0003816309,0
-56.96812,42.83013,0.0006374591,0.0,0.00038247547,0
-56.609055,43.527733,0.00063829136,0.0,0.00038297483,0
-56.245937,44.20905,0.00063837506,0.0,0.00038302506,0
-55.879196,44.875393,0.0006383811,0.0,0.00038302867,0
-55.508827,45.526314,0.0006383747,0.0,0.00038302483,0
-55.13514,46.162773,0.000638372,0.0,0.0003830232,0
-54.758194,46.784664,0.00063837133,0.0,0.00038302282,0
-54.37823,47.392616,0.00063837075,0.0,0.00038302247,0
-53.99537,47.986828,0.00063837104,0.0,0.00038302265,0
-53.609764,48.567635,0.00063837104,0.0,0.00038302265,0
-53.221584,49.135506,0.00063837104,0.0,0.00038302265,0
-52.830925,49.69049,0.00063837104,0.0,0.00038302265,0
-52.437996,50.233307,0.00063837104,0.0,0.00038302265,0
-52.042835,50.763775,0.00063837104,0.0,0.00038302265,0
-51.645683,51.2828,0.00063837104,0.0,0.00038302265,0
-51.246548,51.789986,0.00063837104,0.0,0.00038302265,0
-50.845665,52.286407,0.00063837104,0.0,0.00038302265,0
-50.44303,52.771545,0.0006384559,0.0,0.00038307355,0
-50.038868,53.24646,0.0006364523,0.0,0.0003818714,0
-49.633194,53.71077,0.00063851406,0.0,0.00038310845,0
-49.226196,54.165276,0.00061591144,0.0,0.00036954688,0
-48.8179,54.60985,0.00058596703,0.0,0.00035158024,0
-48.408463,55.045044,0.0006016315,0.0,0.00036097888,0
-47.99794,55.47091,0.00078726263,0.0,0.00047235758,0
-48.29291,-56.119255,0.0012575969,0.0,0.0007545582,0
-48.707428,-55.697117,0.0009086667,0.0,0.0005452,0
-49.12093,-55.265587,0.00062122586,0.0,0.00037273552,0
-49.53334,-54.8246,0.00063243276,0.0,0.00037945967,0
-49.94453,-54.37359,0.0006374557,0.0,0.00038247346,0
-50.354446,-53.912685,0.0006379955,0.0,0.0003827973,0
-50.76292,-53.441082,0.0006383699,0.0,0.00038302195,0
-51.169933,-52.95914,0.00063837104,0.0,0.00038302265,0
-51.575256,-52.465775,0.00063837104,0.0,0.00038302265,0
-51.978897,-51.96152,0.00063837104,0.0,0.00038302265,0
-52.380615,-51.445267,0.00063837104,0.0,0.00038302265,0
-52.780415,-50.91741,0.00063837104,0.0,0.00038302265,0
-53.178043,-50.377014,0.00063837104,0.0,0.00038302265,0
-53.573467,-49.824253,0.00063837104,0.0,0.00038302265,0
-53.966476,-49.2584,0.00063837104,0.0,0.00038302265,0
-54.35698,-48.679375,0.00063837104,0.0,0.00038302265,0
-54.744793,-48.086685,0.00063837104,0.17524767,0.07048209,0
-55.129776,-47.479984,0.0006383762,0.7713784,0.3089344,1
-55.51179,-46.859055,0.0006383607,0.55375934,0.22188675,0
-55.890617,-46.22324,0.0006380736,0.744207,0.29806566,1
-56.266182,-45.57262,0.0006369059,0.96488816,0.38633743,1
-56.63817,-44.906216,0.0006370455,0.98822373,0.39567173,1
-57.006584,-44.224445,0.0006364056,0.98844814,0.39576113,1
-57.37101,-43.525963,0.00063032965,0.9610927,0.38481528,1
-57.731525,-42.811535,0.000651114,0.43316457,0.1736565,0
-58.087624,-42.079544,0.00074629666,0.085881636,0.034800433,0
-58.4394,-41.330868,0.0009354469,0.23056845,0.09278865,0
-58.78638,-40.564068,0.0014199958,0.9453094,0.37897575,1
-59.128586,-39.779716,0.0028447013,0.44536212,0.17985168,0
-59.46558,-38.976738,0.05981426,0.9194747,0.40367845,1
-59.797302,-38.155376,0.63617057,0.5689446,0.6092802,2
-60.123405,-37.31494,0.7250292,0.99960357,0.83485895,3
-60.443695,-36.455338,0.702145,0.49919584,0.62096536,2
-60.757942,-35.576305,0.5975115,0.9770235,0.7493163,2
-61.06581,-34.67739,0.5107028,0.14690432,0.3651834,1
-61.367184,-33.7588,0.5681637,0.0,0.34089822,1
-61.66159,-32.81973,0.71771294,0.0,0.4306278,1
-61.949055,-31.860853,0.7537767,0.0,0.45226607,1
-62.228924,-30.881025,0.8083422,0.0,0.48500535,1
-62.501392,-29.88144,0.92524785,0.0,0.5551487,2
-62.765617,-28.860603,0.9787244,0.0,0.5872347,2
-63.021915,-27.820072,0.98655,0.0,0.59193003,2
-63.269432,-26.758522,0.988451,0.0,0.5930706,2
-63.508408,-25.677351,0.98455596,0.0,0.5907336,2
-63.73811,-24.575733,0.9855716,0.39123142,0.7478356,2
-63.958622,-23.454762,0.9897195,0.9712061,0.98231417,3
-64.16939,-22.314188,0.98952615,0.17814077,0.66497207,2
-64.37033,-21.15482,0.9882019,0.018232921,0.60021436,2
-64.561066,-19.976963,0.99045753,0.0,0.5942745,2
-64.74133,-18.781195,0.9910584,0.0,0.59463507,2
-64.91098,-17.568348,0.9907652,0.0,0.5944592,2
-65.06955,-16.338814,0.9893138,0.0,0.5935883,2
-65.21712,-15.0939,0.99118537,0.0,0.59471124,2
-65.35302,-13.833883,0.9914745,0.0,0.59488475,2
-65.477615,-12.560463,0.98935866,0.0,0.59361523,2
-65.58998,-11.27388,0.98105514,0.0,0.5886331,2
-65.690765,-9.976097,0.9898357,0.0,0.59390146,2
-65.7789,-8.667489,0.99097073,0.0,0.59458244,2
-65.8551,-7.35002,0.99112153,0.0,0.5946729,2
-65.9185,-6.0244703,0.9912478,0.0,0.5947487,2
-65.96961,-4.6925707,0.9908959,0.0,0.59453756,2
-66.00783,-3.3554816,0.98804075,0.0,0.59282446,2
-66.03347,-2.0147712,0.9873121,0.0,0.59238726,2
-66.046234,-0.6718366,0.98608565,0.0,0.59165144,2
-66.046234,0.6718366,0.98785293,0.0,0.5927118,2
-66.03347,2.0147712,0.9854455,0.0,0.59126735,2
-66.00783,3.3554816,0.9868302,0.0,0.5920981,2
-65.96961,4.6925707,0.9864356,0.0,0.59186137,2
-65.9185,6.0244703,0.9802706,0.0,0.5881624,2
-65.8551,7.35002,0.9807103,0.0,0.58842623,2
-65.7789,8.667489,0.98332787,0.0,0.58999676,2
-65.690765,9.976097,0.98005736,0.0,0.58803445,2
-65.58998,11.27388,0.9833662,0.0,0.59001976,2
-65.477615,12.560463,0.9800157,0.0,0.5880094,2
-65.35302,13.833883,0.98256487,0.0,0.58953893,2
-65.21712,15.0939,0.98121417,0.0,0.58872855,2
-65.06955,16.338814,0.9879772,0.0,0.5927864,2
-64.91098,17.568348,0.9680121,0.0,0.58080727,2
-64.74133,18.781195,0.97225183,0.0,0.58335114,2
-64.561066,19.976963,0.9712459,0.0,0.5827476,2
-64.37033,21.15482,0.9766287,0.0,0.58597726,2
-64.16939,22.314188,0.9902222,0.0,0.5941334,2
-63.958622,23.454762,0.9900917,0.0,0.59405506,2
-63.73811,24.575733,0.99106055,0.0,0.5946364,2
-63.508408,25.677351,0.99013597,0.0,0.5940816,2
-63.269432,26.758522,0.98186,0.0,0.58911604,2
-63.021915,27.820072,0.96168905,0.0,0.57701343,2
-62.765617,28.860603,0.9313567,0.0,0.55881405,2
-62.501392,29.88144,0.9292154,0.0,0.5575293,2
-62.228924,30.881025,0.92494637,0.0,0.5549678,2
-61.949055,31.860853,0.8784452,0.0,0.5270671,2
-61.66159,32.81973,0.8358618,0.0,0.5015171,2
-61.367184,33.7588,0.8143124,0.0,0.48858747,1
-61.06581,34.67739,0.6759054,0.0,0.40554327,1
-60.757942,35.576305,0.4277157,0.0,0.25662944,1
-60.443695,36.455338,0.2209564,0.0,0.13257384,0
-60.123405,37.31494,0.031767778,0.0,0.019060668,0
-59.797302,38.155376,0.027235825,0.0,0.016341496,0
-59.46558,38.976738,0.01060415,0.0,0.00636249,0
-59.128586,39.779716,0.0023541958,0.0,0.0014125175,0
-58.78638,40.564068,0.0009450268,0.0,0.00056701613,0
-58.4394,41.330868,0.0006448261,0.0,0.00038689567,0
-58.087624,42.079544,0.0006384675,0.0,0.0003830805,0
-57.731525,42.811535,0.00063519157,0.0,0.00038111495,0
-57.37101,43.525963,0.0006364611,0.0,0.00038187666,0
-57.006584,44.224445,0.00063784106,0.0,0.00038270466,0
-56.63817,44.906216,0.00063829595,0.0,0.0003829776,0
-56.266182,45.57262,0.00063837046,0.0,0.0003830223,0
-55.890617,46.22324,0.0006383826,0.0,0.0003830296,0
-55.51179,46.859055,0.00063837535,0.0,0.00038302524,0
-55.129776,47.479984,0.00063837256,0.0,0.00038302355,0
-54.744793,48.086685,0.00063837133,0.0,0.00038302282,0
-54.35698,48.679375,0.00063837075,0.0,0.00038302247,0
-53.966476,49.2584,0.00063837075,0.0,0.00038302247,0
-53.573467,49.824253,0.00063837104,0.0,0.00038302265,0
-53.178043,50.377014,0.00063837104,0.0,0.00038302265,0
-52.780415,50.91741,0.00063837104,0.0,0.00038302265,0
-52.380615,51.445267,0.00063837104,0.0,0.00038302265,0
-51.978897,51.96152,0.00063837104,0.0,0.00038302265,0
-51.575256,52.465775,0.00063837104,0.0,0.00038302265,0
-51.169933,52.95914,0.00063837104,0.0,0.00038302265,0
-50.76292,53.441082,0.0006384559,0.0,0.00038307355,0
-50.354446,53.912685,0.0006364523,0.0,0.0003818714,0
-49.94453,54.37359,0.00063851406,0.0,0.00038310845,0
-49.53334,54.8246,0.00061591144,0.0,0.00036954688,0
-49.12093,55.265587,0.00058596703,0.0,0.00035158024,0
-48.707428,55.697117,0.0006016315,0.0,0.00036097888,0
-48.29291,56.119255,0.00078726263,0.0,0.00047235758,0
-48.583458,-56.77762,0.0012575969,0.0,0.0007545582,0
-49.001965,-56.35949,0.0009086667,0.0,0.0005452,0
-49.41952,-55.931908,0.00062122586,0.0,0.00037273552,0
-49.836044,-55.494804,0.00063243276,0.0,0.00037945967,0
-50.25141,-55.047596,0.0006374557,0.0,0.00038247346,0
-50.66558,-54.590416,0.0006379955,0.0,0.0003827973,0
-51.07836,-54.12244,0.0006383699,0.0,0.00038302195,0
-51.489758,-53.644012,0.00063837104,0.0,0.00038302265,0
-51.899532,-53.154053,0.00063837104,0.0,0.00038302265,0
-52.30769,-52.65307,0.00063837104,0.0,0.00038302265,0
-52.713997,-52.13993,0.00063837104,0.0,0.00038302265,0
-53.11844,-51.615047,0.00063837104,0.0,0.00038302265,0
-53.52079,-51.077446,0.00063837104,0.0,0.00038302265,0
-53.920998,-50.527287,0.00063837104,0.0,0.00038302265,0
-54.318863,-49.963825,0.00063837104,0.0,0.00038302265,0
-54.714283,-49.386963,0.00063837104,0.0,0.00038302265,0
-55.10709,-48.796204,0.00063837256,0.0,0.00038302355,0
-55.497128,-48.191147,0.0006383799,0.092445575,0.037361257,0
-55.884262,-47.571587,0.0006382503,0.8326554,0.3334451,1
-56.268272,-46.936813,0.00063763687,0.8905517,0.35660326,1
-56.649082,-46.286907,0.00063649745,0.49384323,0.19791919,0
-57.026382,-45.620842,0.00063751073,0.8483535,0.3397239,1
-57.400158,-44.93903,0.00063711137,0.92814904,0.3716419,1
-57.77001,-44.240074,0.0006359572,0.8431802,0.33765367,1
-58.135994,-43.524734,0.0006810494,0.045769405,0.018716391,0
-58.49762,-42.791332,0.0008296247,0.3336762,0.13396825,0
-58.854965,-42.040745,0.0011643182,0.9633992,0.38605827,1
-59.207558,-41.27147,0.0023099731,0.5896915,0.23726259,0
-59.555412,-40.484077,0.0060005807,0.7452122,0.30168524,1
-59.898094,-39.67742,0.013668665,0.45172867,0.18889266,0
-60.235535,-38.85173,0.40332747,0.7997024,0.5618774,2
-60.567368,-38.006256,0.8481803,0.963181,0.89418066,3
-60.89341,-37.14089,0.6958954,0.6453901,0.6756933,2
-61.213417,-36.255314,0.5977826,0.94774574,0.7377679,2
-61.527042,-35.349045,0.54823935,0.11903338,0.37655696,1
-61.834167,-34.42224,0.6339017,0.0,0.38034105,1
-62.134315,-33.47406,0.75351,0.0,0.45210603,1
-62.427483,-32.50515,0.81443155,0.0,0.48865893,1
-62.713028,-31.514301,0.886977,0.0,0.5321862,2
-62.99112,-30.502716,0.96907157,0.0,0.58144295,2
-63.260906,-29.468801,0.9773276,0.0,0.5863966,2
-63.522697,-28.41416,0.9747552,0.0,0.5848532,2
-63.775616,-27.337362,0.98571485,0.0,0.59142894,2
-64.019905,-26.239845,0.98601276,0.0,0.5916077,2
-64.2548,-25.120714,0.97960895,0.113875024,0.6333154,2
-64.48039,-23.98109,0.9894986,0.9930047,0.9909011,3
-64.69608,-22.820679,0.9905912,0.37653488,0.7449687,2
-64.90179,-21.640306,0.9899889,0.0,0.59399337,2
-65.09712,-20.440275,0.99059546,0.0,0.5943573,2
-65.28179,-19.221169,0.9909894,0.0,0.59459364,2
-65.45565,-17.983852,0.9904941,0.0,0.59429646,2
-65.61819,-16.728714,0.98887956,0.0,0.59332776,2
-65.769516,-15.45714,0.99126315,0.0,0.5947579,2
-65.908905,-14.169398,0.99135524,0.0,0.59481317,2
-66.036736,-12.867297,0.98974586,0.0,0.5938475,2
-66.152054,-11.55108,0.985677,0.0,0.5914062,2
-66.25549,-10.222838,0.9901822,0.0,0.59410936,2
-66.34598,-8.882967,0.9909046,0.0,0.5945428,2
-66.42423,-7.53357,0.99108535,0.0,0.5946512,2
-66.489334,-6.175478,0.99139374,0.0,0.5948363,2
-66.54183,-4.810551,0.9886346,0.0,0.5931808,2
-66.58108,-3.4400353,0.98954403,0.0,0.59372646,2
-66.60742,-2.0656183,0.98940045,0.0,0.59364027,2
-66.62054,-0.68880475,0.9888438,0.0,0.5933063,2
-66.62054,0.68880475,0.98522586,0.0,0.59113556,2
-66.60742,2.0656183,0.984646,0.0,0.59078765,2
-66.58108,3.4400353,0.9854703,0.0,0.5912822,2
-66.54183,4.810551,0.9829565,0.0,0.58977395,2
-66.489334,6.175478,0.98147845,0.0,0.5888871,2
-66.42423,7.53357,0.9898746,0.0,0.59392476,2
-66.34598,8.882967,0.99042445,0.0,0.5942547,2
-66.25549,10.222838,0.9900025,0.0,0.59400153,2
-66.152054,11.55108,0.99035805,0.0,0.59421486,2
-66.036736,12.867297,0.99022514,0.0,0.5941351,2
-65.908905,14.169398,0.9905744,0.0,0.5943447,2
-65.769516,15.45714,0.9902802,0.0,0.5941681,2
-65.61819,16.728714,0.98824084,0.0,0.5929445,2
-65.45565,17.983852,0.9761688,0.0,0.5857013,2
-65.28179,19.221169,0.9784056,0.0,0.5870434,2
-65.09712,20.440275,0.97276264,0.0,0.5836576,2
-64.90179,21.640306,0.97521937,0.0,0.58513165,2
-64.69608,22.820679,0.98926187,0.0,0.5935571,2
-64.48039,23.98109,0.9914021,0.0,0.5948413,2
-64.2548,25.120714,0.99159473,0.0,0.5949569,2
-64.019905,26.239845,0.9891193,0.0,0.5934716,2
-63.775616,27.337362,0.97546583,0.0,0.5852795,2
-63.522697,28.41416,0.97930485,0.0,0.58758295,2
-63.260906,29.468801,0.9576803,0.0,0.5746082,2
-62.99112,30.502716,0.9528102,0.0,0.57168615,2
-62.713028,31.514301,0.9469127,0.0,0.56814766,2
-62.427483,32.50515,0.9434055,0.0,0.5660433,2
-62.134315,33.47406,0.90274596,0.0,0.5416476,2
-61.834167,34.42224,0.79666066,0.0,0.4779964,1
-61.527042,35.349045,0.7396822,0.0,0.44380933,1
-61.213417,36.255314,0.7156995,0.0,0.42941973,1
-60.89341,37.14089,0.564828,0.0,0.3388968,1
-60.567368,38.006256,0.45153373,0.0,0.27092025,1
-60.235535,38.85173,0.5003517,0.0,0.30021104,1
-59.898094,39.67742,0.2552671,0.0,0.15316027,0
-59.555412,40.484077,0.006199303,0.0,0.003719582,0
-59.207558,41.27147,0.0013201877,0.0,0.00079211267,0
-58.854965,42.040745,0.0006779765,0.0,0.00040678593,0
-58.49762,42.791332,0.00063845475,0.0,0.00038307285,0
-58.135994,43.524734,0.00063493766,0.0,0.00038096262,0
-57.77001,44.240074,0.0006338596,0.0,0.0003803158,0
-57.400158,44.93903,0.00063673867,0.0,0.00038204322,0
-57.026382,45.620842,0.00063781947,0.0,0.0003826917,0
-56.649082,46.286907,0.00063821656,0.0,0.00038292995,0
-56.268272,46.936813,0.00063837407,0.0,0.00038302445,0
-55.884262,47.571587,0.0006383747,0.0,0.00038302483,0
-55.497128,48.191147,0.0006383765,0.0,0.00038302594,0
-55.10709,48.796204,0.0006383729,0.0,0.00038302375,0
-54.714283,49.386963,0.00063837133,0.0,0.00038302282,0
-54.318863,49.963825,0.00063837075,0.0,0.00038302247,0
-53.920998,50.527287,0.00063837104,0.0,0.00038302265,0
-53.52079,51.077446,0.00063837104,0.0,0.00038302265,0
-53.11844,51.615047,0.00063837104,0.0,0.00038302265,0
-52.713997,52.13993,0.00063837104,0.0,0.00038302265,0
-52.30769,52.65307,0.00063837104,0.0,0.00038302265,0
-51.899532,53.154053,0.00063837104,0.0,0.00038302265,0
-51.489758,53.644012,0.00063837104,0.0,0.00038302265,0
-51.07836,54.12244,0.0006384559,0.0,0.00038307355,0
-50.66558,54.590416,0.0006364523,0.0,0.0003818714,0
-50.25141,55.047596,0.00063851406,0.0,0.00038310845,0
-49.836044,55.494804,0.00061591144,0.0,0.00036954688,0
-49.41952,55.931908,0.00058596703,0.0,0.00035158024,0
-49.001965,56.35949,0.0006016315,0.0,0.00036097888,0
-48.583458,56.77762,0.00078726263,0.0,0.00047235758,0
-48.869396,-57.44615,0.0012575969,0.0,0.0007545582,0
-49.291878,-57.032314,0.0009086667,0.0,0.0005452,0
-49.71347,-56.608986,0.00062122586,0.0,0.00037273552,0
-50.1341,-56.17607,0.00063243276,0.0,0.00037945967,0
-50.55365,-55.732986,0.0006374557,0.0,0.00038247346,0
-50.972054,-55.27986,0.0006379955,0.0,0.0003827973,0
-51.38916,-54.81584,0.0006383699,0.0,0.00038302195,0
-51.804924,-54.34129,0.00063837104,0.0,0.00038302265,0
-52.219147,-53.85508,0.00063837104,0.0,0.00038302265,0
-52.63183,-53.35773,0.00063837104,0.0,0.00038302265,0
-53.042732,-52.84809,0.00063837104,0.0,0.00038302265,0
-53.451836,-52.32656,0.00063837104,0.0,0.00038302265,0
-53.858925,-51.792133,0.00063837104,0.0,0.00038302265,0
-54.263943,-51.24498,0.00063837104,0.0,0.00038302265,0
-54.66668,-50.68431,0.00063837104,0.0,0.00038302265,0
-55.06705,-50.110035,0.00063837104,0.0,0.00038302265,0
-55.464878,-49.521606,0.000638372,0.0,0.0003830232,0
-55.86001,-48.918633,0.0006383571,0.026552638,0.011004069,0
-56.2523,-48.30086,0.00063797936,0.40442893,0.16215436,0
-56.64154,-47.667572,0.00063717755,0.9544335,0.38215572,1
-57.027645,-47.01882,0.0006365387,0.92771554,0.37146813,1
-57.410305,-46.35354,0.00063892436,0.9810299,0.39279532,1
-57.78951,-45.672134,0.0006391101,0.9445825,0.37821648,1
-58.16484,-44.973145,0.0006508655,0.7226456,0.28944877,1
-58.536377,-44.25734,0.0007309588,0.44616377,0.17890409,0
-58.903595,-43.522964,0.0009619728,0.7677811,0.3076896,1
-59.266605,-42.770897,0.001678161,0.73740023,0.295967,1
-59.624905,-41.999573,0.0050877957,0.98731554,0.3979789,1
-59.978504,-41.20955,0.020455834,0.81631964,0.33880135,1
-60.326973,-40.399612,0.2293832,0.7033792,0.4189816,1
-60.670235,-39.569977,0.55093306,0.5903405,0.56669605,2
-61.00792,-38.71984,0.8124333,0.99129176,0.8839767,3
-61.339844,-37.849052,0.6436978,0.916401,0.7527791,3
-61.66573,-36.95725,0.66743547,0.9776328,0.7915144,3
-61.985256,-36.043903,0.6637718,0.20055087,0.47848344,1
-62.298283,-35.109146,0.69763434,0.0,0.41858062,1
-62.60431,-34.152046,0.7458122,0.0,0.44748732,1
-62.903347,-33.173283,0.8402438,0.0,0.50414634,2
-63.194717,-32.17152,0.9425307,0.0,0.56551844,2
-63.478607,-31.147999,0.9749204,0.0,0.58495224,2
-63.754128,-30.101004,0.9740258,0.0,0.5844155,2
-64.02159,-29.032183,0.966093,0.0,0.5796558,2
-64.280106,-27.939999,0.9710833,0.0,0.58265,2
-64.52988,-26.825932,0.9810285,0.07669174,0.61929387,2
-64.77016,-25.688995,0.9847297,0.814098,0.9164771,3
-65.00101,-24.530346,0.98898906,0.8639858,0.93898773,3
-65.22181,-23.349628,0.9898359,0.22402252,0.6835106,2
-65.43247,-22.147701,0.9908805,0.0,0.5945283,2
-65.63258,-20.924839,0.9908354,0.0,0.59450126,2
-65.82185,-19.681644,0.9910347,0.0,0.5946208,2
-66.00009,-18.419003,0.99113864,0.0,0.59468323,2
-66.16678,-17.137314,0.9909559,0.0,0.59457356,2
-66.32202,-15.838029,0.991165,0.0,0.594699,2
-66.46506,-14.521416,0.99111885,0.0,0.5946713,2
-66.596275,-13.189394,0.9907674,0.0,0.5944605,2
-66.71467,-11.842209,0.98985183,0.0,0.5939111,2
-66.820915,-10.482092,0.9904034,0.0,0.5942421,2
-66.91386,-9.109463,0.99087405,0.0,0.59452444,2
-66.99425,-7.726569,0.9913027,0.0,0.59478164,2
-67.06115,-6.334306,0.99099886,0.0,0.59459937,2
-67.1151,-4.9346704,0.98924446,0.0,0.5935467,2
-67.15544,-3.5290036,0.98922926,0.0,0.59353757,2
-67.18251,-2.1191268,0.9882752,0.0,0.5929651,2
-67.196,-0.70666206,0.98783267,0.0,0.59269965,2
-67.196,0.70666206,0.9842582,0.0,0.59055495,2
-67.18251,2.1191268,0.97531736,0.0,0.5851904,2
-67.15544,3.5290036,0.9827811,0.0,0.5896687,2
-67.1151,4.9346704,0.9837018,0.0,0.5902211,2
-67.06115,6.334306,0.98851365,0.0,0.59310824,2
-66.99425,7.726569,0.99067676,0.0,0.59440607,2
-66.91386,9.109463,0.98929554,0.0,0.5935773,2
-66.820915,10.482092,0.987772,0.0,0.5926632,2
-66.71467,11.842209,0.9904255,0.0,0.5942553,2
-66.596275,13.189394,0.99072766,0.0,0.59443665,2
-66.46506,14.521416,0.99087536,0.0,0.5945252,2
-66.32202,15.838029,0.9890593,0.0,0.59343565,2
-66.16678,17.137314,0.9835946,0.0,0.5901568,2
-66.00009,18.419003,0.9842679,0.0,0.59056073,2
-65.82185,19.681644,0.9827252,0.0,0.58963513,2
-65.63258,20.924839,0.97511566,0.0,0.5850694,2
-65.43247,22.147701,0.98705065,0.0,0.59223044,2
-65.22181,23.349628,0.98853624,0.0,0.59312177,2
-65.00101,24.530346,0.9911165,0.0,0.59466994,2
-64.77016,25.688995,0.99155337,0.0,0.594932,2
-64.52988,26.825932,0.9889382,0.0,0.5933629,2
-64.280106,27.939999,0.97866994,0.0,0.587202,2
-64.02159,29.032183,0.97832996,0.0,0.586998,2
-63.754128,30.101004,0.98356795,0.0,0.5901408,2
-63.478607,31.147999,0.9754204,0.0,0.5852523,2
-63.194717,32.17152,0.9670455,0.0,0.5802273,2
-62.903347,33.173283,0.96017015,0.0,0.57610214,2
-62.60431,34.152046,0.9337704,0.0,0.56026226,2
-62.298283,35.109146,0.9102389,0.0,0.54614335,2
-61.985256,36.043903,0.8881883,0.0,0.532913,2
-61.66573,36.95725,0.8204227,0.0,0.49225363,1
-61.339844,37.849052,0.75816953,0.0,0.45490173,1
-61.00792,38.71984,0.7402502,0.0,0.44415012,1
-60.670235,39.569977,0.6311216,0.0,0.37867296,1
-60.326973,40.399612,0.31465316,0.0,0.1887919,0
-59.978504,41.20955,0.008572365,0.0,0.0051434194,0
-59.624905,41.999573,0.0020215432,0.0,0.001212926,0
-59.266605,42.770897,0.0007842638,0.0,0.00047055827,0
-58.903595,43.522964,0.0006709302,0.0,0.00040255813,0
-58.536377,44.25734,0.00063821656,0.0,0.00038292995,0
-58.16484,44.973145,0.0006333339,0.0,0.00038000036,0
-57.78951,45.672134,0.00063422305,0.0,0.00038053383,0
-57.410305,46.35354,0.0006360945,0.0,0.00038165672,0
-57.027645,47.01882,0.0006376171,0.0,0.00038257026,0
-56.64154,47.667572,0.0006380429,0.0,0.00038282576,0
-56.2523,48.30086,0.00063833455,0.0,0.00038300073,0
-55.86001,48.918633,0.0006383644,0.0,0.00038301866,0
-55.464878,49.521606,0.0006383799,0.0,0.00038302795,0
-55.06705,50.110035,0.0006383738,0.0,0.00038302428,0
-54.66668,50.68431,0.00063837133,0.0,0.00038302282,0
-54.263943,51.24498,0.00063837075,0.0,0.00038302247,0
-53.858925,51.792133,0.00063837075,0.0,0.00038302247,0
-53.451836,52.32656,0.00063837104,0.0,0.00038302265,0
-53.042732,52.84809,0.00063837104,0.0,0.00038302265,0
-52.63183,53.35773,0.00063837104,0.0,0.00038302265,0
-52.219147,53.85508,0.00063837104,0.0,0.00038302265,0
-51.804924,54.34129,0.00063837104,0.0,0.00038302265,0
-51.38916,54.81584,0.0006384559,0.0,0.00038307355,0
-50.972054,55.27986,0.0006364523,0.0,0.0003818714,0
-50.55365,55.732986,0.00063851406,0.0,0.00038310845,0
-50.1341,56.17607,0.00061591144,0.0,0.00036954688,0
-49.71347,56.608986,0.00058596703,0.0,0.00035158024,0
-49.291878,57.032314,0.0006016315,0.0,0.00036097888,0
-48.869396,57.44615,0.00078726263,0.0,0.00047235758,0
-49.150734,-58.12454,0.0012575969,0.0,0.0007545582,0
-49.57718,-57.715294,0.0009086667,0.0,0.0005452,0
-50.0028,-57.29651,0.00062122586,0.0,0.00037273552,0
-50.42753,-56.868103,0.00063243276,0.0,0.00037945967,0
-50.851246,-56.42946,0.0006374557,0.0,0.00038247346,0
-51.273884,-55.98071,0.0006379955,0.0,0.0003827973,0
-51.69529,-55.520985,0.0006383699,0.0,0.00038302195,0
-52.11544,-55.050644,0.00063837104,0.0,0.00038302265,0
-52.53411,-54.568546,0.00063837104,0.0,0.00038302265,0
-52.951313,-54.075203,0.00063837104,0.0,0.00038302265,0
-53.366814,-53.569435,0.00063837104,0.0,0.00038302265,0
-53.78059,-53.051632,0.00063837104,0.0,0.00038302265,0
-54.192425,-52.52078,0.00063837104,0.0,0.00038302265,0
-54.602257,-51.977024,0.00063837104,0.0,0.00038302265,0
-55.009903,-51.41957,0.00063837104,0.0,0.00038302265,0
-55.415245,-50.84829,0.0006383716,0.0,0.000383023,0
-55.81812,-50.262627,0.0006383671,0.0,0.00038302026,0
-56.218365,-49.66217,0.0006383154,0.044736158,0.018277453,0
-56.615852,-49.04664,0.0006377088,0.7256317,0.29063532,1
-57.01037,-48.41528,0.00063724647,0.571171,0.22885075,0
-57.401806,-47.76814,0.00063683937,0.9263535,0.37092352,1
-57.78988,-47.104088,0.0006376581,0.55989295,0.22433978,0
-58.174564,-46.42355,0.0006432946,0.7792166,0.3120726,1
-58.55544,-45.724995,0.00067659427,0.9248187,0.37033346,1
-58.93259,-45.00918,0.00079853664,0.7815932,0.31311643,1
-59.30549,-44.2743,0.0012505852,0.3654859,0.14694472,0
-59.674232,-43.52121,0.0033514793,0.8361771,0.33648172,1
-60.038315,-42.74829,0.026468128,0.9778955,0.40703908,1
-60.397755,-41.956074,0.36802793,0.99284226,0.61795366,2
-60.752117,-41.14329,0.7137621,0.7076657,0.71132356,2
-61.101307,-40.310123,0.6373978,0.21294929,0.46761844,1
-61.444958,-39.455723,0.62939614,0.42356497,0.5470637,2
-61.78287,-38.57988,0.6834522,0.6899784,0.6860627,2
-62.114777,-37.68221,0.690303,0.9463352,0.7927159,3
-62.440334,-36.762104,0.72411966,0.0678254,0.46160197,1
-62.759396,-35.81968,0.81917155,0.0,0.49150294,1
-63.071453,-34.85392,0.86437064,0.0,0.5186224,2
-63.37651,-33.865494,0.91542995,0.0,0.549258,2
-63.673878,-32.852974,0.9529328,0.0,0.5717597,2
-63.963722,-31.817616,0.97310865,0.0,0.5838652,2
-64.24515,-30.757578,0.9704781,0.0,0.5822869,2
-64.51846,-29.674559,0.95855796,0.0,0.5751348,2
-64.78274,-28.566887,0.9562739,0.0,0.5737644,2
-65.03819,-27.436092,0.9736259,0.30516928,0.7062433,2
-65.284035,-26.281086,0.98284805,0.8267074,0.9203918,3
-65.52033,-25.103064,0.98939276,0.3885,0.7490357,2
-65.746445,-23.901604,0.99062634,0.0,0.59437585,2
-65.96226,-22.677574,0.9906494,0.0,0.5943897,2
-66.16734,-21.431248,0.98936355,0.0,0.59361815,2
-66.361374,-20.163218,0.99047333,0.0,0.594284,2
-66.544174,-18.87441,0.99102545,0.0,0.5946153,2
-66.71521,-17.565216,0.99111825,0.0,0.59467095,2
-66.874535,-16.237158,0.9910507,0.0,0.5946305,2
-67.021385,-14.890507,0.9911187,0.0,0.59467125,2
-67.156136,-13.527298,0.99104184,0.0,0.5946251,2
-67.27776,-12.147778,0.99110514,0.0,0.5946631,2
-67.38694,-10.7543335,0.99113184,0.0,0.5946791,2
-67.48245,-9.347398,0.99127555,0.0,0.59476537,2
-67.5651,-7.929388,0.9911645,0.0,0.5946987,2
-67.63388,-6.5012636,0.9887333,0.0,0.59324,2
-67.689354,-5.065174,0.98818237,0.0,0.59290946,2
-67.73084,-3.6225665,0.98594993,0.0,0.59156996,2
-67.75869,-2.1754055,0.9862895,0.0,0.59177375,2
-67.77256,-0.7254449,0.98877794,0.0,0.5932668,2
-67.77256,0.7254449,0.9877285,0.0,0.5926371,2
-67.75869,2.1754055,0.9727946,0.0,0.58367676,2
-67.73084,3.6225665,0.9772,0.0,0.58632,2
-67.689354,5.065174,0.9898085,0.0,0.5938851,2
-67.63388,6.5012636,0.9910987,0.0,0.59465927,2
-67.5651,7.929388,0.99082476,0.0,0.5944949,2
-67.48245,9.347398,0.9893778,0.0,0.5936267,2
-67.38694,10.7543335,0.98919046,0.0,0.5935143,2
-67.27776,12.147778,0.9905227,0.0,0.5943136,2
-67.156136,13.527298,0.9908517,0.0,0.59451103,2
-67.021385,14.890507,0.989293,0.0,0.59357584,2
-66.874535,16.237158,0.97364634,0.0,0.5841878,2
-66.71521,17.565216,0.9722172,0.0,0.58333033,2
-66.544174,18.87441,0.9887629,0.0,0.5932578,2
-66.361374,20.163218,0.9871547,0.0,0.59229285,2
-66.16734,21.431248,0.9886125,0.0,0.5931675,2
-65.96226,22.677574,0.9903598,0.0,0.59421587,2
-65.746445,23.901604,0.9912209,0.0,0.5947326,2
-65.52033,25.103064,0.99135053,0.0,0.59481037,2
-65.284035,26.281086,0.99117416,0.0,0.5947045,2
-65.03819,27.436092,0.9907132,0.0,0.59442794,2
-64.78274,28.566887,0.9894164,0.0,0.59364986,2
-64.51846,29.674559,0.9898324,0.0,0.5938995,2
-64.24515,30.757578,0.9872199,0.0,0.592332,2
-63.963722,31.817616,0.9718541,0.0,0.5831125,2
-63.673878,32.852974,0.97599447,0.0,0.5855967,2
-63.37651,33.865494,0.97529775,0.0,0.5851787,2
-63.071453,34.85392,0.9500061,0.0,0.5700037,2
-62.759396,35.81968,0.92049015,0.0,0.55229414,2
-62.440334,36.762104,0.93036455,0.0,0.5582188,2
-62.114777,37.68221,0.8792918,0.0,0.5275751,2
-61.78287,38.57988,0.80105525,0.0,0.48063317,1
-61.444958,39.455723,0.7408195,0.0,0.4444917,1
-61.101307,40.310123,0.6561361,0.0,0.39368168,1
-60.752117,41.14329,0.40048754,0.0,0.24029253,0
-60.397755,41.956074,0.027532244,0.0,0.016519347,0
-60.038315,42.74829,0.0029774096,0.0,0.0017864458,0
-59.674232,43.52121,0.0012380364,0.0,0.0007428219,0
-59.30549,44.2743,0.00079092156,0.0,0.00047455294,0
-58.93259,45.00918,0.0006721059,0.0,0.00040326355,0
-58.55544,45.724995,0.00064131734,0.0,0.00038479042,0
-58.174564,46.42355,0.0006327418,0.0,0.0003796451,0
-57.78988,47.104088,0.0006331336,0.0,0.00037988016,0
-57.401806,47.76814,0.00063505565,0.0,0.0003810334,0
-57.01037,48.41528,0.0006372252,0.0,0.00038233516,0
-56.615852,49.04664,0.0006379201,0.0,0.00038275207,0
-56.218365,49.66217,0.0006382871,0.0,0.00038297227,0
-55.81812,50.262627,0.0006383696,0.0,0.00038302178,0
-55.415245,50.84829,0.0006383811,0.0,0.00038302867,0
-55.009903,51.41957,0.00063837407,0.0,0.00038302445,0
-54.602257,51.977024,0.000638372,0.0,0.0003830232,0
-54.192425,52.52078,0.00063837133,0.0,0.00038302282,0
-53.78059,53.051632,0.00063837075,0.0,0.00038302247,0
-53.366814,53.569435,0.00063837104,0.0,0.00038302265,0
-52.951313,54.075203,0.00063837104,0.0,0.00038302265,0
-52.53411,54.568546,0.00063837104,0.0,0.00038302265,0
-52.11544,55.050644,0.00063837104,0.0,0.00038302265,0
-51.69529,55.520985,0.0006384559,0.0,0.00038307355,0
-51.273884,55.98071,0.0006364523,0.0,0.0003818714,0
-50.851246,56.42946,0.00063851406,0.0,0.00038310845,0
-50.42753,56.868103,0.00061591144,0.0,0.00036954688,0
-50.0028,57.29651,0.00058596703,0.0,0.00035158024,0
-49.57718,57.715294,0.0006016315,0.0,0.00036097888,0
-49.150734,58.12454,0.00078726263,0.0,0.00047235758,0
-49.42705,-58.813408,0.0012575969,0.0,0.0007545582,0
-49.857433,-58.409073,0.0009086667,0.0,0.0005452,0
-50.28707,-57.995163,0.00062122586,0.0,0.00037273552,0
-50.715878,-57.571587,0.00063243276,0.0,0.00037945967,0
-51.143738,-57.13774,0.0006374557,0.0,0.00038247346,0
-51.570602,-56.69372,0.0006379955,0.0,0.0003827973,0
-51.996307,-56.23867,0.0006383699,0.0,0.00038302195,0
-52.420822,-55.772926,0.00063837104,0.0,0.00038302265,0
-52.84395,-55.295322,0.00063837104,0.0,0.00038302265,0
-53.26567,-54.806374,0.00063837104,0.0,0.00038302265,0
-53.68577,-54.304893,0.00063837104,0.0,0.00038302265,0
-54.104218,-53.791256,0.00063837104,0.0,0.00038302265,0
-54.520813,-53.264412,0.00063837104,0.0,0.00038302265,0
-54.93548,-52.72451,0.00063837104,0.0,0.00038302265,0
-55.34803,-52.170723,0.00063837104,0.0,0.00038302265,0
-55.75837,-51.602913,0.0006383729,0.0,0.00038302375,0
-56.166306,-51.0205,0.00063834974,0.0,0.00038300987,0
-56.571705,-50.423042,0.00063816784,0.013164892,0.0056488574,0
-56.974426,-49.81024,0.00063718366,0.19624959,0.07888215,0
-57.374237,-49.18132,0.0006368622,0.9881183,0.39562944,1
-57.77107,-48.536297,0.0006362676,0.86826926,0.34768948,1
-58.164604,-47.874016,0.0006373227,0.70265806,0.28144562,1
-58.554825,-47.19487,0.00065832085,0.97333777,0.38973013,1
-58.941315,-46.49727,0.00072677457,0.68870616,0.27591854,1
-59.324135,-45.78198,0.0008959088,0.3313962,0.13309602,0
-59.702785,-45.04712,0.0017088734,0.51609665,0.20746398,0
-60.07734,-44.293537,0.012524847,0.9684998,0.3949148,1
-60.44731,-43.519547,0.30508566,0.9999082,0.5830147,2
-60.812687,-42.725655,0.62463087,0.98468834,0.76865387,3
-61.17304,-41.91053,0.7917014,0.8966324,0.83367383,3
-61.528267,-41.07433,0.7151114,0.89637786,0.787618,3
-61.878002,-40.21613,0.7388635,0.18690485,0.51808006,2
-62.22204,-39.335693,0.7407473,0.9656892,0.83072406,3
-62.56009,-38.432575,0.7527189,0.7347163,0.74551785,2
-62.89182,-37.50611,0.81233555,0.07339066,0.5167576,2
-63.217064,-36.556374,0.89463806,0.0,0.53678286,2
-63.535316,-35.58228,0.9328532,0.0,0.55971193,2
-63.846558,-34.584465,0.9569649,0.0,0.574179,2
-64.1501,-33.5614,0.9743764,0.0,0.58462584,2
-64.446075,-32.514362,0.9848,0.0,0.59088004,2
-64.7336,-31.44137,0.9825738,0.0,0.5895443,2
-65.012955,-30.344162,0.9592803,0.0,0.5755682,2
-65.28319,-29.22094,0.9674118,0.0,0.58044714,2
-65.54454,-28.073265,0.98207754,0.21068816,0.6735218,2
-65.79616,-26.89995,0.9875601,0.9305629,0.96476126,3
-66.03811,-25.702202,0.9897398,0.71812594,0.8810942,3
-66.26974,-24.479546,0.99043405,0.020080665,0.6022927,2
-66.49091,-23.232855,0.98860383,0.0,0.5931623,2
-66.70117,-21.962376,0.98559326,0.0,0.591356,2
-66.90021,-20.66871,0.98982215,0.0,0.5938933,2
-67.087776,-19.352808,0.9908879,0.0,0.5945327,2
-67.263336,-18.015053,0.9910731,0.0,0.5946439,2
-67.42694,-16.657047,0.9909986,0.0,0.5945992,2
-67.5778,-15.279055,0.99104416,0.0,0.59462655,2
-67.71626,-13.88324,0.99103385,0.0,0.59462035,2
-67.84128,-12.469841,0.9911742,0.0,0.59470457,2
-67.95352,-11.041418,0.9900538,0.0,0.5940323,2
-68.05176,-9.598421,0.9910505,0.0,0.5946303,2
-68.136765,-8.143454,0.98692167,0.0,0.592153,2
-68.207535,-6.677539,0.98278517,0.0,0.58967113,2
-68.26462,-5.203,0.9863592,0.0,0.59181553,2
-68.30731,-3.7213984,0.9835016,0.0,0.590101,2
-68.335976,-2.2348614,0.97517395,0.0,0.5851044,2
-68.35025,-0.7452898,0.9834857,0.0,0.59009147,2
-68.35025,0.7452898,0.99044937,0.0,0.59426963,2
-68.335976,2.2348614,0.98519194,0.0,0.5911152,2
-68.30731,3.7213984,0.97604305,0.0,0.5856258,2
-68.26462,5.203,0.9883907,0.0,0.59303445,2
-68.207535,6.677539,0.9911815,0.0,0.5947089,2
-68.136765,8.143454,0.99112636,0.0,0.59467584,2
-68.05176,9.598421,0.98933053,0.0,0.59359837,2
-67.95352,11.041418,0.9879979,0.019498289,0.6005981,2
-67.84128,12.469841,0.9797861,0.0,0.5878717,2
-67.71626,13.88324,0.9740762,0.0,0.5844458,2
-67.5778,15.279055,0.9798493,0.0,0.5879096,2
-67.42694,16.657047,0.97202504,0.0,0.58321506,2
-67.263336,18.015053,0.9766187,0.0,0.58597124,2
-67.087776,19.352808,0.98808426,0.0,0.59285057,2
-66.90021,20.66871,0.9897483,0.0,0.593849,2
-66.70117,21.962376,0.9892725,0.0,0.5935635,2
-66.49091,23.232855,0.9892446,0.0,0.59354675,2
-66.26974,24.479546,0.99056923,0.0,0.5943416,2
-66.03811,25.702202,0.99057174,0.0,0.59434307,2
-65.79616,26.89995,0.9909738,0.0,0.5945843,2
-65.54454,28.073265,0.9910875,0.0,0.59465253,2
-65.28319,29.22094,0.9904659,0.0,0.5942795,2
-65.012955,30.344162,0.9895934,0.0,0.5937561,2
-64.7336,31.44137,0.986873,0.0,0.5921238,2
-64.446075,32.514362,0.97853935,0.0,0.58712363,2
-64.1501,33.5614,0.9716409,0.0,0.58298457,2
-63.846558,34.584465,0.9733416,0.0,0.584005,2
-63.535316,35.58228,0.9581291,0.0,0.5748775,2
-63.217064,36.556374,0.9382133,0.0,0.562928,2
-62.89182,37.50611,0.9338017,0.0,0.56028104,2
-62.56009,38.432575,0.88073885,0.0,0.52844334,2
-62.22204,39.335693,0.7861868,0.0,0.4717121,1
-61.878002,40.21613,0.7114858,0.0,0.4268915,1
-61.528267,41.07433,0.65819556,0.0,0.39491734,1
-61.17304,41.91053,0.43455857,0.0,0.26073515,1
-60.812687,42.725655,0.17364427,0.0,0.10418657,0
-60.44731,43.519547,0.0072278865,0.0,0.004336732,0
-60.07734,44.293537,0.0018530717,0.0,0.001111843,0
-59.702785,45.04712,0.0009740249,0.0,0.0005844149,0
-59.324135,45.78198,0.00080195675,0.0,0.00048117407,0
-58.941315,46.49727,0.00069226424,0.0,0.00041535855,0
-58.554825,47.19487,0.0006512288,0.0,0.00039073732,0
-58.164604,47.874016,0.00063259614,0.0,0.0003795577,0
-57.77107,48.536297,0.0006318938,0.0,0.0003791363,0
-57.374237,49.18132,0.0006345332,0.0,0.00038071992,0
-56.974426,49.81024,0.0006369213,0.0,0.00038215282,0
-56.571705,50.423042,0.0006378857,0.0,0.00038273144,0
-56.166306,51.0205,0.00063828344,0.0,0.0003829701,0
-55.75837,51.602913,0.00063837407,0.0,0.00038302445,0
-55.34803,52.170723,0.0006383781,0.0,0.00038302687,0
-54.93548,52.72451,0.0006383744,0.0,0.00038302466,0
-54.520813,53.264412,0.00063837226,0.0,0.00038302338,0
-54.104218,53.791256,0.00063837104,0.0,0.00038302265,0
-53.68577,54.304893,0.00063837104,0.0,0.00038302265,0
-53.26567,54.806374,0.00063837104,0.0,0.00038302265,0
-52.84395,55.295322,0.00063837104,0.0,0.00038302265,0
-52.420822,55.772926,0.00063837104,0.0,0.00038302265,0
-51.996307,56.23867,0.0006384559,0.0,0.00038307355,0
-51.570602,56.69372,0.0006364523,0.0,0.0003818714,0
-51.143738,57.13774,0.00063851406,0.0,0.00038310845,0
-50.715878,57.571587,0.00061591144,0.0,0.00036954688,0
-50.28707,57.995163,0.00058596703,0.0,0.00035158024,0
-49.857433,58.409073,0.0006016315,0.0,0.00036097888,0
-49.42705,58.813408,0.00078726263,0.0,0.00047235758,0
-49.69847,-59.512222,0.0012575969,0.0,0.0007545582,0
-50.13277,-59.1131,0.0009086667,0.0,0.0005452,0
-50.56639,-58.70438,0.00062122586,0.0,0.00037273552,0
-50.99926,-58.285973,0.00063243276,0.0,0.00037945967,0
-51.43126,-57.857254,0.0006374557,0.0,0.00038247346,0
-51.862328,-57.418316,0.0006379955,0.0,0.0003827973,0
-52.29232,-56.968292,0.0006383699,0.0,0.00038302195,0
-52.72119,-56.50751,0.00063837104,0.0,0.00038302265,0
-53.148754,-56.0348,0.00063837104,0.0,0.00038302265,0
-53.574993,-55.550655,0.00063837104,0.0,0.00038302265,0
-53.999683,-55.053867,0.00063837104,0.0,0.00038302265,0
-54.422813,-54.544804,0.00063837104,0.0,0.00038302265,0
-54.844166,-54.0224,0.00063837104,0.0,0.00038302265,0
-55.26367,-53.486794,0.00063837104,0.0,0.00038302265,0
-55.681145,-52.937126,0.00063837104,0.0,0.00038302265,0
-56.09648,-52.373257,0.0006383744,0.0,0.00038302466,0
-56.509514,-51.794567,0.00063831784,0.12674801,0.051082194,0
-56.920086,-51.2006,0.00063786085,0.6656753,0.26665285,1
-57.32806,-50.591034,0.0006361639,0.16782528,0.06751181,0
-57.73321,-49.96506,0.000635121,0.9847686,0.39428854,1
-58.135464,-49.322678,0.00063264894,0.9482485,0.379679,1
-58.5345,-48.66268,0.00063223304,0.885448,0.35455856,1
-58.930298,-47.98546,0.0006654914,0.96956575,0.3882256,1
-59.32246,-47.28936,0.00077794923,0.91513884,0.3665223,1
-59.71102,-46.57514,0.0011294263,0.5326728,0.21374679,0
-60.09549,-45.84084,0.0031832203,0.37274227,0.15100683,0
-60.47593,-45.087315,0.019360745,0.6350754,0.2656466,1
-60.851856,-44.312786,0.40413234,0.5105728,0.44670853,1
-61.223263,-43.517757,0.73665273,0.9711197,0.83043957,3
-61.5897,-42.700825,0.89455754,0.84921706,0.87642133,3
-61.95107,-41.862106,0.87205076,0.9983799,0.92258245,3
-62.307,-41.000618,0.82261705,0.18089825,0.56592953,2
-62.657276,-40.116077,0.7814264,0.9558708,0.8512042,3
-63.00161,-39.20797,0.80845934,0.62113076,0.7335279,2
-63.339653,-38.275574,0.8508925,0.19126023,0.58703965,2
-63.671227,-37.31893,0.892516,0.0,0.53550965,2
-63.99582,-36.33685,0.9387629,0.0,0.56325775,2
-64.31341,-35.329967,0.97825634,0.0,0.5869538,2
-64.623276,-34.296627,0.9785755,0.0,0.5871453,2
-64.925575,-33.238113,0.9805957,0.0,0.58835745,2
-65.219376,-32.152306,0.98392254,0.0,0.59035355,2
-65.50497,-31.040977,0.97700715,0.0,0.5862043,2
-65.78137,-29.902187,0.9756634,0.0,0.5853981,2
-66.0488,-28.73753,0.98321116,0.06817916,0.6171984,2
-66.3064,-27.545704,0.9878649,0.95767033,0.9757871,3
-66.554214,-26.327934,0.98938996,0.34298664,0.73082864,2
-66.79157,-25.083664,0.9905365,0.0,0.5943219,2
-67.01831,-23.813787,0.9875437,0.0,0.59252626,2
-67.233986,-22.518515,0.9838245,0.0,0.5902947,2
-67.4382,-21.19844,0.9900241,0.0,0.59401447,2
-67.63076,-19.85454,0.9910095,0.0,0.5946057,2
-67.81105,-18.487186,0.99107015,0.0,0.5946421,2
-67.97914,-17.09807,0.99102074,0.0,0.5946125,2
-68.134186,-15.687437,0.990442,0.0,0.5942652,2
-68.276535,-14.257587,0.99009657,0.0,0.594058,2
-68.40511,-12.808758,0.98859406,0.0,0.59315646,2
-68.520584,-11.343687,0.988648,0.0,0.5931888,2
-68.62167,-9.862848,0.99013454,0.0,0.59408075,2
-68.709175,-8.369043,0.9845466,0.0,0.590728,2
-68.78203,-6.8633685,0.97547376,0.0,0.5852843,2
-68.8408,-5.348337,0.9678182,0.0,0.5806909,2
-68.884766,-3.8256388,0.97454655,0.0,0.58472794,2
-68.91429,-2.2975807,0.9395417,0.07429713,0.59344393,2
-68.92899,-0.7662252,0.9308468,0.1894626,0.63429314,2
-68.92899,0.7662252,0.9760459,0.07538331,0.6157809,2
-68.91429,2.2975807,0.98753417,0.0,0.59252053,2
-68.884766,3.8256388,0.98062325,0.0,0.58837396,2
-68.8408,5.348337,0.9814827,0.03209654,0.60172826,2
-68.78203,6.8633685,0.9886706,0.16568619,0.6594768,2
-68.709175,8.369043,0.99030614,0.10294899,0.6353633,2
-68.62167,9.862848,0.98813987,0.25379995,0.69440395,2
-68.520584,11.343687,0.97009295,0.80039036,0.90221196,3
-68.40511,12.808758,0.94498634,0.20635131,0.6495323,2
-68.276535,14.257587,0.9555262,0.033409685,0.58667964,2
-68.134186,15.687437,0.9589488,0.0,0.5753693,2
-67.97914,17.09807,0.9645627,0.0,0.5787377,2
-67.81105,18.487186,0.97032803,0.0,0.58219683,2
-67.63076,19.85454,0.9885244,0.0,0.5931147,2
-67.4382,21.19844,0.99005437,0.0,0.59403265,2
-67.233986,22.518515,0.99113655,0.0,0.594682,2
-67.01831,23.813787,0.99107695,0.0,0.5946462,2
-66.79157,25.083664,0.9909917,0.0,0.5945951,2
-66.554214,26.327934,0.99109274,0.0,0.5946557,2
-66.3064,27.545704,0.9911642,0.0,0.59469855,2
-66.0488,28.73753,0.9910416,0.0,0.594625,2
-65.78137,29.902187,0.98995227,0.0,0.5939714,2
-65.50497,31.040977,0.98743266,0.0,0.5924596,2
-65.219376,32.152306,0.98242724,0.0,0.5894564,2
-64.925575,33.238113,0.9781658,0.0,0.5868995,2
-64.623276,34.296627,0.9625256,0.0,0.57751536,2
-64.31341,35.329967,0.95369804,0.0,0.57221884,2
-63.99582,36.33685,0.9498011,0.0,0.56988066,2
-63.671227,37.31893,0.9440547,0.0,0.56643283,2
-63.339653,38.275574,0.943979,0.0,0.5663874,2
-63.00161,39.20797,0.9155591,0.0,0.5493355,2
-62.657276,40.116077,0.8768262,0.0,0.52609575,2
-62.307,41.000618,0.7907407,0.0,0.47444445,1
-61.95107,41.862106,0.6235403,0.0,0.37412417,1
-61.5897,42.700825,0.41356042,0.0,0.24813627,0
-61.223263,43.517757,0.23166737,0.0,0.13900043,0
-60.851856,44.312786,0.015978206,0.0,0.009586924,0
-60.47593,45.087315,0.002738697,0.0,0.0016432182,0
-60.09549,45.84084,0.0014202447,0.0,0.0008521468,0
-59.71102,46.57514,0.0010665201,0.0,0.0006399121,0
-59.32246,47.28936,0.0008746731,0.0,0.0005248039,0
-58.930298,47.98546,0.0007268005,0.0,0.00043608033,0
-58.5345,48.66268,0.0006635196,0.0,0.0003981118,0
-58.135464,49.322678,0.0006343697,0.0,0.00038062182,0
-57.73321,49.96506,0.0006327861,0.0,0.00037967166,0
-57.32806,50.591034,0.0006343394,0.0,0.00038060365,0
-56.920086,51.2006,0.00063673506,0.0,0.00038204106,0
-56.509514,51.794567,0.00063781854,0.0,0.00038269113,0
-56.09648,52.373257,0.000638229,0.0,0.00038293743,0
-55.681145,52.937126,0.0006383552,0.0,0.00038301313,0
-55.26367,53.486794,0.0006383729,0.0,0.00038302375,0
-54.844166,54.0224,0.00063837535,0.0,0.00038302524,0
-54.422813,54.544804,0.000638372,0.0,0.0003830232,0
-53.999683,55.053867,0.00063837104,0.0,0.00038302265,0
-53.574993,55.550655,0.00063837104,0.0,0.00038302265,0
-53.148754,56.0348,0.00063837104,0.0,0.00038302265,0
-52.72119,56.50751,0.00063837104,0.0,0.00038302265,0
-52.29232,56.968292,0.0006384559,0.0,0.00038307355,0
-51.862328,57.418316,0.0006364523,0.0,0.0003818714,0
-51.43126,57.857254,0.00063851406,0.0,0.00038310845,0
-50.99926,58.285973,0.00061591144,0.0,0.00036954688,0
-50.56639,58.70438,0.00058596703,0.0,0.00035158024,0
-50.13277,59.1131,0.0006016315,0.0,0.00036097888,0
-49.69847,59.512222,0.00078726263,0.0,0.00047235758,0
-49.9647,-60.221275,0.0012575969,0.0,0.0007545582,0
-50.402885,-59.827686,0.0009086667,0.0,0.0005452,0
-50.840473,-59.424503,0.00062122586,0.0,0.00037273552,0
-51.277378,-59.011604,0.00063243276,0.0,0.00037945967,0
-51.713486,-58.588367,0.0006374557,0.0,0.00038247346,0
-52.14875,-58.154892,0.0006379955,0.0,0.0003827973,0
-52.582996,-57.71028,0.0006383699,0.0,0.00038302195,0
-53.016216,-57.25486,0.00063837104,0.0,0.00038302265,0
-53.448204,-56.78744,0.00063837104,0.0,0.00038302265,0
-53.87895,-56.308514,0.00063837104,0.0,0.00038302265,0
-54.308228,-55.816856,0.00063837104,0.0,0.00038302265,0
-54.73603,-55.312817,0.00063837104,0.0,0.00038302265,0
-55.162132,-54.795326,0.00063837104,0.0,0.00038302265,0
-55.58648,-54.26449,0.00063837104,0.0,0.00038302265,0
-56.008884,-53.719437,0.00063837104,0.0,0.00038302265,0
-56.429237,-53.160004,0.00063837593,0.053090427,0.021619197,0
-56.84737,-52.585556,0.0006382786,0.6778259,0.27151334,1
-57.263134,-51.99561,0.0006374752,0.7304068,0.29254523,1
-57.676384,-51.389816,0.0006351229,0.94661796,0.37902826,1
-58.086906,-50.76734,0.0006319414,0.8898112,0.35630366,1
-58.494614,-50.128166,0.0006257637,0.8729649,0.34956142,1
-58.899193,-49.47104,0.0006310789,0.98603976,0.39479455,1
-59.30062,-48.796318,0.00068698014,0.9871254,0.39526236,1
-59.698498,-48.10231,0.00093045615,0.9524869,0.38155305,1
-60.092857,-47.38976,0.0021975436,0.3398345,0.13725233,0
-60.483204,-46.65663,0.01813745,0.09788357,0.050035898,0
-60.869606,-45.90377,0.26217505,0.5209388,0.36568058,1
-61.251575,-45.129314,0.48193872,0.7825182,0.6021705,2
-61.629093,-44.333755,0.7363324,0.99673873,0.840495,3
-62.00171,-43.515606,0.92421675,0.62795955,0.8057139,3
-62.369328,-42.67497,0.88625985,0.9587018,0.91523665,3
-62.73157,-41.81077,0.852837,0.26735994,0.6186462,2
-63.088203,-40.922676,0.82350945,0.75528467,0.7962196,3
-63.438953,-40.010124,0.8476067,0.9999944,0.9085618,3
-63.78344,-39.072315,0.9006333,0.34183642,0.6771146,2
-64.1215,-38.10924,0.914468,0.0,0.54868084,2
-64.4526,-37.11961,0.94571954,0.0,0.56743175,2
-64.7767,-36.10405,0.9808102,0.024310702,0.5982104,2
-65.09308,-35.060757,0.98308253,0.0,0.58984953,2
-65.40188,-33.991047,0.9773347,0.0,0.5864008,2
-65.702156,-32.892624,0.9877923,0.0,0.5926754,2
-65.99416,-31.767307,0.9861245,0.0,0.59167475,2
-66.27695,-30.612982,0.98493516,0.0,0.5909611,2
-66.55067,-29.431292,0.98669225,0.0,0.5920154,2
-66.814476,-28.220787,0.9893594,0.10113404,0.63406926,2
-67.06838,-26.982723,0.98918426,0.023385732,0.60286486,2
-67.3117,-25.716448,0.9894132,0.0,0.59364796,2
-67.54425,-24.422855,0.989799,0.0,0.59387946,2
-67.76554,-23.102123,0.9889987,0.0,0.5933992,2
-67.97519,-21.754833,0.99070203,0.0,0.59442127,2
-68.17295,-20.381985,0.99093163,0.0,0.594559,2
-68.35821,-18.983936,0.9911719,0.0,0.59470314,2
-68.53099,-17.562458,0.9911225,0.0,0.5946735,2
-68.69043,-16.117775,0.9898645,0.0,0.59391874,2
-68.836876,-14.652342,0.98612,0.0,0.591672,2
-68.96919,-13.16638,0.98476505,0.0,0.59085906,2
-69.08806,-11.662832,0.98701406,0.0,0.59220845,2
-69.192154,-10.142183,0.98689926,0.0,0.5921396,2
-69.28227,-8.60746,0.9825399,0.0,0.589524,2
-69.35733,-7.0598416,0.96351266,0.025721047,0.588396,2
-69.417885,-5.5020475,0.9360915,0.30679154,0.68437153,2
-69.4632,-3.935911,0.9569162,0.4968771,0.7729006,3
-69.49364,-2.3639398,0.85181564,0.725109,0.801133,3
-69.50879,-0.7883775,0.703639,0.9940219,0.81979215,3
-69.50879,0.7883775,0.9015056,0.92427784,0.9106145,3
-69.49364,2.3639398,0.9572073,0.3477982,0.7134437,2
-69.4632,3.935911,0.9520105,0.24024212,0.6673032,2
-69.417885,5.5020475,0.9432986,0.6291531,0.8176404,3
-69.35733,7.0598416,0.95112276,0.9620318,0.9554864,3
-69.28227,8.60746,0.96140176,0.711026,0.8612515,3
-69.192154,10.142183,0.9505171,0.9006122,0.93055516,3
-69.08806,11.662832,0.90287244,0.9953509,0.93986386,3
-68.96919,13.16638,0.8934048,0.9327274,0.9091338,3
-68.836876,14.652342,0.9198465,0.7853323,0.8660408,3
-68.69043,16.117775,0.9516842,0.40835437,0.7343523,2
-68.53099,17.562458,0.9707117,0.021674806,0.59109694,2
-68.35821,18.983936,0.9805753,0.0,0.5883452,2
-68.17295,20.381985,0.9876408,0.0,0.5925845,2
-67.97519,21.754833,0.98792136,0.0,0.5927528,2
-67.76554,23.102123,0.98929673,0.0,0.59357804,2
-67.54425,24.422855,0.9903639,0.0,0.5942184,2
-67.3117,25.716448,0.99074805,0.0,0.59444886,2
-67.06838,26.982723,0.99117684,0.0,0.5947061,2
-66.814476,28.220787,0.99121547,0.0,0.5947293,2
-66.55067,29.431292,0.9906481,0.0,0.5943889,2
-66.27695,30.612982,0.9891885,0.0,0.59351313,2
-65.99416,31.767307,0.9838334,0.0,0.5903,2
-65.702156,32.892624,0.9712459,0.0,0.5827476,2
-65.40188,33.991047,0.9539476,0.0,0.57236856,2
-65.09308,35.060757,0.9472352,0.0,0.56834114,2
-64.7767,36.10405,0.9564114,0.0,0.5738469,2
-64.4526,37.11961,0.95873314,0.0,0.5752399,2
-64.1215,38.10924,0.95829064,0.0,0.5749744,2
-63.78344,39.072315,0.9571463,0.0,0.5742878,2
-63.438953,40.010124,0.93785655,0.0,0.562714,2
-63.088203,40.922676,0.9094136,0.0,0.54564816,2
-62.73157,41.81077,0.883709,0.0,0.53022546,2
-62.369328,42.67497,0.8269424,0.0,0.49616545,1
-62.00171,43.515606,0.72216254,0.0,0.43329754,1
-61.629093,44.333755,0.45736897,0.0,0.2744214,1
-61.251575,45.129314,0.05508128,0.0,0.03304877,0
-60.869606,45.90377,0.006621349,0.0,0.0039728098,0
-60.483204,46.65663,0.0029548092,0.0,0.0017728856,0
-60.092857,47.38976,0.0016311427,0.0,0.0009786857,0
-59.698498,48.10231,0.0012307264,0.0,0.00073843583,0
-59.30062,48.796318,0.0009376629,0.0,0.00056259776,0
-58.899193,49.47104,0.0007613959,0.0,0.00045683756,0
-58.494614,50.128166,0.0006693367,0.0,0.00040160204,0
-58.086906,50.76734,0.0006373804,0.0,0.00038242826,0
-57.676384,51.389816,0.0006331737,0.0,0.00037990423,0
-57.263134,51.99561,0.0006339191,0.0,0.00038035147,0
-56.84737,52.585556,0.0006362843,0.0,0.0003817706,0
-56.429237,53.160004,0.00063763896,0.0,0.00038258338,0
-56.008884,53.719437,0.0006381518,0.0,0.00038289107,0
-55.58648,54.26449,0.0006383367,0.0,0.00038300204,0
-55.162132,54.795326,0.0006383784,0.0,0.00038302704,0
-54.73603,55.312817,0.0006383744,0.0,0.00038302466,0
-54.308228,55.816856,0.0006383716,0.0,0.000383023,0
-53.87895,56.308514,0.00063837075,0.0,0.00038302247,0
-53.448204,56.78744,0.00063837075,0.0,0.00038302247,0
-53.016216,57.25486,0.00063837104,0.0,0.00038302265,0
-52.582996,57.71028,0.0006384559,0.0,0.00038307355,0
-52.14875,58.154892,0.0006364523,0.0,0.0003818714,0
-51.713486,58.588367,0.00063851406,0.0,0.00038310845,0
-51.277378,59.011604,0.00061591144,0.0,0.00036954688,0
-50.840473,59.424503,0.00058596703,0.0,0.00035158024,0
-50.402885,59.827686,0.0006016315,0.0,0.00036097888,0
-49.9647,60.221275,0.00078726263,0.0,0.00047235758,0
-50.225582,-60.940582,0.0012575969,0.0,0.0007545582,0
-50.667633,-60.552856,0.0009086667,0.0,0.0005452,0
-51.10915,-60.15554,0.00062122586,0.0,0.00037273552,0
-51.550064,-59.748505,0.00063243276,0.0,0.00037945967,0
-51.990257,-59.331127,0.0006374557,0.0,0.00038247346,0
-52.429672,-58.903484,0.0006379955,0.0,0.0003827973,0
-52.86817,-58.46468,0.0006383699,0.0,0.00038302195,0
-53.305714,-58.015022,0.00063837104,0.0,0.00038302265,0
-53.74211,-57.55332,0.00063837104,0.0,0.00038302265,0
-54.177338,-57.08006,0.00063837104,0.0,0.00038302265,0
-54.6112,-56.59398,0.00063837104,0.0,0.00038302265,0
-55.043655,-56.095436,0.00063837104,0.0,0.00038302265,0
-55.474506,-55.58333,0.00063837104,0.0,0.00038302265,0
-55.9037,-55.057762,0.00063837104,0.0,0.00038302265,0
-56.331028,-54.517834,0.00063837133,0.0,0.00038302282,0
-56.7564,-53.963364,0.000638382,0.034869798,0.014330948,0
-57.17964,-53.3937,0.0006382299,0.5720467,0.22920163,0
-57.600613,-52.808334,0.00063723617,0.6593179,0.2641095,1
-58.019157,-52.2069,0.00063556514,0.6635267,0.26579204,1
-58.435074,-51.588516,0.0006322457,0.590907,0.23674215,0
-58.84826,-50.95314,0.0006228716,0.9588109,0.3838981,1
-59.258415,-50.299484,0.0006389146,0.9994869,0.40017813,1
-59.665512,-49.627907,0.00070519117,0.9923859,0.3973775,1
-60.069153,-48.93663,0.0011586342,0.8239686,0.3302826,1
-60.469368,-48.226395,0.00520427,0.5671563,0.2299851,0
-60.86566,-47.495083,0.1804631,0.10494451,0.15025567,0
-61.258095,-46.74354,0.7135881,0.95954996,0.81197286,3
-61.64617,-45.969826,0.70032775,0.95593196,0.8025695,3
-62.029884,-45.1744,0.79753405,0.9905285,0.8747319,3
-62.408783,-44.355705,0.84149426,0.99515396,0.90295815,3
-62.78275,-43.513786,0.8360179,0.789907,0.81757355,3
-63.151413,-42.647522,0.872336,0.97750527,0.91440374,3
-63.51453,-41.75651,0.87901574,0.99870723,0.9268924,3
-63.87182,-40.840122,0.9231096,0.34814677,0.69312453,2
-64.2229,-39.897476,0.9410036,0.035356052,0.5787446,2
-64.56758,-38.92852,0.9403491,0.18972875,0.64010096,2
-64.90535,-37.93186,0.95149034,0.2714329,0.6794674,2
-65.23613,-36.908085,0.97412246,0.7493003,0.88419366,3
-65.559204,-35.855263,0.98405117,0.2757942,0.70074844,2
-65.874695,-34.774704,0.98441863,0.0,0.5906512,2
-66.18164,-33.663944,0.9821087,0.0,0.5892652,2
-66.4803,-32.524834,0.9863696,0.0,0.5918218,2
-66.76965,-31.35508,0.98888856,0.0,0.5933332,2
-67.049904,-30.156357,0.988853,0.0,0.5933118,2
-67.32015,-28.927067,0.98835737,0.0,0.5930144,2
-67.58039,-27.668478,0.98836213,0.0,0.5930173,2
-67.829895,-26.379833,0.9894545,0.0,0.59367275,2
-68.0685,-25.062027,0.9906329,0.0,0.5943798,2
-68.29566,-23.715183,0.9908415,0.0,0.59450495,2
-68.51098,-22.339872,0.9911049,0.0,0.59466296,2
-68.714195,-20.937107,0.99107707,0.0,0.5946463,2
-68.90465,-19.507221,0.99123436,0.0,0.5947406,2
-69.08235,-18.052074,0.9913612,0.0,0.59481674,2
-69.24641,-16.571861,0.9902658,0.0,0.5941595,2
-69.397156,-15.0692005,0.9858181,0.0,0.59149086,2
-69.53342,-13.544292,0.981293,0.0,0.5887758,2
-69.65585,-12.000299,0.9790233,0.0,0.58741397,2
-69.76312,-10.437726,0.9762515,0.06201993,0.6105589,2
-69.85602,-8.8598385,0.97081155,0.26948845,0.6902823,2
-69.933395,-7.267906,0.95079905,0.6363288,0.825011,3
-69.99585,-5.6648836,0.9356058,0.9777944,0.95248127,3
-70.04259,-4.0527606,0.90236014,0.9510497,0.921836,3
-70.073975,-2.4342692,0.44292733,0.9469327,0.64452946,2
-70.0896,-0.81185734,0.009502892,0.3182333,0.13299507,0
-70.0896,0.81185734,0.010656924,0.6783209,0.2777225,1
-70.073975,2.4342692,0.41815376,0.936182,0.62536514,2
-70.04259,4.0527606,0.6424078,0.98019737,0.77752364,3
-69.99585,5.6648836,0.4629127,0.93918246,0.6534206,2
-69.933395,7.267906,0.6342319,0.96349907,0.7659388,3
-69.85602,8.8598385,0.78052676,0.97932357,0.86004555,3
-69.76312,10.437726,0.7688822,0.99886394,0.8608749,3
-69.65585,12.000299,0.76495904,0.9721117,0.84782016,3
-69.53342,13.544292,0.5508226,0.89395404,0.6880752,2
-69.397156,15.0692005,0.74181545,0.87322986,0.79438126,3
-69.24641,16.571861,0.93492407,0.99742883,0.959926,3
-69.08235,18.052074,0.9550861,0.56980056,0.8009719,3
-68.90465,19.507221,0.9764425,0.07171945,0.61455333,2
-68.714195,20.937107,0.9780703,0.0,0.58684224,2
-68.51098,22.339872,0.9808718,0.0,0.5885231,2
-68.29566,23.715183,0.980187,0.0,0.58811224,2
-68.0685,25.062027,0.9858167,0.0,0.59149003,2
-67.829895,26.379833,0.9872433,0.0,0.592346,2
-67.58039,27.668478,0.9891501,0.0,0.59349006,2
-67.32015,28.927067,0.9895343,0.0,0.5937206,2
-67.049904,30.156357,0.98772687,0.0,0.59263617,2
-66.76965,31.35508,0.9859066,0.0,0.591544,2
-66.4803,32.524834,0.97312206,0.0,0.5838733,2
-66.18164,33.663944,0.94758105,0.0,0.5685487,2
-65.874695,34.774704,0.941585,0.0,0.564951,2
-65.559204,35.855263,0.95507675,0.0,0.5730461,2
-65.23613,36.908085,0.9680388,0.0,0.5808233,2
-64.90535,37.93186,0.96951306,0.0,0.58170784,2
-64.56758,38.92852,0.9721851,0.0,0.5833111,2
-64.2229,39.897476,0.96156615,0.0,0.5769397,2
-63.87182,40.840122,0.9448407,0.0,0.5669045,2
-63.51453,41.75651,0.9290563,0.0,0.5574338,2
-63.151413,42.647522,0.91614825,0.0,0.549689,2
-62.78275,43.513786,0.89377314,0.0,0.5362639,2
-62.408783,44.355705,0.80074245,0.0,0.48044547,1
-62.029884,45.1744,0.624591,0.0,0.3747546,1
-61.64617,45.969826,0.33915657,0.0,0.20349395,0
-61.258095,46.74354,0.09011812,0.0,0.05407087,0
-60.86566,47.495083,0.006643611,0.0,0.003986167,0
-60.469368,48.226395,0.0030701887,0.0,0.0018421133,0
-60.069153,48.93663,0.0017820224,0.0,0.0010692135,0
-59.665512,49.627907,0.0013363645,0.0,0.00080181874,0
-59.258415,50.299484,0.00096704444,0.0,0.0005802267,0
-58.84826,50.95314,0.0007727514,0.0,0.00046365085,0
-58.435074,51.588516,0.0006731591,0.0,0.00040389548,0
-58.019157,52.2069,0.00063995336,0.0,0.00038397204,0
-57.600613,52.808334,0.0006321164,0.0,0.00037926986,0
-57.17964,53.3937,0.0006331731,0.0,0.00037990388,0
-56.7564,53.963364,0.00063611753,0.0,0.00038167054,0
-56.331028,54.517834,0.00063761434,0.0,0.00038256863,0
-55.9037,55.057762,0.0006382345,0.0,0.00038294072,0
-55.474506,55.58333,0.00063836586,0.0,0.00038301953,0
-55.043655,56.095436,0.00063837896,0.0,0.0003830274,0
-54.6112,56.59398,0.0006383729,0.0,0.00038302375,0
-54.177338,57.08006,0.0006383716,0.0,0.000383023,0
-53.74211,57.55332,0.00063837075,0.0,0.00038302247,0
-53.305714,58.015022,0.00063837104,0.0,0.00038302265,0
-52.86817,58.46468,0.0006384559,0.0,0.00038307355,0
-52.429672,58.903484,0.0006364523,0.0,0.0003818714,0
-51.990257,59.331127,0.00063851406,0.0,0.00038310845,0
-51.550064,59.748505,0.00061591144,0.0,0.00036954688,0
-51.10915,60.15554,0.00058596703,0.0,0.00035158024,0
-50.667633,60.552856,0.0006016315,0.0,0.00036097888,0
-50.225582,60.940582,0.00078726263,0.0,0.00047235758,0
-50.48112,-61.66983,0.0012575969,0.0,0.0007545582,0
-50.927002,-61.288296,0.0009086667,0.0,0.0005452,0
-51.372417,-60.89719,0.00062122586,0.0,0.00037273552,0
-51.817303,-60.49638,0.00063243276,0.0,0.00037945967,0
-52.261555,-60.085217,0.0006374557,0.0,0.00038247346,0
-52.705105,-59.663795,0.0006379955,0.0,0.0003827973,0
-53.147823,-59.23119,0.0006383699,0.0,0.00038302195,0
-53.589657,-58.787716,0.00063837104,0.0,0.00038302265,0
-54.030434,-58.332153,0.00063837104,0.0,0.00038302265,0
-54.47013,-57.86499,0.00063837104,0.0,0.00038302265,0
-54.90855,-57.38494,0.00063837104,0.0,0.00038302265,0
-55.345657,-56.89236,0.00063837104,0.0,0.00038302265,0
-55.78125,-56.386124,0.00063837104,0.0,0.00038302265,0
-56.215267,-55.866325,0.00063837104,0.0,0.00038302265,0
-56.64752,-55.332047,0.00063837256,0.0,0.00038302355,0
-57.077908,-54.783085,0.0006383802,0.0,0.00038302812,0
-57.506268,-54.218758,0.0006380885,0.093698196,0.03786213,0
-57.932446,-53.638542,0.0006372881,0.35251117,0.14138685,0
-58.356297,-53.042038,0.00063703913,0.50493705,0.20235705,0
-58.777622,-52.428345,0.0006349885,0.7881429,0.31563815,1
-59.19631,-51.797394,0.0006300594,0.89918256,0.36005107,1
-59.612076,-51.147854,0.000647311,0.95950806,0.3841916,1
-60.024876,-50.480053,0.0007897557,0.662833,0.26560706,1
-60.43432,-49.792168,0.0020363454,0.9740704,0.39084998,1
-60.840424,-49.08492,0.014485543,0.982776,0.4018017,1
-61.242725,-48.356117,0.20688522,0.6972055,0.40301335,1
-61.641247,-47.60659,0.86567426,0.8341022,0.85304546,3
-62.035515,-46.834305,0.8078081,0.9479899,0.8638809,3
-62.4255,-46.039722,0.8120657,0.99559045,0.88547564,3
-62.81076,-45.221172,0.84722894,0.43577278,0.6826465,2
-63.191177,-44.37869,0.82159805,0.9427191,0.8700465,3
-63.566364,-43.511047,0.85852015,0.9540806,0.8967444,3
-63.93608,-42.617798,0.8942249,0.9717975,0.925254,3
-64.300026,-41.698242,0.9543358,0.26539657,0.6787601,2
-64.65784,-40.751404,0.97524977,0.24475516,0.68305194,2
-65.0093,-39.77718,0.96722937,0.99857104,0.9797661,3
-65.35388,-38.77406,0.969857,0.98505366,0.9759357,3
-65.691505,-37.742607,0.9761614,0.84081566,0.9220232,3
-66.02147,-36.68073,0.9839326,0.59281015,0.82748365,3
-66.34383,-35.58975,0.9781321,0.0116676325,0.59154636,2
-66.657646,-34.466995,0.97730494,0.0,0.586383,2
-66.96315,-33.31436,0.98245054,0.0,0.5894703,2
-67.259315,-32.129356,0.98406833,0.0,0.59044105,2
-67.54632,-30.913666,0.9877308,0.0,0.5926385,2
-67.82323,-29.665546,0.98890495,0.0,0.593343,2
-68.090034,-28.386265,0.98871756,0.0,0.59323055,2
-68.345985,-27.07494,0.98851436,0.0,0.59310865,2
-68.59088,-25.73246,0.99064773,0.0,0.59438866,2
-68.82417,-24.35889,0.9911209,0.0,0.59467256,2
-69.04541,-22.954777,0.9911856,0.0,0.59471136,2
-69.25432,-21.52114,0.9912135,0.0,0.5947281,2
-69.45022,-20.058275,0.99097604,0.0,0.59458566,2
-69.6331,-18.568134,0.9908873,0.0,0.5945324,2
-69.802,-17.050882,0.98619825,0.0,0.591719,2
-69.957275,-15.509304,0.9824852,0.0,0.5894911,2
-70.09767,-13.943573,0.9799049,0.032872874,0.6010921,2
-70.22389,-12.357093,0.9761277,0.17461371,0.6555221,2
-70.33451,-10.750379,0.9644241,0.74279875,0.87577397,3
-70.430336,-9.126971,0.93810266,0.9908681,0.95920885,3
-70.510155,-7.4882336,0.58912355,0.990816,0.74980056,2
-70.574615,-5.83738,0.01726541,0.70613974,0.29281515,1
-70.62285,-4.176576,0.013239258,0.2004587,0.08812704,0
-70.65525,-2.5088048,0.011854556,0.18925823,0.08281603,0
-70.671394,-0.83674365,0.003227661,0.0,0.0019365966,0
-70.671394,0.83674365,0.0035992756,0.020359637,0.010303421,0
-70.65525,2.5088048,0.014872987,0.061199106,0.033403434,0
-70.62285,4.176576,0.015169204,0.14789678,0.06826024,0
-70.574615,5.83738,0.012467013,0.106352955,0.05002139,0
-70.510155,7.4882336,0.015078631,0.09458615,0.046881642,0
-70.430336,9.126971,0.011421386,0.091460966,0.04343722,0
-70.33451,10.750379,0.009184516,0.13353567,0.058924977,0
-70.22389,12.357093,0.013057978,0.2380145,0.10304059,0
-70.09767,13.943573,0.007821026,0.41498116,0.17068508,0
-69.957275,15.509304,0.007954537,0.105801076,0.047093153,0
-69.802,17.050882,0.0068717166,0.77450645,0.31392562,1
-69.6331,18.568134,0.8228042,0.999682,0.89355534,3
-69.45022,20.058275,0.95421225,0.90344507,0.93390536,3
-69.25432,21.52114,0.9575982,0.33146676,0.7071457,2
-69.04541,22.954777,0.97018415,0.02061496,0.5903565,2
-68.82417,24.35889,0.9727075,0.0,0.58362454,2
-68.59088,25.73246,0.97926015,0.0,0.5875561,2
-68.345985,27.07494,0.97772163,0.0,0.586633,2
-68.090034,28.386265,0.9812275,0.0,0.58873653,2
-67.82323,29.665546,0.9820696,0.031882957,0.601995,2
-67.54632,30.913666,0.9822642,0.025197404,0.59943753,2
-67.259315,32.129356,0.9780809,0.06356726,0.6122755,2
-66.96315,33.31436,0.959654,0.07760605,0.6068348,2
-66.657646,34.466995,0.9412498,0.0,0.5647499,2
-66.34383,35.58975,0.9482264,0.0,0.5689359,2
-66.02147,36.68073,0.94860274,0.0,0.56916165,2
-65.691505,37.742607,0.96163195,0.0,0.5769792,2
-65.35388,38.77406,0.968112,0.0,0.58086723,2
-65.0093,39.77718,0.9563897,0.0,0.5738339,2
-64.65784,40.751404,0.9204823,0.0,0.55228937,2
-64.300026,41.698242,0.9122772,0.0,0.5473664,2
-63.93608,42.617798,0.88816357,0.0,0.5328982,2
-63.566364,43.511047,0.85478103,0.0,0.51286864,2
-63.191177,44.37869,0.83420545,0.0,0.50052327,2
-62.81076,45.221172,0.8121024,0.0,0.48726144,1
-62.4255,46.039722,0.7419933,0.0,0.445196,1
-62.035515,46.834305,0.45463338,0.0,0.27278003,1
-61.641247,47.60659,0.25284016,0.0,0.1517041,0
-61.242725,48.356117,0.02332197,0.0,0.013993182,0
-60.840424,49.08492,0.0041813343,0.0,0.0025088007,0
-60.43432,49.792168,0.00296224,0.0,0.001777344,0
-60.024876,50.480053,0.0018640937,0.0,0.0011184562,0
-59.612076,51.147854,0.001371157,0.0,0.0008226942,0
-59.19631,51.797394,0.0010154325,0.0,0.0006092595,0
-58.777622,52.428345,0.0007928768,0.0,0.00047572612,0
-58.356297,53.042038,0.00068542344,0.0,0.0004112541,0
-57.932446,53.638542,0.0006434979,0.0,0.00038609878,0
-57.506268,54.218758,0.0006325973,0.0,0.0003795584,0
-57.077908,54.783085,0.0006340517,0.0,0.00038043104,0
-56.64752,55.332047,0.000636613,0.0,0.0003819678,0
-56.215267,55.866325,0.00063792465,0.0,0.0003827548,0
-55.78125,56.386124,0.0006383367,0.0,0.00038300204,0
-55.345657,56.89236,0.0006383738,0.0,0.00038302428,0
-54.90855,57.38494,0.00063837564,0.0,0.0003830254,0
-54.47013,57.86499,0.0006383738,0.0,0.00038302428,0
-54.030434,58.332153,0.00063837133,0.0,0.00038302282,0
-53.589657,58.787716,0.00063837104,0.0,0.00038302265,0
-53.147823,59.23119,0.0006384559,0.0,0.00038307355,0
-52.705105,59.663795,0.0006364523,0.0,0.0003818714,0
-52.261555,60.085217,0.00063851406,0.0,0.00038310845,0
-51.817303,60.49638,0.00061591144,0.0,0.00036954688,0
-51.372417,60.89719,0.00058596703,0.0,0.00035158024,0
-50.927002,61.288296,0.0006016315,0.0,0.00036097888,0
-50.48112,61.66983,0.00078726263,0.0,0.00047235758,0
-50.730858,-62.409576,0.0012575969,0.0,0.0007545582,0
-51.18051,-62.03459,0.0009086667,0.0,0.0005452,0
-51.62979,-61.650063,0.00062122586,0.0,0.00037273552,0
-52.078613,-61.25585,0.00063243276,0.0,0.00037945967,0
-52.526886,-60.851307,0.0006374557,0.0,0.00038247346,0
-52.974533,-60.43651,0.0006379955,0.0,0.0003827973,0
-53.421432,-60.01053,0.0006383699,0.0,0.00038302195,0
-53.86753,-59.573677,0.00063837104,0.0,0.00038302265,0
-54.312668,-59.124714,0.00063837104,0.0,0.00038302265,0
-54.756805,-58.664127,0.00063837104,0.0,0.00038302265,0
-55.19976,-58.190605,0.00063837104,0.0,0.00038302265,0
-55.641487,-57.704514,0.00063837104,0.0,0.00038302265,0
-56.0818,-57.204685,0.00063837104,0.0,0.00038302265,0
-56.520634,-56.69121,0.00063837104,0.0,0.00038302265,0
-56.9578,-56.16314,0.0006383747,0.0,0.00038302483,0
-57.3932,-55.620277,0.00063835585,0.0,0.00038301354,0
-57.826668,-55.061897,0.00063792954,0.0,0.00038275775,0
-58.258057,-54.48746,0.0006378571,0.0,0.0003827143,0
-58.687225,-53.896545,0.0006381733,0.013256673,0.005685573,0
-59.113968,-53.288216,0.00063889875,0.61190945,0.24514711,0
-59.53818,-52.66238,0.0006442033,0.7894247,0.31615642,1
-59.95957,-52.017662,0.0006657962,0.96878016,0.38791153,1
-60.378105,-51.35437,0.0011454407,0.80441654,0.3224539,1
-60.79339,-50.670624,0.0064939247,0.40693367,0.16666983,0
-61.205437,-49.967125,0.06348198,0.685685,0.31236318,1
-61.613785,-49.241604,0.41050756,0.9985373,0.64571947,2
-62.018456,-48.49488,0.8669897,0.9556082,0.9024371,3
-62.41898,-47.72484,0.93726814,0.9243927,0.93211794,3
-62.815323,-46.9319,0.8419055,0.7893381,0.8208785,3
-63.20703,-46.11432,0.91419154,0.97610235,0.9389559,3
-63.59399,-45.272076,0.8571014,0.90790784,0.877424,3
-63.975803,-44.40387,0.8752225,0.96905077,0.9127538,3
-64.35224,-43.509186,0.92158717,0.9368086,0.9276758,3
-64.72299,-42.587242,0.96388763,0.5132702,0.7836407,3
-65.08766,-41.636986,0.98221105,0.936048,0.96374583,3
-65.44605,-40.65824,0.98145515,0.99986106,0.9888175,3
-65.79762,-39.649372,0.9806419,0.64236236,0.8453301,3
-66.14228,-38.6109,0.98393065,0.9977371,0.9894533,3
-66.479294,-37.54058,0.97587806,0.94253445,0.9625406,3
-66.80875,-36.439713,0.9838275,0.44109467,0.76673436,3
-67.12965,-35.305435,0.9881095,0.024911582,0.6028304,2
-67.44222,-34.139656,0.98667437,0.0,0.59200466,2
-67.74544,-32.939667,0.9871083,0.0,0.592265,2
-68.03942,-31.707186,0.9899567,0.0,0.59397405,2
-68.32326,-30.440266,0.9907274,0.0,0.59443647,2
-68.5969,-29.140177,0.9908289,0.0,0.5944973,2
-68.85957,-27.805908,0.99074346,0.0,0.5944461,2
-69.111046,-26.43832,0.9909444,0.0,0.59456664,2
-69.35073,-25.037403,0.9909479,0.0,0.5945688,2
-69.578186,-23.603664,0.9908427,0.0,0.59450567,2
-69.793076,-22.138134,0.9909599,0.0,0.59457594,2
-69.99469,-20.641058,0.98971975,0.0,0.5938319,2
-70.18301,-19.11448,0.98614967,0.0,0.5916898,2
-70.35703,-17.55851,0.97135836,0.0,0.58281505,2
-70.517075,-15.976117,0.96651655,0.0,0.57991,2
-70.66187,-14.367446,0.9722663,0.17580527,0.65368193,2
-70.79208,-12.736158,0.96504384,0.98184425,0.9717641,3
-70.90624,-11.082781,0.56991744,0.9530065,0.7231531,2
-71.005165,-9.411152,0.026419532,0.53727925,0.23076342,0
-71.087616,-7.722742,0.014445756,0.1442104,0.066351615,0
-71.15418,-6.0210567,0.0028000826,0.01131605,0.0062064696,0
-71.20402,-4.308459,0.0025106417,0.0,0.001506385,0
-71.23749,-2.5882144,0.0022387146,0.0,0.0013432289,0
-71.254166,-0.8632602,0.0011603362,0.0,0.00069620175,0
-71.254166,0.8632602,0.0010979394,0.0,0.0006587637,0
-71.23749,2.5882144,0.001471268,0.0,0.00088276085,0
-71.20402,4.308459,0.0013008651,0.0,0.0007805191,0
-71.15418,6.0210567,0.0013290201,0.0,0.0007974121,0
-71.087616,7.722742,0.0014785491,0.0,0.0008871295,0
-71.005165,9.411152,0.0013514766,0.0,0.00081088603,0
-70.90624,11.082781,0.0014968686,0.0,0.00089812116,0
-70.79208,12.736158,0.0014619227,0.0,0.00087715365,0
-70.66187,14.367446,0.0012887573,0.0,0.00077325443,0
-70.517075,15.976117,0.0018722027,0.0,0.0011233217,0
-70.35703,17.55851,0.0032183758,0.14193782,0.058706157,0
-70.18301,19.11448,0.022748357,0.34639683,0.15220775,0
-69.99469,20.641058,0.12913495,0.6739631,0.34706622,1
-69.793076,22.138134,0.8758739,0.9965756,0.92415464,3
-69.578186,23.603664,0.93392473,0.56443477,0.7861288,3
-69.35073,25.037403,0.9493424,0.37205192,0.7184262,2
-69.111046,26.43832,0.965023,0.33768433,0.71408755,2
-68.85957,27.805908,0.96071196,0.3469473,0.71520615,2
-68.5969,29.140177,0.96138465,0.4787445,0.7683286,3
-68.32326,30.440266,0.96107966,0.6677795,0.84375966,3
-68.03942,31.707186,0.9648559,0.8480478,0.91813266,3
-67.74544,32.939667,0.94104207,0.9375912,0.93966174,3
-67.44222,34.139656,0.94225395,0.7060552,0.8477745,3
-67.12965,35.305435,0.9475088,0.053197403,0.58978426,2
-66.80875,36.439713,0.931293,0.0,0.55877584,2
-66.479294,37.54058,0.91262084,0.0,0.54757255,2
-66.14228,38.6109,0.91772467,0.0,0.5506348,2
-65.79762,39.649372,0.93267584,0.0,0.55960554,2
-65.44605,40.65824,0.9212789,0.0,0.55276734,2
-65.08766,41.636986,0.8959649,0.0,0.537579,2
-64.72299,42.587242,0.89082927,0.0,0.53449756,2
-64.35224,43.509186,0.8871677,0.0,0.53230065,2
-63.975803,44.40387,0.85671747,0.0,0.5140305,2
-63.59399,45.272076,0.79879,0.0,0.479274,1
-63.20703,46.11432,0.8039258,0.0,0.4823555,1
-62.815323,46.9319,0.8235323,0.0,0.49411938,1
-62.41898,47.72484,0.75240886,0.0,0.45144534,1
-62.018456,48.49488,0.48919007,0.0,0.29351404,1
-61.613785,49.241604,0.13543767,0.0,0.0812626,0
-61.205437,49.967125,0.015409764,0.0,0.0092458585,0
-60.79339,50.670624,0.004878743,0.0,0.002927246,0
-60.378105,51.35437,0.0026069714,0.0,0.0015641829,0
-59.95957,52.017662,0.0020859812,0.0,0.0012515888,0
-59.53818,52.66238,0.0014863549,0.0,0.00089181296,0
-59.113968,53.288216,0.0010746216,0.0,0.00064477295,0
-58.687225,53.896545,0.00081789773,0.0,0.00049073866,0
-58.258057,54.48746,0.0006952848,0.0,0.0004171709,0
-57.826668,55.061897,0.000643443,0.0,0.00038606583,0
-57.3932,55.620277,0.00063480815,0.0,0.0003808849,0
-56.9578,56.16314,0.0006349397,0.0,0.00038096384,0
-56.520634,56.69121,0.00063691346,0.0,0.0003821481,0
-56.0818,57.204685,0.00063792855,0.0,0.00038275713,0
-55.641487,57.704514,0.00063828134,0.0,0.00038296884,0
-55.19976,58.190605,0.00063835765,0.0,0.00038301462,0
-54.756805,58.664127,0.00063837715,0.0,0.00038302632,0
-54.312668,59.124714,0.000638372,0.0,0.0003830232,0
-53.86753,59.573677,0.00063837104,0.0,0.00038302265,0
-53.421432,60.01053,0.0006384559,0.0,0.00038307355,0
-52.974533,60.43651,0.0006364523,0.0,0.0003818714,0
-52.526886,60.851307,0.00063851406,0.0,0.00038310845,0
-52.078613,61.25585,0.00061591144,0.0,0.00036954688,0
-51.62979,61.650063,0.00058596703,0.0,0.00035158024,0
-51.18051,62.03459,0.0006016315,0.0,0.00036097888,0
-50.730858,62.409576,0.00078726263,0.0,0.00047235758,0
-50.97495,-63.159172,0.0012575969,0.0,0.0007545582,0
-51.428352,-62.791084,0.0009086667,0.0,0.0005452,0
-51.88145,-62.413483,0.00062122586,0.0,0.00037273552,0
-52.33417,-62.026245,0.00063243276,0.0,0.00037945967,0
-52.78642,-61.6287,0.0006374557,0.0,0.00038247346,0
-53.238125,-61.220924,0.0006379955,0.0,0.0003827973,0
-53.68917,-60.80199,0.0006383699,0.0,0.00038302195,0
-54.139503,-60.372185,0.00063837104,0.0,0.00038302265,0
-54.588963,-59.930283,0.00063837104,0.0,0.00038302265,0
-55.03751,-59.476727,0.00063837104,0.0,0.00038302265,0
-55.484966,-59.010227,0.00063837104,0.0,0.00038302265,0
-55.931297,-58.531105,0.00063837104,0.0,0.00038302265,0
-56.3763,-58.038208,0.00063837104,0.0,0.00038302265,0
-56.819927,-57.5316,0.00063837104,0.0,0.00038302265,0
-57.261993,-57.010307,0.00063837925,0.0,0.00038302757,0
-57.702385,-56.474113,0.0006382579,0.0,0.00038295475,0
-58.140953,-55.92229,0.000637669,0.0,0.00038260143,0
-58.57755,-55.354256,0.0006380818,0.0,0.0003828491,0
-59.012035,-54.769585,0.0006359802,0.042018883,0.017189143,0
-59.444195,-54.167274,0.000639203,0.6537524,0.26188448,1
-59.87394,-53.54725,0.0006491443,0.93200916,0.37319314,1
-60.30098,-52.908062,0.0007360422,0.966802,0.38716242,1
-60.725266,-52.250008,0.0021329324,0.91945475,0.36906168,1
-61.146416,-51.571148,0.042108774,0.8987916,0.38478193,1
-61.56444,-50.87217,0.50554776,0.9962303,0.7018208,2
-61.97888,-50.15072,0.7695301,0.9861813,0.8561906,3
-62.389755,-49.4076,0.9130245,0.86837214,0.8951636,3
-62.79659,-48.640617,0.7750189,0.7316982,0.7576906,3
-63.199345,-47.850147,0.90923417,0.109407365,0.58930343,2
-63.597588,-47.034374,0.9556535,0.105391584,0.61554873,2
-63.99118,-46.193222,0.9633773,0.16514002,0.6440824,2
-64.37973,-45.32529,0.96182185,0.9985184,0.9765005,3
-64.762985,-44.43002,0.9459879,0.87422687,0.91728354,3
-65.14064,-43.506527,0.9667564,0.995917,0.9784207,3
-65.512314,-42.55367,0.9816094,0.5183259,0.796296,3
-65.877785,-41.57119,0.98121864,0.20796327,0.67191654,2
-66.23649,-40.55734,0.9819878,0.026136102,0.5996471,2
-66.58835,-39.512573,0.98769414,0.31903163,0.72022915,2
-66.9326,-38.434486,0.9889221,0.7949509,0.9113337,3
-67.269325,-37.324356,0.9899755,0.99010766,0.9900284,3
-67.59752,-36.179096,0.98978746,0.1806732,0.66614175,2
-67.91739,-35.000633,0.98589545,0.0,0.5915373,2
-68.227875,-33.786026,0.98186976,0.0,0.5891219,2
-68.529106,-32.537003,0.9878263,0.0,0.5926958,2
-68.820114,-31.251396,0.9910088,0.0,0.5946053,2
-69.10085,-29.930489,0.9912087,0.0,0.59472525,2
-69.37051,-28.57309,0.99082863,0.0,0.5944972,2
-69.62883,-27.18004,0.9903786,0.0,0.5942272,2
-69.87521,-25.751232,0.99083847,0.0,0.5945031,2
-70.10915,-24.287125,0.9900006,0.0,0.5940004,2
-70.33031,-22.788742,0.9892932,0.0,0.59357595,2
-70.53793,-21.256262,0.9856754,0.0,0.5914053,2
-70.731964,-19.691824,0.9837595,0.0,0.59025574,2
-70.91137,-18.095478,0.9696702,0.0,0.5818021,2
-71.076454,-16.470383,0.94846374,0.10695434,0.61186,2
-71.225876,-14.816641,0.9662306,0.865228,0.9258296,3
-71.36031,-13.138191,0.9243161,0.8489104,0.89415383,3
-71.47822,-11.435576,0.007972763,0.31156123,0.12940815,0
-71.58043,-9.712959,0.0030537872,0.0,0.0018322724,0
-71.66565,-7.971931,0.003357229,0.0,0.0020143376,0
-71.73447,-6.216317,0.0010092931,0.0,0.0006055759,0
-71.785995,-4.4487047,0.0008504166,0.0,0.00051025,0
-71.820625,-2.672679,0.00071979593,0.0,0.0004318776,0
-71.837875,-0.8914678,0.00069545873,0.0,0.00041727527,0
-71.837875,0.8914678,0.00069397077,0.0,0.00041638248,0
-71.820625,2.672679,0.00075300154,0.0,0.00045180094,0
-71.785995,4.4487047,0.00076865696,0.0,0.0004611942,0
-71.73447,6.216317,0.0007252158,0.0,0.0004351295,0
-71.66565,7.971931,0.0007160331,0.0,0.0004296199,0
-71.58043,9.712959,0.0006853555,0.0,0.00041121332,0
-71.47822,11.435576,0.0006648945,0.0,0.00039893674,0
-71.36031,13.138191,0.0006934243,0.0,0.0004160546,0
-71.225876,14.816641,0.0007328444,0.0,0.00043970667,0
-71.076454,16.470383,0.00057355623,0.0,0.00034413376,0
-70.91137,18.095478,0.0007339707,0.0,0.00044038246,0
-70.731964,19.691824,0.0015096313,0.0,0.0009057788,0
-70.53793,21.256262,0.0045822933,0.096021816,0.041158102,0
-70.33031,22.788742,0.019472588,0.6664309,0.2782559,1
-70.10915,24.287125,0.71605825,0.99818504,0.828909,3
-69.87521,25.751232,0.79823625,0.99712944,0.87779355,3
-69.62883,27.18004,0.82861614,0.9864125,0.8917347,3
-69.37051,28.57309,0.8330679,0.9835062,0.89324325,3
-69.10085,29.930489,0.6849696,0.88019663,0.76306045,3
-68.820114,31.251396,0.8674756,0.8856137,0.8747309,3
-68.529106,32.537003,0.8683746,0.9911936,0.91750216,3
-68.227875,33.786026,0.86758524,0.9905754,0.9167813,3
-67.91739,35.000633,0.9317187,0.9654084,0.9451946,3
-67.59752,36.179096,0.95187676,0.60233533,0.81206024,3
-67.269325,37.324356,0.9310491,0.12951542,0.61043566,2
-66.9326,38.434486,0.8870571,0.0,0.5322343,2
-66.58835,39.512573,0.86541843,0.0,0.5192511,2
-66.23649,40.55734,0.8773384,0.0,0.52640307,2
-65.877785,41.57119,0.9136767,0.0,0.54820603,2
-65.512314,42.55367,0.9165946,0.0,0.5499568,2
-65.14064,43.506527,0.9162411,0.0,0.54974467,2
-64.762985,44.43002,0.93757266,0.0,0.56254363,2
-64.37973,45.32529,0.92464024,0.0,0.5547842,2
-63.99118,46.193222,0.8690432,0.0,0.5214259,2
-63.597588,47.034374,0.8418037,0.0,0.50508225,2
-63.199345,47.850147,0.85482275,0.0,0.5128937,2
-62.79659,48.640617,0.7754523,0.0,0.4652714,1
-62.389755,49.4076,0.534311,0.0,0.32058662,1
-61.97888,50.15072,0.31686565,0.0,0.1901194,0
-61.56444,50.87217,0.20779048,0.0,0.12467429,0
-61.146416,51.571148,0.012963215,0.0,0.0077779293,0
-60.725266,52.250008,0.0034211006,0.0,0.0020526603,0
-60.30098,52.908062,0.0031715971,0.0,0.0019029584,0
-59.87394,53.54725,0.0021722824,0.0,0.0013033695,0
-59.444195,54.167274,0.001606518,0.0,0.0009639109,0
-59.012035,54.769585,0.0010658522,0.0,0.0006395114,0
-58.57755,55.354256,0.0008002338,0.0,0.0004801403,0
-58.140953,55.92229,0.00067569857,0.0,0.00040541915,0
-57.702385,56.474113,0.00063759036,0.0,0.00038255422,0
-57.261993,57.010307,0.0006333258,0.0,0.00037999547,0
-56.819927,57.5316,0.0006343999,0.0,0.00038063995,0
-56.3763,58.038208,0.0006369484,0.0,0.00038216906,0
-55.931297,58.531105,0.00063795777,0.0,0.00038277468,0
-55.484966,59.010227,0.00063829136,0.0,0.00038297483,0
-55.03751,59.476727,0.0006383735,0.0,0.0003830241,0
-54.588963,59.930283,0.0006383735,0.0,0.0003830241,0
-54.139503,60.372185,0.00063837104,0.0,0.00038302265,0
-53.68917,60.80199,0.0006384559,0.0,0.00038307355,0
-53.238125,61.220924,0.0006364523,0.0,0.0003818714,0
-52.78642,61.6287,0.00063851406,0.0,0.00038310845,0
-52.33417,62.026245,0.00061591144,0.0,0.00036954688,0
-51.88145,62.413483,0.00058596703,0.0,0.00035158024,0
-51.428352,62.791084,0.0006016315,0.0,0.00036097888,0
-50.97495,63.159172,0.00078726263,0.0,0.00047235758,0
-51.213062,-63.918945,0.0012575969,0.0,0.0007545582,0
-51.67015,-63.5581,0.0009086667,0.0,0.0005452,0
-52.12702,-63.187805,0.00062122586,0.0,0.00037273552,0
-52.583595,-62.807915,0.00063243276,0.0,0.00037945967,0
-53.03977,-62.417778,0.0006374557,0.0,0.00038247346,0
-53.49549,-62.017452,0.0006379955,0.0,0.0003827973,0
-53.95064,-61.605995,0.0006383699,0.0,0.00038302195,0
-54.40516,-61.183697,0.00063837104,0.0,0.00038302265,0
-54.858902,-60.749313,0.00063837104,0.0,0.00038302265,0
-55.31182,-60.30329,0.00063837104,0.0,0.00038302265,0
-55.763752,-59.844322,0.00063837104,0.0,0.00038302265,0
-56.214645,-59.37272,0.00063837104,0.0,0.00038302265,0
-56.664314,-58.887306,0.00063837104,0.0,0.00038302265,0
-57.112705,-58.388138,0.00063837104,0.0,0.00038302265,0
-57.55964,-57.874237,0.0006383866,0.0,0.00038303196,0
-58.005013,-57.345337,0.0006380277,0.0,0.00038281662,0
-58.448666,-56.80072,0.0006372474,0.0,0.00038234846,0
-58.890457,-56.23976,0.00063678325,0.0,0.00038206996,0
-59.330246,-55.662018,0.000634523,0.3084958,0.123779036,0
-59.76783,-55.066467,0.0006384638,0.9062224,0.36287203,1
-60.203106,-54.452988,0.00066625956,0.90222317,0.36128905,1
-60.635796,-53.82011,0.0009520122,0.60682136,0.24329975,0
-61.06585,-53.1681,0.006302653,0.97327024,0.39308968,1
-61.492886,-52.49495,0.1526797,0.98452026,0.48541594,1
-61.916916,-51.801334,0.78263855,0.97867906,0.8610548,3
-62.337486,-51.084824,0.9902242,0.9875358,0.98914886,3
-62.754604,-50.346207,0.9653751,0.9155501,0.9454452,3
-63.16781,-49.583187,0.78969383,0.95880926,0.85734,3
-63.577045,-48.79612,0.96735173,0.13568321,0.6346844,2
-63.98189,-47.983093,0.98460174,0.0,0.59076107,2
-64.38219,-47.143982,0.984516,0.018584657,0.5981435,2
-64.777565,-46.2773,0.9827109,0.53324306,0.8029238,3
-65.167755,-45.382393,0.9697981,0.9971104,0.9807231,3
-65.55245,-44.45831,0.98228925,0.28579012,0.70368963,2
-65.93126,-43.50379,0.98761207,0.025970604,0.6029555,2
-66.30394,-42.51852,0.9886701,0.0,0.5932021,2
-66.669945,-41.500587,0.98887306,0.0,0.5933239,2
-67.029175,-40.450405,0.9902998,0.0,0.5941799,2
-67.38087,-39.365364,0.9912209,0.28833005,0.7100646,2
-67.72507,-38.246735,0.9907224,0.99872977,0.9939254,3
-68.06076,-37.09118,0.9904439,0.73825634,0.8895689,3
-68.38815,-35.900627,0.98568255,0.032801542,0.60453016,2
-68.70616,-34.67189,0.9648877,0.0,0.57893264,2
-69.014885,-33.406693,0.96866816,0.0,0.5812009,2
-69.31334,-32.102646,0.9893519,0.0,0.5936112,2
-69.60146,-30.760986,0.99122757,0.0,0.5947366,2
-69.878395,-29.380363,0.9882541,0.0,0.5929525,2
-70.143875,-27.961555,0.9893406,0.0,0.5936044,2
-70.39725,-26.504347,0.9901372,0.0,0.59408236,2
-70.63799,-25.009136,0.9892588,0.0,0.59355533,2
-70.86574,-23.476915,0.9836674,0.0,0.5902004,2
-71.079666,-21.90779,0.9847974,0.0,0.5908785,2
-71.279724,-20.303982,0.9830925,0.0,0.5898555,2
-71.46482,-18.665466,0.9609082,0.03878378,0.5920585,2
-71.63523,-16.995602,0.9564992,0.6214649,0.82248557,3
-71.78956,-15.294434,0.91807395,0.996788,0.94955957,3
-71.92847,-13.566214,0.7427613,0.13980053,0.501577,2
-72.05036,-11.811481,0.006562461,0.0,0.003937477,0
-72.15607,-10.034769,0.0014138919,0.0,0.00084833516,0
-72.244225,-8.237796,0.00084830343,0.0,0.0005089821,0
-72.315445,-6.4247494,0.000673896,0.0,0.00040433762,0
-72.36879,-4.598467,0.00064058247,0.0,0.0003843495,0
-72.404625,-2.7628975,0.00063222094,0.0,0.00037933257,0
-72.422485,-0.92160094,0.0006436832,0.0,0.00038620993,0
-72.422485,0.92160094,0.0006809517,0.0,0.00040857104,0
-72.404625,2.7628975,0.00075200613,0.0,0.0004512037,0
-72.36879,4.598467,0.0007688086,0.0,0.00046128518,0
-72.315445,6.4247494,0.0007436082,0.0,0.00044616495,0
-72.244225,8.237796,0.0007277317,0.0,0.00043663903,0
-72.15607,10.034769,0.0007318897,0.0,0.00043913382,0
-72.05036,11.811481,0.00071803556,0.0,0.00043082135,0
-71.92847,13.566214,0.00073762954,0.0,0.00044257773,0
-71.78956,15.294434,0.00068776985,0.0,0.00041266193,0
-71.63523,16.995602,0.00080259895,0.0,0.0004815594,0
-71.46482,18.665466,0.0006875307,0.0,0.00041251842,0
-71.279724,20.303982,0.0007439201,0.0,0.0004463521,0
-71.079666,21.90779,0.0011333941,0.0,0.0006800365,0
-70.86574,23.476915,0.0035589137,0.029419465,0.0139031345,0
-70.63799,25.009136,0.018587915,0.099787265,0.051067658,0
-70.39725,26.504347,0.010185486,0.15847053,0.06949951,0
-70.143875,27.961555,0.00872936,0.10002551,0.045247823,0
-69.878395,29.380363,0.009471951,0.26110303,0.11012439,0
-69.60146,30.760986,0.008838252,0.22001155,0.09330757,0
-69.31334,32.102646,0.1196939,0.05717199,0.09468514,0
-69.014885,33.406693,0.008244617,0.28889158,0.1205034,0
-68.70616,34.67189,0.45318127,0.659944,0.5358864,2
-68.38815,35.900627,0.9205471,0.9768215,0.9430569,3
-68.06076,37.09118,0.9719814,0.9903084,0.9793123,3
-67.72507,38.246735,0.96994174,0.9644988,0.9677646,3
-67.38087,39.365364,0.9449343,0.21082447,0.6512904,2
-67.029175,40.450405,0.9172176,0.054854494,0.57227236,2
-66.669945,41.500587,0.928057,0.039762594,0.57273924,2
-66.30394,42.51852,0.9490451,0.03764566,0.58448535,2
-65.93126,43.50379,0.9502746,0.011594608,0.57480264,2
-65.55245,44.45831,0.962373,0.013074226,0.5826535,2
-65.167755,45.382393,0.97476906,0.0,0.58486146,2
-64.777565,46.2773,0.9767328,0.0,0.5860397,2
-64.38219,47.143982,0.95858663,0.0,0.575152,2
-63.98189,47.983093,0.8829664,0.0,0.52977985,2
-63.577045,48.79612,0.7899317,0.0,0.47395906,1
-63.16781,49.583187,0.7426679,0.0,0.44560078,1
-62.754604,50.346207,0.527468,0.0,0.31648082,1
-62.337486,51.084824,0.49497724,0.0,0.29698634,1
-61.916916,51.801334,0.3487367,0.0,0.20924203,0
-61.492886,52.49495,0.12553279,0.0,0.07531968,0
-61.06585,53.1681,0.009918539,0.0,0.005951124,0
-60.635796,53.82011,0.004644215,0.0,0.0027865293,0
-60.203106,54.452988,0.0031104484,0.0,0.001866269,0
-59.76783,55.066467,0.0023595665,0.0,0.00141574,0
-59.330246,55.662018,0.0014702849,0.0,0.000882171,0
-58.890457,56.23976,0.0009813298,0.0,0.0005887979,0
-58.448666,56.80072,0.00074760214,0.0,0.0004485613,0
-58.005013,57.345337,0.00066123344,0.0,0.00039674007,0
-57.55964,57.874237,0.0006352993,0.0,0.0003811796,0
-57.112705,58.388138,0.00063261966,0.0,0.0003795718,0
-56.664314,58.887306,0.00063538196,0.0,0.00038122918,0
-56.214645,59.37272,0.0006374102,0.0,0.00038244613,0
-55.763752,59.844322,0.00063819165,0.0,0.000382915,0
-55.31182,60.30329,0.000638368,0.0,0.00038302082,0
-54.858902,60.749313,0.0006383744,0.0,0.00038302466,0
-54.40516,61.183697,0.00063837075,0.0,0.00038302247,0
-53.95064,61.605995,0.0006384559,0.0,0.00038307355,0
-53.49549,62.017452,0.0006364523,0.0,0.0003818714,0
-53.03977,62.417778,0.00063851406,0.0,0.00038310845,0
-52.583595,62.807915,0.00061591144,0.0,0.00036954688,0
-52.12702,63.187805,0.00058596703,0.0,0.00035158024,0
-51.67015,63.5581,0.0006016315,0.0,0.00036097888,0
-51.213062,63.918945,0.00078726263,0.0,0.00047235758,0
-51.445084,-64.68872,0.0012575969,0.0,0.0007545582,0
-51.90581,-64.33547,0.0009086667,0.0,0.0005452,0
-52.366398,-63.972847,0.00062122586,0.0,0.00037273552,0
-52.826763,-63.600708,0.00063243276,0.0,0.00037945967,0
-53.286827,-63.218384,0.0006374557,0.0,0.00038247346,0
-53.74651,-62.825924,0.0006379955,0.0,0.0003827973,0
-54.20571,-62.42239,0.0006383699,0.0,0.00038302195,0
-54.664375,-62.00806,0.00063837104,0.0,0.00038302265,0
-55.122353,-61.58168,0.00063837104,0.0,0.00038302265,0
-55.579597,-61.143696,0.00063837104,0.0,0.00038302265,0
-56.035957,-60.69278,0.00063837104,0.0,0.00038302265,0
-56.49137,-60.22924,0.00063837104,0.0,0.00038302265,0
-56.945675,-59.751884,0.00063837104,0.0,0.00038302265,0
-57.398796,-59.26075,0.00063837104,0.0,0.00038302265,0
-57.85057,-58.754845,0.0006383963,0.0,0.0003830378,0
-58.300888,-58.233894,0.0006376535,0.0,0.00038259212,0
-58.749603,-57.69714,0.000636837,0.0,0.0003821022,0
-59.196564,-57.143967,0.00063244393,0.0,0.00037946636,0
-59.641647,-56.573868,0.00062561285,0.098835394,0.039909527,0
-60.08464,-55.985832,0.0006255476,0.8423934,0.3373327,1
-60.525444,-55.379684,0.00067350146,0.9424763,0.37739462,1
-60.963783,-54.75392,0.0013474117,0.9297227,0.37269753,1
-61.399605,-54.10878,0.012730173,0.9994551,0.40742013,1
-61.832554,-53.442215,0.35266432,0.96626645,0.5981052,2
-62.262608,-52.75486,0.90114325,0.7830695,0.8539138,3
-62.68934,-52.044212,0.9915452,0.9237518,0.9644278,3
-63.112732,-51.311035,0.9823632,0.9559225,0.971787,3
-63.53235,-50.552956,0.96456736,0.9993687,0.9784879,3
-63.948128,-49.77029,0.97287345,0.16868286,0.6511972,2
-64.359634,-48.96102,0.98155874,0.0,0.58893526,2
-64.76672,-48.124977,0.981547,0.0,0.5889282,2
-65.16902,-47.260582,0.97433454,0.17219858,0.6534802,2
-65.56624,-46.367104,0.9842743,0.40172714,0.75125545,3
-65.95808,-45.44348,0.98740256,0.9977019,0.9915223,3
-66.34414,-44.488365,0.9886878,0.2189603,0.68079686,2
-66.72419,-43.501335,0.98801905,0.0,0.59281147,2
-67.09765,-42.48034,0.9907355,0.10554027,0.6366574,2
-67.46442,-41.425724,0.9905909,0.23051172,0.68655926,2
-67.82372,-40.334682,0.9887495,0.019572549,0.60107875,2
-68.17559,-39.208435,0.9883074,0.34259766,0.73002356,2
-68.51903,-38.043404,0.99081916,0.99490786,0.99245465,3
-68.854164,-36.841503,0.99027306,0.7795881,0.90599906,3
-69.17995,-35.599266,0.9895236,0.12433499,0.6434482,2
-69.49643,-34.318405,0.9894299,0.0,0.593658,2
-69.80262,-32.99627,0.9904599,0.0,0.59427595,2
-70.0984,-31.63407,0.9909973,0.0,0.5945984,2
-70.38292,-30.230228,0.9891684,0.0,0.5935011,2
-70.65587,-28.785465,0.98941994,0.0,0.593652,2
-70.91656,-27.299438,0.99006534,0.0,0.5940392,2
-71.16444,-25.772438,0.98828983,0.0,0.59297395,2
-71.39909,-24.205433,0.9816569,0.0,0.58899415,2
-71.619675,-22.598429,0.9814724,0.0,0.58888346,2
-71.82609,-20.95372,0.97299564,0.0,0.5837974,2
-72.01718,-19.27118,0.97022635,0.3432965,0.71945447,2
-72.19324,-17.55439,0.91185635,0.97584456,0.93745166,3
-72.35276,-15.80331,0.24094594,0.6399113,0.40053207,1
-72.49643,-14.022533,0.01150438,0.025147226,0.016961519,0
-72.62257,-12.212595,0.003140457,0.0,0.0018842743,0
-72.73199,-10.37843,0.0010995179,0.0,0.0006597108,0
-72.82327,-8.5219,0.0006959636,0.0,0.00041757818,0
-72.897064,-6.6476026,0.0005891866,0.0,0.00035351198,0
-72.95233,-4.7586575,0.000605511,0.0,0.0003633066,0
-72.98947,-2.8594253,0.00063240866,0.0,0.0003794452,0
-73.007996,-0.95384586,0.00063927006,0.0,0.00038356206,0
-73.007996,0.95384586,0.0006412413,0.0,0.0003847448,0
-72.98947,2.8594253,0.0006444268,0.0,0.0003866561,0
-72.95233,4.7586575,0.00064408605,0.0,0.00038645163,0
-72.897064,6.6476026,0.0006404433,0.0,0.000384266,0
-72.82327,8.5219,0.00063728326,0.0,0.00038236997,0
-72.73199,10.37843,0.0006371466,0.0,0.00038228798,0
-72.62257,12.212595,0.0006384213,0.0,0.00038305277,0
-72.49643,14.022533,0.0006456065,0.0,0.00038736392,0
-72.35276,15.80331,0.00067057443,0.0,0.00040234468,0
-72.19324,17.55439,0.00070943235,0.0,0.00042565944,0
-72.01718,19.27118,0.00076288107,0.0,0.00045772866,0
-71.82609,20.95372,0.0010136237,0.0,0.00060817425,0
-71.619675,22.598429,0.0006625468,0.0,0.00039752809,0
-71.39909,24.205433,0.0008521613,0.0,0.0005112968,0
-71.16444,25.772438,0.001143717,0.0,0.0006862302,0
-70.91656,27.299438,0.0011562654,0.0,0.00069375924,0
-70.65587,28.785465,0.0014465041,0.0,0.00086790253,0
-70.38292,30.230228,0.0014186552,0.0,0.00085119315,0
-70.0984,31.63407,0.001605158,0.0,0.0009630948,0
-69.80262,32.99627,0.0058446666,0.0,0.0035068002,0
-69.49643,34.318405,0.0065389983,0.024030402,0.01353556,0
-69.17995,35.599266,0.22712226,0.7570874,0.4391083,1
-68.854164,36.841503,0.96042365,0.84524524,0.9143523,3
-68.51903,38.043404,0.9777248,0.99686503,0.9853809,3
-68.17559,39.208435,0.9632458,0.9974657,0.97693384,3
-67.82372,40.334682,0.9663853,0.9862045,0.974313,3
-67.46442,41.425724,0.9718955,0.9129903,0.94833344,3
-67.09765,42.48034,0.97900885,0.91875315,0.9549066,3
-66.72419,43.501335,0.9780884,0.90434617,0.9485915,3
-66.34414,44.488365,0.9797849,0.663232,0.8531638,3
-65.95808,45.44348,0.97851413,0.6940044,0.8647103,3
-65.56624,46.367104,0.98026216,0.19064844,0.6644167,2
-65.16902,47.260582,0.9840487,0.49206915,0.7872569,3
-64.76672,48.124977,0.9797238,0.15810683,0.65107703,2
-64.359634,48.96102,0.95679563,0.01246331,0.57906276,2
-63.948128,49.77029,0.86087745,0.0,0.5165265,2
-63.53235,50.552956,0.82130355,0.0,0.49278215,1
-63.112732,51.311035,0.7416903,0.0,0.44501418,1
-62.68934,52.044212,0.6356198,0.0,0.38137192,1
-62.262608,52.75486,0.6237503,0.0,0.3742502,1
-61.832554,53.442215,0.52683914,0.0,0.3161035,1
-61.399605,54.10878,0.063693576,0.0,0.038216148,0
-60.963783,54.75392,0.0053906185,0.0,0.0032343713,0
-60.525444,55.379684,0.0034960369,0.0,0.0020976223,0
-60.08464,55.985832,0.002452349,0.0,0.0014714095,0
-59.641647,56.573868,0.001904701,0.0,0.0011428207,0
-59.196564,57.143967,0.0013459219,0.0,0.0008075532,0
-58.749603,57.69714,0.00094185787,0.0,0.0005651147,0
-58.300888,58.233894,0.0007428748,0.0,0.0004457249,0
-57.85057,58.754845,0.0006643232,0.0,0.00039859395,0
-57.398796,59.26075,0.00063696963,0.0,0.0003821818,0
-56.945675,59.751884,0.0006357463,0.0,0.00038144778,0
-56.49137,60.22924,0.00063672016,0.0,0.0003820321,0
-56.035957,60.69278,0.0006379723,0.0,0.00038278342,0
-55.579597,61.143696,0.0006383607,0.0,0.00038301642,0
-55.122353,61.58168,0.0006383762,0.0,0.00038302576,0
-54.664375,62.00806,0.00063837104,0.0,0.00038302265,0
-54.20571,62.42239,0.0006384559,0.0,0.00038307355,0
-53.74651,62.825924,0.0006364523,0.0,0.0003818714,0
-53.286827,63.218384,0.00063851406,0.0,0.00038310845,0
-52.826763,63.600708,0.00061591144,0.0,0.00036954688,0
-52.366398,63.972847,0.00058596703,0.0,0.00035158024,0
-51.90581,64.33547,0.0006016315,0.0,0.00036097888,0
-51.445084,64.68872,0.00078726263,0.0,0.00047235758,0
-51.670982,-65.46822,0.0012575969,0.0,0.0007545582,0
-52.13529,-65.12294,0.0009086667,0.0,0.0005452,0
-52.599533,-64.76836,0.00062122586,0.0,0.00037273552,0
-53.063637,-64.40436,0.00063243276,0.0,0.00037945967,0
-53.527527,-64.03024,0.0006374557,0.0,0.00038247346,0
-53.991116,-63.64607,0.0006379955,0.0,0.0003827973,0
-54.454327,-63.250908,0.0006383699,0.0,0.00038302195,0
-54.917072,-62.845005,0.00063837104,0.0,0.00038302265,0
-55.379234,-62.427116,0.00063837104,0.0,0.00038302265,0
-55.840767,-61.997665,0.00063837104,0.0,0.00038302265,0
-56.301502,-61.55533,0.00063837104,0.0,0.00038302265,0
-56.761395,-61.1004,0.00063837104,0.0,0.00038302265,0
-57.220287,-60.63167,0.00063837104,0.0,0.00038302265,0
-57.678097,-60.14917,0.00063837104,0.0,0.00038302265,0
-58.134674,-59.65189,0.00063840696,0.0,0.0003830442,0
-58.58991,-59.13954,0.0006372255,0.0,0.00038233533,0
-59.043655,-58.61134,0.0006366652,0.0,0.00038199915,0
-59.495758,-58.066647,0.00062812306,0.0,0.00037687385,0
-59.946106,-57.50495,0.0006143077,0.0,0.00036858465,0
-60.394493,-56.925182,0.00061427546,0.16883536,0.06790271,0
-60.840805,-56.327164,0.00083158724,0.98267233,0.3935679,1
-61.284794,-55.70935,0.0031179967,0.2959248,0.120240726,0
-61.726387,-55.071953,0.049718775,0.46524784,0.2159304,0
-62.165234,-54.412857,0.53206986,0.82036644,0.6473885,2
-62.60133,-53.732693,0.72779053,0.9917427,0.8333714,3
-63.03423,-53.02887,0.94644403,0.9938546,0.9654083,3
-63.463936,-52.302128,0.9765099,0.96218115,0.97077847,3
-63.890003,-51.550003,0.971422,0.97110146,0.9712938,3
-64.31237,-50.77278,0.9727783,0.10989407,0.6276247,2
-64.7306,-49.96835,0.97935826,0.0,0.58761495,2
-65.14454,-49.13648,0.97880024,0.050169036,0.6073478,2
-65.55382,-48.27549,0.9682389,0.87569696,0.93122214,3
-65.95816,-47.38456,0.98370105,0.861825,0.9349506,3
-66.357254,-46.462555,0.98976934,0.9720096,0.9826655,3
-66.750694,-45.507973,0.9904011,0.5868037,0.82896215,3
-67.13823,-44.52033,0.9880155,0.05454887,0.61462885,2
-67.5193,-43.497395,0.9892212,0.34499562,0.731531,2
-67.89377,-42.439457,0.9892743,0.98778886,0.9886802,3
-68.260864,-41.343475,0.9535375,0.21357092,0.6575509,2
-68.62062,-40.21064,0.94256413,0.13738416,0.6204922,2
-68.971985,-39.037075,0.9883536,0.9094664,0.9567988,3
-69.315125,-37.824703,0.9915598,0.9309045,0.9672977,3
-69.64892,-36.56974,0.99143726,0.5654934,0.82105976,3
-69.97343,-35.27386,0.991582,0.0,0.5949492,2
-70.28762,-33.934143,0.9914342,0.0,0.59486055,2
-70.59138,-32.55173,0.9913449,0.0,0.59480697,2
-70.88379,-31.124815,0.9886412,0.0,0.59318477,2
-71.16452,-29.654026,0.9894376,0.0,0.59366256,2
-71.43286,-28.138851,0.9871296,0.0,0.5922778,2
-71.688225,-26.579475,0.98270077,0.0,0.5896205,2
-71.93013,-24.976805,0.97978663,0.0,0.587872,2
-72.15772,-23.330713,0.976841,0.0,0.58610463,2
-72.37084,-21.643574,0.96117765,0.16450138,0.64250714,2
-72.568275,-19.915134,0.9243399,0.916477,0.9211948,3
-72.75029,-18.149187,0.04797039,0.77946377,0.34056777,1
-72.915344,-16.345602,0.004194955,0.13928403,0.058230586,0
-73.06406,-14.509338,0.0038616078,0.0,0.0023169648,0
-73.1947,-12.640911,0.00090419425,0.0,0.0005425166,0
-73.30809,-10.745711,0.0008130714,0.0,0.00048784286,0
-73.40273,-8.825748,0.0006517833,0.0,0.00039107,0
-73.479256,-6.886084,0.00062904204,0.0,0.00037742525,0
-73.53658,-4.9301586,0.0006339529,0.0,0.00038037176,0
-73.57512,-2.9628,0.0006371663,0.0,0.0003822998,0
-73.59432,-0.988383,0.00063802494,0.0,0.000382815,0
-73.59432,0.988383,0.0006383549,0.0,0.00038301296,0
-73.57512,2.9628,0.0006386644,0.0,0.00038319867,0
-73.53658,4.9301586,0.00063872436,0.0,0.00038323464,0
-73.479256,6.886084,0.0006383431,0.0,0.00038300588,0
-73.40273,8.825748,0.00063789974,0.0,0.00038273985,0
-73.30809,10.745711,0.0006368348,0.0,0.0003821009,0
-73.1947,12.640911,0.00063633034,0.0,0.00038179822,0
-73.06406,14.509338,0.0006380386,0.0,0.0003828232,0
-72.915344,16.345602,0.0006427253,0.0,0.0003856352,0
-72.75029,18.149187,0.00065018574,0.0,0.00039011147,0
-72.568275,19.915134,0.00070309377,0.0,0.00042185627,0
-72.37084,21.643574,0.0007110406,0.0,0.00042662435,0
-72.15772,23.330713,0.00083940517,0.0,0.0005036431,0
-71.93013,24.976805,0.00074321294,0.0,0.00044592778,0
-71.688225,26.579475,0.00085808785,0.0,0.00051485276,0
-71.43286,28.138851,0.00072553515,0.0,0.0004353211,0
-71.16452,29.654026,0.0006894364,0.0,0.00041366185,0
-70.88379,31.124815,0.00063384813,0.0,0.0003803089,0
-70.59138,32.55173,0.00068683777,0.0,0.00041210267,0
-70.28762,33.934143,0.001884415,0.0,0.0011306491,0
-69.97343,35.27386,0.004485571,0.0,0.0026913425,0
-69.64892,36.56974,0.37612167,0.21688332,0.31242633,1
-69.315125,37.824703,0.83187217,0.17256908,0.56815094,2
-68.971985,39.037075,0.94349796,0.16312246,0.6313478,2
-68.62062,40.21064,0.96510994,0.58411723,0.8127129,3
-68.260864,41.343475,0.9348031,0.9797736,0.95279133,3
-67.89377,42.439457,0.9498285,0.716269,0.8564047,3
-67.5193,43.497395,0.9793433,0.9311505,0.9600662,3
-67.13823,44.52033,0.9826109,0.99063915,0.9858222,3
-66.750694,45.507973,0.9832993,0.9761642,0.98044527,3
-66.357254,46.462555,0.9832728,0.9970353,0.9887778,3
-65.95816,47.38456,0.9805125,0.9856039,0.9825491,3
-65.55382,48.27549,0.98383397,0.9871056,0.9851426,3
-65.14454,49.13648,0.98649895,0.4468604,0.7706436,3
-64.7306,49.96835,0.9822068,0.56861246,0.8167691,3
-64.31237,50.77278,0.92294514,0.017311506,0.5606917,2
-63.890003,51.550003,0.8770119,0.0,0.52620715,2
-63.463936,52.302128,0.81158197,0.0,0.4869492,1
-63.03423,53.02887,0.7096903,0.0,0.42581418,1
-62.60133,53.732693,0.7377911,0.0,0.4426747,1
-62.165234,54.412857,0.7053847,0.0,0.42323083,1
-61.726387,55.071953,0.35896975,0.0,0.21538186,0
-61.284794,55.70935,0.044535223,0.0,0.026721135,0
-60.840805,56.327164,0.006198328,0.0,0.003718997,0
-60.394493,56.925182,0.0027863586,0.0,0.0016718152,0
-59.946106,57.50495,0.0024702344,0.0,0.0014821407,0
-59.495758,58.066647,0.0018200392,0.0,0.0010920236,0
-59.043655,58.61134,0.0013124612,0.0,0.0007874768,0
-58.58991,59.13954,0.0008932711,0.0,0.0005359627,0
-58.134674,59.65189,0.00072705053,0.0,0.00043623033,0
-57.678097,60.14917,0.0006502663,0.0,0.0003901598,0
-57.220287,60.63167,0.00063841394,0.0,0.00038304838,0
-56.761395,61.1004,0.0006368837,0.0,0.00038213024,0
-56.301502,61.55533,0.0006377456,0.0,0.00038264738,0
-55.840767,61.997665,0.0006383069,0.0,0.00038298414,0
-55.379234,62.427116,0.0006383781,0.0,0.00038302687,0
-54.917072,62.845005,0.00063837133,0.0,0.00038302282,0
-54.454327,63.250908,0.0006384559,0.0,0.00038307355,0
-53.991116,63.64607,0.0006364523,0.0,0.0003818714,0
-53.527527,64.03024,0.00063851406,0.0,0.00038310845,0
-53.063637,64.40436,0.00061591144,0.0,0.00036954688,0
-52.599533,64.76836,0.00058596703,0.0,0.00035158024,0
-52.13529,65.12294,0.0006016315,0.0,0.00036097888,0
-51.670982,65.46822,0.00078726263,0.0,0.00047235758,0
-51.89031,-66.25782,0.0012575969,0.0,0.0007545582,0
-52.358128,-65.92087,0.0009086667,0.0,0.0005452,0
-52.825966,-65.57473,0.00062122586,0.0,0.00037273552,0
-53.293747,-65.21926,0.00063243276,0.0,0.00037945967,0
-53.7614,-64.8538,0.0006374557,0.0,0.00038247346,0
-54.228836,-64.47837,0.0006379955,0.0,0.0003827973,0
-54.69598,-64.09204,0.0006383699,0.0,0.00038302195,0
-55.162758,-63.695053,0.00063837104,0.0,0.00038302265,0
-55.629044,-63.286167,0.00063837104,0.0,0.00038302265,0
-56.094795,-62.86579,0.00063837104,0.0,0.00038302265,0
-56.559856,-62.432602,0.00063837104,0.0,0.00038302265,0
-57.024178,-61.986862,0.00063837104,0.0,0.00038302265,0
-57.487595,-61.527386,0.00063837104,0.0,0.00038302265,0
-57.95005,-61.05416,0.00063837104,0.0,0.00038302265,0
-58.411377,-60.56618,0.00063841423,0.0,0.00038304855,0
-58.87148,-60.063133,0.00063688826,0.0,0.00038213297,0
-59.330208,-59.54422,0.0006369635,0.0,0.00038217814,0
-59.787422,-59.00878,0.00062401727,0.0,0.0003744104,0
-60.243004,-58.456284,0.0006016837,0.0,0.00036101023,0
-60.696747,-57.88563,0.0006061895,0.03932624,0.01609421,0
-61.148552,-57.296623,0.0010760531,0.7475944,0.29968342,1
-61.598167,-56.687668,0.009868583,0.8334318,0.33929387,1
-62.045517,-56.058968,0.34437254,0.92430484,0.5763455,2
-62.490273,-55.408337,0.634922,0.7975859,0.6999876,2
-62.9324,-54.736378,0.6189068,0.9896079,0.76718724,3
-63.371483,-54.04045,0.79333323,0.97853845,0.8674153,3
-63.807518,-53.32125,0.97876406,0.9235761,0.9566889,3
-64.24007,-52.57623,0.98671,0.934298,0.9657452,3
-64.66904,-51.805634,0.98213196,0.32315356,0.7185406,2
-65.09404,-51.007256,0.9599044,0.0,0.57594264,2
-65.5149,-50.180798,0.96864754,0.20677291,0.66389775,2
-65.931244,-49.324493,0.9759939,0.98977214,0.98150516,3
-66.342804,-48.43742,0.98681474,0.35369855,0.7335683,2
-66.749245,-47.518333,0.9903604,0.5144781,0.80000746,3
-67.15017,-46.565628,0.9911657,0.97508764,0.98473454,3
-67.545334,-45.57871,0.9909781,0.7828081,0.9077102,3
-67.93415,-44.555176,0.99100554,0.055372648,0.61675245,2
-68.3165,-43.495224,0.9902976,0.7932835,0.911492,3
-68.691574,-42.39559,0.98480886,0.7660495,0.89730513,3
-69.059395,-41.25741,0.9829107,0.05873953,0.6132422,2
-69.41894,-40.076504,0.98996836,0.2348281,0.6879123,2
-69.7703,-38.854755,0.9909272,0.9682229,0.9818455,3
-70.11238,-37.58805,0.9912855,0.4509716,0.77515996,3
-70.445206,-36.27803,0.99075073,0.14311004,0.6516945,2
-70.76771,-34.921444,0.99063534,0.038809583,0.60990506,2
-71.07976,-33.519352,0.98871416,0.0,0.5932285,2
-71.3804,-32.06968,0.98230505,0.0,0.58938307,2
-71.66928,-30.57293,0.98756844,0.0,0.5925411,2
-71.94565,-29.028408,0.98135525,0.0,0.5888132,2
-72.20886,-27.436142,0.98221374,0.023311818,0.598653,2
-72.45842,-25.796955,0.98452365,0.0,0.5907142,2
-72.693405,-24.110554,0.9827261,0.038179986,0.6049077,2
-72.913605,-22.379375,0.97505015,0.4918348,0.78176403,3
-73.1178,-20.602997,0.7703786,0.98354495,0.8556452,3
-73.30615,-18.78545,0.007674607,0.19611132,0.0830493,0
-73.47708,-16.926474,0.0016998856,0.0,0.0010199314,0
-73.631195,-15.03142,0.0013096955,0.0,0.00078581733,0
-73.76665,-13.100773,0.00060343527,0.0,0.00036206117,0
-73.88429,-11.140432,0.00061488705,0.0,0.00036893223,0
-73.98253,-9.152571,0.0006137362,0.0,0.00036824174,0
-74.06197,-7.142774,0.00063539075,0.0,0.00038123448,0
-74.12153,-5.1148486,0.000638875,0.0,0.000383325,0
-74.16156,-3.074164,0.0006387271,0.0,0.00038323627,0
-74.18152,-1.0255963,0.0006384161,0.0,0.0003830497,0
-74.18152,1.0255963,0.00063867046,0.0,0.0003832023,0
-74.16156,3.074164,0.0006387475,0.0,0.0003832485,0
-74.12153,5.1148486,0.00063895236,0.0,0.00038337143,0
-74.06197,7.142774,0.00063914026,0.0,0.00038348418,0
-73.98253,9.152571,0.00063924317,0.0,0.0003835459,0
-73.88429,11.140432,0.0006393172,0.0,0.00038359035,0
-73.76665,13.100773,0.0006393952,0.0,0.00038363715,0
-73.631195,15.03142,0.000639476,0.0,0.0003836856,0
-73.47708,16.926474,0.0006406252,0.0,0.00038437513,0
-73.30615,18.78545,0.0006440378,0.0,0.0003864227,0
-73.1178,20.602997,0.00065339694,0.0,0.00039203817,0
-72.913605,22.379375,0.00067651016,0.0,0.00040590612,0
-72.693405,24.110554,0.00070475147,0.0,0.0004228509,0
-72.45842,25.796955,0.00075728394,0.0,0.00045437037,0
-72.20886,27.436142,0.0008038366,0.0,0.00048230198,0
-71.94565,29.028408,0.0007892175,0.0,0.0004735305,0
-71.66928,30.57293,0.0007125485,0.0,0.00042752913,0
-71.3804,32.06968,0.0006746841,0.0,0.0004048105,0
-71.07976,33.519352,0.00067739206,0.0,0.00040643525,0
-70.76771,34.921444,0.0010329452,0.0,0.0006197672,0
-70.445206,36.27803,0.0023583365,0.0,0.0014150019,0
-70.11238,37.58805,0.012159186,0.0,0.007295512,0
-69.7703,38.854755,0.9453943,0.0,0.5672366,2
-69.41894,40.076504,0.22138816,0.0,0.1328329,0
-69.059395,41.25741,0.004352316,0.0,0.0026113896,0
-68.691574,42.39559,0.0044742767,0.12545986,0.052868515,0
-68.3165,43.495224,0.0067077507,0.044870403,0.021972813,0
-67.93415,44.555176,0.40564343,0.33046904,0.3755737,1
-67.545334,45.57871,0.8915136,0.2596218,0.6387569,2
-67.15017,46.565628,0.9225035,0.68988913,0.82945776,3
-66.749245,47.518333,0.9733613,0.7391389,0.8796724,3
-66.342804,48.43742,0.98716146,0.99966156,0.9921615,3
-65.931244,49.324493,0.9821999,0.98530304,0.9834412,3
-65.5149,50.180798,0.9898808,0.9677785,0.9810399,3
-65.09404,51.007256,0.98031807,0.80061245,0.9084358,3
-64.66904,51.805634,0.94796747,0.15628979,0.6312964,2
-64.24007,52.57623,0.8881147,0.0,0.53286886,2
-63.807518,53.32125,0.7319396,0.0,0.43916377,1
-63.371483,54.04045,0.668825,0.0,0.401295,1
-62.9324,54.736378,0.72535306,0.0,0.43521187,1
-62.490273,55.408337,0.76278615,0.0,0.4576717,1
-62.045517,56.058968,0.65949225,0.0,0.39569536,1
-61.598167,56.687668,0.42628115,0.0,0.25576872,1
-61.148552,57.296623,0.050084148,0.0,0.03005049,0
-60.696747,57.88563,0.0042861053,0.0,0.0025716634,0
-60.243004,58.456284,0.004114315,0.0,0.002468589,0
-59.787422,59.00878,0.0029030668,0.0,0.0017418402,0
-59.330208,59.54422,0.0019182768,0.0,0.0011509662,0
-58.87148,60.063133,0.001119415,0.0,0.00067164906,0
-58.411377,60.56618,0.00079238246,0.0,0.0004754295,0
-57.95005,61.05416,0.00066743785,0.0,0.00040046274,0
-57.487595,61.527386,0.00064022635,0.0,0.00038413584,0
-57.024178,61.986862,0.0006371551,0.0,0.00038229307,0
-56.559856,62.432602,0.0006376472,0.0,0.00038258833,0
-56.094795,62.86579,0.00063825486,0.0,0.00038295295,0
-55.629044,63.286167,0.0006383762,0.0,0.00038302576,0
-55.162758,63.695053,0.0006383729,0.0,0.00038302375,0
-54.69598,64.09204,0.0006384559,0.0,0.00038307355,0
-54.228836,64.47837,0.0006364523,0.0,0.0003818714,0
-53.7614,64.8538,0.00063851406,0.0,0.00038310845,0
-53.293747,65.21926,0.00061591144,0.0,0.00036954688,0
-52.825966,65.57473,0.00058596703,0.0,0.00035158024,0
-52.358128,65.92087,0.0006016315,0.0,0.00036097888,0
-51.89031,66.25782,0.00078726263,0.0,0.00047235758,0
-52.10325,-67.056854,0.0012575969,0.0,0.0007545582,0
-52.57452,-66.72859,0.0009086667,0.0,0.0005452,0
-53.045887,-66.39127,0.00062122586,0.0,0.00037273552,0
-53.517273,-66.04474,0.00063243276,0.0,0.00037945967,0
-53.988617,-65.68833,0.0006374557,0.0,0.00038247346,0
-54.459843,-65.32207,0.0006379955,0.0,0.0003827973,0
-54.93086,-64.94502,0.0006383699,0.0,0.00038302195,0
-55.401596,-64.557434,0.00063837104,0.0,0.00038302265,0
-55.87195,-64.15805,0.00063837104,0.0,0.00038302265,0
-56.34185,-63.74727,0.00063837104,0.0,0.00038302265,0
-56.81118,-63.32376,0.00063837104,0.0,0.00038302265,0
-57.27986,-62.887802,0.00063837104,0.0,0.00038302265,0
-57.74776,-62.43816,0.00063837104,0.0,0.00038302265,0
-58.214794,-61.974842,0.00063837104,0.0,0.00038302265,0
-58.680824,-61.496815,0.0006384167,0.0,0.00038305004,0
-59.145744,-61.003754,0.0006367778,0.0,0.00038206668,0
-59.609413,-60.494858,0.0006375703,0.0,0.00038254217,0
-60.071693,-59.96943,0.00062228483,0.0,0.00037337092,0
-60.532463,-59.426914,0.0005957539,0.0,0.00035745234,0
-60.99153,-58.86621,0.00063520425,0.048550487,0.019801319,0
-61.44879,-58.287075,0.0013450524,0.8267644,0.33151278,1
-61.904007,-57.687885,0.020468544,0.56590873,0.23864463,0
-62.35709,-57.06881,0.42611572,0.73900557,0.5512717,2
-62.807724,-56.42764,0.55464965,0.5791588,0.5644533,2
-63.25588,-55.764915,0.015430245,0.27025327,0.11735946,0
-63.70115,-55.077953,0.8549419,0.76806605,0.82019156,3
-64.14352,-54.3674,0.9788094,0.9805604,0.97950983,3
-64.58254,-53.630642,0.9901044,0.9729072,0.98322546,3
-65.018166,-52.86787,0.9849769,0.46160856,0.7756296,3
-65.44997,-52.076782,0.96641046,0.08280212,0.6129672,2
-65.8778,-51.257023,0.96851873,0.022219438,0.589999,2
-66.30126,-50.406708,0.97275597,0.32537243,0.7138026,2
-66.72011,-49.524837,0.97925526,0.92672634,0.9582437,3
-67.13398,-48.61005,0.9899058,0.75129414,0.89446115,3
-67.542496,-47.66062,0.9917796,0.54655254,0.8136888,3
-67.945404,-46.675835,0.9914316,0.96494365,0.9808365,3
-68.34211,-45.65312,0.99105835,0.2512682,0.69514227,2
-68.73247,-44.592564,0.99103385,0.115779035,0.64093196,2
-69.1157,-43.490677,0.9907885,0.9418902,0.9712292,3
-69.4918,-42.34851,0.9909113,0.9682107,0.9818311,3
-69.85971,-41.161568,0.9909774,0.18631326,0.6691118,2
-70.21954,-39.931694,0.9895175,0.26949278,0.7015076,2
-70.57016,-38.654396,0.9885229,0.9860857,0.9875481,3
-70.91156,-37.331264,0.98206776,0.9127339,0.95433426,3
-71.24269,-35.958687,0.9774336,0.5000863,0.78649473,3
-71.56333,-34.537624,0.97628444,0.18499735,0.6597696,2
-71.87256,-33.065685,0.9764032,0.035116687,0.5998886,2
-72.16994,-31.543234,0.9857874,0.0,0.59147245,2
-72.45468,-29.969326,0.97707933,0.1897973,0.66216654,2
-72.72614,-28.343811,0.97829217,0.80421025,0.90865946,3
-72.98375,-26.667406,0.9863685,0.24248582,0.6888155,2
-73.22652,-24.939592,0.9878471,0.8272707,0.9236165,3
-73.45422,-23.162859,0.9789428,0.9974972,0.9863646,3
-73.665535,-21.336575,0.7815155,0.8445855,0.8067435,3
-73.860634,-19.465012,0.008266592,0.051574156,0.025589619,0
-74.03781,-17.54773,0.0010480164,0.0,0.00062880985,0
-74.19768,-15.590524,0.0008095542,0.0,0.00048573254,0
-74.33829,-13.593818,0.0005700081,0.0,0.00034200487,0
-74.460464,-11.564077,0.0005872905,0.0,0.0003523743,0
-74.56255,-9.503648,0.00062466675,0.0,0.00037480006,0
-74.64514,-7.4187164,0.00063822384,0.0,0.00038293432,0
-74.707085,-5.3135,0.0006383781,0.0,0.00038302687,0
-74.748726,-3.1939914,0.00063832273,0.0,0.00038299366,0
-74.76949,-1.0656451,0.00063822296,0.0,0.0003829338,0
-74.76949,1.0656451,0.00063824083,0.0,0.0003829445,0
-74.748726,3.1939914,0.0006382874,0.0,0.00038297244,0
-74.707085,5.3135,0.0006382828,0.0,0.0003829697,0
-74.64514,7.4187164,0.00063826365,0.0,0.0003829582,0
-74.56255,9.503648,0.00063824083,0.0,0.0003829445,0
-74.460464,11.564077,0.0006382132,0.0,0.00038292792,0
-74.33829,13.593818,0.0006381661,0.0,0.00038289969,0
-74.19768,15.590524,0.00063809427,0.0,0.00038285658,0
-74.03781,17.54773,0.0006381414,0.0,0.00038288487,0
-73.860634,19.465012,0.0006384724,0.0,0.00038308345,0
-73.665535,21.336575,0.0006405144,0.0,0.00038430866,0
-73.45422,23.162859,0.0006432082,0.0,0.00038592494,0
-73.22652,24.939592,0.00064314844,0.0,0.00038588909,0
-72.98375,26.667406,0.000644141,0.0,0.0003864846,0
-72.72614,28.343811,0.000642948,0.0,0.00038576883,0
-72.45468,29.969326,0.0006442809,0.0,0.00038656857,0
-72.16994,31.543234,0.00063907355,0.0,0.00038344416,0
-71.87256,33.065685,0.00065686094,0.0,0.0003941166,0
-71.56333,34.537624,0.00069365534,0.0,0.00041619322,0
-71.24269,35.958687,0.0007984978,0.0,0.0004790987,0
-70.91156,37.331264,0.0011490379,0.0,0.0006894227,0
-70.57016,38.654396,0.0041820533,0.0,0.0025092321,0
-70.21954,39.931694,0.020761078,0.0,0.012456647,0
-69.85971,41.161568,0.0042386036,0.0,0.0025431623,0
-69.4918,42.34851,0.0023015814,0.0,0.0013809489,0
-69.1157,43.490677,0.0017522991,0.0,0.0010513795,0
-68.73247,44.592564,0.0027458824,0.0,0.0016475295,0
-68.34211,45.65312,0.013344934,0.0,0.008006961,0
-67.945404,46.675835,0.010370079,0.0,0.006222048,0
-67.542496,47.66062,0.26526245,0.011224818,0.16364741,0
-67.13398,48.61005,0.18062255,0.09493467,0.1463474,0
-66.72011,49.524837,0.93524927,0.383241,0.714446,2
-66.30126,50.406708,0.7241048,0.8201655,0.76252913,3
-65.8778,51.257023,0.9740666,0.9602958,0.9685583,3
-65.44997,52.076782,0.9823944,0.9987632,0.9889419,3
-65.018166,52.86787,0.95354086,0.68171346,0.8448099,3
-64.58254,53.630642,0.94156176,0.20637149,0.6474857,2
-64.14352,54.3674,0.86623806,0.0,0.51974285,2
-63.70115,55.077953,0.74115723,0.0,0.44469437,1
-63.25588,55.764915,0.7737554,0.0,0.46425325,1
-62.807724,56.42764,0.81722826,0.0,0.49033698,1
-62.35709,57.06881,0.8100403,0.0,0.4860242,1
-61.904007,57.687885,0.72229135,0.0,0.43337482,1
-61.44879,58.287075,0.34884632,0.0,0.2093078,0
-60.99153,58.86621,0.019295463,0.0,0.011577278,0
-60.532463,59.426914,0.00502415,0.0,0.0030144902,0
-60.071693,59.96943,0.0035798775,0.0,0.0021479267,0
-59.609413,60.494858,0.0023419387,0.0,0.0014051632,0
-59.145744,61.003754,0.0013024415,0.0,0.0007814649,0
-58.680824,61.496815,0.0008521865,0.0,0.0005113119,0
-58.214794,61.974842,0.00067603774,0.0,0.00040562268,0
-57.74776,62.43816,0.0006403426,0.0,0.00038420557,0
-57.27986,62.887802,0.00063640164,0.0,0.000381841,0
-56.81118,63.32376,0.0006374275,0.0,0.00038245652,0
-56.34185,63.74727,0.0006381879,0.0,0.00038291278,0
-55.87195,64.15805,0.00063836615,0.0,0.0003830197,0
-55.401596,64.557434,0.0006383738,0.0,0.00038302428,0
-54.93086,64.94502,0.00063845684,0.0,0.00038307413,0
-54.459843,65.32207,0.0006364526,0.0,0.00038187156,0
-53.988617,65.68833,0.00063851406,0.0,0.00038310845,0
-53.517273,66.04474,0.00061591144,0.0,0.00036954688,0
-53.045887,66.39127,0.00058596703,0.0,0.00035158024,0
-52.57452,66.72859,0.0006016315,0.0,0.00036097888,0
-52.10325,67.056854,0.00078726263,0.0,0.00047235758,0
-52.309402,-67.86559,0.0012575969,0.0,0.0007545582,0
-52.78404,-67.54639,0.0009086667,0.0,0.0005452,0
-53.258865,-67.21828,0.00062122586,0.0,0.00037273552,0
-53.733788,-66.88109,0.00063243276,0.0,0.00037945967,0
-54.20875,-66.534164,0.0006374557,0.0,0.00038247346,0
-54.68368,-66.17753,0.0006379955,0.0,0.0003827973,0
-55.158497,-65.81024,0.0006383699,0.0,0.00038302195,0
-55.633125,-65.43254,0.00063837104,0.0,0.00038302265,0
-56.107468,-65.04318,0.00063837104,0.0,0.00038302265,0
-56.58146,-64.64253,0.00063837104,0.0,0.00038302265,0
-57.05497,-64.229294,0.00063837104,0.0,0.00038302265,0
-57.52795,-63.8037,0.00063837104,0.0,0.00038302265,0
-58.000256,-63.36454,0.00063837104,0.0,0.00038302265,0
-58.47181,-62.911797,0.00063837104,0.0,0.00038302265,0
-58.942474,-62.44442,0.00063841423,0.0,0.00038304855,0
-59.412148,-61.962082,0.00063695596,0.0,0.0003821736,0
-59.8807,-61.46396,0.00063826796,0.0,0.0003829608,0
-60.347984,-60.94935,0.0006242659,0.0,0.00037455955,0
-60.813892,-60.41768,0.0006054504,0.0,0.00036327026,0
-61.278236,-59.867805,0.00066314,0.0,0.000397884,0
-61.74091,-59.299473,0.0015884966,0.03761466,0.015998961,0
-62.20168,-58.711033,0.034507412,0.08435531,0.054446574,0
-62.66047,-58.102615,0.46976897,0.95456,0.6636854,2
-63.116962,-57.47197,0.47495964,0.2529208,0.38614413,1
-63.57112,-56.819607,0.13695835,0.8969516,0.44095567,1
-64.02256,-56.14278,0.79429406,0.96289164,0.8617331,3
-64.471245,-55.442112,0.9774645,0.78559494,0.90071666,3
-64.91677,-54.714886,0.9876445,0.98256683,0.98561347,3
-65.359055,-53.96126,0.98704535,0.96607995,0.9786592,3
-65.79769,-53.178844,0.98108655,0.7457804,0.8869641,3
-66.23251,-52.367203,0.98746395,0.3765608,0.7431027,2
-66.66314,-51.524357,0.9854114,0.020536998,0.5994616,2
-67.089325,-50.64921,0.97935677,0.19574593,0.66591245,2
-67.51071,-49.7403,0.9862132,0.9844039,0.98548955,3
-67.92692,-48.79573,0.99103665,0.4630604,0.7798462,3
-68.33768,-47.814697,0.99102014,0.61780196,0.8417329,3
-68.7424,-46.79444,0.99121875,0.8256448,0.9249892,3
-69.14094,-45.73494,0.99125165,0.15127622,0.6552615,2
-69.5325,-44.632446,0.9912306,0.8091681,0.91840565,3
-69.917046,-43.487923,0.9910904,0.5965634,0.8332796,3
-70.29355,-42.29653,0.98931736,0.18346864,0.6669779,2
-70.662094,-41.060043,0.9743022,0.27867305,0.6960505,2
-71.0215,-39.77359,0.9702923,0.3202701,0.71028346,2
-71.37179,-38.438667,0.9659619,0.8696547,0.92743903,3
-71.71182,-37.05126,0.9753336,0.9781569,0.97646296,3
-72.04143,-35.612213,0.97988737,0.9771666,0.9787991,3
-72.35957,-34.11875,0.9785527,0.32031742,0.7152586,2
-72.66584,-32.571075,0.98848933,0.17008515,0.6611277,2
-72.95939,-30.967953,0.98051846,0.7242087,0.87799454,3
-73.2395,-29.309002,0.978875,0.8668008,0.9340453,3
-73.505585,-27.594772,0.97736585,0.8683498,0.93375945,3
-73.75659,-25.8245,0.92833596,0.96602726,0.94341254,3
-73.99225,-24.000677,0.27530658,0.88213104,0.51803637,2
-74.21114,-22.122416,0.30410725,0.19104987,0.2588843,1
-74.41342,-20.194225,0.017050575,0.0,0.010230346,0
-74.597275,-18.21544,0.0011849728,0.0,0.0007109837,0
-74.76329,-16.192333,0.0007011099,0.0,0.00042066595,0
-74.90944,-14.125233,0.0006093706,0.0,0.00036562237,0
-75.03649,-12.021239,0.0006225808,0.0,0.0003735485,0
-75.14273,-9.88289,0.0006380049,0.0,0.00038280297,0
-75.22871,-7.7170477,0.00063785596,0.0,0.0003827136,0
-75.29321,-5.5284066,0.0006383066,0.0,0.00038298397,0
-75.3366,-3.3236809,0.0006382241,0.0,0.0003829345,0
-75.35824,-1.1089996,0.00063836924,0.0,0.00038302157,0
-75.35824,1.1089996,0.0006383592,0.0,0.00038301555,0
-75.3366,3.3236809,0.0006383696,0.0,0.00038302178,0
-75.29321,5.5284066,0.00063837075,0.0,0.00038302247,0
-75.22871,7.7170477,0.00063837104,0.0,0.00038302265,0
-75.14273,9.88289,0.000638372,0.0,0.0003830232,0
-75.03649,12.021239,0.0006383729,0.0,0.00038302375,0
-74.90944,14.125233,0.00063837226,0.0,0.00038302338,0
-74.76329,16.192333,0.00063835067,0.0,0.00038301043,0
-74.597275,18.21544,0.0006383026,0.0,0.00038298158,0
-74.41342,20.194225,0.0006383242,0.0,0.00038299453,0
-74.21114,22.122416,0.0006386151,0.0,0.00038316907,0
-73.99225,24.000677,0.00063925417,0.0,0.0003835525,0
-73.75659,25.8245,0.00063984515,0.0,0.0003839071,0
-73.505585,27.594772,0.00063936785,0.0,0.00038362073,0
-73.2395,29.309002,0.0006391787,0.0,0.00038350723,0
-72.95939,30.967953,0.0006384651,0.0,0.00038307908,0
-72.66584,32.571075,0.0006393096,0.0,0.00038358578,0
-72.35957,34.11875,0.00065458805,0.0,0.00039275285,0
-72.04143,35.612213,0.0006966156,0.0,0.0004179694,0
-71.71182,37.05126,0.0009137814,0.0,0.00054826884,0
-71.37179,38.438667,0.0006243138,0.0,0.00037458827,0
-71.0215,39.77359,0.0010605626,0.0,0.00063633756,0
-70.662094,41.060043,0.0020619084,0.0,0.001237145,0
-70.29355,42.29653,0.0012820165,0.0,0.00076920993,0
-69.917046,43.487923,0.001227131,0.0,0.00073627866,0
-69.5325,44.632446,0.00081079564,0.0,0.0004864774,0
-69.14094,45.73494,0.0007309198,0.0,0.0004385519,0
-68.7424,46.79444,0.0010270528,0.0,0.0006162317,0
-68.33768,47.814697,0.0016811065,0.0,0.0010086639,0
-67.92692,48.79573,0.012012878,0.0,0.0072077275,0
-67.51071,49.7403,0.015905496,0.0,0.009543298,0
-67.089325,50.64921,0.7828641,0.0,0.4697185,1
-66.66314,51.524357,0.008161554,0.042167768,0.02176404,0
-66.23251,52.367203,0.007737914,0.24903598,0.104257144,0
-65.79769,53.178844,0.7488626,0.83779204,0.78443444,3
-65.359055,53.96126,0.9408558,0.996653,0.9631747,3
-64.91677,54.714886,0.96334267,0.61432296,0.8237348,3
-64.471245,55.442112,0.95452714,0.012177459,0.5775873,2
-64.02256,56.14278,0.9352651,0.0,0.5611591,2
-63.57112,56.819607,0.9091349,0.0,0.54548097,2
-63.116962,57.47197,0.8000788,0.0,0.48004732,1
-62.66047,58.102615,0.7820814,0.0,0.46924886,1
-62.20168,58.711033,0.78845125,0.0,0.47307077,1
-61.74091,59.299473,0.50777715,0.0,0.3046663,1
-61.278236,59.867805,0.10428063,0.0,0.06256838,0
-60.813892,60.41768,0.007993283,0.0,0.00479597,0
-60.347984,60.94935,0.0035187323,0.0,0.0021112394,0
-59.8807,61.46396,0.0023338487,0.0,0.0014003093,0
-59.412148,61.962082,0.0013910724,0.0,0.0008346435,0
-58.942474,62.44442,0.0008968885,0.0,0.00053813314,0
-58.47181,62.911797,0.00070233,0.0,0.00042139803,0
-58.000256,63.36454,0.0006409807,0.0,0.00038458846,0
-57.52795,63.8037,0.0006361882,0.0,0.00038171295,0
-57.05497,64.229294,0.00063685095,0.0,0.0003821106,0
-56.58146,64.64253,0.0006380271,0.0,0.00038281627,0
-56.107468,65.04318,0.00063836586,0.0,0.00038301953,0
-55.633125,65.43254,0.00063837104,0.0,0.00038302265,0
-55.158497,65.81024,0.00063845806,0.0,0.00038307486,0
-54.68368,66.17753,0.00063645316,0.0,0.0003818719,0
-54.20875,66.534164,0.00063851406,0.0,0.00038310845,0
-53.733788,66.88109,0.00061591144,0.0,0.00036954688,0
-53.258865,67.21828,0.00058596703,0.0,0.00035158024,0
-52.78404,67.54639,0.0006016315,0.0,0.00036097888,0
-52.309402,67.86559,0.00078726263,0.0,0.00047235758,0
-52.508736,-68.68368,0.0012575969,0.0,0.0007545582,0
-52.98667,-68.37391,0.0009086667,0.0,0.0005452,0
-53.464867,-68.05539,0.00062122586,0.0,0.00037273552,0
-53.943245,-67.72795,0.00063243276,0.0,0.00037945967,0
-54.421753,-67.390945,0.0006374557,0.0,0.00038247346,0
-54.900307,-67.044365,0.0006379955,0.0,0.0003827973,0
-55.378845,-66.68731,0.0006383699,0.0,0.00038302195,0
-55.85728,-66.31999,0.00063837104,0.0,0.00038302265,0
-56.335533,-65.94116,0.00063837104,0.0,0.00038302265,0
-56.81353,-65.55121,0.00063837104,0.0,0.00038302265,0
-57.29116,-65.148796,0.00063837104,0.0,0.00038302265,0
-57.76836,-64.734184,0.00063837104,0.0,0.00038302265,0
-58.244995,-64.30613,0.00063837104,0.0,0.00038302265,0
-58.720993,-63.864616,0.00063837104,0.0,0.00038302265,0
-59.19622,-63.408596,0.00063840667,0.0,0.000383044,0
-59.67058,-62.93772,0.0006373145,0.0,0.00038238874,0
-60.143944,-62.451157,0.0006387073,0.0,0.0003832244,0
-60.616173,-61.948174,0.00062852725,0.0,0.00037711638,0
-61.08715,-61.4282,0.0006247846,0.0,0.00037487078,0
-61.55671,-60.89006,0.0006926054,0.0,0.00041556326,0
-62.024742,-60.333485,0.0015987875,0.0,0.00095927255,0
-62.49102,-59.75679,0.020969067,0.14495952,0.07056525,0
-62.95546,-59.160076,0.42271736,0.88484204,0.60756725,2
-63.41777,-58.541054,0.24906562,0.14719188,0.20831613,0
-63.877907,-57.900215,0.67611045,0.11836768,0.45301336,1
-64.33548,-57.234737,0.35672748,0.3144538,0.339818,1
-64.790474,-56.545208,0.97033983,0.95221794,0.96309114,3
-65.242485,-55.828846,0.99049884,0.99840313,0.99366057,3
-65.69142,-55.085754,0.9908833,0.7967403,0.9132261,3
-66.136894,-54.313457,0.98794764,0.99773014,0.9918606,3
-66.578735,-53.511444,0.9834947,0.8660997,0.9365367,3
-67.01657,-52.677635,0.988176,0.48310623,0.78614813,3
-67.45014,-51.81083,0.9777349,0.12493848,0.63661635,2
-67.87911,-50.909447,0.9859616,0.457015,0.774383,3
-68.303085,-49.97147,0.9871976,0.98993784,0.98829377,3
-68.72178,-48.995964,0.9910074,0.51375604,0.8001069,3
-69.13464,-47.979965,0.9911724,0.6751718,0.8647722,3
-69.54149,-46.923336,0.99115074,0.99064994,0.99095047,3
-69.94153,-45.822063,0.9909802,0.98483086,0.9885205,3
-70.33472,-44.67701,0.9902389,0.9948571,0.99208623,3
-70.72003,-43.482964,0.9785342,0.8879323,0.94229347,3
-71.097496,-42.24163,0.96472836,0.98837715,0.9741879,3
-71.46597,-40.947697,0.9739483,0.9845231,0.97817826,3
-71.8254,-39.602554,0.96432775,0.8690194,0.92620444,3
-72.17468,-38.20175,0.9639755,0.96740234,0.9653462,3
-72.51356,-36.745964,0.97588784,0.9651125,0.97157776,3
-72.84101,-35.232014,0.9822442,0.98296404,0.98253214,3
-73.156555,-33.659866,0.98266166,0.9971889,0.9884726,3
-73.45932,-32.027946,0.97625536,0.9728,0.9748733,3
-73.748535,-30.335602,0.9797706,0.99615186,0.9863231,3
-74.023544,-28.583158,0.96140814,0.9937658,0.9743513,3
-74.28325,-26.76953,0.680271,0.99134296,0.8046998,3
-74.527336,-24.897196,0.015253484,0.51559985,0.21539202,0
-74.75429,-22.96493,0.014777907,0.04609965,0.027306605,0
-74.96422,-20.977474,0.0024492762,0.0,0.0014695658,0
-75.15523,-18.933878,0.0012018054,0.0,0.00072108326,0
-75.327835,-16.84092,0.0006751846,0.0,0.00040511077,0
-75.47992,-14.6988,0.00064579817,0.0,0.0003874789,0
-75.61224,-12.515319,0.00063591055,0.0,0.00038154636,0
-75.72293,-10.293216,0.00063845445,0.0,0.00038307268,0
-75.812584,-8.040134,0.0006376435,0.0,0.00038258612,0
-75.87987,-5.7613115,0.0006382217,0.0,0.00038293304,0
-75.92514,-3.4642997,0.0006383315,0.0,0.00038299893,0
-75.947716,-1.156019,0.0006383683,0.0,0.000383021,0
-75.947716,1.156019,0.0006383689,0.0,0.00038302134,0
-75.92514,3.4642997,0.00063837104,0.0,0.00038302265,0
-75.87987,5.7613115,0.00063837104,0.0,0.00038302265,0
-75.812584,8.040134,0.00063837104,0.0,0.00038302265,0
-75.72293,10.293216,0.00063837104,0.0,0.00038302265,0
-75.61224,12.515319,0.00063837104,0.0,0.00038302265,0
-75.47992,14.6988,0.00063837226,0.0,0.00038302338,0
-75.327835,16.84092,0.00063837133,0.0,0.00038302282,0
-75.15523,18.933878,0.00063836225,0.0,0.00038301738,0
-74.96422,20.977474,0.0006383333,0.0,0.000383,0
-74.75429,22.96493,0.00063831295,0.0,0.00038298778,0
-74.527336,24.897196,0.0006383373,0.0,0.0003830024,0
-74.28325,26.76953,0.00063843344,0.0,0.00038306008,0
-74.023544,28.583158,0.0006386522,0.0,0.00038319133,0
-73.748535,30.335602,0.00063883513,0.0,0.00038330109,0
-73.45932,32.027946,0.0006391954,0.0,0.00038351724,0
-73.156555,33.659866,0.0006413559,0.0,0.00038481355,0
-72.84101,35.232014,0.00064675283,0.0,0.0003880517,0
-72.51356,36.745964,0.00070948544,0.0,0.00042569128,0
-72.17468,38.20175,0.0006966753,0.0,0.00041800522,0
-71.8254,39.602554,0.0008437917,0.0,0.00050627504,0
-71.46597,40.947697,0.0006950976,0.0,0.0004170586,0
-71.097496,42.24163,0.0009324108,0.0,0.0005594465,0
-70.72003,43.482964,0.0007318614,0.0,0.00043911685,0
-70.33472,44.67701,0.0007574936,0.0,0.00045449618,0
-69.94153,45.822063,0.0007166837,0.0,0.00043001023,0
-69.54149,46.923336,0.0007278426,0.0,0.0004367056,0
-69.13464,47.979965,0.00068040064,0.0,0.0004082404,0
-68.72178,48.995964,0.0010972432,0.0,0.00065834593,0
-68.303085,49.97147,0.0016375342,0.0,0.0009825206,0
-67.87911,50.909447,0.0055758017,0.0,0.0033454811,0
-67.45014,51.81083,0.018349601,0.0,0.011009761,0
-67.01657,52.677635,0.004184294,0.0,0.0025105765,0
-66.578735,53.511444,0.006390837,0.0,0.0038345023,0
-66.136894,54.313457,0.022085022,0.3078387,0.1363865,0
-65.69142,55.085754,0.85922503,0.9672081,0.90241826,3
-65.242485,55.828846,0.9629782,0.67317665,0.8470576,3
-64.790474,56.545208,0.9790454,0.06956219,0.61525214,2
-64.33548,57.234737,0.9835609,0.0,0.5901366,2
-63.877907,57.900215,0.950657,0.0,0.5703942,2
-63.41777,58.541054,0.78908885,0.0,0.4734533,1
-62.95546,59.160076,0.70251316,0.0,0.42150792,1
-62.49102,59.75679,0.6844644,0.0,0.41067865,1
-62.024742,60.333485,0.46817657,0.0,0.28090596,1
-61.55671,60.89006,0.20043004,0.0,0.120258026,0
-61.08715,61.4282,0.058856532,0.0,0.03531392,0
-60.616173,61.948174,0.0090494,0.0,0.00542964,0
-60.143944,62.451157,0.0034761718,0.0,0.0020857032,0
-59.67058,62.93772,0.0017785905,0.0,0.0010671543,0
-59.19622,63.408596,0.0009920644,0.0,0.00059523864,0
-58.720993,63.864616,0.0007492689,0.0,0.00044956137,0
-58.244995,64.30613,0.0006510988,0.0,0.0003906593,0
-57.76836,64.734184,0.00063688704,0.0,0.00038213225,0
-57.29116,65.148796,0.00063599966,0.0,0.00038159982,0
-56.81353,65.55121,0.00063742476,0.0,0.00038245486,0
-56.335533,65.94116,0.00063813134,0.0,0.00038287882,0
-55.85728,66.31999,0.00063833914,0.0,0.0003830035,0
-55.378845,66.68731,0.0006384532,0.0,0.00038307192,0
-54.900307,67.044365,0.0006364544,0.0,0.00038187264,0
-54.421753,67.390945,0.00063851406,0.0,0.00038310845,0
-53.943245,67.72795,0.00061591144,0.0,0.00036954688,0
-53.464867,68.05539,0.00058596703,0.0,0.00035158024,0
-52.98667,68.37391,0.0006016315,0.0,0.00036097888,0
-52.508736,68.68368,0.00078726263,0.0,0.00047235758,0
-52.70118,-69.510864,0.0012575969,0.0,0.0007545582,0
-53.182323,-69.21089,0.0009086667,0.0,0.0005452,0
-53.663807,-68.90234,0.00062122586,0.0,0.00037273552,0
-54.145557,-68.58506,0.00063243276,0.0,0.00037945967,0
-54.62752,-68.258385,0.0006374557,0.0,0.00038247346,0
-55.10962,-67.92232,0.0006379955,0.0,0.0003827973,0
-55.591785,-67.57596,0.0006383699,0.0,0.00038302195,0
-56.07395,-67.2195,0.00063837104,0.0,0.00038302265,0
-56.55603,-66.85173,0.00063837104,0.0,0.00038302265,0
-57.037952,-66.473,0.00063837104,0.0,0.00038302265,0
-57.51961,-66.08201,0.00063837104,0.0,0.00038302265,0
-58.000942,-65.678955,0.00063837104,0.0,0.00038302265,0
-58.481827,-65.26265,0.00063837104,0.0,0.00038302265,0
-58.96219,-64.833046,0.00063837104,0.0,0.00038302265,0
-59.4419,-64.38908,0.0006383984,0.0,0.00038303906,0
-59.920864,-63.930412,0.00063770736,0.0,0.00038262442,0
-60.39896,-63.456184,0.00063869817,0.0,0.00038321892,0
-60.876053,-62.965664,0.0006332766,0.0,0.00037996596,0
-61.35204,-62.458252,0.00064237684,0.0,0.00038542613,0
-61.826744,-61.93277,0.0007101575,0.0,0.0004260945,0
-62.30007,-61.38891,0.0011885348,0.0,0.0007131209,0
-62.771786,-60.824986,0.01493846,0.0,0.008963076,0
-63.24183,-60.241055,0.28055498,0.035102274,0.18237391,0
-63.7099,-59.634792,0.47418067,0.0,0.2845084,1
-64.175964,-59.00666,0.018715566,0.0,0.01122934,0
-64.63964,-58.35379,0.8957297,0.17381646,0.60696447,2
-65.1009,-57.67672,0.9785302,0.9970664,0.98594475,3
-65.55937,-56.97261,0.98823804,0.94194084,0.9697192,3
-66.014946,-56.24151,0.99119395,0.74235976,0.8916603,3
-66.467255,-55.480846,0.98837376,0.9914397,0.9896002,3
-66.91612,-54.690052,0.96084696,0.82301736,0.90571517,3
-67.361176,-53.86694,0.9666776,0.85559493,0.92224455,3
-67.80217,-53.010212,0.9839347,0.9487886,0.9698763,3
-68.23877,-52.11816,0.98828274,0.759717,0.8968564,3
-68.67056,-51.188625,0.97731405,0.41395122,0.751969,3
-69.09728,-50.220554,0.99052435,0.9392217,0.9700033,3
-69.51838,-49.210777,0.99114215,0.72078806,0.88300055,3
-69.93365,-48.159035,0.9901596,0.995651,0.9923562,3
-70.34233,-47.06102,0.9856872,0.99968,0.9912844,3
-70.74434,-45.91748,0.98577183,0.9889899,0.9870591,3
-71.13863,-44.72283,0.97938514,0.9976127,0.9866762,3
-71.525246,-43.478657,0.9678799,0.9994706,0.9805162,3
-71.90304,-42.1792,0.97258186,0.82064843,0.9118085,3
-72.27191,-40.825706,0.9728971,0.85499734,0.9257372,3
-72.63074,-39.413246,0.9799871,0.9635808,0.97342455,3
-72.97924,-37.94228,0.9806104,0.814879,0.91431785,3
-73.31637,-36.40918,0.9860174,0.97922474,0.9833004,3
-73.64158,-34.81362,0.9754396,0.9736738,0.97473335,3
-73.953995,-33.153633,0.966018,0.9902562,0.9757133,3
-74.252754,-31.428205,0.9613364,0.9821986,0.96968126,3
-74.53718,-29.637402,0.95276034,0.9789672,0.9632431,3
-74.80609,-27.779726,0.7964704,0.9950061,0.8758847,3
-75.0591,-25.857594,0.5899429,0.868475,0.70135576,2
-75.29464,-23.86936,0.012562582,0.22067124,0.09580605,0
-75.51274,-21.819986,0.0013696287,0.0,0.00082177727,0
-75.71139,-19.708149,0.0007823157,0.0,0.00046938943,0
-75.89108,-17.54117,0.00062032125,0.0,0.00037219276,0
-76.049545,-15.319059,0.0006523376,0.0,0.0003914026,0
-76.18754,-13.050405,0.00063949305,0.0,0.00038369585,0
-76.30306,-10.738153,0.00063814747,0.0,0.0003828885,0
-76.39668,-8.390839,0.000638257,0.0,0.00038295423,0
-76.46698,-6.014324,0.0006382944,0.0,0.00038297664,0
-76.5143,-3.6171415,0.00063836586,0.0,0.00038301953,0
-76.5379,-1.2071394,0.00063837256,0.0,0.00038302355,0
-76.5379,1.2071394,0.00063837046,0.0,0.0003830223,0
-76.5143,3.6171415,0.00063837104,0.0,0.00038302265,0
-76.46698,6.014324,0.00063837104,0.0,0.00038302265,0
-76.39668,8.390839,0.00063837104,0.0,0.00038302265,0
-76.30306,10.738153,0.00063837104,0.0,0.00038302265,0
-76.18754,13.050405,0.00063837104,0.0,0.00038302265,0
-76.049545,15.319059,0.00063837104,0.0,0.00038302265,0
-75.89108,17.54117,0.0006383716,0.0,0.000383023,0
-75.71139,19.708149,0.0006383729,0.0,0.00038302375,0
-75.51274,21.819986,0.00063837535,0.0,0.00038302524,0
-75.29464,23.86936,0.0006383762,0.0,0.00038302576,0
-75.0591,25.857594,0.00063837535,0.0,0.00038302524,0
-74.80609,27.779726,0.0006383634,0.0,0.00038301808,0
-74.53718,29.637402,0.0006383437,0.0,0.00038300623,0
-74.252754,31.428205,0.0006382871,0.0,0.00038297227,0
-73.953995,33.153633,0.0006380937,0.0,0.00038285623,0
-73.64158,34.81362,0.0006383419,0.0,0.00038300516,0
-73.31637,36.40918,0.0006415741,0.0,0.00038494446,0
-72.97924,37.94228,0.0006547892,0.0,0.00039287354,0
-72.63074,39.413246,0.0006804772,0.0,0.00040828632,0
-72.27191,40.825706,0.000694736,0.0,0.00041684162,0
-71.90304,42.1792,0.0007270364,0.0,0.00043622186,0
-71.525246,43.478657,0.0007263913,0.0,0.0004358348,0
-71.13863,44.72283,0.00067072595,0.0,0.00040243557,0
-70.74434,45.91748,0.00063671893,0.0,0.00038203137,0
-70.34233,47.06102,0.00067099545,0.0,0.00040259727,0
-69.93365,48.159035,0.00070394424,0.0,0.00042236657,0
-69.51838,49.210777,0.00083021,0.0,0.000498126,0
-69.09728,50.220554,0.00081867905,0.0,0.00049120747,0
-68.67056,51.188625,0.0006831966,0.0,0.00040991796,0
-68.23877,52.11816,0.0008939595,0.0,0.00053637574,0
-67.80217,53.010212,0.0020211202,0.0,0.0012126721,0
-67.361176,53.86694,0.0019097788,0.0,0.0011458673,0
-66.91612,54.690052,0.004629727,0.0,0.0027778363,0
-66.467255,55.480846,0.013437177,0.0286603,0.019526426,0
-66.014946,56.24151,0.9127059,0.65517384,0.8096931,3
-65.55937,56.97261,0.97415835,0.9456207,0.9627433,3
-65.1009,57.67672,0.9879495,0.41758803,0.75980496,3
-64.63964,58.35379,0.98779976,0.0,0.59267986,2
-64.175964,59.00666,0.9756776,0.0,0.5854066,2
-63.7099,59.634792,0.83817333,0.0,0.502904,2
-63.24183,60.241055,0.66159564,0.0,0.3969574,1
-62.771786,60.824986,0.5687869,0.0,0.34127218,1
-62.30007,61.38891,0.47338504,0.0,0.28403103,1
-61.826744,61.93277,0.33726615,0.0,0.20235969,0
-61.35204,62.458252,0.21211812,0.0,0.12727088,0
-60.876053,62.965664,0.09110101,0.0,0.05466061,0
-60.39896,63.456184,0.00475109,0.0,0.002850654,0
-59.920864,63.930412,0.0021448263,0.0,0.0012868958,0
-59.4419,64.38908,0.0010947551,0.0,0.0006568531,0
-58.96219,64.833046,0.000788053,0.0,0.0004728318,0
-58.481827,65.26265,0.00066637865,0.0,0.0003998272,0
-58.000942,65.678955,0.000635676,0.0,0.00038140564,0
-57.51961,66.08201,0.0006341708,0.0,0.0003805025,0
-57.037952,66.473,0.00063603115,0.0,0.0003816187,0
-56.55603,66.85173,0.0006377535,0.0,0.00038265213,0
-56.07395,67.2195,0.00063826155,0.0,0.00038295696,0
-55.591785,67.57596,0.0006384404,0.0,0.00038306427,0
-55.10962,67.92232,0.000636455,0.0,0.00038187302,0
-54.62752,68.258385,0.00063851406,0.0,0.00038310845,0
-54.145557,68.58506,0.00061591144,0.0,0.00036954688,0
-53.663807,68.90234,0.00058596703,0.0,0.00035158024,0
-53.182323,69.21089,0.0006016315,0.0,0.00036097888,0
-52.70118,69.510864,0.00078726263,0.0,0.00047235758,0
-52.88631,-70.3473,0.0012575969,0.0,0.0007545582,0
-53.370575,-70.057495,0.0009086667,0.0,0.0005452,0
-53.855255,-69.75931,0.00062122586,0.0,0.00037273552,0
-54.340286,-69.45259,0.00063243276,0.0,0.00037945967,0
-54.825607,-69.13668,0.0006374557,0.0,0.00038247346,0
-55.311153,-68.811584,0.0006379955,0.0,0.0003827973,0
-55.796864,-68.4764,0.0006383699,0.0,0.00038302195,0
-56.282658,-68.13133,0.00063837104,0.0,0.00038302265,0
-56.768463,-67.77515,0.00063837104,0.0,0.00038302265,0
-57.25421,-67.40821,0.00063837104,0.0,0.00038302265,0
-57.739815,-67.02922,0.00063837104,0.0,0.00038302265,0
-58.22518,-66.63838,0.00063837104,0.0,0.00038302265,0
-58.71022,-66.23448,0.00063837104,0.0,0.00038302265,0
-59.194847,-65.81748,0.00063837104,0.0,0.00038302265,0
-59.678947,-65.38632,0.000638389,0.0,0.00038303345,0
-60.162426,-64.94064,0.0006380271,0.0,0.00038281627,0
-60.645164,-64.47958,0.0006384316,0.0,0.00038305897,0
-61.127037,-64.002396,0.0006367972,0.0,0.00038207835,0
-61.60794,-63.508472,0.0006546146,0.0,0.00039276876,0
-62.087708,-62.996628,0.0006930415,0.0,0.0004158249,0
-62.566235,-62.466526,0.0009120656,0.0,0.0005472394,0
-63.043324,-61.91645,0.0021541365,0.0,0.001292482,0
-63.518883,-61.34645,0.007529211,0.0,0.004517527,0
-63.992653,-60.754173,0.011452417,0.0,0.00687145,0
-64.46458,-60.140034,0.00872058,0.0,0.005232348,0
-64.9343,-59.50113,0.91788673,0.12497537,0.6007222,2
-65.401794,-58.83795,0.98646045,0.8351077,0.92591935,3
-65.86667,-58.147606,0.98700815,0.99504125,0.99022144,3
-66.32886,-57.430084,0.9886558,0.9332654,0.9664997,3
-66.787964,-56.68273,0.9887877,0.6278937,0.8444301,3
-67.24384,-55.904915,0.9749649,0.9982139,0.98426455,3
-67.69613,-55.094337,0.98374474,0.9747298,0.9801388,3
-68.144554,-54.24961,0.9823883,0.9733843,0.9787867,3
-68.588806,-53.368904,0.9808826,0.9387846,0.96404344,3
-69.02847,-52.44993,0.99013245,0.95164514,0.9747375,3
-69.463295,-51.491467,0.991335,0.99510384,0.99284256,3
-69.89271,-50.490166,0.9911391,0.9810881,0.9871187,3
-70.31651,-49.445618,0.98973536,0.7179763,0.88103175,3
-70.73395,-48.353233,0.9759971,0.5370969,0.8004371,3
-71.14493,-47.213623,0.9823883,0.3854127,0.7435981,2
-71.548416,-46.020786,0.98061967,0.7180386,0.8755872,3
-71.94441,-44.77619,0.9723173,0.7741738,0.89305997,3
-72.33176,-43.473595,0.9712568,0.9967311,0.9814465,3
-72.71036,-42.11406,0.9693579,0.8931618,0.9388795,3
-73.07905,-40.69214,0.9822342,0.8870869,0.94417524,3
-73.43753,-39.20804,0.970609,0.9939913,0.979962,3
-73.78472,-37.657585,0.9798054,0.9676984,0.97496265,3
-74.120056,-36.040134,0.97636455,0.8493753,0.92556894,3
-74.442566,-34.353226,0.9674178,0.9803176,0.97257775,3
-74.75139,-32.59543,0.9555694,0.8237061,0.9028241,3
-75.045746,-30.766449,0.9630003,0.9986997,0.97728014,3
-75.32442,-28.864288,0.9131769,0.97959006,0.9397422,3
-75.58693,-26.891232,0.32025406,0.8283935,0.52350986,2
-75.83163,-24.845104,0.015760304,0.1878976,0.084615216,0
-76.05847,-22.731052,0.001088007,0.0,0.0006528042,0
-76.265335,-20.54728,0.00085084455,0.0,0.00051050674,0
-76.452675,-18.30167,0.00059652835,0.0,0.00035791702,0
-76.61806,-15.993969,0.00063715206,0.0,0.00038229124,0
-76.76219,-13.633642,0.00064093486,0.0,0.00038456093,0
-76.882965,-11.223845,0.00063832116,0.0,0.0003829927,0
-76.98091,-8.774136,0.0006383333,0.0,0.000383,0
-77.0545,-6.291109,0.0006383437,0.0,0.00038300623,0
-77.10405,-3.784451,0.0006383696,0.0,0.00038302178,0
-77.12877,-1.2631168,0.0006383716,0.0,0.000383023,0
-77.12877,1.2631168,0.00063837075,0.0,0.00038302247,0
-77.10405,3.784451,0.00063837104,0.0,0.00038302265,0
-77.0545,6.291109,0.00063837104,0.0,0.00038302265,0
-76.98091,8.774136,0.00063837104,0.0,0.00038302265,0
-76.882965,11.223845,0.00063837104,0.0,0.00038302265,0
-76.76219,13.633642,0.00063837104,0.0,0.00038302265,0
-76.61806,15.993969,0.00063837104,0.0,0.00038302265,0
-76.452675,18.30167,0.00063837104,0.0,0.00038302265,0
-76.265335,20.54728,0.00063837104,0.0,0.00038302265,0
-76.05847,22.731052,0.00063837104,0.0,0.00038302265,0
-75.83163,24.845104,0.00063837104,0.0,0.00038302265,0
-75.58693,26.891232,0.00063837104,0.0,0.00038302265,0
-75.32442,28.864288,0.00063837104,0.0,0.00038302265,0
-75.045746,30.766449,0.000638372,0.0,0.0003830232,0
-74.75139,32.59543,0.0006383689,0.0,0.00038302134,0
-74.442566,34.353226,0.00063830777,0.0,0.00038298467,0
-74.120056,36.040134,0.0006382296,0.0,0.00038293778,0
-73.78472,37.657585,0.00063843373,0.0,0.00038306025,0
-73.43753,39.20804,0.0006406036,0.0,0.00038436218,0
-73.07905,40.69214,0.0006432879,0.0,0.00038597276,0
-72.71036,42.11406,0.00064360735,0.0,0.00038616444,0
-72.33176,43.473595,0.0006456372,0.0,0.00038738234,0
-71.94441,44.77619,0.00064510456,0.0,0.00038706276,0
-71.548416,46.020786,0.0006442828,0.0,0.00038656968,0
-71.14493,47.213623,0.00063881837,0.0,0.00038329104,0
-70.73395,48.353233,0.0006435835,0.0,0.00038615012,0
-70.31651,49.445618,0.0006528601,0.0,0.00039171608,0
-69.89271,50.490166,0.0006989457,0.0,0.00041936745,0
-69.463295,51.491467,0.0006912272,0.0,0.00041473634,0
-69.02847,52.44993,0.00076301524,0.0,0.00045780916,0
-68.588806,53.368904,0.00062553835,0.0,0.00037532303,0
-68.144554,54.24961,0.00070791616,0.0,0.0004247497,0
-67.69613,55.094337,0.0014876066,0.0,0.00089256396,0
-67.24384,55.904915,0.0056189494,0.0,0.0033713698,0
-66.787964,56.68273,0.2534233,0.08417406,0.1857236,0
-66.32886,57.430084,0.943231,0.9618404,0.9506748,3
-65.86667,58.147606,0.98053956,0.9599759,0.9723141,3
-65.401794,58.83795,0.9861848,0.5402741,0.8078205,3
-64.9343,59.50113,0.9890738,0.0,0.5934443,2
-64.46458,60.140034,0.98550004,0.0,0.5913001,2
-63.992653,60.754173,0.9046836,0.0,0.5428102,2
-63.518883,61.34645,0.6689422,0.0,0.40136534,1
-63.043324,61.91645,0.6071414,0.0,0.36428484,1
-62.566235,62.466526,0.49534354,0.0,0.29720613,1
-62.087708,62.996628,0.27306744,0.0,0.16384047,0
-61.60794,63.508472,0.10905709,0.0,0.065434255,0
-61.127037,64.002396,0.012893159,0.0,0.0077358955,0
-60.645164,64.47958,0.0041825376,0.0,0.0025095227,0
-60.162426,64.94064,0.0021710508,0.0,0.0013026305,0
-59.678947,65.38632,0.0012828765,0.0,0.00076972594,0
-59.194847,65.81748,0.00088050053,0.0,0.00052830036,0
-58.71022,66.23448,0.0006993395,0.0,0.00041960372,0
-58.22518,66.63838,0.0006467677,0.0,0.0003880606,0
-57.739815,67.02922,0.0006334091,0.0,0.00038004547,0
-57.25421,67.40821,0.0006350266,0.0,0.00038101597,0
-56.768463,67.77515,0.00063718366,0.0,0.00038231022,0
-56.282658,68.13133,0.0006381247,0.0,0.00038287483,0
-55.796864,68.4764,0.0006384407,0.0,0.00038306444,0
-55.311153,68.811584,0.000636455,0.0,0.00038187302,0
-54.825607,69.13668,0.00063851406,0.0,0.00038310845,0
-54.340286,69.45259,0.00061591144,0.0,0.00036954688,0
-53.855255,69.75931,0.00058596703,0.0,0.00035158024,0
-53.370575,70.057495,0.0006016315,0.0,0.00036097888,0
-52.88631,70.3473,0.00078726263,0.0,0.00047235758,0
-53.064346,-71.19232,0.0012575969,0.0,0.0007545582,0
-53.551636,-70.91304,0.0009086667,0.0,0.0005452,0
-54.03942,-70.6256,0.00062122586,0.0,0.00037273552,0
-54.527634,-70.329834,0.00063243276,0.0,0.00037945967,0
-55.01622,-70.025116,0.0006374557,0.0,0.00038247346,0
-55.50512,-69.71141,0.0006379955,0.0,0.0003827973,0
-55.99427,-69.38788,0.0006383699,0.0,0.00038302195,0
-56.4836,-69.05466,0.00063837104,0.0,0.00038302265,0
-56.973045,-68.710594,0.00063837104,0.0,0.00038302265,0
-57.46252,-68.35598,0.00063837104,0.0,0.00038302265,0
-57.95195,-67.98956,0.00063837104,0.0,0.00038302265,0
-58.44126,-67.61153,0.00063837104,0.0,0.00038302265,0
-58.93035,-67.22068,0.00063837104,0.0,0.00038302265,0
-59.419147,-66.816956,0.00063837104,0.0,0.00038302265,0
-59.90754,-66.399315,0.0006383811,0.0,0.00038302867,0
-60.39543,-65.96738,0.0006382217,0.0,0.00038293304,0
-60.882717,-65.52029,0.000638201,0.0,0.00038292064,0
-61.369274,-65.05728,0.0006391787,0.0,0.00038350723,0
-61.854992,-64.57775,0.00064967526,0.0,0.00038980518,0
-62.33973,-64.08048,0.0006806789,0.0,0.00040840733,0
-62.82338,-63.565147,0.0008260112,0.0,0.00049560674,0
-63.305748,-63.03,0.0010106137,0.0,0.0006063683,0
-63.786747,-62.47506,0.005078748,0.0,0.0030472488,0
-64.26613,-61.89796,0.007851716,0.0,0.00471103,0
-64.743835,-61.299084,0.005406928,0.09466562,0.041110404,0
-65.21953,-60.675488,0.009510772,0.9532023,0.3869874,1
-65.69318,-60.027626,0.9222066,0.9447894,0.9312397,3
-66.16442,-59.35255,0.9854612,0.9472102,0.9701608,3
-66.63316,-58.650196,0.97465456,0.89506483,0.94281864,3
-67.099045,-57.91784,0.98398525,0.9961032,0.9888325,3
-67.561905,-57.15477,0.9823199,0.3814759,0.74198234,2
-68.021385,-56.358604,0.9863847,0.9573282,0.97476214,3
-68.47724,-55.527843,0.9822197,0.8925169,0.94633865,3
-68.92915,-54.66055,0.9847941,0.55298615,0.8120709,3
-69.376724,-53.754284,0.991146,0.9555271,0.9768985,3
-69.81968,-52.80769,0.9913543,0.92047256,0.9630016,3
-70.257484,-51.817215,0.9913864,0.80084,0.9151679,3
-70.68992,-50.782303,0.9899345,0.77481925,0.9038884,3
-71.11623,-49.69806,0.97521305,0.9364309,0.9597002,3
-71.53631,-48.56495,0.97889817,0.7463383,0.8858743,3
-71.94915,-47.376556,0.9776618,0.90207696,0.94742787,3
-72.354706,-46.134193,0.9810404,0.940342,0.96476114,3
-72.751854,-44.831093,0.97770476,0.9835516,0.98004353,3
-73.14044,-43.46812,0.9709517,0.6734796,0.8519629,3
-73.5193,-42.03924,0.9574962,0.9922666,0.97140443,3
-73.88811,-40.54438,0.9613106,0.85000557,0.91678864,3
-74.24574,-38.978756,0.9786486,0.9966238,0.9858388,3
-74.591606,-37.341324,0.97875035,0.9626567,0.9723129,3
-74.92468,-35.629055,0.97499394,0.6774395,0.8559722,3
-75.24405,-33.840008,0.97196907,0.3059836,0.70557487,2
-75.548874,-31.973433,0.96541727,0.7256425,0.86950743,3
-75.83786,-30.026728,0.9154431,0.6160101,0.79567,3
-76.11046,-28.001953,0.6946617,0.9974597,0.8157809,3
-76.36492,-25.896275,0.015169547,0.29319108,0.12637816,0
-76.60112,-23.714981,0.0014851728,0.0,0.0008911037,0
-76.81681,-21.455658,0.00069839606,0.0,0.00041903765,0
-77.01236,-19.126774,0.000646094,0.0,0.00038765642,0
-77.18522,-16.72771,0.0006358124,0.0,0.00038148745,0
-77.33602,-14.2689,0.00063994084,0.0,0.00038396454,0
-77.46252,-11.753696,0.0006381965,0.0,0.0003829179,0
-77.56516,-9.192844,0.00063835643,0.0,0.0003830139,0
-77.642334,-6.59377,0.0006383595,0.0,0.00038301572,0
-77.69433,-3.9675303,0.00063837104,0.0,0.00038302265,0
-77.72028,-1.3243918,0.00063837104,0.0,0.00038302265,0
-77.72028,1.3243918,0.00063837104,0.0,0.00038302265,0
-77.69433,3.9675303,0.00063837104,0.0,0.00038302265,0
-77.642334,6.59377,0.00063837104,0.0,0.00038302265,0
-77.56516,9.192844,0.00063837104,0.0,0.00038302265,0
-77.46252,11.753696,0.00063837104,0.0,0.00038302265,0
-77.33602,14.2689,0.00063837104,0.0,0.00038302265,0
-77.18522,16.72771,0.00063837104,0.0,0.00038302265,0
-77.01236,19.126774,0.00063837104,0.0,0.00038302265,0
-76.81681,21.455658,0.00063837104,0.0,0.00038302265,0
-76.60112,23.714981,0.00063837104,0.0,0.00038302265,0
-76.36492,25.896275,0.00063837104,0.0,0.00038302265,0
-76.11046,28.001953,0.00063837104,0.0,0.00038302265,0
-75.83786,30.026728,0.00063837104,0.0,0.00038302265,0
-75.548874,31.973433,0.00063837133,0.0,0.00038302282,0
-75.24405,33.840008,0.00063837104,0.0,0.00038302265,0
-74.92468,35.629055,0.00063835375,0.0,0.00038301226,0
-74.591606,37.341324,0.0006383069,0.0,0.00038298414,0
-74.24574,38.978756,0.0006383613,0.0,0.0003830168,0
-73.88811,40.54438,0.0006386957,0.0,0.00038321744,0
-73.5193,42.03924,0.0006393315,0.0,0.00038359893,0
-73.14044,43.46812,0.00063955307,0.0,0.00038373185,0
-72.751854,44.831093,0.0006384362,0.0,0.00038306174,0
-72.354706,46.134193,0.0006390251,0.0,0.00038341508,0
-71.94915,47.376556,0.00063832174,0.0,0.00038299305,0
-71.53631,48.56495,0.00063890975,0.0,0.00038334588,0
-71.11623,49.69806,0.0006408295,0.0,0.00038449772,0
-70.68992,50.782303,0.0006434252,0.0,0.00038605515,0
-70.257484,51.817215,0.0006535623,0.0,0.00039213742,0
-69.81968,52.80769,0.0006759743,0.0,0.0004055846,0
-69.376724,53.754284,0.00066561194,0.0,0.00039936719,0
-68.92915,54.66055,0.00062304706,0.0,0.00037382825,0
-68.47724,55.527843,0.0006199279,0.0,0.00037195676,0
-68.021385,56.358604,0.0015614727,0.0,0.0009368836,0
-67.561905,57.15477,0.008664191,0.0,0.0051985146,0
-67.099045,57.91784,0.53232425,0.06054342,0.34361193,1
-66.63316,58.650196,0.96619695,0.9405062,0.9559207,3
-66.16442,59.35255,0.98325884,0.99595,0.9883354,3
-65.69318,60.027626,0.98561656,0.7659314,0.89774257,3
-65.21953,60.675488,0.98879504,0.07955545,0.62509924,2
-64.743835,61.299084,0.98845637,0.0,0.59307384,2
-64.26613,61.89796,0.9442191,0.0,0.5665315,2
-63.786747,62.47506,0.80163187,0.0,0.48097914,1
-63.305748,63.03,0.703066,0.0,0.42183962,1
-62.82338,63.565147,0.52858126,0.0,0.31714877,1
-62.33973,64.08048,0.3763794,0.0,0.22582765,0
-61.854992,64.57775,0.2593721,0.0,0.15562326,0
-61.369274,65.05728,0.025789091,0.0,0.015473455,0
-60.882717,65.52029,0.0042207194,0.0,0.0025324319,0
-60.39543,65.96738,0.0025520993,0.0,0.0015312596,0
-59.90754,66.399315,0.001570858,0.0,0.0009425148,0
-59.419147,66.816956,0.0010992137,0.0,0.00065952825,0
-58.93035,67.22068,0.000814631,0.0,0.00048877863,0
-58.44126,67.61153,0.0006904865,0.0,0.00041429192,0
-57.95195,67.98956,0.0006453072,0.0,0.00038718432,0
-57.46252,68.35598,0.0006367414,0.0,0.00038204485,0
-56.973045,68.710594,0.00063739775,0.0,0.00038243868,0
-56.4836,69.05466,0.0006379,0.0,0.00038274002,0
-55.99427,69.38788,0.0006384036,0.0,0.00038304218,0
-55.50512,69.71141,0.0006364541,0.0,0.00038187247,0
-55.01622,70.025116,0.00063851406,0.0,0.00038310845,0
-54.527634,70.329834,0.00061591144,0.0,0.00036954688,0
-54.03942,70.6256,0.00058596703,0.0,0.00035158024,0
-53.551636,70.91304,0.0006016315,0.0,0.00036097888,0
-53.064346,71.19232,0.00078726263,0.0,0.00047235758,0
-53.234825,-72.0461,0.0012575969,0.0,0.0007545582,0
-53.72504,-71.7777,0.0009086667,0.0,0.0005452,0
-54.215824,-71.50138,0.00062122586,0.0,0.00037273552,0
-54.707115,-71.21698,0.00063243276,0.0,0.00037945967,0
-55.19886,-70.92387,0.0006374557,0.0,0.00038247346,0
-55.691006,-70.622025,0.0006379955,0.0,0.0003827973,0
-56.18349,-70.31059,0.0006383699,0.0,0.00038302195,0
-56.67624,-69.989746,0.00063837104,0.0,0.00038302265,0
-57.169205,-69.65831,0.00063837104,0.0,0.00038302265,0
-57.662296,-69.316605,0.00063837104,0.0,0.00038302265,0
-58.155457,-68.96336,0.00063837104,0.0,0.00038302265,0
-58.64859,-68.59876,0.00063837104,0.0,0.00038302265,0
-59.141624,-68.221634,0.00063837104,0.0,0.00038302265,0
-59.634476,-67.83191,0.00063837104,0.0,0.00038302265,0
-60.127045,-67.42853,0.00063837593,0.0,0.0003830256,0
-60.61924,-67.01112,0.00063831627,0.0,0.0003829898,0
-61.110954,-66.57885,0.0006381083,0.0,0.000382865,0
-61.60208,-66.13092,0.00063935225,0.0,0.00038361136,0
-62.092514,-65.66672,0.0006416084,0.0,0.00038496504,0
-62.582108,-65.18505,0.0006725685,0.0,0.0004035411,0
-63.07077,-64.68554,0.00070922414,0.0,0.0004255345,0
-63.55831,-64.166466,0.0012740908,0.0,0.00076445454,0
-64.04465,-63.627796,0.0058110324,0.0,0.0034866196,0
-64.52954,-63.067165,0.13413216,0.0,0.0804793,0
-65.01293,-62.484913,0.0067906873,0.024002234,0.013675306,0
-65.49452,-61.878075,0.003922676,0.34137177,0.13890232,0
-65.974236,-61.247078,0.015740959,0.9130418,0.37466127,1
-66.45175,-60.588905,0.30351663,0.839887,0.5180648,2
-66.92698,-59.90345,0.9134842,0.97075236,0.93639153,3
-67.39957,-59.187935,0.9785891,0.97636163,0.97769815,3
-67.86935,-58.441574,0.9913715,0.99148035,0.9914151,3
-68.336006,-57.66189,0.9881527,0.93650967,0.9674955,3
-68.79926,-56.847282,0.9882979,0.86169326,0.93765604,3
-69.25882,-55.995705,0.988535,0.917725,0.96021104,3
-69.7143,-55.10458,0.9909661,0.3038936,0.7161371,2
-70.16542,-54.172417,0.9912288,0.73602754,0.88914835,3
-70.61164,-53.195454,0.9913624,0.88057584,0.9470478,3
-71.052765,-52.172962,0.99104416,0.9182525,0.96192753,3
-71.48804,-51.099777,0.9895483,0.99674976,0.9924289,3
-71.91734,-49.976166,0.9874133,0.9610153,0.9768541,3
-72.33968,-48.79531,0.986291,0.9573538,0.9747162,3
-72.755,-47.558327,0.98671,0.9987345,0.9915198,3
-73.16216,-46.257904,0.9806306,0.977719,0.97946596,3
-73.56099,-44.89468,0.9574924,0.4133523,0.73983645,2
-73.95034,-43.461975,0.9567217,0.24896023,0.6736172,2
-74.32982,-41.95937,0.95315516,0.52814496,0.7831511,3
-74.6983,-40.38141,0.969024,0.3367104,0.71609855,2
-75.05513,-38.726566,0.9838229,0.1866844,0.66496754,2
-75.39926,-36.99115,0.9843183,0.3656335,0.7368444,2
-75.72971,-35.17259,0.97454166,0.52753067,0.79573727,3
-76.04559,-33.269577,0.9705996,0.67045563,0.85054207,3
-76.34551,-31.278744,0.95804954,0.9791463,0.96648824,3
-76.62886,-29.201836,0.0073864344,0.6392805,0.26014408,1
-76.89376,-27.035166,0.0026311483,0.01584016,0.007914754,0
-77.140015,-24.7841,0.0012674418,0.0,0.0007604651,0
-77.36523,-22.445415,0.0006740941,0.0,0.00040445646,0
-77.5697,-20.02817,0.0006338016,0.0,0.00038028098,0
-77.75069,-17.531239,0.00063728355,0.0,0.00038237014,0
-77.90876,-14.966109,0.0006395393,0.0,0.0003837236,0
-78.04149,-12.3363285,0.0006383017,0.0,0.00038298106,0
-78.14931,-9.6539955,0.000638344,0.0,0.0003830064,0
-78.23044,-6.927518,0.0006383671,0.0,0.00038302026,0
-78.28511,-4.1695824,0.00063837104,0.0,0.00038302265,0
-78.3124,-1.3920456,0.00063837104,0.0,0.00038302265,0
-78.3124,1.3920456,0.00063837104,0.0,0.00038302265,0
-78.28511,4.1695824,0.00063837104,0.0,0.00038302265,0
-78.23044,6.927518,0.00063837104,0.0,0.00038302265,0
-78.14931,9.6539955,0.00063837104,0.0,0.00038302265,0
-78.04149,12.3363285,0.00063837104,0.0,0.00038302265,0
-77.90876,14.966109,0.00063837104,0.0,0.00038302265,0
-77.75069,17.531239,0.00063837104,0.0,0.00038302265,0
-77.5697,20.02817,0.00063837104,0.0,0.00038302265,0
-77.36523,22.445415,0.00063837104,0.0,0.00038302265,0
-77.140015,24.7841,0.00063837104,0.0,0.00038302265,0
-76.89376,27.035166,0.00063837104,0.0,0.00038302265,0
-76.62886,29.201836,0.00063837104,0.0,0.00038302265,0
-76.34551,31.278744,0.00063837104,0.0,0.00038302265,0
-76.04559,33.269577,0.00063837104,0.0,0.00038302265,0
-75.72971,35.17259,0.000638372,0.0,0.0003830232,0
-75.39926,36.99115,0.00063836924,0.0,0.00038302157,0
-75.05513,38.726566,0.0006383583,0.0,0.000383015,0
-74.6983,40.38141,0.0006383312,0.0,0.00038299875,0
-74.32982,41.95937,0.00063833484,0.0,0.0003830009,0
-73.95034,43.461975,0.0006384246,0.0,0.00038305478,0
-73.56099,44.89468,0.0006385953,0.0,0.0003831572,0
-73.16216,46.257904,0.0006388142,0.0,0.0003832885,0
-72.755,47.558327,0.0006388269,0.0,0.00038329617,0
-72.33968,48.79531,0.00063879706,0.0,0.00038327827,0
-71.91734,49.976166,0.00063857797,0.0,0.0003831468,0
-71.48804,51.099777,0.0006384456,0.0,0.00038306738,0
-71.052765,52.172962,0.0006388866,0.0,0.00038333196,0
-70.61164,53.195454,0.00063945435,0.0,0.00038367262,0
-70.16542,54.172417,0.0006435561,0.0,0.0003861337,0
-69.7143,55.10458,0.0006308357,0.0,0.00037850146,0
-69.25882,55.995705,0.0006010804,0.0,0.00036064826,0
-68.79926,56.847282,0.00062606623,0.0,0.00037563976,0
-68.336006,57.66189,0.0012460883,0.0,0.000747653,0
-67.86935,58.441574,0.004624048,0.0,0.0027744288,0
-67.39957,59.187935,0.43157873,0.023076547,0.26817787,1
-66.92698,59.90345,0.96330696,0.7447888,0.8758998,3
-66.45175,60.588905,0.98129386,0.90528345,0.9508897,3
-65.974236,61.247078,0.981045,0.90477926,0.95053875,3
-65.49452,61.878075,0.9833013,0.5111387,0.7944363,3
-65.01293,62.484913,0.98846895,0.0,0.5930814,2
-64.52954,63.067165,0.98514986,0.0,0.59108996,2
-64.04465,63.627796,0.95649767,0.0,0.5738986,2
-63.55831,64.166466,0.82171005,0.0,0.49302605,1
-63.07077,64.68554,0.6899708,0.0,0.41398248,1
-62.582108,65.18505,0.4731063,0.0,0.28386378,1
-62.092514,65.66672,0.39668834,0.0,0.23801301,0
-61.60208,66.13092,0.244244,0.0,0.14654641,0
-61.110954,66.57885,0.016811566,0.0,0.010086941,0
-60.61924,67.01112,0.002728498,0.0,0.001637099,0
-60.127045,67.42853,0.0019441064,0.0,0.001166464,0
-59.634476,67.83191,0.0014487403,0.0,0.00086924416,0
-59.141624,68.221634,0.00098929,0.0,0.000593574,0
-58.64859,68.59876,0.00075257575,0.0,0.00045154546,0
-58.155457,68.96336,0.00066612056,0.0,0.00039967234,0
-57.662296,69.316605,0.0006398,0.0,0.00038388002,0
-57.169205,69.65831,0.0006379158,0.0,0.0003827495,0
-56.67624,69.989746,0.00063802255,0.0,0.00038281354,0
-56.18349,70.31059,0.0006383994,0.0,0.00038303965,0
-55.691006,70.622025,0.0006364523,0.0,0.0003818714,0
-55.19886,70.92387,0.00063851406,0.0,0.00038310845,0
-54.707115,71.21698,0.00061591144,0.0,0.00036954688,0
-54.215824,71.50138,0.00058596703,0.0,0.00035158024,0
-53.72504,71.7777,0.0006016315,0.0,0.00036097888,0
-53.234825,72.0461,0.00078726263,0.0,0.00047235758,0
-53.39781,-72.90812,0.0012575969,0.0,0.0007545582,0
-53.89085,-72.650955,0.0009086667,0.0,0.0005452,0
-54.38453,-72.38614,0.00062122586,0.0,0.00037273552,0
-54.878777,-72.11348,0.00063243276,0.0,0.00037945967,0
-55.37359,-71.83239,0.0006374557,0.0,0.00038247346,0
-55.86886,-71.54283,0.0006379955,0.0,0.0003827973,0
-56.36457,-71.24399,0.0006383699,0.0,0.00038302195,0
-56.860626,-70.93598,0.00063837104,0.0,0.00038302265,0
-57.357002,-70.61771,0.00063837104,0.0,0.00038302265,0
-57.853592,-70.28944,0.00063837104,0.0,0.00038302265,0
-58.350357,-69.94995,0.00063837104,0.0,0.00038302265,0
-58.8472,-69.599396,0.00063837104,0.0,0.00038302265,0
-59.34406,-69.23663,0.00063837104,0.0,0.00038302265,0
-59.840843,-68.86158,0.00063837104,0.0,0.00038302265,0
-60.33747,-68.473206,0.0006383732,0.0,0.00038302393,0
-60.833847,-68.07112,0.0006383549,0.0,0.00038301296,0
-61.329872,-67.654465,0.00063807634,0.0,0.0003828458,0
-61.825447,-67.222496,0.0006388659,0.0,0.00038331957,0
-62.320465,-66.774574,0.0006368279,0.0,0.00038209677,0
-62.814796,-66.309494,0.00064575847,0.0,0.0003874551,0
-63.308346,-65.82687,0.0006934167,0.0,0.00041605002,0
-63.800945,-65.32498,0.0010765468,0.0,0.00064592814,0
-64.2925,-64.80379,0.0028785751,0.0,0.0017271452,0
-64.7828,-64.260895,0.036981247,0.0,0.02218875,0
-65.27177,-63.69664,0.0024612949,0.0,0.001476777,0
-65.759125,-63.108025,0.0019274455,0.0,0.0011564674,0
-66.24481,-62.495422,0.0023162577,0.050936833,0.021764489,0
-66.728516,-61.855816,0.0066058855,0.07018542,0.0320377,0
-67.21014,-61.189026,0.012068394,0.6835331,0.28065428,1
-67.68935,-60.492226,0.8141507,0.7830402,0.80170655,3
-68.165985,-59.764565,0.9889282,0.99607116,0.9917854,3
-68.63973,-59.003475,0.99153274,0.9105634,0.95914507,3
-69.11035,-58.207283,0.9902469,0.9900711,0.9901766,3
-69.577515,-57.37382,0.9849295,0.6911086,0.8674011,3
-70.04088,-56.500374,0.98538303,0.96453667,0.9770445,3
-70.50014,-55.585323,0.99007434,0.9937931,0.9915619,3
-70.95481,-54.6247,0.9912464,0.8301755,0.926818,3
-71.404655,-53.617615,0.9909498,0.92254305,0.96358716,3
-71.84897,-52.5586,0.9854533,0.995193,0.98934925,3
-72.28758,-51.447754,0.96997255,0.8668482,0.92872286,3
-72.71955,-50.27781,0.9573653,0.9554052,0.95658123,3
-73.14478,-49.04969,0.9646328,0.8883296,0.9341116,3
-73.56216,-47.755512,0.97049576,0.9954978,0.98049664,3
-73.97148,-46.39563,0.96726215,0.9973703,0.97930545,3
-74.371574,-44.9627,0.95955926,0.985066,0.96976197,3
-74.76206,-43.455887,0.96359766,0.4940665,0.7757852,3
-75.141754,-41.868996,0.9797911,0.0,0.5878747,2
-75.509995,-40.199924,0.98409593,0.3499069,0.73042035,2
-75.86567,-38.444214,0.9793783,0.9085994,0.95106673,3
-76.20775,-36.598534,0.9710414,0.3558699,0.72497284,2
-76.53527,-34.660896,0.9794241,0.9665044,0.9742563,3
-76.84677,-32.626987,0.9505106,0.9387915,0.9458231,3
-77.14155,-30.498089,0.00517243,0.12149952,0.051703267,0
-77.41761,-28.269464,0.0014030474,0.0,0.00084182847,0
-77.67467,-25.946436,0.0008041239,0.0,0.00048247434,0
-77.91015,-23.524746,0.00065309374,0.0,0.00039185627,0
-78.12428,-21.014015,0.0006461226,0.0,0.0003876736,0
-78.3141,-18.41241,0.00064154505,0.0,0.00038492706,0
-78.480125,-15.732582,0.0006386528,0.0,0.0003831917,0
-78.619705,-12.978203,0.0006382756,0.0,0.00038296537,0
-78.73321,-10.162951,0.0006383403,0.0,0.0003830042,0
-78.81868,-7.29637,0.00063837017,0.0,0.00038302212,0
-78.87632,-4.3931,0.00063837104,0.0,0.00038302265,0
-78.90511,-1.4669223,0.00063837104,0.0,0.00038302265,0
-78.90511,1.4669223,0.00063837104,0.0,0.00038302265,0
-78.87632,4.3931,0.00063837104,0.0,0.00038302265,0
-78.81868,7.29637,0.00063837104,0.0,0.00038302265,0
-78.73321,10.162951,0.00063837104,0.0,0.00038302265,0
-78.619705,12.978203,0.00063837104,0.0,0.00038302265,0
-78.480125,15.732582,0.00063837104,0.0,0.00038302265,0
-78.3141,18.41241,0.00063837104,0.0,0.00038302265,0
-78.12428,21.014015,0.00063837104,0.0,0.00038302265,0
-77.91015,23.524746,0.00063837104,0.0,0.00038302265,0
-77.67467,25.946436,0.00063837104,0.0,0.00038302265,0
-77.41761,28.269464,0.00063837104,0.0,0.00038302265,0
-77.14155,30.498089,0.00063837104,0.0,0.00038302265,0
-76.84677,32.626987,0.00063837104,0.0,0.00038302265,0
-76.53527,34.660896,0.00063837104,0.0,0.00038302265,0
-76.20775,36.598534,0.00063837104,0.0,0.00038302265,0
-75.86567,38.444214,0.0006383716,0.0,0.000383023,0
-75.509995,40.199924,0.00063837226,0.0,0.00038302338,0
-75.141754,41.868996,0.00063837407,0.0,0.00038302445,0
-74.76206,43.455887,0.0006383716,0.0,0.000383023,0
-74.371574,44.9627,0.00063836586,0.0,0.00038301953,0
-73.97148,46.39563,0.00063835405,0.0,0.00038301243,0
-73.56216,47.755512,0.00063833944,0.0,0.00038300367,0
-73.14478,49.04969,0.0006383242,0.0,0.00038299453,0
-72.71955,50.27781,0.00063831726,0.0,0.00038299037,0
-72.28758,51.447754,0.00063829013,0.0,0.0003829741,0
-71.84897,52.5586,0.000638274,0.0,0.0003829644,0
-71.404655,53.617615,0.0006384033,0.0,0.000383042,0
-70.95481,54.6247,0.0006377541,0.0,0.00038265248,0
-70.50014,55.585323,0.0006386854,0.0,0.00038321127,0
-70.04088,56.500374,0.0006297583,0.0,0.000377855,0
-69.577515,57.37382,0.00063304906,0.0,0.00037982946,0
-69.11035,58.207283,0.0006670627,0.0,0.00040023765,0
-68.63973,59.003475,0.00090197386,0.0,0.00054118433,0
-68.165985,59.764565,0.0018977002,0.0,0.0011386202,0
-67.68935,60.492226,0.013083309,0.0,0.007849986,0
-67.21014,61.189026,0.9157697,0.3170966,0.67630047,2
-66.728516,61.855816,0.9635902,0.96204627,0.96297264,3
-66.24481,62.495422,0.9716125,0.82896334,0.91455287,3
-65.759125,63.108025,0.9665831,0.806381,0.9025023,3
-65.27177,63.69664,0.97646266,0.05620593,0.60836,2
-64.7828,64.260895,0.98160905,0.0,0.5889655,2
-64.2925,64.80379,0.97114265,0.0,0.5826856,2
-63.800945,65.32498,0.92738265,0.0,0.5564296,2
-63.308346,65.82687,0.8280704,0.0,0.49684227,1
-62.814796,66.309494,0.63386,0.0,0.38031602,1
-62.320465,66.774574,0.49558187,0.0,0.29734913,1
-61.825447,67.222496,0.33477113,0.0,0.20086269,0
-61.329872,67.654465,0.02546865,0.0,0.01528119,0
-60.833847,68.07112,0.0037660792,0.0,0.0022596477,0
-60.33747,68.473206,0.00294716,0.0,0.0017682961,0
-59.840843,68.86158,0.0021632945,0.0,0.0012979767,0
-59.34406,69.23663,0.0011868265,0.0,0.00071209593,0
-58.8472,69.599396,0.00081013876,0.0,0.00048608327,0
-58.350357,69.94995,0.0006758696,0.0,0.00040552177,0
-57.853592,70.28944,0.00064314046,0.0,0.00038588428,0
-57.357002,70.61771,0.00063778274,0.0,0.00038266965,0
-56.860626,70.93598,0.0006381971,0.0,0.00038291828,0
-56.36457,71.24399,0.0006383975,0.0,0.00038303854,0
-55.86886,71.54283,0.00063645106,0.0,0.00038187066,0
-55.37359,71.83239,0.00063851406,0.0,0.00038310845,0
-54.878777,72.11348,0.00061591144,0.0,0.00036954688,0
-54.38453,72.38614,0.00058596703,0.0,0.00035158024,0
-53.89085,72.650955,0.0006016315,0.0,0.00036097888,0
-53.39781,72.90812,0.00078726263,0.0,0.00047235758,0
-53.553185,-73.77812,0.0012575969,0.0,0.0007545582,0
-54.048923,-73.53255,0.0009086667,0.0,0.0005452,0
-54.545387,-73.27958,0.00062122586,0.0,0.00037273552,0
-55.0425,-73.01906,0.00063243276,0.0,0.00037945967,0
-55.54024,-72.75039,0.0006374557,0.0,0.00038247346,0
-56.03853,-72.473564,0.0006379955,0.0,0.0003827973,0
-56.537346,-72.187744,0.0006383699,0.0,0.00038302195,0
-57.03659,-71.89307,0.00063837104,0.0,0.00038302265,0
-57.536243,-71.58845,0.00063837104,0.0,0.00038302265,0
-58.03622,-71.274155,0.00063837104,0.0,0.00038302265,0
-58.53646,-70.94899,0.00063837104,0.0,0.00038302265,0
-59.03689,-70.6131,0.00063837104,0.0,0.00038302265,0
-59.53744,-70.26534,0.00063837104,0.0,0.00038302265,0
-60.03803,-69.90565,0.00063837104,0.0,0.00038302265,0
-60.538586,-69.533005,0.000638372,0.0,0.0003830232,0
-61.03901,-69.147,0.0006383696,0.0,0.00038302178,0
-61.53921,-68.74681,0.00063816784,0.0,0.00038290073,0
-62.039104,-68.33168,0.0006386419,0.0,0.00038318514,0
-62.538578,-67.90096,0.00063550344,0.0,0.0003813021,0
-63.037514,-67.45347,0.000638385,0.0,0.00038303103,0
-63.535816,-66.9888,0.0006764708,0.0,0.0004058825,0
-64.03334,-66.505264,0.0007331242,0.0,0.00043987454,0
-64.52999,-66.00275,0.0012373799,0.0,0.00074242795,0
-65.02555,-65.47892,0.0017823084,0.0,0.0010693851,0
-65.51997,-64.93403,0.002382193,0.0,0.0014293159,0
-66.012985,-64.36512,0.0014022447,0.0,0.00084134686,0
-66.50451,-63.772514,0.0014277976,0.0,0.0008566786,0
-66.994286,-63.153168,0.0018780713,0.0,0.0011268428,0
-67.482185,-62.506863,0.002774714,0.0,0.0016648285,0
-67.96791,-61.830715,0.019675592,0.044943467,0.029782742,0
-68.4513,-61.12384,0.06475524,0.6942931,0.31657037,1
-68.93207,-60.383575,0.9808575,0.9552924,0.9706315,3
-69.40996,-59.608173,0.9895502,0.9764224,0.9842991,3
-69.88466,-58.795353,0.99032485,0.87390655,0.94375753,3
-70.35585,-57.942284,0.9921725,0.8747508,0.9452039,3
-70.823235,-57.04721,0.98861283,0.9132728,0.95847684,3
-71.28634,-56.10598,0.98677236,0.9855902,0.9862995,3
-71.74492,-55.117523,0.98604566,0.92046106,0.9598118,3
-72.19828,-54.076088,0.98150384,0.6720085,0.8577058,3
-72.646286,-52.98159,0.9773317,0.86501575,0.93240535,3
-73.08797,-51.82632,0.9692601,0.9812376,0.9740511,3
-73.52324,-50.61097,0.95767754,0.976451,0.96518695,3
-73.95099,-49.32709,0.9563161,0.99701273,0.97259486,3
-74.370995,-47.974693,0.98168796,0.9977093,0.9880965,3
-74.782135,-46.545742,0.9718096,0.98745173,0.97806644,3
-75.18393,-45.03892,0.96805835,0.9623944,0.9657928,3
-75.57521,-43.447212,0.98340476,0.14884908,0.6495825,2
-75.955284,-41.767864,0.9849237,0.9882881,0.9862695,3
-76.32298,-39.995514,0.9681815,0.45089942,0.7612687,3
-76.67724,-38.12595,0.96969044,0.6645505,0.8476345,3
-77.01703,-36.15631,0.9712063,0.95444155,0.9645004,3
-77.34078,-34.081173,0.40028673,0.8901949,0.59625,2
-77.647705,-31.901157,0.008830866,0.03843289,0.020671675,0
-77.935715,-29.610212,0.0012727324,0.0,0.00076363946,0
-78.20437,-27.213465,0.0007548738,0.0,0.0004529243,0
-78.45097,-24.705317,0.00059826666,0.0,0.00035896,0
-78.67559,-22.095898,0.00063237885,0.0,0.00037942734,0
-78.87505,-19.382383,0.00064083195,0.0,0.00038449917,0
-79.049805,-16.578676,0.00063849735,0.0,0.00038309844,0
-79.196915,-13.688495,0.000638323,0.0,0.00038299384,0
-79.31669,-10.727327,0.00063834916,0.0,0.00038300952,0
-79.40698,-7.706036,0.00063837075,0.0,0.00038302247,0
-79.46791,-4.6416235,0.00063837104,0.0,0.00038302265,0
-79.49837,-1.5502225,0.00063837104,0.0,0.00038302265,0
-79.49837,1.5502225,0.00063837104,0.0,0.00038302265,0
-79.46791,4.6416235,0.00063837104,0.0,0.00038302265,0
-79.40698,7.706036,0.00063837104,0.0,0.00038302265,0
-79.31669,10.727327,0.00063837104,0.0,0.00038302265,0
-79.196915,13.688495,0.00063837104,0.0,0.00038302265,0
-79.049805,16.578676,0.00063837104,0.0,0.00038302265,0
-78.87505,19.382383,0.00063837104,0.0,0.00038302265,0
-78.67559,22.095898,0.00063837104,0.0,0.00038302265,0
-78.45097,24.705317,0.00063837104,0.0,0.00038302265,0
-78.20437,27.213465,0.00063837104,0.0,0.00038302265,0
-77.935715,29.610212,0.00063837104,0.0,0.00038302265,0
-77.647705,31.901157,0.00063837104,0.0,0.00038302265,0
-77.34078,34.081173,0.00063837104,0.0,0.00038302265,0
-77.01703,36.15631,0.00063837104,0.0,0.00038302265,0
-76.67724,38.12595,0.00063837104,0.0,0.00038302265,0
-76.32298,39.995514,0.00063837104,0.0,0.00038302265,0
-75.955284,41.767864,0.00063837104,0.0,0.00038302265,0
-75.57521,43.447212,0.00063837104,0.0,0.00038302265,0
-75.18393,45.03892,0.00063837104,0.0,0.00038302265,0
-74.782135,46.545742,0.00063837104,0.0,0.00038302265,0
-74.370995,47.974693,0.00063837104,0.0,0.00038302265,0
-73.95099,49.32709,0.00063837104,0.0,0.00038302265,0
-73.52324,50.61097,0.00063837133,0.0,0.00038302282,0
-73.08797,51.82632,0.000638372,0.0,0.0003830232,0
-72.646286,52.98159,0.00063836924,0.0,0.00038302157,0
-72.19828,54.076088,0.0006383595,0.0,0.00038301572,0
-71.74492,55.117523,0.0006383738,0.0,0.00038302428,0
-71.28634,56.10598,0.00063793984,0.0,0.00038276392,0
-70.823235,57.04721,0.00063745945,0.0,0.0003824757,0
-70.35585,57.942284,0.0006340472,0.0,0.00038042833,0
-69.88466,58.795353,0.00065366254,0.0,0.00039219754,0
-69.40996,59.608173,0.0006402239,0.0,0.00038413436,0
-68.93207,60.383575,0.0007192529,0.0,0.00043155177,0
-68.4513,61.12384,0.0012077845,0.0,0.0007246707,0
-67.96791,61.830715,0.006457818,0.0,0.003874691,0
-67.482185,62.506863,0.82942533,0.024244752,0.5073531,2
-66.994286,63.153168,0.95026094,0.6382339,0.8254502,3
-66.50451,63.772514,0.9271724,0.95941556,0.94006974,3
-66.012985,64.36512,0.93932647,0.99270654,0.9606785,3
-65.51997,64.93403,0.9470067,0.17569798,0.6384832,2
-65.02555,65.47892,0.95757294,0.0,0.5745438,2
-64.52999,66.00275,0.94368833,0.0,0.566213,2
-64.03334,66.505264,0.9421843,0.0,0.5653106,2
-63.535816,66.9888,0.92752576,0.0,0.55651546,2
-63.037514,67.45347,0.7693482,0.0,0.46160895,1
-62.538578,67.90096,0.5775571,0.0,0.34653425,1
-62.039104,68.33168,0.44549105,0.0,0.26729465,1
-61.53921,68.74681,0.07893904,0.0,0.047363427,0
-61.03901,69.147,0.0114130275,0.0,0.006847817,0
-60.538586,69.533005,0.0050016176,0.0,0.0030009707,0
-60.03803,69.90565,0.0022427614,0.0,0.0013456569,0
-59.53744,70.26534,0.0011263175,0.0,0.00067579054,0
-59.03689,70.6131,0.00078031287,0.0,0.00046818773,0
-58.53646,70.94899,0.00067617954,0.0,0.00040570775,0
-58.03622,71.274155,0.0006409816,0.0,0.000384589,0
-57.536243,71.58845,0.0006373868,0.0,0.0003824321,0
-57.03659,71.89307,0.00063824054,0.0,0.00038294433,0
-56.537346,72.187744,0.00063842646,0.0,0.00038305589,0
-56.03853,72.473564,0.0006364523,0.0,0.0003818714,0
-55.54024,72.75039,0.00063851406,0.0,0.00038310845,0
-55.0425,73.01906,0.00061591144,0.0,0.00036954688,0
-54.545387,73.27958,0.00058596703,0.0,0.00035158024,0
-54.048923,73.53255,0.0006016315,0.0,0.00036097888,0
-53.553185,73.77812,0.00078726263,0.0,0.00047235758,0
-53.700592,-74.65604,0.0012575969,0.0,0.0007545582,0
-54.19892,-74.422386,0.0009086667,0.0,0.0005452,0
-54.698044,-74.18164,0.00062122586,0.0,0.00037273552,0
-55.19789,-73.93364,0.00063243276,0.0,0.00037945967,0
-55.698444,-73.67781,0.0006374557,0.0,0.00038247346,0
-56.19962,-73.414116,0.0006379955,0.0,0.0003827973,0
-56.70141,-73.14177,0.0006383699,0.0,0.00038302195,0
-57.203716,-72.860916,0.00063837104,0.0,0.00038302265,0
-57.70652,-72.57048,0.00063837104,0.0,0.00038302265,0
-58.209732,-72.270706,0.00063837104,0.0,0.00038302265,0
-58.713318,-71.96045,0.00063837104,0.0,0.00038302265,0
-59.21719,-71.639824,0.00063837104,0.0,0.00038302265,0
-59.721294,-71.30774,0.00063837104,0.0,0.00038302265,0
-60.225548,-70.96411,0.00063837104,0.0,0.00038302265,0
-60.729877,-70.607925,0.00063837104,0.0,0.00038302265,0
-61.234207,-70.23881,0.0006383732,0.0,0.00038302393,0
-61.73844,-69.85593,0.00063826947,0.0,0.0003829617,0
-62.2425,-69.45854,0.00063849974,0.0,0.00038309986,0
-62.746273,-69.04599,0.0006359757,0.0,0.0003815854,0
-63.249664,-68.61711,0.00064357644,0.0,0.00038614587,0
-63.75258,-68.17151,0.00065744086,0.0,0.00039446453,0
-64.25487,-67.70747,0.0006553771,0.0,0.00039322628,0
-64.75645,-67.224915,0.000733019,0.0,0.00043981144,0
-65.257126,-66.72149,0.0011190184,0.0,0.00067141105,0
-65.75684,-66.19743,0.0022351013,0.0,0.0013410609,0
-66.255356,-65.64979,0.0047077714,0.0,0.002824663,0
-66.752594,-65.07884,0.0053354385,0.0,0.0032012633,0
-67.24828,-64.48156,0.0015228891,0.0,0.0009137335,0
-67.74232,-63.85766,0.0015941414,0.0,0.0009564849,0
-68.234436,-63.204247,0.0022776753,0.0,0.0013666053,0
-68.72446,-62.520355,0.0033302451,0.017209921,0.008882116,0
-69.21211,-61.8033,0.015994888,0.7191564,0.2972595,1
-69.69716,-61.051235,0.5057996,0.99660563,0.70212203,2
-70.17931,-60.261806,0.9826941,0.99999523,0.9896146,3
-70.65825,-59.43206,0.9901101,0.9295934,0.9659034,3
-71.13368,-58.560104,0.9905376,0.47375187,0.7838233,3
-71.60516,-57.64163,0.99082804,0.15881927,0.65802455,2
-72.07244,-56.675385,0.99211794,0.24319242,0.6925478,2
-72.53486,-55.655365,0.99042237,0.6243828,0.84400654,3
-72.99226,-54.581257,0.98895824,0.999958,0.99335814,3
-73.443726,-53.44495,0.985016,0.9659787,0.97740114,3
-73.88913,-52.246872,0.9729354,0.7510695,0.88418907,3
-74.32739,-50.977997,0.96599066,0.99245226,0.9765754,3
-74.7583,-49.63798,0.97075856,0.9975049,0.9814571,3
-75.18067,-48.218033,0.98020154,0.99888486,0.9876749,3
-75.59407,-46.716324,0.98047996,0.96720964,0.97517186,3
-75.997314,-45.124916,0.97702813,0.4572525,0.76911795,3
-76.38963,-43.440292,0.9775574,0.6913348,0.86306846,3
-76.769875,-41.65609,0.9674493,0.75819635,0.8837482,3
-77.13688,-39.76703,0.976258,0.4977045,0.78483665,3
-77.48957,-37.76921,0.9677883,0.86848795,0.92806816,3
-77.82631,-35.65582,0.35016498,0.92280024,0.5792191,2
-78.14618,-33.426613,0.0089060785,0.05951158,0.02914828,0
-78.44699,-31.07387,0.0013702424,0.0,0.0008221455,0
-78.728165,-28.60231,0.0007564931,0.0,0.00045389586,0
-78.98682,-26.004578,0.0006133035,0.0,0.0003679821,0
-79.222885,-23.291178,0.0006374023,0.0,0.0003824414,0
-79.43295,-20.457928,0.0006402254,0.0,0.00038413526,0
-79.6173,-17.520027,0.0006383948,0.0,0.00038303688,0
-79.77278,-14.481085,0.0006383351,0.0,0.00038300108,0
-79.89954,-11.358679,0.00063835585,0.0,0.00038301354,0
-79.99521,-8.165205,0.00063837104,0.0,0.00038302265,0
-80.05983,-4.9205513,0.00063837104,0.0,0.00038302265,0
-80.09215,-1.6437771,0.00063837104,0.0,0.00038302265,0
-80.09215,1.6437771,0.00063837104,0.0,0.00038302265,0
-80.05983,4.9205513,0.00063837104,0.0,0.00038302265,0
-79.99521,8.165205,0.00063837104,0.0,0.00038302265,0
-79.89954,11.358679,0.00063837104,0.0,0.00038302265,0
-79.77278,14.481085,0.00063837104,0.0,0.00038302265,0
-79.6173,17.520027,0.00063837104,0.0,0.00038302265,0
-79.43295,20.457928,0.00063837104,0.0,0.00038302265,0
-79.222885,23.291178,0.00063837104,0.0,0.00038302265,0
-78.98682,26.004578,0.00063837104,0.0,0.00038302265,0
-78.728165,28.60231,0.00063837104,0.0,0.00038302265,0
-78.44699,31.07387,0.00063837104,0.0,0.00038302265,0
-78.14618,33.426613,0.00063837104,0.0,0.00038302265,0
-77.82631,35.65582,0.00063837104,0.0,0.00038302265,0
-77.48957,37.76921,0.00063837104,0.0,0.00038302265,0
-77.13688,39.76703,0.00063837104,0.0,0.00038302265,0
-76.769875,41.65609,0.00063837104,0.0,0.00038302265,0
-76.38963,43.440292,0.00063837104,0.0,0.00038302265,0
-75.997314,45.124916,0.00063837104,0.0,0.00038302265,0
-75.59407,46.716324,0.00063837104,0.0,0.00038302265,0
-75.18067,48.218033,0.00063837104,0.0,0.00038302265,0
-74.7583,49.63798,0.00063837104,0.0,0.00038302265,0
-74.32739,50.977997,0.00063837104,0.0,0.00038302265,0
-73.88913,52.246872,0.00063837104,0.0,0.00038302265,0
-73.443726,53.44495,0.00063837104,0.0,0.00038302265,0
-72.99226,54.581257,0.0006383716,0.0,0.000383023,0
-72.53486,55.655365,0.00063837226,0.0,0.00038302338,0
-72.07244,56.675385,0.0006383957,0.0,0.00038303746,0
-71.60516,57.64163,0.00063824723,0.0,0.00038294835,0
-71.13368,58.560104,0.0006375241,0.0,0.0003825145,0
-70.65825,59.43206,0.0006377538,0.0,0.0003826523,0
-70.17931,60.261806,0.00064508675,0.0,0.00038705207,0
-69.69716,61.051235,0.00064330106,0.0,0.00038598065,0
-69.21211,61.8033,0.000807599,0.0,0.00048455942,0
-68.72446,62.520355,0.0010403596,0.0,0.0006242158,0
-68.234436,63.204247,0.002442793,0.0,0.0014656759,0
-67.74232,63.85766,0.033340797,0.0,0.02000448,0
-67.24828,64.48156,0.9382607,0.45926878,0.746664,2
-66.752594,65.07884,0.9160801,0.9992946,0.949366,3
-66.255356,65.64979,0.93995327,0.8480222,0.9031809,3
-65.75684,66.19743,0.94254935,0.71337235,0.8508786,3
-65.257126,66.72149,0.9477871,0.023101034,0.5779127,2
-64.75645,67.224915,0.9718527,0.0,0.58311164,2
-64.25487,67.70747,0.9595993,0.0,0.5757596,2
-63.75258,68.17151,0.96345675,0.0,0.5780741,2
-63.249664,68.61711,0.83786774,0.0,0.50272065,2
-62.746273,69.04599,0.66717756,0.0,0.40030655,1
-62.2425,69.45854,0.5342099,0.0,0.32052594,1
-61.73844,69.85593,0.34159526,0.0,0.20495717,0
-61.234207,70.23881,0.273679,0.0,0.1642074,0
-60.729877,70.607925,0.009490248,0.0,0.005694149,0
-60.225548,70.96411,0.002028105,0.0,0.001216863,0
-59.721294,71.30774,0.0010541737,0.0,0.00063250423,0
-59.21719,71.639824,0.00074716023,0.0,0.00044829617,0
-58.713318,71.96045,0.00066895544,0.0,0.00040137328,0
-58.209732,72.270706,0.00064078,0.0,0.00038446803,0
-57.70652,72.57048,0.0006365345,0.0,0.0003819207,0
-57.203716,72.860916,0.0006378286,0.0,0.00038269718,0
-56.70141,73.14177,0.0006384182,0.0,0.00038305094,0
-56.19962,73.414116,0.00063645834,0.0,0.00038187503,0
-55.698444,73.67781,0.00063851493,0.0,0.00038310897,0
-55.19789,73.93364,0.00061591144,0.0,0.00036954688,0
-54.698044,74.18164,0.00058596703,0.0,0.00035158024,0
-54.19892,74.422386,0.0006016315,0.0,0.00036097888,0
-53.700592,74.65604,0.00078726263,0.0,0.00047235758,0
-53.84025,-75.54121,0.0012575969,0.0,0.0007545582,0
-54.341057,-75.31981,0.0009086667,0.0,0.0005452,0
-54.84272,-75.09161,0.00062122586,0.0,0.00037273552,0
-55.34518,-74.85648,0.00063243276,0.0,0.00037945967,0
-55.848415,-74.61387,0.0006374557,0.0,0.00038247346,0
-56.352356,-74.36373,0.0006379955,0.0,0.0003827973,0
-56.85699,-74.10531,0.0006383699,0.0,0.00038302195,0
-57.362225,-73.838715,0.00063837104,0.0,0.00038302265,0
-57.868042,-73.56294,0.00063837104,0.0,0.00038302265,0
-58.374363,-73.27818,0.00063837104,0.0,0.00038302265,0
-58.88115,-72.983376,0.00063837104,0.0,0.00038302265,0
-59.38832,-72.6786,0.00063837104,0.0,0.00038302265,0
-59.895832,-72.36281,0.00063837104,0.0,0.00038302265,0
-60.4036,-72.03589,0.00063837104,0.0,0.00038302265,0
-60.911564,-71.696884,0.00063837104,0.0,0.00038302265,0
-61.419643,-71.345406,0.0006383735,0.0,0.0003830241,0
-61.92775,-70.98062,0.00063833944,0.0,0.00038300367,0
-62.435814,-70.60183,0.0006382132,0.0,0.00038292792,0
-62.943745,-70.20837,0.00063678174,0.0,0.00038206906,0
-63.451427,-69.7991,0.00064363657,0.0,0.00038618196,0
-63.95878,-69.37361,0.0006452543,0.0,0.00038715257,0
-64.465675,-68.930214,0.000667359,0.0,0.00040041542,0
-64.97203,-68.46881,0.0006981698,0.0,0.0004189019,0
-65.47768,-67.98711,0.0010688656,0.0,0.00064131944,0
-65.98252,-67.48527,0.0032271086,0.0,0.0019362653,0
-66.486374,-66.9604,0.07688662,0.0,0.046131972,0
-66.989136,-66.41274,0.027463418,0.0,0.01647805,0
-67.4906,-65.83926,0.01034565,0.0,0.00620739,0
-67.990616,-65.239655,0.0031708588,0.0,0.0019025154,0
-68.48896,-64.61099,0.001926741,0.0,0.0011560447,0
-68.985466,-63.952286,0.0020155273,0.0,0.0012093164,0
-69.47986,-63.260796,0.0028034626,0.09068928,0.037957788,0
-69.971924,-62.534622,0.0062202723,0.1781511,0.07499261,0
-70.4614,-61.771317,0.008321734,0.1956913,0.08326957,0
-70.94796,-60.967842,0.005941976,0.44835687,0.18290794,0
-71.43136,-60.122196,0.9254157,0.8123719,0.88019824,3
-71.911125,-59.22989,0.9875395,0.99872583,0.99201405,3
-72.38704,-58.289536,0.9880376,0.8853,0.94694257,3
-72.85847,-57.294872,0.99294335,0.61794627,0.8429445,3
-73.32525,-56.24537,0.98881567,0.50260586,0.7943318,3
-73.78651,-55.13253,0.98903126,0.96231985,0.9783467,3
-74.24209,-53.956505,0.98515725,0.9907111,0.98737884,3
-74.69096,-52.707695,0.98349655,0.9226933,0.9591753,3
-75.13288,-51.38536,0.98022354,0.9942661,0.9858406,3
-75.5667,-49.97995,0.9793336,0.9923321,0.984533,3
-75.99196,-48.489044,0.9800463,0.99509543,0.986066,3
-76.407455,-46.90376,0.9774555,0.880205,0.93855536,3
-76.81242,-45.2197,0.9826514,0.12098906,0.6379865,2
-77.20564,-43.42934,0.9846896,0.8807194,0.9431015,3
-77.58596,-41.52619,0.97383815,0.36563838,0.7305583,2
-77.95218,-39.505104,0.88090205,0.7917165,0.84522784,3
-78.302605,-37.357613,0.23760033,0.22730935,0.23348394,0
-78.63624,-35.082317,0.008541988,0.0,0.005125193,0
-78.95073,-32.669445,0.0010842413,0.0,0.0006505448,0
-79.24537,-30.123005,0.00072487234,0.0,0.00043492342,0
-79.517075,-27.43337,0.0006350971,0.0,0.0003810583,0
-79.76561,-24.611233,0.00063772587,0.0,0.00038263554,0
-79.9873,-21.65052,0.0006399528,0.0,0.0003839717,0
-80.18225,-18.567738,0.00063821895,0.0,0.00038293138,0
-80.34701,-15.366137,0.0006383522,0.0,0.00038301133,0
-80.481544,-12.065672,0.0006383641,0.0,0.0003830185,0
-80.58323,-8.680512,0.00063837104,0.0,0.00038302265,0
-80.65199,-5.234059,0.00063837104,0.0,0.00038302265,0
-80.686386,-1.7490114,0.00063837104,0.0,0.00038302265,0
-80.686386,1.7490114,0.00063837104,0.0,0.00038302265,0
-80.65199,5.234059,0.00063837104,0.0,0.00038302265,0
-80.58323,8.680512,0.00063837104,0.0,0.00038302265,0
-80.481544,12.065672,0.00063837104,0.0,0.00038302265,0
-80.34701,15.366137,0.00063837104,0.0,0.00038302265,0
-80.18225,18.567738,0.00063837104,0.0,0.00038302265,0
-79.9873,21.65052,0.00063837104,0.0,0.00038302265,0
-79.76561,24.611233,0.00063837104,0.0,0.00038302265,0
-79.517075,27.43337,0.00063837104,0.0,0.00038302265,0
-79.24537,30.123005,0.00063837104,0.0,0.00038302265,0
-78.95073,32.669445,0.00063837104,0.0,0.00038302265,0
-78.63624,35.082317,0.00063837104,0.0,0.00038302265,0
-78.302605,37.357613,0.00063837104,0.0,0.00038302265,0
-77.95218,39.505104,0.00063837104,0.0,0.00038302265,0
-77.58596,41.52619,0.00063837104,0.0,0.00038302265,0
-77.20564,43.42934,0.00063837104,0.0,0.00038302265,0
-76.81242,45.2197,0.00063837104,0.0,0.00038302265,0
-76.407455,46.90376,0.00063837104,0.0,0.00038302265,0
-75.99196,48.489044,0.00063837104,0.0,0.00038302265,0
-75.5667,49.97995,0.00063837104,0.0,0.00038302265,0
-75.13288,51.38536,0.00063837104,0.0,0.00038302265,0
-74.69096,52.707695,0.00063837104,0.0,0.00038302265,0
-74.24209,53.956505,0.00063837104,0.0,0.00038302265,0
-73.78651,55.13253,0.00063837104,0.0,0.00038302265,0
-73.32525,56.24537,0.00063837104,0.0,0.00038302265,0
-72.85847,57.294872,0.00063837104,0.0,0.00038302265,0
-72.38704,58.289536,0.00063838414,0.0,0.0003830305,0
-71.911125,59.22989,0.00063833484,0.0,0.0003830009,0
-71.43136,60.122196,0.0006377386,0.0,0.0003826432,0
-70.94796,60.967842,0.00063706096,0.0,0.00038223658,0
-70.4614,61.771317,0.00063479244,0.0,0.00038087548,0
-69.971924,62.534622,0.000679747,0.0,0.00040784825,0
-69.47986,63.260796,0.00067514565,0.0,0.0004050874,0
-68.985466,63.952286,0.0007614386,0.0,0.0004568632,0
-68.48896,64.61099,0.0011784139,0.0,0.00070704834,0
-67.990616,65.239655,0.010759472,0.0,0.0064556836,0
-67.4906,65.83926,0.9184297,0.045155305,0.56911993,2
-66.989136,66.41274,0.92338437,0.8334266,0.88740134,3
-66.486374,66.9604,0.9505452,0.7984899,0.8897232,3
-65.98252,67.48527,0.9390675,0.9107119,0.92772526,3
-65.47768,67.98711,0.95435256,0.14056352,0.628837,2
-64.97203,68.46881,0.98480934,0.0,0.59088564,2
-64.465675,68.930214,0.983297,0.0,0.5899782,2
-63.95878,69.37361,0.97207874,0.0,0.58324724,2
-63.451427,69.7991,0.9192449,0.0,0.55154693,2
-62.943745,70.20837,0.7624876,0.0,0.45749256,1
-62.435814,70.60183,0.58870333,0.0,0.353222,1
-61.92775,70.98062,0.4876543,0.0,0.29259259,1
-61.419643,71.345406,0.33259213,0.0,0.1995553,0
-60.911564,71.696884,0.014837852,0.0,0.008902712,0
-60.4036,72.03589,0.0021293378,0.0,0.0012776027,0
-59.895832,72.36281,0.0011026999,0.0,0.00066161994,0
-59.38832,72.6786,0.0007318321,0.0,0.0004390993,0
-58.88115,72.983376,0.000660631,0.0,0.0003963786,0
-58.374363,73.27818,0.00063975697,0.0,0.0003838542,0
-57.868042,73.56294,0.0006365063,0.0,0.0003819038,0
-57.362225,73.838715,0.0006375092,0.0,0.00038250556,0
-56.85699,74.10531,0.0006383516,0.0,0.00038301098,0
-56.352356,74.36373,0.0006364632,0.0,0.00038187797,0
-55.848415,74.61387,0.000638518,0.0,0.00038311083,0
-55.34518,74.85648,0.0006159117,0.0,0.00036954702,0
-54.84272,75.09161,0.00058596703,0.0,0.00035158024,0
-54.341057,75.31981,0.0006016315,0.0,0.00036097888,0
-53.84025,75.54121,0.00078726263,0.0,0.00047235758,0
-53.971672,-76.43367,0.0012575969,0.0,0.0007545582,0
-54.474823,-76.22484,0.0009086667,0.0,0.0005452,0
-54.97889,-76.00955,0.00062122586,0.0,0.00037273552,0
-55.48383,-75.78766,0.00063243276,0.0,0.00037945967,0
-55.989613,-75.55864,0.0006374557,0.0,0.00038247346,0
-56.496178,-75.32246,0.0006379955,0.0,0.0003827973,0
-57.0035,-75.078384,0.0006383699,0.0,0.00038302195,0
-57.51152,-74.82652,0.00063837104,0.0,0.00038302265,0
-58.02021,-74.56589,0.00063837104,0.0,0.00038302265,0
-58.52948,-74.2967,0.00063837104,0.0,0.00038302265,0
-59.039314,-74.01789,0.00063837104,0.0,0.00038302265,0
-59.54963,-73.72955,0.00063837104,0.0,0.00038302265,0
-60.060387,-73.43068,0.00063837104,0.0,0.00038302265,0
-60.571507,-73.12115,0.00063837104,0.0,0.00038302265,0
-61.08293,-72.80004,0.00063837104,0.0,0.00038302265,0
-61.59459,-72.466965,0.00063837226,0.0,0.00038302338,0
-62.106407,-72.121124,0.00063837226,0.0,0.00038302338,0
-62.618305,-71.76181,0.00063783646,0.0,0.0003827019,0
-63.13019,-71.3884,0.00063653657,0.0,0.00038192197,0
-63.64199,-70.99975,0.0006372702,0.0,0.00038236214,0
-64.1536,-70.59546,0.00063706917,0.0,0.00038224153,0
-64.66492,-70.173904,0.0006456025,0.0,0.0003873615,0
-65.17586,-69.734924,0.0007020393,0.0,0.00042122358,0
-65.68626,-69.276306,0.00096508255,0.0,0.0005790496,0
-66.19606,-68.798164,0.002212864,0.0,0.0013277185,0
-66.705055,-68.297676,0.021455845,0.0,0.012873507,0
-67.213165,-67.775,0.021251157,0.0,0.0127506945,0
-67.720184,-67.22718,0.23718196,0.0,0.14230919,0
-68.22601,-66.65386,0.016739037,0.0,0.010043423,0
-68.730385,-66.05214,0.011034251,0.0,0.006620551,0
-69.23318,-65.42097,0.002239166,0.0,0.0013434996,0
-69.73414,-64.75758,0.0013836958,0.0,0.0008302175,0
-70.233055,-64.06004,0.0011885172,0.0,0.0007131103,0
-70.72968,-63.325855,0.0016129921,0.0,0.0009677953,0
-71.22371,-62.551895,0.003484545,0.0,0.0020907272,0
-71.714905,-61.736046,0.013133095,0.07943564,0.039654113,0
-72.20283,-60.873722,0.005927267,0.25693458,0.1063302,0
-72.687256,-59.963356,0.37557748,0.34383333,0.3628798,1
-73.16762,-58.99849,0.98380935,0.76323855,0.8955811,3
-73.64371,-57.978363,0.9920587,0.99685293,0.9939764,3
-74.114716,-56.894146,0.9875547,0.97780013,0.98365295,3
-74.580475,-55.745678,0.989042,0.752293,0.8943424,3
-75.04001,-54.522842,0.98875016,0.9641051,0.97889215,3
-75.49303,-53.224464,0.97605044,0.9130113,0.9508349,3
-75.93844,-51.840225,0.96893084,0.36773017,0.72845066,2
-76.37575,-50.36708,0.97932786,0.7900102,0.9036008,3
-76.8038,-48.7951,0.97432977,0.9977006,0.9836781,3
-77.221756,-47.11895,0.975338,0.48999107,0.7811992,3
-77.62843,-45.32981,0.96700734,0.78871745,0.8956914,3
-78.02258,-43.419785,0.91648716,0.029399585,0.5616521,2
-78.40299,-41.38223,0.0071061784,0.047768157,0.02337097,0
-78.76788,-39.20671,0.0040683714,0.0,0.002441023,0
-79.11614,-36.89032,0.0029493468,0.0,0.0017696081,0
-79.4453,-34.42074,0.0008778266,0.0,0.000526696,0
-79.754486,-31.80083,0.00069149106,0.0,0.00041489466,0
-80.04039,-29.018024,0.00064518733,0.0,0.0003871124,0
-80.30261,-26.082827,0.00063851464,0.0,0.0003831088,0
-80.53716,-22.986542,0.000639146,0.0,0.00038348764,0
-80.74391,-19.746868,0.00063830294,0.0,0.0003829818,0
-80.91905,-16.366291,0.0006383367,0.0,0.00038300204,0
-81.06236,-12.867433,0.0006383689,0.0,0.00038302134,0
-81.17085,-9.266496,0.00063837104,0.0,0.00038302265,0
-81.24431,-5.591252,0.00063837104,0.0,0.00038302265,0
-81.28108,-1.8690262,0.00063837104,0.0,0.00038302265,0
-81.28108,1.8690262,0.00063837104,0.0,0.00038302265,0
-81.24431,5.591252,0.00063837104,0.0,0.00038302265,0
-81.17085,9.266496,0.00063837104,0.0,0.00038302265,0
-81.06236,12.867433,0.00063837104,0.0,0.00038302265,0
-80.91905,16.366291,0.00063837104,0.0,0.00038302265,0
-80.74391,19.746868,0.00063837104,0.0,0.00038302265,0
-80.53716,22.986542,0.00063837104,0.0,0.00038302265,0
-80.30261,26.082827,0.00063837104,0.0,0.00038302265,0
-80.04039,29.018024,0.00063837104,0.0,0.00038302265,0
-79.754486,31.80083,0.00063837104,0.0,0.00038302265,0
-79.4453,34.42074,0.00063837104,0.0,0.00038302265,0
-79.11614,36.89032,0.00063837104,0.0,0.00038302265,0
-78.76788,39.20671,0.00063837104,0.0,0.00038302265,0
-78.40299,41.38223,0.00063837104,0.0,0.00038302265,0
-78.02258,43.419785,0.00063837104,0.0,0.00038302265,0
-77.62843,45.32981,0.00063837104,0.0,0.00038302265,0
-77.221756,47.11895,0.00063837104,0.0,0.00038302265,0
-76.8038,48.7951,0.00063837104,0.0,0.00038302265,0
-76.37575,50.36708,0.00063837104,0.0,0.00038302265,0
-75.93844,51.840225,0.00063837104,0.0,0.00038302265,0
-75.49303,53.224464,0.00063837104,0.0,0.00038302265,0
-75.04001,54.522842,0.00063837104,0.0,0.00038302265,0
-74.580475,55.745678,0.00063837104,0.0,0.00038302265,0
-74.114716,56.894146,0.00063837104,0.0,0.00038302265,0
-73.64371,57.978363,0.00063837104,0.0,0.00038302265,0
-73.16762,58.99849,0.00063837104,0.0,0.00038302265,0
-72.687256,59.963356,0.0006383814,0.0,0.00038302885,0
-72.20283,60.873722,0.00063831446,0.0,0.00038298868,0
-71.714905,61.736046,0.00063807215,0.0,0.0003828433,0
-71.22371,62.551895,0.000636712,0.0,0.0003820272,0
-70.72968,63.325855,0.00064172974,0.0,0.00038503786,0
-70.233055,64.06004,0.0006621734,0.0,0.00039730404,0
-69.73414,64.75758,0.0006268785,0.0,0.00037612714,0
-69.23318,65.42097,0.0010266727,0.0,0.00061600364,0
-68.730385,66.05214,0.0011171274,0.0,0.00067027647,0
-68.22601,66.65386,0.009760911,0.0,0.0058565466,0
-67.720184,67.22718,0.5693583,0.032689385,0.35469073,1
-67.213165,67.775,0.8358873,0.74313736,0.79878736,3
-66.705055,68.297676,0.91019386,0.99783653,0.945251,3
-66.19606,68.798164,0.9646583,0.7056717,0.8610637,3
-65.68626,69.276306,0.97891074,0.5680408,0.8145628,3
-65.17586,69.734924,0.98532087,0.030189814,0.60326844,2
-64.66492,70.173904,0.9868219,0.0,0.59209317,2
-64.1536,70.59546,0.97932935,0.0,0.5875976,2
-63.64199,70.99975,0.93465143,0.0,0.5607909,2
-63.13019,71.3884,0.73417234,0.0,0.44050342,1
-62.618305,71.76181,0.559705,0.0,0.33582303,1
-62.106407,72.121124,0.43266854,0.0,0.25960115,1
-61.59459,72.466965,0.36576474,0.0,0.21945885,0
-61.08293,72.80004,0.06315193,0.0,0.03789116,0
-60.571507,73.12115,0.0034616417,0.0,0.002076985,0
-60.060387,73.43068,0.0013507438,0.0,0.00081044633,0
-59.54963,73.72955,0.00078828324,0.0,0.00047296996,0
-59.039314,74.01789,0.0006543479,0.0,0.00039260875,0
-58.52948,74.2967,0.00064174965,0.0,0.00038504982,0
-58.02021,74.56589,0.00063614635,0.0,0.00038168783,0
-57.51152,74.82652,0.0006371329,0.0,0.00038227977,0
-57.0035,75.078384,0.00063821016,0.0,0.0003829261,0
-56.496178,75.32246,0.0006364444,0.0,0.00038186667,0
-55.989613,75.55864,0.0006385217,0.0,0.00038311302,0
-55.48383,75.78766,0.0006159132,0.0,0.00036954792,0
-54.97889,76.00955,0.00058596703,0.0,0.00035158024,0
-54.474823,76.22484,0.0006016315,0.0,0.00036097888,0
-53.971672,76.43367,0.00078726263,0.0,0.00047235758,0
-54.095024,-77.3328,0.0012575969,0.0,0.0007545582,0
-54.600388,-77.13683,0.0009086667,0.0,0.0005452,0
-55.10673,-76.93477,0.00062122586,0.0,0.00037273552,0
-55.614006,-76.726456,0.00063243276,0.0,0.00037945967,0
-56.122208,-76.51139,0.0006374557,0.0,0.00038247346,0
-56.63125,-76.28954,0.0006379955,0.0,0.0003827973,0
-57.141136,-76.06022,0.0006383699,0.0,0.00038302195,0
-57.651783,-75.82351,0.00063837104,0.0,0.00038302265,0
-58.16319,-75.57849,0.00063837104,0.0,0.00038302265,0
-58.67526,-75.32535,0.00063837104,0.0,0.00038302265,0
-59.18798,-75.06306,0.00063837104,0.0,0.00038302265,0
-59.701283,-74.79172,0.00063837104,0.0,0.00038302265,0
-60.21512,-74.51036,0.00063837104,0.0,0.00038302265,0
-60.729424,-74.218864,0.00063837104,0.0,0.00038302265,0
-61.24414,-73.91632,0.00063837104,0.0,0.00038302265,0
-61.7592,-73.60238,0.0006383729,0.0,0.00038302375,0
-62.274544,-73.27626,0.00063838053,0.0,0.00038302832,0
-62.79009,-72.93727,0.0006374287,0.0,0.00038245725,0
-63.305763,-72.58479,0.00063609995,0.0,0.00038165998,0
-63.821484,-72.21774,0.0006342572,0.0,0.00038055435,0
-64.337166,-71.83571,0.00062402827,0.0,0.00037441697,0
-64.852715,-71.43709,0.00063446246,0.0,0.0003806775,0
-65.36803,-71.02176,0.00071462133,0.0,0.00042877282,0
-65.882996,-70.587524,0.0009065368,0.0,0.0005439221,0
-66.39753,-70.13449,0.0015102028,0.0,0.0009061217,0
-66.91146,-69.6599,0.0036188802,0.0,0.0021713283,0
-67.424706,-69.16388,0.051157653,0.0,0.030694593,0
-67.93708,-68.643524,0.29393777,0.0,0.17636266,0
-68.44849,-68.098434,0.6020083,0.0,0.36120498,1
-68.95869,-67.525764,0.2181985,0.0,0.1309191,0
-69.46757,-66.924416,0.0071464963,0.0,0.004287898,0
-69.97488,-66.29165,0.0013083701,0.0,0.0007850221,0
-70.48044,-65.62547,0.0017351477,0.0,0.0010410886,0
-70.98402,-64.923355,0.000621333,0.0,0.00037279984,0
-71.48532,-64.18214,0.00080813596,0.0,0.0004848816,0
-71.984116,-63.399605,0.0011825671,0.0,0.00070954027,0
-72.480034,-62.571087,0.0017221629,0.0,0.0010332979,0
-72.972824,-61.694878,0.013301514,0.0,0.007980909,0
-73.46195,-60.764355,0.013396826,0.031295437,0.020556271,0
-73.94724,-59.778538,0.98288757,0.13188301,0.6424858,2
-74.42792,-58.728317,0.98879445,0.18713626,0.6681312,2
-74.903786,-57.61322,0.9835143,0.6607024,0.8543896,3
-75.37395,-56.422638,0.96745443,0.97697955,0.97126454,3
-75.83809,-55.15497,0.6868198,0.70738167,0.6950445,2
-76.29517,-53.799137,0.24200672,0.85812336,0.4884534,1
-76.74468,-52.35143,0.0051312814,0.13161775,0.055725873,0
-77.18548,-50.80085,0.0038883106,0.08916085,0.037997328,0
-77.616745,-49.141052,0.004199224,0.017982528,0.009712545,0
-78.03726,-47.361786,0.0051736473,0.02708663,0.0139388405,0
-78.44575,-45.453583,0.008531616,0.0,0.00511897,0
-78.84096,-43.408054,0.0032031122,0.0,0.0019218674,0
-79.22104,-41.21246,0.0016751662,0.0,0.0010050997,0
-79.58479,-38.861996,0.0009648923,0.0,0.0005789354,0
-79.9296,-36.341183,0.00071472273,0.0,0.00042883365,0
-80.25444,-33.651245,0.00066820666,0.0,0.000400924,0
-80.555786,-30.775772,0.0006472175,0.0,0.00038833052,0
-80.833015,-27.724579,0.0006392045,0.0,0.00038352274,0
-81.08174,-24.485325,0.0006383957,0.0,0.00038303746,0
-81.301636,-21.076637,0.00063832663,0.0,0.000382996,0
-81.488434,-17.49955,0.00063835067,0.0,0.00038301043,0
-81.64164,-13.779629,0.00063837046,0.0,0.0003830223,0
-81.75787,-9.935343,0.00063837104,0.0,0.00038302265,0
-81.83668,-5.999878,0.00063837104,0.0,0.00038302265,0
-81.876175,-2.0064812,0.00063837104,0.0,0.00038302265,0
-81.876175,2.0064812,0.00063837104,0.0,0.00038302265,0
-81.83668,5.999878,0.00063837104,0.0,0.00038302265,0
-81.75787,9.935343,0.00063837104,0.0,0.00038302265,0
-81.64164,13.779629,0.00063837104,0.0,0.00038302265,0
-81.488434,17.49955,0.00063837104,0.0,0.00038302265,0
-81.301636,21.076637,0.00063837104,0.0,0.00038302265,0
-81.08174,24.485325,0.00063837104,0.0,0.00038302265,0
-80.833015,27.724579,0.00063837104,0.0,0.00038302265,0
-80.555786,30.775772,0.00063837104,0.0,0.00038302265,0
-80.25444,33.651245,0.00063837104,0.0,0.00038302265,0
-79.9296,36.341183,0.00063837104,0.0,0.00038302265,0
-79.58479,38.861996,0.00063837104,0.0,0.00038302265,0
-79.22104,41.21246,0.00063837104,0.0,0.00038302265,0
-78.84096,43.408054,0.00063837104,0.0,0.00038302265,0
-78.44575,45.453583,0.00063837104,0.0,0.00038302265,0
-78.03726,47.361786,0.00063837104,0.0,0.00038302265,0
-77.616745,49.141052,0.00063837104,0.0,0.00038302265,0
-77.18548,50.80085,0.00063837104,0.0,0.00038302265,0
-76.74468,52.35143,0.00063837104,0.0,0.00038302265,0
-76.29517,53.799137,0.00063837104,0.0,0.00038302265,0
-75.83809,55.15497,0.00063837104,0.0,0.00038302265,0
-75.37395,56.422638,0.00063837104,0.0,0.00038302265,0
-74.903786,57.61322,0.00063837104,0.0,0.00038302265,0
-74.42792,58.728317,0.00063837104,0.0,0.00038302265,0
-73.94724,59.778538,0.00063837104,0.0,0.00038302265,0
-73.46195,60.764355,0.00063837104,0.0,0.00038302265,0
-72.972824,61.694878,0.00063838443,0.0,0.00038303068,0
-72.480034,62.571087,0.0006381454,0.0,0.00038288723,0
-71.984116,63.399605,0.00063807965,0.0,0.00038284782,0
-71.48532,64.18214,0.000636641,0.0,0.0003819846,0
-70.98402,64.923355,0.00064422074,0.0,0.00038653245,0
-70.48044,65.62547,0.0006441769,0.0,0.00038650617,0
-69.97488,66.29165,0.00064375857,0.0,0.00038625515,0
-69.46757,66.924416,0.0008386412,0.0,0.00050318474,0
-68.95869,67.525764,0.0012291337,0.0,0.00073748024,0
-68.44849,68.098434,0.006833003,0.0,0.004099802,0
-67.93708,68.643524,0.259354,0.019279368,0.16332416,0
-67.424706,69.16388,0.632318,0.32480708,0.5093137,2
-66.91146,69.6599,0.7640058,0.97167426,0.8470732,3
-66.39753,70.13449,0.94448,0.99892455,0.9662578,3
-65.882996,70.587524,0.9755111,0.9909093,0.9816704,3
-65.36803,71.02176,0.98126525,0.18826999,0.66406715,2
-64.852715,71.43709,0.9864053,0.014633311,0.5976965,2
-64.337166,71.83571,0.9764376,0.15995659,0.64984524,2
-63.821484,72.21774,0.93968433,0.037448335,0.57879,2
-63.305763,72.58479,0.7786836,0.0,0.46721017,1
-62.79009,72.93727,0.6385119,0.0,0.38310716,1
-62.274544,73.27626,0.5551656,0.0,0.33309937,1
-61.7592,73.60238,0.5719729,0.0,0.34318376,1
-61.24414,73.91632,0.3529604,0.0,0.21177626,0
-60.729424,74.218864,0.014286076,0.0,0.008571646,0
-60.21512,74.51036,0.0013964562,0.0,0.0008378737,0
-59.701283,74.79172,0.00096653606,0.0,0.00057992165,0
-59.18798,75.06306,0.000655961,0.0,0.0003935766,0
-58.67526,75.32535,0.00064344704,0.0,0.00038606825,0
-58.16319,75.57849,0.00063580845,0.0,0.0003814851,0
-57.651783,75.82351,0.0006362852,0.0,0.00038177113,0
-57.141136,76.06022,0.00063790276,0.0,0.00038274168,0
-56.63125,76.28954,0.00063637766,0.0,0.00038182663,0
-56.122208,76.51139,0.00063852227,0.0,0.00038311337,0
-55.614006,76.726456,0.0006159152,0.0,0.00036954915,0
-55.10673,76.93477,0.00058596703,0.0,0.00035158024,0
-54.600388,77.13683,0.0006016315,0.0,0.00036097888,0
-54.095024,77.3328,0.00078726263,0.0,0.00047235758,0
-54.210136,-78.2383,0.0012575969,0.0,0.0007545582,0
-54.71757,-78.05549,0.0009086667,0.0,0.0005452,0
-55.22606,-77.86694,0.00062122586,0.0,0.00037273552,0
-55.73554,-77.67253,0.00063243276,0.0,0.00037945967,0
-56.246,-77.47178,0.0006374557,0.0,0.00038247346,0
-56.757378,-77.26463,0.0006379955,0.0,0.0003827973,0
-57.26967,-77.05045,0.0006383699,0.0,0.00038302195,0
-57.782784,-76.82933,0.00063837104,0.0,0.00038302265,0
-58.296753,-76.60036,0.00063837104,0.0,0.00038302265,0
-58.811455,-76.36373,0.00063837104,0.0,0.00038302265,0
-59.326904,-76.11847,0.00063837104,0.0,0.00038302265,0
-59.843014,-75.864685,0.00063837104,0.0,0.00038302265,0
-60.359764,-75.6014,0.00063837104,0.0,0.00038302265,0
-60.87707,-75.32855,0.00063837104,0.0,0.00038302265,0
-61.3949,-75.04525,0.00063837104,0.0,0.00038302265,0
-61.913177,-74.75116,0.0006383738,0.0,0.00038302428,0
-62.43185,-74.44552,0.0006383516,0.0,0.00038301098,0
-62.95085,-74.12767,0.00063705735,0.0,0.00038223443,0
-63.470108,-73.79702,0.00063606113,0.0,0.0003816367,0
-63.98954,-73.452515,0.00063318515,0.0,0.0003799111,0
-64.50908,-73.09376,0.0006199835,0.0,0.0003719901,0
-65.02863,-72.7192,0.0006367623,0.0,0.0003820574,0
-65.54811,-72.32871,0.00075769034,0.0,0.00045461423,0
-66.06742,-71.92016,0.0010110567,0.0,0.0006066341,0
-66.58647,-71.493645,0.0015966797,0.0,0.0009580078,0
-67.10511,-71.04648,0.003975029,0.0,0.0023850175,0
-67.62326,-70.57878,0.012205206,0.0,0.007323124,0
-68.140755,-70.087685,0.3432696,0.0,0.20596176,0
-68.65749,-69.5728,0.7659892,0.0,0.45959353,1
-69.17328,-69.03132,0.87804925,0.0,0.5268296,2
-69.687996,-68.46213,0.012294421,0.0,0.0073766527,0
-70.201416,-67.862526,0.0015661385,0.0,0.0009396831,0
-70.71338,-67.2305,0.000943071,0.0,0.0005658426,0
-71.22366,-66.5635,0.0009203272,0.0,0.00055219635,0
-71.732,-65.85837,0.0007498254,0.0,0.00044989525,0
-72.23818,-65.1128,0.000759949,0.0,0.0004559694,0
-72.74185,-64.322105,0.00068339426,0.0,0.00041003656,0
-73.2428,-63.48444,0.0013892389,0.0,0.00083354337,0
-73.7405,-62.593082,0.0029200895,0.0,0.0017520537,0
-74.2348,-61.646843,0.011507108,0.0,0.006904265,0
-74.72497,-60.636406,0.9525272,0.0,0.57151634,2
-75.21084,-59.560986,0.14524838,0.014037871,0.09276418,0
-75.69153,-58.409573,0.005700505,0.07889809,0.03497954,0
-76.16674,-57.18009,0.009506124,0.015866728,0.012050366,0
-76.635506,-55.860813,0.0072010625,0.048132643,0.023573697,0
-77.097275,-54.447315,0.0018572625,0.0,0.0011143575,0
-77.55097,-52.92755,0.0013620231,0.0,0.00081721385,0
-77.995766,-51.29406,0.0012099786,0.0,0.0007259872,0
-78.430435,-49.535103,0.0015954535,0.0,0.00095727213,0
-78.853714,-47.639473,0.0019300221,0.0,0.0011580134,0
-79.2643,-45.596783,0.001107885,0.0,0.000664731,0
-79.66031,-43.39165,0.0008338482,0.0,0.00050030893,0
-80.040405,-41.016888,0.0006575932,0.0,0.00039455594,0
-80.40191,-38.4532,0.0006146316,0.0,0.00036877897,0
-80.74361,-35.699467,0.00063189655,0.0,0.00037913796,0
-81.06172,-32.734352,0.0006386178,0.0,0.0003831707,0
-81.35539,-29.56619,0.00063861936,0.0,0.00038317163,0
-81.619865,-26.177574,0.000638368,0.0,0.00038302082,0
-81.85447,-22.587498,0.00063833914,0.0,0.0003830035,0
-82.05443,-18.79448,0.00063835795,0.0,0.0003830148,0
-82.21892,-14.827173,0.00063837104,0.0,0.00038302265,0
-82.34402,-10.706463,0.00063837104,0.0,0.00038302265,0
-82.42899,-6.4723034,0.00063837104,0.0,0.00038302265,0
-82.471634,-2.1656241,0.00063837104,0.0,0.00038302265,0
-82.471634,2.1656241,0.00063837104,0.0,0.00038302265,0
-82.42899,6.4723034,0.00063837104,0.0,0.00038302265,0
-82.34402,10.706463,0.00063837104,0.0,0.00038302265,0
-82.21892,14.827173,0.00063837104,0.0,0.00038302265,0
-82.05443,18.79448,0.00063837104,0.0,0.00038302265,0
-81.85447,22.587498,0.00063837104,0.0,0.00038302265,0
-81.619865,26.177574,0.00063837104,0.0,0.00038302265,0
-81.35539,29.56619,0.00063837104,0.0,0.00038302265,0
-81.06172,32.734352,0.00063837104,0.0,0.00038302265,0
-80.74361,35.699467,0.00063837104,0.0,0.00038302265,0
-80.40191,38.4532,0.00063837104,0.0,0.00038302265,0
-80.040405,41.016888,0.00063837104,0.0,0.00038302265,0
-79.66031,43.39165,0.00063837104,0.0,0.00038302265,0
-79.2643,45.596783,0.00063837104,0.0,0.00038302265,0
-78.853714,47.639473,0.00063837104,0.0,0.00038302265,0
-78.430435,49.535103,0.00063837104,0.0,0.00038302265,0
-77.995766,51.29406,0.00063837104,0.0,0.00038302265,0
-77.55097,52.92755,0.00063837104,0.0,0.00038302265,0
-77.097275,54.447315,0.00063837104,0.0,0.00038302265,0
-76.635506,55.860813,0.00063837104,0.0,0.00038302265,0
-76.16674,57.18009,0.00063837104,0.0,0.00038302265,0
-75.69153,58.409573,0.00063837104,0.0,0.00038302265,0
-75.21084,59.560986,0.00063837104,0.0,0.00038302265,0
-74.72497,60.636406,0.00063837104,0.0,0.00038302265,0
-74.2348,61.646843,0.00063837104,0.0,0.00038302265,0
-73.7405,62.593082,0.00063837104,0.0,0.00038302265,0
-73.2428,63.48444,0.00063839264,0.0,0.0003830356,0
-72.74185,64.322105,0.000637814,0.0,0.00038268842,0
-72.23818,65.1128,0.0006374309,0.0,0.00038245853,0
-71.732,65.85837,0.0006336409,0.0,0.00038018456,0
-71.22366,66.5635,0.0006443543,0.0,0.0003866126,0
-70.71338,67.2305,0.0006622403,0.0,0.0003973442,0
-70.201416,67.862526,0.0006701218,0.0,0.0004020731,0
-69.687996,68.46213,0.0008327132,0.0,0.00049962796,0
-69.17328,69.03132,0.0015456069,0.0,0.00092736416,0
-68.65749,69.5728,0.009350566,0.11543582,0.051784668,0
-68.140755,70.087685,0.33502996,0.7684445,0.5083958,2
-67.62326,70.57878,0.7818992,0.8085302,0.79255164,3
-67.10511,71.04648,0.8360936,0.98997426,0.8976459,3
-66.58647,71.493645,0.9354642,0.9505168,0.9414853,3
-66.06742,71.92016,0.965059,0.70162207,0.8596842,3
-65.54811,72.32871,0.97052705,0.9872561,0.97721875,3
-65.02863,72.7192,0.97171164,0.55231524,0.8039531,3
-64.50908,73.09376,0.9751688,0.9862999,0.9796213,3
-63.98954,73.452515,0.94887316,0.5324803,0.782316,3
-63.470108,73.79702,0.79068404,0.2645209,0.5802188,2
-62.95085,74.12767,0.74232435,0.016898103,0.45215386,1
-62.43185,74.44552,0.7218549,0.0,0.43311298,1
-61.913177,74.75116,0.6314447,0.0,0.37886682,1
-61.3949,75.04525,0.50823915,0.0,0.3049435,1
-60.87707,75.32855,0.015261393,0.0,0.009156836,0
-60.359764,75.6014,0.00163437,0.0,0.000980622,0
-59.843014,75.864685,0.0010139714,0.0,0.00060838286,0
-59.326904,76.11847,0.00072295417,0.0,0.0004337725,0
-58.811455,76.36373,0.00064109097,0.0,0.0003846546,0
-58.296753,76.60036,0.00063698995,0.0,0.00038219398,0
-57.782784,76.82933,0.00063530146,0.0,0.0003811809,0
-57.26967,77.05045,0.00063721277,0.0,0.00038232768,0
-56.757378,77.26463,0.00063623604,0.0,0.00038174164,0
-56.246,77.47178,0.00063850614,0.0,0.0003831037,0
-55.73554,77.67253,0.000615919,0.0,0.00036955142,0
-55.22606,77.86694,0.0005859679,0.0,0.00035158076,0
-54.71757,78.05549,0.0006016315,0.0,0.00036097888,0
-54.210136,78.2383,0.00078726263,0.0,0.00047235758,0
-54.316742,-79.14987,0.0012575969,0.0,0.0007545582,0
-54.826115,-78.9805,0.0009086667,0.0,0.0005452,0
-55.336594,-78.805786,0.00062122586,0.0,0.00037273552,0
-55.848118,-78.625595,0.00063243276,0.0,0.00037945967,0
-56.360695,-78.43947,0.0006374557,0.0,0.00038247346,0
-56.874245,-78.24739,0.0006379955,0.0,0.0003827973,0
-57.388786,-78.04875,0.0006383699,0.0,0.00038302195,0
-57.904213,-77.84359,0.00063837104,0.0,0.00038302265,0
-58.420567,-77.6311,0.00063837104,0.0,0.00038302265,0
-58.937737,-77.41145,0.00063837104,0.0,0.00038302265,0
-59.455734,-77.18373,0.00063837104,0.0,0.00038302265,0
-59.974472,-76.948,0.00063837104,0.0,0.00038302265,0
-60.493942,-76.703384,0.00063837104,0.0,0.00038302265,0
-61.01406,-76.449776,0.00063837104,0.0,0.00038302265,0
-61.5348,-76.18637,0.00063837104,0.0,0.00038302265,0
-62.05609,-75.91281,0.00063837564,0.0,0.0003830254,0
-62.577892,-75.6284,0.00063827675,0.0,0.00038296607,0
-63.100136,-75.332504,0.00063663156,0.0,0.00038197896,0
-63.62275,-75.02455,0.0006355412,0.0,0.00038132476,0
-64.14569,-74.70354,0.000630738,0.0,0.0003784428,0
-64.668846,-74.369064,0.00061566196,0.0,0.0003693972,0
-65.192184,-74.019684,0.00064978,0.0,0.00038986802,0
-65.71559,-73.65521,0.00079670904,0.0,0.00047802544,0
-66.23898,-73.27365,0.0010658096,0.0,0.0006394858,0
-66.76229,-72.87505,0.0018448549,0.0,0.001106913,0
-67.285385,-72.45685,0.0068061003,0.0,0.0040836604,0
-67.80817,-72.019104,0.10907929,0.0,0.06544758,0
-68.33052,-71.5591,0.5733052,0.0,0.3439831,1
-68.85232,-71.0764,0.10648268,0.0,0.06388961,0
-69.37341,-70.56827,0.009509236,0.0,0.0057055415,0
-69.893684,-70.033615,0.0071152006,0.0,0.0042691207,0
-70.41294,-69.469765,0.0012669818,0.0,0.00076018914,0
-70.93101,-68.87474,0.0011290223,0.0,0.0006774134,0
-71.44771,-68.246,0.00071748253,0.0,0.00043048954,0
-71.96279,-67.5804,0.00087267725,0.0,0.0005236064,0
-72.47606,-66.87561,0.00081010436,0.0,0.00048606264,0
-72.98721,-66.12693,0.00085757824,0.0,0.000514547,0
-73.49602,-65.33243,0.00067170657,0.0,0.00040302397,0
-74.002045,-64.485344,0.0012695387,0.0,0.0007617232,0
-74.5051,-63.584312,0.004132439,0.0,0.0024794634,0
-75.00453,-62.619896,0.021228407,0.0,0.012737044,0
-75.50018,-61.591015,0.004094145,0.0,0.002456487,0
-75.99123,-60.48635,0.0027727277,0.0,0.0016636368,0
-76.47737,-59.30342,0.0020622136,0.0,0.0012373282,0
-76.95771,-58.02987,0.0017483731,0.0,0.0010490239,0
-77.431725,-56.66059,0.0010226347,0.0,0.0006135808,0
-77.89836,-55.182556,0.0007472695,0.0,0.0004483617,0
-78.35681,-53.587166,0.00062605063,0.0,0.0003756304,0
-78.80588,-51.861137,0.00058447354,0.0,0.00035068413,0
-79.24431,-49.991383,0.0006231543,0.0,0.00037389257,0
-79.670784,-47.965332,0.0005883387,0.0,0.00035300324,0
-80.083374,-45.76458,0.0006074463,0.0,0.0003644678,0
-80.4807,-43.37905,0.00058700144,0.0,0.00035220088,0
-80.85996,-40.784897,0.0006124239,0.0,0.00036745434,0
-81.21976,-37.97775,0.00063349213,0.0,0.0003800953,0
-81.55614,-34.929955,0.0006385725,0.0,0.00038314352,0
-81.867905,-31.647182,0.00063829654,0.0,0.00038297795,0
-82.14992,-28.104961,0.00063834427,0.0,0.00038300658,0
-82.401085,-24.321598,0.0006383598,0.0,0.0003830159,0
-82.61606,-20.291307,0.00063836377,0.0,0.00038301828,0
-82.7935,-16.045677,0.00063837104,0.0,0.00038302265,0
-82.92889,-11.607946,0.00063837104,0.0,0.00038302265,0
-83.02108,-7.0265794,0.00063837104,0.0,0.00038302265,0
-83.067406,-2.3526845,0.00063837104,0.0,0.00038302265,0
-83.067406,2.3526845,0.00063837104,0.0,0.00038302265,0
-83.02108,7.0265794,0.00063837104,0.0,0.00038302265,0
-82.92889,11.607946,0.00063837104,0.0,0.00038302265,0
-82.7935,16.045677,0.00063837104,0.0,0.00038302265,0
-82.61606,20.291307,0.00063837104,0.0,0.00038302265,0
-82.401085,24.321598,0.00063837104,0.0,0.00038302265,0
-82.14992,28.104961,0.00063837104,0.0,0.00038302265,0
-81.867905,31.647182,0.00063837104,0.0,0.00038302265,0
-81.55614,34.929955,0.00063837104,0.0,0.00038302265,0
-81.21976,37.97775,0.00063837104,0.0,0.00038302265,0
-80.85996,40.784897,0.00063837104,0.0,0.00038302265,0
-80.4807,43.37905,0.00063837104,0.0,0.00038302265,0
-80.083374,45.76458,0.00063837104,0.0,0.00038302265,0
-79.670784,47.965332,0.00063837104,0.0,0.00038302265,0
-79.24431,49.991383,0.00063837104,0.0,0.00038302265,0
-78.80588,51.861137,0.00063837104,0.0,0.00038302265,0
-78.35681,53.587166,0.00063837104,0.0,0.00038302265,0
-77.89836,55.182556,0.00063837104,0.0,0.00038302265,0
-77.431725,56.66059,0.00063837104,0.0,0.00038302265,0
-76.95771,58.02987,0.00063837104,0.0,0.00038302265,0
-76.47737,59.30342,0.00063837104,0.0,0.00038302265,0
-75.99123,60.48635,0.00063837104,0.0,0.00038302265,0
-75.50018,61.591015,0.00063837104,0.0,0.00038302265,0
-75.00453,62.619896,0.00063837104,0.0,0.00038302265,0
-74.5051,63.584312,0.00063837104,0.0,0.00038302265,0
-74.002045,64.485344,0.00063837104,0.0,0.00038302265,0
-73.49602,65.33243,0.0006383994,0.0,0.00038303965,0
-72.98721,66.12693,0.0006374427,0.0,0.00038246563,0
-72.47606,66.87561,0.0006367132,0.0,0.0003820279,0
-71.96279,67.5804,0.00062669604,0.0,0.00037601765,0
-71.44771,68.246,0.00062029314,0.0,0.0003721759,0
-70.93101,68.87474,0.0006335727,0.0,0.00038014364,0
-70.41294,69.469765,0.0006570278,0.0,0.0003942167,0
-69.893684,70.033615,0.000997944,0.0,0.00059876643,0
-69.37341,70.56827,0.0017669566,0.0,0.0010601741,0
-68.85232,71.0764,0.009431673,0.110540316,0.04987513,0
-68.33052,71.5591,0.6205944,0.6000936,0.6123941,2
-67.80817,72.019104,0.9307576,0.6406712,0.814723,3
-67.285385,72.45685,0.9431953,0.9022722,0.9268261,3
-66.76229,72.87505,0.9421637,0.9517529,0.9459994,3
-66.23898,73.27365,0.9467257,0.7988366,0.88757014,3
-65.71559,73.65521,0.95587546,0.96944946,0.96130514,3
-65.192184,74.019684,0.95738614,0.99797636,0.97362226,3
-64.668846,74.369064,0.9571947,0.94753903,0.9533325,3
-64.14569,74.70354,0.89862907,0.9843322,0.9329103,3
-63.62275,75.02455,0.79430884,0.9430758,0.8538157,3
-63.100136,75.332504,0.73223543,0.1465696,0.49796912,1
-62.577892,75.6284,0.69780767,0.2936567,0.5361473,2
-62.05609,75.91281,0.59980816,0.118690625,0.40736118,1
-61.5348,76.18637,0.4504448,0.0,0.2702669,1
-61.01406,76.449776,0.021856625,0.0,0.0131139755,0
-60.493942,76.703384,0.0022645646,0.0,0.0013587389,0
-59.974472,76.948,0.0011509291,0.0,0.0006905575,0
-59.455734,77.18373,0.00084102433,0.0,0.0005046146,0
-58.937737,77.41145,0.0006622072,0.0,0.00039732433,0
-58.420567,77.6311,0.0006409626,0.0,0.00038457758,0
-57.904213,77.84359,0.0006358151,0.0,0.00038148908,0
-57.388786,78.04875,0.00063651387,0.0,0.00038190835,0
-56.874245,78.24739,0.00063593994,0.0,0.000381564,0
-56.360695,78.43947,0.0006384459,0.0,0.00038306756,0
-55.848118,78.625595,0.00061591936,0.0,0.00036955162,0
-55.336594,78.805786,0.00058596843,0.0,0.00035158108,0
-54.826115,78.9805,0.0006016315,0.0,0.00036097888,0
-54.316742,79.14987,0.00078726263,0.0,0.00047235758,0
-54.415073,-80.06692,0.0012575969,0.0,0.0007545582,0
-54.926247,-79.911224,0.0009086667,0.0,0.0005452,0
-55.438576,-79.75061,0.00062122586,0.0,0.00037273552,0
-55.952003,-79.584915,0.00063243276,0.0,0.00037945967,0
-56.46654,-79.41375,0.0006374557,0.0,0.00038247346,0
-56.98211,-79.23705,0.0006379955,0.0,0.0003827973,0
-57.498734,-79.05426,0.0006383699,0.0,0.00038302195,0
-58.016315,-78.865456,0.00063837104,0.0,0.00038302265,0
-58.534885,-78.66985,0.00063837104,0.0,0.00038302265,0
-59.054348,-78.4676,0.00063837104,0.0,0.00038302265,0
-59.574715,-78.25785,0.00063837104,0.0,0.00038302265,0
-60.095898,-78.040665,0.00063837104,0.0,0.00038302265,0
-60.617897,-77.815216,0.00063837104,0.0,0.00038302265,0
-61.140633,-77.58141,0.00063837104,0.0,0.00038302265,0
-61.664093,-77.33849,0.00063837104,0.0,0.00038302265,0
-62.188198,-77.08612,0.0006383781,0.0,0.00038302687,0
-62.712914,-76.82363,0.00063818553,0.0,0.00038291133,0
-63.238182,-76.55042,0.00063631305,0.0,0.00038178786,0
-63.76394,-76.265976,0.0006343944,0.0,0.00038063666,0
-64.29014,-75.969315,0.00062584784,0.0,0.0003755087,0
-64.8167,-75.660065,0.0006121414,0.0,0.00036728484,0
-65.34357,-75.336876,0.00066512334,0.0,0.00039907402,0
-65.87065,-74.99953,0.0008076472,0.0,0.00048458832,0
-66.39788,-74.64616,0.0011027829,0.0,0.00066166976,0
-66.92519,-74.27678,0.0026558456,0.0,0.0015935075,0
-67.45246,-73.88897,0.015718833,0.0,0.0094313,0
-67.97961,-73.48275,0.38253188,0.0,0.22951914,0
-68.50652,-73.05554,0.5915833,0.0,0.35495,1
-69.03311,-72.606865,0.93853974,0.0,0.5631239,2
-69.55922,-72.13414,0.53186417,0.0,0.3191185,1
-70.08474,-71.63625,0.007373444,0.0,0.0044240663,0
-70.609505,-71.11065,0.0017370716,0.0,0.001042243,0
-71.13337,-70.55536,0.0014314272,0.0,0.00085885637,0
-71.656166,-69.96789,0.0009976024,0.0,0.0005985614,0
-72.17768,-69.34513,0.0010347157,0.0,0.0006208294,0
-72.69772,-68.684784,0.00097418495,0.0,0.00058451097,0
-73.21601,-67.982216,0.0008537096,0.0,0.0005122258,0
-73.73237,-67.2354,0.0011206458,0.0,0.0006723875,0
-74.24638,-66.43764,0.0006156074,0.0,0.00036936448,0
-74.75788,-65.58742,0.0011995878,0.0,0.00071975274,0
-75.26629,-64.67528,0.002126196,0.0,0.0012757176,0
-75.77142,-63.69988,0.0011831124,0.0,0.00070986745,0
-76.27256,-62.649734,0.0009818297,0.0,0.00058909785,0
-76.76942,-61.521946,0.0007560941,0.0,0.00045365648,0
-77.26115,-60.30371,0.0007017122,0.0,0.00042102733,0
-77.74725,-58.989285,0.0006964802,0.0,0.00041788814,0
-78.22676,-57.56473,0.0006936894,0.0,0.00041621365,0
-78.69888,-56.020344,0.0006751421,0.0,0.00040508527,0
-79.16247,-54.34133,0.00065189175,0.0,0.00039113508,0
-79.61629,-52.512688,0.0006140393,0.0,0.0003684236,0
-80.05902,-50.519463,0.00059754093,0.0,0.00035852456,0
-80.48877,-48.33999,0.0005906516,0.0,0.00035439097,0
-80.904076,-45.960808,0.0006157791,0.0,0.00036946745,0
-81.302086,-43.352745,0.0006343228,0.0,0.0003805937,0
-81.68122,-40.50717,0.0006372301,0.0,0.0003823381,0
-82.037346,-37.388523,0.0006382336,0.0,0.0003829402,0
-82.36893,-33.998238,0.0006382302,0.0,0.00038293813,0
-82.67041,-30.30211,0.0006383312,0.0,0.00038299875,0
-82.94022,-26.316034,0.0006383696,0.0,0.00038302178,0
-83.17231,-22.027208,0.0006383686,0.0,0.00038302116,0
-83.364716,-17.469404,0.00063837104,0.0,0.00038302265,0
-83.51211,-12.667647,0.00063837104,0.0,0.00038302265,0
-83.61276,-7.6809793,0.00063837104,0.0,0.00038302265,0
-83.66343,-2.574033,0.00063837104,0.0,0.00038302265,0
-83.66343,2.574033,0.00063837104,0.0,0.00038302265,0
-83.61276,7.6809793,0.00063837104,0.0,0.00038302265,0
-83.51211,12.667647,0.00063837104,0.0,0.00038302265,0
-83.364716,17.469404,0.00063837104,0.0,0.00038302265,0
-83.17231,22.027208,0.00063837104,0.0,0.00038302265,0
-82.94022,26.316034,0.00063837104,0.0,0.00038302265,0
-82.67041,30.30211,0.00063837104,0.0,0.00038302265,0
-82.36893,33.998238,0.00063837104,0.0,0.00038302265,0
-82.037346,37.388523,0.00063837104,0.0,0.00038302265,0
-81.68122,40.50717,0.00063837104,0.0,0.00038302265,0
-81.302086,43.352745,0.00063837104,0.0,0.00038302265,0
-80.904076,45.960808,0.00063837104,0.0,0.00038302265,0
-80.48877,48.33999,0.00063837104,0.0,0.00038302265,0
-80.05902,50.519463,0.00063837104,0.0,0.00038302265,0
-79.61629,52.512688,0.00063837104,0.0,0.00038302265,0
-79.16247,54.34133,0.00063837104,0.0,0.00038302265,0
-78.69888,56.020344,0.00063837104,0.0,0.00038302265,0
-78.22676,57.56473,0.00063837104,0.0,0.00038302265,0
-77.74725,58.989285,0.00063837104,0.0,0.00038302265,0
-77.26115,60.30371,0.00063837104,0.0,0.00038302265,0
-76.76942,61.521946,0.00063837104,0.0,0.00038302265,0
-76.27256,62.649734,0.00063837104,0.0,0.00038302265,0
-75.77142,63.69988,0.00063837104,0.0,0.00038302265,0
-75.26629,64.67528,0.00063837104,0.0,0.00038302265,0
-74.75788,65.58742,0.00063837104,0.0,0.00038302265,0
-74.24638,66.43764,0.00063837104,0.0,0.00038302265,0
-73.73237,67.2354,0.0006384045,0.0,0.00038304273,0
-73.21601,67.982216,0.0006372911,0.0,0.00038237468,0
-72.69772,68.684784,0.0006367022,0.0,0.00038202136,0
-72.17768,69.34513,0.00062719494,0.0,0.00037631698,0
-71.656166,69.96789,0.0006113441,0.0,0.0003668065,0
-71.13337,70.55536,0.0006016343,0.0,0.0003609806,0
-70.609505,71.11065,0.000887629,0.0,0.0005325774,0
-70.08474,71.63625,0.0032704636,0.0,0.0019622783,0
-69.55922,72.13414,0.01877911,0.03709441,0.02610523,0
-69.03311,72.606865,0.014392526,0.12835751,0.059978522,0
-68.50652,73.05554,0.62376916,0.04838242,0.39361447,1
-67.97961,73.48275,0.9188117,0.89520097,0.90936744,3
-67.45246,73.88897,0.9532702,0.940793,0.9482793,3
-66.92519,74.27678,0.9304229,0.97799796,0.949453,3
-66.39788,74.64616,0.92847806,0.99985975,0.9570308,3
-65.87065,74.99953,0.9070202,0.8627098,0.88929605,3
-65.34357,75.336876,0.91563,0.99007714,0.94540894,3
-64.8167,75.660065,0.9252488,0.99223715,0.9520442,3
-64.29014,75.969315,0.8058388,0.453277,0.6648141,2
-63.76394,76.265976,0.73623425,0.78151834,0.7543479,3
-63.238182,76.55042,0.70574,0.9872215,0.8183326,3
-62.712914,76.82363,0.64239556,0.8822581,0.7383406,2
-62.188198,77.08612,0.5443933,0.83175313,0.6593373,2
-61.664093,77.33849,0.3565707,0.102783665,0.2550559,1
-61.140633,77.58141,0.022373779,0.042208295,0.030307587,0
-60.617897,77.815216,0.003774067,0.027525675,0.01327471,0
-60.095898,78.040665,0.0013854429,0.0,0.00083126576,0
-59.574715,78.25785,0.0010113028,0.0,0.0006067817,0
-59.054348,78.4676,0.00072593073,0.0,0.00043555847,0
-58.534885,78.66985,0.00064562773,0.0,0.00038737667,0
-58.016315,78.865456,0.0006367123,0.0,0.00038202739,0
-57.498734,79.05426,0.0006359496,0.0,0.0003815698,0
-56.98211,79.23705,0.00063528656,0.0,0.00038117197,0
-56.46654,79.41375,0.0006383598,0.0,0.0003830159,0
-55.952003,79.584915,0.0006158999,0.0,0.00036953998,0
-55.438576,79.75061,0.0005859704,0.0,0.00035158225,0
-54.926247,79.911224,0.0006016315,0.0,0.00036097888,0
-54.415073,80.06692,0.00078726263,0.0,0.00047235758,0
-54.50461,-80.989265,0.0012575969,0.0,0.0007545582,0
-55.017426,-80.84753,0.0009086667,0.0,0.0005452,0
-55.53144,-80.70126,0.00062122586,0.0,0.00037273552,0
-56.046608,-80.550354,0.00063243276,0.0,0.00037945967,0
-56.562946,-80.394424,0.0006374557,0.0,0.00038247346,0
-57.080368,-80.233444,0.0006379955,0.0,0.0003827973,0
-57.5989,-80.066864,0.0006383699,0.0,0.00038302195,0
-58.118446,-79.89476,0.00063837104,0.0,0.00038302265,0
-58.639053,-79.71642,0.00063837104,0.0,0.00038302265,0
-59.160614,-79.53198,0.00063837104,0.0,0.00038302265,0
-59.68316,-79.340645,0.00063837104,0.0,0.00038302265,0
-60.20659,-79.14249,0.00063837104,0.0,0.00038302265,0
-60.73092,-78.93673,0.00063837075,0.0,0.00038302247,0
-61.256065,-78.72328,0.00063837075,0.0,0.00038302247,0
-61.782013,-78.50143,0.0006383716,0.0,0.000383023,0
-62.30871,-78.270874,0.00063838356,0.0,0.00038303016,0
-62.836105,-78.03099,0.00063813536,0.0,0.00038288123,0
-63.364162,-77.78123,0.00063623604,0.0,0.00038174164,0
-63.892815,-77.521065,0.000634318,0.0,0.00038059082,0
-64.42203,-77.24964,0.00062414305,0.0,0.00037448585,0
-64.95172,-76.96656,0.00061210117,0.0,0.0003672607,0
-65.48185,-76.67056,0.0006723544,0.0,0.00040341268,0
-66.01234,-76.361465,0.00083762413,0.0,0.0005025745,0
-66.54312,-76.0375,0.0013345109,0.0,0.00080070656,0
-67.07413,-75.69867,0.0058461237,0.0,0.0035076744,0
-67.60527,-75.34268,0.13640887,0.0,0.08184532,0
-68.13647,-74.96957,0.49427623,0.0,0.29656574,1
-68.66763,-74.576866,0.5751647,0.0,0.34509882,1
-69.19866,-74.16414,0.8392221,0.0,0.50353324,2
-69.72943,-73.72892,0.9525752,0.0,0.5715451,2
-70.25986,-73.27012,0.015309962,0.0,0.009185978,0
-70.78979,-72.7853,0.008813703,0.0,0.0052882223,0
-71.31908,-72.27255,0.0035632167,0.0,0.0021379301,0
-71.84758,-71.72946,0.0029848076,0.0,0.0017908846,0
-72.37513,-71.153046,0.0027717128,0.0,0.0016630278,0
-72.90155,-70.541016,0.0018590647,0.0,0.0011154389,0
-73.42658,-69.88887,0.0009796867,0.0,0.00058781204,0
-73.95007,-69.194534,0.00081707747,0.0,0.0004902465,0
-74.47167,-68.45151,0.0008249615,0.0,0.00049497694,0
-74.99121,-67.65811,0.0007007435,0.0,0.00042044613,0
-75.50818,-66.80504,0.00094267656,0.0,0.00056560594,0
-76.0224,-65.89072,0.00068533915,0.0,0.0004112035,0
-76.53326,-64.90366,0.0006986014,0.0,0.00041916088,0
-77.04046,-63.840645,0.0006207574,0.0,0.00037245447,0
-77.54326,-62.688576,0.0005992148,0.0,0.0003595289,0
-78.04118,-61.441177,0.00060109183,0.0,0.0003606551,0
-78.53334,-60.083786,0.00061399426,0.0,0.00036839658,0
-79.01899,-58.605705,0.00062827393,0.0,0.00037696437,0
-79.49704,-56.99073,0.00063295104,0.0,0.00037977064,0
-79.96634,-55.222015,0.0006344673,0.0,0.0003806804,0
-80.42558,-53.28219,0.0006322655,0.0,0.00037935932,0
-80.87293,-51.146145,0.00063184893,0.0,0.00037910938,0
-81.30688,-48.796604,0.0006356624,0.0,0.00038139746,0
-81.72458,-46.19832,0.0006375797,0.0,0.00038254785,0
-82.12431,-43.33725,0.00063774805,0.0,0.00038264884,0
-82.501785,-40.16794,0.0006380505,0.0,0.0003828303,0
-82.85515,-36.68538,0.0006383285,0.0,0.00038299712,0
-83.17841,-32.841908,0.0006383516,0.0,0.00038301098,0
-83.469406,-28.647945,0.0006383689,0.0,0.00038302134,0
-83.72125,-24.079056,0.00063837046,0.0,0.0003830223,0
-83.93123,-19.169136,0.00063837104,0.0,0.00038302265,0
-84.092896,-13.943208,0.00063837104,0.0,0.00038302265,0
-84.203735,-8.473409,0.00063837104,0.0,0.00038302265,0
-84.25967,-2.842908,0.00063837104,0.0,0.00038302265,0
-84.25967,2.842908,0.00063837104,0.0,0.00038302265,0
-84.203735,8.473409,0.00063837104,0.0,0.00038302265,0
-84.092896,13.943208,0.00063837104,0.0,0.00038302265,0
-83.93123,19.169136,0.00063837104,0.0,0.00038302265,0
-83.72125,24.079056,0.00063837104,0.0,0.00038302265,0
-83.469406,28.647945,0.00063837104,0.0,0.00038302265,0
-83.17841,32.841908,0.00063837104,0.0,0.00038302265,0
-82.85515,36.68538,0.00063837104,0.0,0.00038302265,0
-82.501785,40.16794,0.00063837104,0.0,0.00038302265,0
-82.12431,43.33725,0.00063837104,0.0,0.00038302265,0
-81.72458,46.19832,0.00063837104,0.0,0.00038302265,0
-81.30688,48.796604,0.00063837104,0.0,0.00038302265,0
-80.87293,51.146145,0.00063837104,0.0,0.00038302265,0
-80.42558,53.28219,0.00063837104,0.0,0.00038302265,0
-79.96634,55.222015,0.00063837104,0.0,0.00038302265,0
-79.49704,56.99073,0.00063837104,0.0,0.00038302265,0
-79.01899,58.605705,0.00063837104,0.0,0.00038302265,0
-78.53334,60.083786,0.00063837104,0.0,0.00038302265,0
-78.04118,61.441177,0.00063837104,0.0,0.00038302265,0
-77.54326,62.688576,0.00063837104,0.0,0.00038302265,0
-77.04046,63.840645,0.00063837104,0.0,0.00038302265,0
-76.53326,64.90366,0.00063837104,0.0,0.00038302265,0
-76.0224,65.89072,0.00063837104,0.0,0.00038302265,0
-75.50818,66.80504,0.00063837104,0.0,0.00038302265,0
-74.99121,67.65811,0.00063837104,0.0,0.00038302265,0
-74.47167,68.45151,0.00063837104,0.0,0.00038302265,0
-73.95007,69.194534,0.0006384012,0.0,0.00038304072,0
-73.42658,69.88887,0.00063738227,0.0,0.00038242937,0
-72.90155,70.541016,0.000637536,0.0,0.00038252163,0
-72.37513,71.153046,0.00062854943,0.0,0.00037712968,0
-71.84758,71.72946,0.00060817186,0.0,0.00036490313,0
-71.31908,72.27255,0.00057855446,0.0,0.00034713268,0
-70.78979,72.7853,0.00093707,0.0,0.000562242,0
-70.25986,73.27012,0.010350426,0.030519838,0.018418191,0
-69.72943,73.72892,0.4023177,0.78978854,0.55730605,2
-69.19866,74.16414,0.7160398,0.99916923,0.8292916,3
-68.66763,74.576866,0.9489866,0.318763,0.69689715,2
-68.13647,74.96957,0.95603365,0.9973918,0.972577,3
-67.60527,75.34268,0.93458086,0.99833125,0.960081,3
-67.07413,75.69867,0.8887722,0.70251673,0.81427,3
-66.54312,76.0375,0.86843544,0.9550332,0.9030746,3
-66.01234,76.361465,0.8352769,0.9927585,0.89826953,3
-65.48185,76.67056,0.79108906,0.9342715,0.8483621,3
-64.95172,76.96656,0.7927024,0.9706642,0.86388713,3
-64.42203,77.24964,0.7179763,0.21102801,0.515197,2
-63.892815,77.521065,0.6169425,0.050702743,0.39044663,1
-63.364162,77.78123,0.5973736,0.15291525,0.4195903,1
-62.836105,78.03099,0.60701156,0.40149295,0.5248041,2
-62.30871,78.270874,0.46738034,0.99559504,0.67866623,2
-61.782013,78.50143,0.3594284,0.933741,0.5891534,2
-61.256065,78.72328,0.17716424,0.8304937,0.43849605,1
-60.73092,78.93673,0.009233073,0.55678815,0.22825511,0
-60.20659,79.14249,0.0018601101,0.022622647,0.010165125,0
-59.68316,79.340645,0.0012000375,0.0,0.00072002254,0
-59.160614,79.53198,0.00082417927,0.0,0.0004945076,0
-58.639053,79.71642,0.0006641194,0.0,0.00039847163,0
-58.118446,79.89476,0.0006381797,0.0,0.00038290783,0
-57.5989,80.066864,0.0006352203,0.0,0.0003811322,0
-57.080368,80.233444,0.00063447823,0.0,0.00038068695,0
-56.562946,80.394424,0.00063820166,0.0,0.00038292102,0
-56.046608,80.550354,0.00061587204,0.0,0.00036952324,0
-55.53144,80.70126,0.0005859701,0.0,0.00035158207,0
-55.017426,80.84753,0.0006016315,0.0,0.00036097888,0
-54.50461,80.989265,0.00078726263,0.0,0.00047235758,0
-54.58564,-81.91627,0.0012575969,0.0,0.0007545582,0
-55.09995,-81.78869,0.0009086667,0.0,0.0005452,0
-55.61551,-81.65701,0.00062122586,0.0,0.00037273552,0
-56.132263,-81.52113,0.00063243276,0.0,0.00037945967,0
-56.65023,-81.38072,0.0006374557,0.0,0.00038247346,0
-57.16934,-81.23571,0.0006379955,0.0,0.0003827973,0
-57.689606,-81.08565,0.0006383699,0.0,0.00038302195,0
-58.210953,-80.93057,0.00063837104,0.0,0.00038302265,0
-58.733418,-80.76984,0.00063837104,0.0,0.00038302265,0
-59.256886,-80.60358,0.00063837104,0.0,0.00038302265,0
-59.78141,-80.43106,0.00063837104,0.0,0.00038302265,0
-60.30689,-80.252335,0.00063837104,0.0,0.00038302265,0
-60.83334,-80.06673,0.00063837075,0.0,0.00038302247,0
-61.36068,-79.87411,0.0006383716,0.0,0.000383023,0
-61.888912,-79.67385,0.0006383735,0.0,0.0003830241,0
-62.41797,-79.4657,0.00063837104,0.0,0.00038302265,0
-62.94782,-79.24904,0.00063806144,0.0,0.00038283688,0
-63.478424,-79.02338,0.0006364232,0.0,0.00038185393,0
-64.00973,-78.78822,0.000635102,0.0,0.0003810612,0
-64.541695,-78.542786,0.0006254084,0.0,0.00037524503,0
-65.07426,-78.28673,0.00060930266,0.0,0.0003655816,0
-65.607376,-78.01885,0.0006734594,0.0,0.00040407563,0
-66.14098,-77.73899,0.0008558741,0.0,0.00051352446,0
-66.67503,-77.44552,0.0015918572,0.0,0.0009551143,0
-67.20944,-77.13841,0.011403041,0.0,0.006841825,0
-67.744156,-76.815575,0.2679688,0.0,0.1607813,0
-68.279076,-76.47699,0.5475346,0.0,0.32852077,1
-68.81415,-76.1204,0.6511354,0.0,0.39068124,1
-69.34927,-75.74534,0.85374236,0.0,0.5122454,2
-69.88436,-75.349525,0.14239052,0.0,0.08543432,0
-70.41931,-74.93194,0.8863661,0.0,0.5318197,2
-70.95401,-74.490234,0.1744809,0.0,0.10468855,0
-71.48833,-74.022644,0.18409845,0.0,0.110459074,0
-72.022156,-73.526855,0.052467026,0.0,0.031480215,0
-72.55531,-73.0,0.18026574,0.0,0.108159445,0
-73.08767,-72.4399,0.0070745926,0.0,0.004244756,0
-73.61901,-71.84221,0.0012398136,0.0,0.0007438882,0
-74.149185,-71.20494,0.0010658776,0.0,0.0006395266,0
-74.67791,-70.52176,0.0006611868,0.0,0.0003967121,0
-75.204994,-69.79096,0.00072197244,0.0,0.00043318348,0
-75.73005,-69.0035,0.0007213909,0.0,0.00043283455,0
-76.2529,-68.15766,0.00065965386,0.0,0.00039579233,0
-76.772995,-67.24214,0.00061605463,0.0,0.0003696328,0
-77.29009,-66.25345,0.00061559095,0.0,0.0003693546,0
-77.8035,-65.178474,0.0006303684,0.0,0.00037822107,0
-78.312836,-64.010506,0.0006325551,0.0,0.00037953307,0
-78.81726,-62.734444,0.00063316495,0.0,0.000379899,0
-79.316124,-61.33877,0.00063341483,0.0,0.0003800489,0
-79.80842,-59.806133,0.0006335491,0.0,0.0003801295,0
-80.29307,-58.118023,0.0006347404,0.0,0.00038084426,0
-80.768845,-56.25477,0.00063531596,0.0,0.0003811896,0
-81.234,-54.187912,0.0006368251,0.0,0.00038209508,0
-81.68704,-51.89608,0.00063731906,0.0,0.00038239144,0
-82.12519,-49.33751,0.0006375715,0.0,0.00038254293,0
-82.54659,-46.49157,0.00063822325,0.0,0.00038293397,0
-82.94693,-43.301056,0.0006382886,0.0,0.0003829732,0
-83.324005,-39.751778,0.0006383549,0.0,0.00038301296,0
-83.67142,-35.77797,0.0006383689,0.0,0.00038302134,0
-83.98638,-31.379997,0.00063837133,0.0,0.00038302282,0
-84.26107,-26.51474,0.00063837104,0.0,0.00038302265,0
-84.49171,-21.211802,0.00063837104,0.0,0.00038302265,0
-84.670456,-15.492052,0.00063837104,0.0,0.00038302265,0
-84.79364,-9.443014,0.00063837104,0.0,0.00038302265,0
-84.856026,-3.1732318,0.00063837104,0.0,0.00038302265,0
-84.856026,3.1732318,0.00063837104,0.0,0.00038302265,0
-84.79364,9.443014,0.00063837104,0.0,0.00038302265,0
-84.670456,15.492052,0.00063837104,0.0,0.00038302265,0
-84.49171,21.211802,0.00063837104,0.0,0.00038302265,0
-84.26107,26.51474,0.00063837104,0.0,0.00038302265,0
-83.98638,31.379997,0.00063837104,0.0,0.00038302265,0
-83.67142,35.77797,0.00063837104,0.0,0.00038302265,0
-83.324005,39.751778,0.00063837104,0.0,0.00038302265,0
-82.94693,43.301056,0.00063837104,0.0,0.00038302265,0
-82.54659,46.49157,0.00063837104,0.0,0.00038302265,0
-82.12519,49.33751,0.00063837104,0.0,0.00038302265,0
-81.68704,51.89608,0.00063837104,0.0,0.00038302265,0
-81.234,54.187912,0.00063837104,0.0,0.00038302265,0
-80.768845,56.25477,0.00063837104,0.0,0.00038302265,0
-80.29307,58.118023,0.00063837104,0.0,0.00038302265,0
-79.80842,59.806133,0.00063837104,0.0,0.00038302265,0
-79.316124,61.33877,0.00063837104,0.0,0.00038302265,0
-78.81726,62.734444,0.00063837104,0.0,0.00038302265,0
-78.312836,64.010506,0.00063837104,0.0,0.00038302265,0
-77.8035,65.178474,0.00063837104,0.0,0.00038302265,0
-77.29009,66.25345,0.00063837104,0.0,0.00038302265,0
-76.772995,67.24214,0.00063837104,0.0,0.00038302265,0
-76.2529,68.15766,0.00063837104,0.0,0.00038302265,0
-75.73005,69.0035,0.00063837104,0.0,0.00038302265,0
-75.204994,69.79096,0.00063837104,0.0,0.00038302265,0
-74.67791,70.52176,0.00063837104,0.0,0.00038302265,0
-74.149185,71.20494,0.00063839665,0.0,0.00038303802,0
-73.61901,71.84221,0.0006376444,0.0,0.00038258664,0
-73.08767,72.4399,0.0006378708,0.0,0.0003827225,0
-72.55531,73.0,0.0006321902,0.0,0.00037931415,0
-72.022156,73.526855,0.00061626575,0.0,0.00036975948,0
-71.48833,74.022644,0.0006235699,0.0,0.00037414194,0
-70.95401,74.490234,0.0008908304,0.0,0.00053449825,0
-70.41931,74.93194,0.0034738271,0.0,0.0020842964,0
-69.88436,75.349525,0.012348423,0.25302666,0.10861972,0
-69.34927,75.74534,0.97302973,0.95026517,0.96392393,3
-68.81415,76.1204,0.9852541,0.91798353,0.9583459,3
-68.279076,76.47699,0.95593435,0.6635902,0.83899677,3
-67.744156,76.815575,0.88877326,0.714856,0.81920636,3
-67.20944,77.13841,0.8364608,0.5595281,0.7256878,2
-66.67503,77.44552,0.83245856,0.9984269,0.8988459,3
-66.14098,77.73899,0.8438127,0.9866453,0.9009458,3
-65.607376,78.01885,0.8012694,0.44101125,0.6571662,2
-65.07426,78.28673,0.8150486,0.70985734,0.7729721,3
-64.541695,78.542786,0.7971269,0.08219147,0.51115274,2
-64.00973,78.78822,0.6405726,0.0,0.3843436,1
-63.478424,79.02338,0.53563976,0.0,0.32138386,1
-62.94782,79.24904,0.49871805,0.14314915,0.3564905,1
-62.41797,79.4657,0.4439349,0.850722,0.60664976,2
-61.888912,79.67385,0.41453183,0.52463776,0.45857424,1
-61.36068,79.87411,0.2128205,0.53380996,0.3412163,1
-60.83334,80.06673,0.010791534,0.67093307,0.27484813,1
-60.30689,80.252335,0.002660872,0.03924175,0.017293224,0
-59.78141,80.43106,0.0013983812,0.0,0.00083902874,0
-59.256886,80.60358,0.0009452277,0.0,0.0005671366,0
-58.733418,80.76984,0.0007300172,0.0,0.00043801035,0
-58.210953,80.93057,0.0006357512,0.0,0.00038145072,0
-57.689606,81.08565,0.0006365002,0.0,0.00038190014,0
-57.16934,81.23571,0.000633583,0.0,0.0003801498,0
-56.65023,81.38072,0.000637849,0.0,0.0003827094,0
-56.132263,81.52113,0.00061585737,0.0,0.00036951443,0
-55.61551,81.65701,0.0005859704,0.0,0.00035158225,0
-55.09995,81.78869,0.0006016315,0.0,0.00036097888,0
-54.58564,81.91627,0.00078726263,0.0,0.00047235758,0
-54.657948,-82.847565,0.0012575969,0.0,0.0007545582,0
-55.173595,-82.73434,0.0009086667,0.0,0.0005452,0
-55.69053,-82.61747,0.00062122586,0.0,0.00037273552,0
-56.20871,-82.496864,0.00063243276,0.0,0.00037945967,0
-56.728134,-82.37219,0.0006374557,0.0,0.00038247346,0
-57.248756,-82.24344,0.0006379955,0.0,0.0003827973,0
-57.77059,-82.11016,0.0006383699,0.0,0.00038302195,0
-58.29354,-81.97241,0.00063837104,0.0,0.00038302265,0
-58.817665,-81.829605,0.00063837104,0.0,0.00038302265,0
-59.342857,-81.68186,0.00063837104,0.0,0.00038302265,0
-59.86916,-81.52852,0.00063837104,0.0,0.00038302265,0
-60.396477,-81.369644,0.00063837104,0.0,0.00038302265,0
-60.924835,-81.20459,0.00063837104,0.0,0.00038302265,0
-61.45415,-81.03328,0.00063837226,0.0,0.00038302338,0
-61.984436,-80.85511,0.00063835795,0.0,0.0003830148,0
-62.515617,-80.66987,0.0006382941,0.0,0.00038297646,0
-63.04768,-80.477005,0.00063804776,0.0,0.00038282867,0
-63.580578,-80.276054,0.0006372371,0.0,0.0003823423,0
-64.11427,-80.066605,0.0006372255,0.0,0.00038233533,0
-64.64873,-79.84791,0.0006310543,0.0,0.0003786326,0
-65.18387,-79.619644,0.0006225606,0.0,0.0003735364,0
-65.7197,-79.38077,0.0006686832,0.0,0.00040120995,0
-66.25613,-79.1311,0.0008462588,0.0,0.00050775526,0
-66.79312,-78.86914,0.0013819252,0.0,0.00082915515,0
-67.3306,-78.59491,0.007467663,0.0,0.004480598,0
-67.86854,-78.30645,0.18544306,0.0,0.11126584,0
-68.406845,-78.00378,0.48306695,0.0,0.2898402,1
-68.94546,-77.68478,0.67773646,0.0,0.4066419,1
-69.484314,-77.34907,0.9336407,0.0,0.5601845,2
-70.02332,-76.994514,0.97029907,0.0,0.5821795,2
-70.562386,-76.620155,0.93652153,0.0,0.56191295,2
-71.10143,-76.22386,0.20758994,0.0,0.12455397,0
-71.64035,-75.803955,0.7551637,0.0,0.45309827,1
-72.179016,-75.35827,0.9033085,0.0,0.54198515,2
-72.71732,-74.88416,0.85571504,0.0,0.51342905,2
-73.25513,-74.37952,0.014207879,0.0,0.008524728,0
-73.792274,-73.840324,0.0013277903,0.0,0.0007966742,0
-74.328606,-73.2646,0.0007377287,0.0,0.00044263725,0
-74.8639,-72.6464,0.0006534013,0.0,0.0003920408,0
-75.398,-71.983986,0.0006383732,0.0,0.00038302393,0
-75.93057,-71.26878,0.0006455643,0.0,0.0003873386,0
-76.46146,-70.49896,0.0006421932,0.0,0.00038531594,0
-76.99019,-69.66364,0.00063432794,0.0,0.0003805968,0
-77.516556,-68.75919,0.000633509,0.0,0.00038010543,0
-78.04001,-67.77277,0.0006358721,0.0,0.00038152325,0
-78.560135,-66.69742,0.00063744176,0.0,0.00038246508,0
-79.076294,-65.517944,0.0006382141,0.0,0.0003829285,0
-79.587845,-64.2223,0.000639115,0.0,0.000383469,0
-80.093925,-62.79239,0.0006395381,0.0,0.0003837229,0
-80.59355,-61.208435,0.0006394537,0.0,0.00038367225,0
-81.08565,-59.448803,0.0006391147,0.0,0.00038346884,0
-81.56854,-57.482094,0.0006386467,0.0,0.00038318805,0
-82.04085,-55.28286,0.0006383525,0.0,0.0003830115,0
-82.499916,-52.802826,0.000638302,0.0,0.00038298123,0
-82.94388,-50.01383,0.0006383203,0.0,0.00038299218,0
-83.36844,-46.845276,0.0006383601,0.0,0.00038301607,0
-83.77113,-43.27063,0.0006383696,0.0,0.00038302178,0
-84.145294,-39.20034,0.0006383699,0.0,0.00038302195,0
-84.48739,-34.617805,0.00063837104,0.0,0.00038302265,0
-84.78862,-29.450134,0.00063837104,0.0,0.00038302265,0
-85.04386,-23.713642,0.00063837104,0.0,0.00038302265,0
-85.243416,-17.415714,0.00063837104,0.0,0.00038302265,0
-85.38193,-10.660048,0.00063837104,0.0,0.00038302265,0
-85.4524,-3.5901952,0.00063837104,0.0,0.00038302265,0
-85.4524,3.5901952,0.00063837104,0.0,0.00038302265,0
-85.38193,10.660048,0.00063837104,0.0,0.00038302265,0
-85.243416,17.415714,0.00063837104,0.0,0.00038302265,0
-85.04386,23.713642,0.00063837104,0.0,0.00038302265,0
-84.78862,29.450134,0.00063837104,0.0,0.00038302265,0
-84.48739,34.617805,0.00063837104,0.0,0.00038302265,0
-84.145294,39.20034,0.00063837104,0.0,0.00038302265,0
-83.77113,43.27063,0.00063837104,0.0,0.00038302265,0
-83.36844,46.845276,0.00063837104,0.0,0.00038302265,0
-82.94388,50.01383,0.00063837104,0.0,0.00038302265,0
-82.499916,52.802826,0.00063837104,0.0,0.00038302265,0
-82.04085,55.28286,0.00063837104,0.0,0.00038302265,0
-81.56854,57.482094,0.00063837104,0.0,0.00038302265,0
-81.08565,59.448803,0.00063837104,0.0,0.00038302265,0
-80.59355,61.208435,0.00063837104,0.0,0.00038302265,0
-80.093925,62.79239,0.00063837104,0.0,0.00038302265,0
-79.587845,64.2223,0.00063837104,0.0,0.00038302265,0
-79.076294,65.517944,0.00063837104,0.0,0.00038302265,0
-78.560135,66.69742,0.00063837104,0.0,0.00038302265,0
-78.04001,67.77277,0.00063837104,0.0,0.00038302265,0
-77.516556,68.75919,0.00063837104,0.0,0.00038302265,0
-76.99019,69.66364,0.00063837104,0.0,0.00038302265,0
-76.46146,70.49896,0.00063837104,0.0,0.00038302265,0
-75.93057,71.26878,0.00063837104,0.0,0.00038302265,0
-75.398,71.983986,0.00063837104,0.0,0.00038302265,0
-74.8639,72.6464,0.00063837104,0.0,0.00038302265,0
-74.328606,73.2646,0.0006383896,0.0,0.0003830338,0
-73.792274,73.840324,0.00063799066,0.0,0.00038279442,0
-73.25513,74.37952,0.00063812075,0.0,0.00038287247,0
-72.71732,74.88416,0.0006340218,0.0,0.0003804131,0
-72.179016,75.35827,0.0006456188,0.0,0.0003873713,0
-71.64035,75.803955,0.0006596869,0.0,0.00039581218,0
-71.10143,76.22386,0.0006954537,0.0,0.00041727224,0
-70.562386,76.620155,0.0011191246,0.0,0.0006714748,0
-70.02332,76.994514,0.0024934048,0.0,0.0014960429,0
-69.484314,77.34907,0.014902149,0.096189655,0.047417153,0
-68.94546,77.68478,0.9418182,0.6100116,0.8090956,3
-68.406845,78.00378,0.7627061,0.74276865,0.7547312,3
-67.86854,78.30645,0.7957161,0.9704727,0.86561877,3
-67.3306,78.59491,0.77714515,0.36968398,0.6141607,2
-66.79312,78.86914,0.8304184,0.9829681,0.8914383,3
-66.25613,79.1311,0.8686789,0.99596906,0.919595,3
-65.7197,79.38077,0.86830455,0.7582564,0.82428527,3
-65.18387,79.619644,0.8566116,0.083367996,0.54731417,2
-64.64873,79.84791,0.8508006,0.0,0.51048034,2
-64.11427,80.066605,0.8082817,0.0,0.48496905,1
-63.580578,80.276054,0.6576291,0.0,0.39457747,1
-63.04768,80.477005,0.5190718,0.0,0.3114431,1
-62.515617,80.66987,0.5821373,0.029163891,0.36094794,1
-61.984436,80.85511,0.54897213,0.013265448,0.33468947,1
-61.45415,81.03328,0.31517917,0.0,0.18910751,0
-60.924835,81.20459,0.054708738,0.015347439,0.03896422,0
-60.396477,81.369644,0.0037751195,0.0,0.0022650717,0
-59.86916,81.52852,0.0019679393,0.0,0.0011807636,0
-59.342857,81.68186,0.0011141797,0.0,0.0006685079,0
-58.817665,81.829605,0.0008302942,0.0,0.00049817655,0
-58.29354,81.97241,0.00067810644,0.0,0.0004068639,0
-57.77059,82.11016,0.00063315406,0.0,0.00037989244,0
-57.248756,82.24344,0.0006361033,0.0,0.000381662,0
-56.728134,82.37219,0.0006375533,0.0,0.000382532,0
-56.20871,82.496864,0.00061578606,0.0,0.00036947164,0
-55.69053,82.61747,0.00058596814,0.0,0.0003515809,0
-55.173595,82.73434,0.0006016315,0.0,0.00036097888,0
-54.657948,82.847565,0.00078726263,0.0,0.00047235758,0
-54.721375,-83.7827,0.0012575969,0.0,0.0007545582,0
-55.238197,-83.68403,0.0009086667,0.0,0.0005452,0
-55.756348,-83.58217,0.00062122586,0.0,0.00037273552,0
-56.275772,-83.47702,0.00063243276,0.0,0.00037945967,0
-56.7965,-83.36833,0.0006374557,0.0,0.00038247346,0
-57.318443,-83.25606,0.0006379955,0.0,0.0003827973,0
-57.841652,-83.139824,0.0006383699,0.0,0.00038302195,0
-58.36602,-83.01967,0.00063837104,0.0,0.00038302265,0
-58.891617,-82.89508,0.00063837104,0.0,0.00038302265,0
-59.418327,-82.766174,0.00063837104,0.0,0.00038302265,0
-59.946198,-82.63235,0.00063837104,0.0,0.00038302265,0
-60.475143,-82.49367,0.00063837104,0.0,0.00038302265,0
-61.00518,-82.34956,0.00063837104,0.0,0.00038302265,0
-61.536247,-82.19995,0.00063837104,0.0,0.00038302265,0
-62.068336,-82.04434,0.0006383224,0.0,0.00038299346,0
-62.601402,-81.88249,0.0006384225,0.0,0.00038305353,0
-63.135418,-81.71394,0.00063912716,0.0,0.00038347632,0
-63.67035,-81.538284,0.0006405694,0.0,0.00038434163,0
-64.20615,-81.35515,0.0006420216,0.0,0.00038521297,0
-64.742805,-81.16385,0.00064598746,0.0,0.0003875925,0
-65.28026,-80.96414,0.0006523932,0.0,0.00039143595,0
-65.818474,-80.75505,0.0006772339,0.0,0.00040634038,0
-66.35739,-80.53643,0.0008269208,0.0,0.0004961525,0
-66.897,-80.30696,0.0012893645,0.0,0.00077361875,0
-67.43722,-80.066635,0.0045639467,0.0,0.0027383682,0
-67.97803,-79.81372,0.069899276,0.0,0.041939568,0
-68.51934,-79.5482,0.47759932,0.0,0.2865596,1
-69.06111,-79.26822,0.7172727,0.0,0.43036363,1
-69.60329,-78.97339,0.9471538,0.0,0.5682923,2
-70.14578,-78.661804,0.984245,0.0,0.590547,2
-70.68854,-78.332596,0.96612865,0.0,0.5796772,2
-71.231476,-77.98383,0.9407554,0.0,0.5644533,2
-71.7745,-77.61398,0.9684589,0.0,0.5810754,2
-72.31752,-77.221085,0.8048849,0.0,0.48293096,1
-72.86044,-76.802704,0.008171044,0.0,0.004902627,0
-73.40316,-76.35692,0.005085641,0.0,0.0030513848,0
-73.945526,-75.88003,0.0012245511,0.0,0.0007347307,0
-74.48742,-75.37018,0.00081191777,0.0,0.00048715068,0
-75.028656,-74.82191,0.00063079724,0.0,0.00037847835,0
-75.569115,-74.23351,0.0006361279,0.0,0.00038167674,0
-76.10852,-73.59707,0.00063711626,0.0,0.00038226976,0
-76.646736,-72.91068,0.00063751196,0.0,0.0003825072,0
-77.183395,-72.16418,0.000638483,0.0,0.0003830898,0
-77.71831,-71.353935,0.0006387362,0.0,0.0003832417,0
-78.25101,-70.46769,0.0006380885,0.0,0.00038285312,0
-78.78119,-69.49849,0.0006384112,0.0,0.00038304675,0
-79.30827,-68.431496,0.00063822843,0.0,0.00038293708,0
-79.83176,-67.25454,0.0006381332,0.0,0.00038287995,0
-80.35089,-65.94933,0.00063812593,0.0,0.0003828756,0
-80.86484,-64.495445,0.0006381697,0.0,0.00038290184,0
-81.37262,-62.86997,0.0006382223,0.0,0.00038293342,0
-81.87284,-61.03938,0.0006382704,0.0,0.00038296226,0
-82.36418,-58.974705,0.00063831935,0.0,0.00038299162,0
-82.84425,-56.621914,0.00063834887,0.0,0.00038300935,0
-83.31123,-53.945026,0.0006383634,0.0,0.00038301808,0
-83.761055,-50.859398,0.00063836924,0.0,0.00038302157,0
-84.19108,-47.323036,0.00063837133,0.0,0.00038302282,0
-84.59454,-43.21666,0.00063837075,0.0,0.00038302247,0
-84.96727,-38.49698,0.00063837104,0.0,0.00038302265,0
-85.29942,-33.04455,0.00063837104,0.0,0.00038302265,0
-85.58425,-26.844803,0.00063837104,0.0,0.00038302265,0
-85.80965,-19.870888,0.00063837104,0.0,0.00038302265,0
-85.96768,-12.237284,0.00063837104,0.0,0.00038302265,0
-86.04866,-4.1350946,0.00063837104,0.0,0.00038302265,0
-86.04866,4.1350946,0.00063837104,0.0,0.00038302265,0
-85.96768,12.237284,0.00063837104,0.0,0.00038302265,0
-85.80965,19.870888,0.00063837104,0.0,0.00038302265,0
-85.58425,26.844803,0.00063837104,0.0,0.00038302265,0
-85.29942,33.04455,0.00063837104,0.0,0.00038302265,0
-84.96727,38.49698,0.00063837104,0.0,0.00038302265,0
-84.59454,43.21666,0.00063837104,0.0,0.00038302265,0
-84.19108,47.323036,0.00063837104,0.0,0.00038302265,0
-83.761055,50.859398,0.00063837104,0.0,0.00038302265,0
-83.31123,53.945026,0.00063837104,0.0,0.00038302265,0
-82.84425,56.621914,0.00063837104,0.0,0.00038302265,0
-82.36418,58.974705,0.00063837104,0.0,0.00038302265,0
-81.87284,61.03938,0.00063837104,0.0,0.00038302265,0
-81.37262,62.86997,0.00063837104,0.0,0.00038302265,0
-80.86484,64.495445,0.00063837104,0.0,0.00038302265,0
-80.35089,65.94933,0.00063837104,0.0,0.00038302265,0
-79.83176,67.25454,0.00063837104,0.0,0.00038302265,0
-79.30827,68.431496,0.00063837104,0.0,0.00038302265,0
-78.78119,69.49849,0.00063837104,0.0,0.00038302265,0
-78.25101,70.46769,0.00063837104,0.0,0.00038302265,0
-77.71831,71.353935,0.00063837104,0.0,0.00038302265,0
-77.183395,72.16418,0.00063837104,0.0,0.00038302265,0
-76.646736,72.91068,0.00063837104,0.0,0.00038302265,0
-76.10852,73.59707,0.00063837104,0.0,0.00038302265,0
-75.569115,74.23351,0.00063837104,0.0,0.00038302265,0
-75.028656,74.82191,0.00063837104,0.0,0.00038302265,0
-74.48742,75.37018,0.00063838385,0.0,0.00038303033,0
-73.945526,75.88003,0.0006382241,0.0,0.0003829345,0
-73.40316,76.35692,0.0006381685,0.0,0.0003829011,0
-72.86044,76.802704,0.00063826365,0.0,0.0003829582,0
-72.31752,77.221085,0.0006506401,0.0,0.00039038408,0
-71.7745,77.61398,0.00067743956,0.0,0.00040646375,0
-71.231476,77.98383,0.0008265427,0.0,0.0004959256,0
-70.68854,78.332596,0.00064046105,0.0,0.00038427665,0
-70.14578,78.661804,0.001145994,0.0,0.00068759645,0
-69.60329,78.97339,0.00245633,0.0,0.0014737981,0
-69.06111,79.26822,0.013441901,0.0,0.008065141,0
-68.51934,79.5482,0.010142967,0.015675887,0.012356136,0
-67.97803,79.81372,0.6387437,0.28637338,0.49779558,1
-67.43722,80.066635,0.688797,0.59637296,0.6518274,2
-66.897,80.30696,0.66884375,0.99724114,0.8002027,3
-66.35739,80.53643,0.72540605,0.77185607,0.74398607,2
-65.818474,80.75505,0.87600136,0.979768,0.917508,3
-65.28026,80.96414,0.92030585,0.5520018,0.7729842,3
-64.742805,81.16385,0.90654266,0.020076305,0.5519562,2
-64.20615,81.35515,0.8628086,0.0,0.5176852,2
-63.67035,81.538284,0.68597263,0.0,0.4115836,1
-63.135418,81.71394,0.60333276,0.0,0.36199966,1
-62.601402,81.88249,0.6976874,0.0,0.41861245,1
-62.068336,82.04434,0.5321907,0.0,0.31931442,1
-61.536247,82.19995,0.12774216,0.0,0.0766453,0
-61.00518,82.34956,0.009102276,0.0,0.0054613655,0
-60.475143,82.49367,0.0032562935,0.0,0.0019537762,0
-59.946198,82.63235,0.002488862,0.0,0.0014933173,0
-59.418327,82.766174,0.0015433268,0.0,0.0009259961,0
-58.891617,82.89508,0.0009109987,0.0,0.0005465992,0
-58.36602,83.01967,0.0007865855,0.0,0.00047195132,0
-57.841652,83.139824,0.0006312826,0.0,0.00037876956,0
-57.318443,83.25606,0.0006352718,0.0,0.0003811631,0
-56.7965,83.36833,0.0006381344,0.0,0.00038288068,0
-56.275772,83.47702,0.00061578845,0.0,0.0003694731,0
-55.756348,83.58217,0.0005859654,0.0,0.00035157925,0
-55.238197,83.68403,0.0006016315,0.0,0.00036097888,0
-54.721375,83.7827,0.00078726263,0.0,0.00047235758,0
-54.77617,-84.72111,0.0012575969,0.0,0.0007545582,0
-55.294018,-84.63712,0.0009086667,0.0,0.0005452,0
-55.813213,-84.55044,0.00062122586,0.0,0.00037273552,0
-56.33373,-84.46094,0.00063243276,0.0,0.00037945967,0
-56.85557,-84.36841,0.0006374557,0.0,0.00038247346,0
-57.378674,-84.27282,0.0006379955,0.0,0.0003827973,0
-57.90307,-84.17385,0.0006383699,0.0,0.00038302195,0
-58.428673,-84.071526,0.00063837104,0.0,0.00038302265,0
-58.955544,-83.96541,0.00063837104,0.0,0.00038302265,0
-59.48357,-83.85559,0.00063837104,0.0,0.00038302265,0
-60.012802,-83.74158,0.00063837104,0.0,0.00038302265,0
-60.543156,-83.62339,0.00063837104,0.0,0.00038302265,0
-61.07466,-83.50057,0.0006383716,0.0,0.000383023,0
-61.607235,-83.37304,0.00063836377,0.0,0.00038301828,0
-62.140903,-83.24035,0.0006382065,0.0,0.0003829239,0
-62.675602,-83.10232,0.00063847605,0.0,0.00038308566,0
-63.211315,-82.95854,0.00063963054,0.0,0.00038377833,0
-63.748013,-82.80867,0.0006434433,0.0,0.000386066,0
-64.28566,-82.65235,0.0006473452,0.0,0.00038840715,0
-64.824234,-82.489044,0.00064910966,0.0,0.0003894658,0
-65.36367,-82.3185,0.0006703256,0.0,0.00040219538,0
-65.903984,-82.139885,0.00068520295,0.0,0.0004111218,0
-66.445076,-81.95309,0.00094017363,0.0,0.0005641042,0
-66.98698,-81.75692,0.0014539168,0.0,0.0008723501,0
-67.52957,-81.55141,0.0055516805,0.0,0.0033310084,0
-68.0729,-81.33504,0.14609256,0.0,0.087655544,0
-68.61684,-81.10779,0.49481708,0.0,0.29689026,1
-69.16138,-80.86802,0.8227896,0.0,0.49367377,1
-69.70644,-80.61543,0.98099387,0.0,0.58859634,2
-70.25201,-80.34833,0.98865336,0.0,0.59319204,2
-70.798,-80.06594,0.98839104,0.0,0.5930346,2
-71.34434,-79.76657,0.98860186,0.0,0.59316117,2
-71.89099,-79.44888,0.96718776,0.0,0.58031267,2
-72.43784,-79.111115,0.15619439,0.0,0.09371664,0
-72.98484,-78.751144,0.020064691,0.0,0.012038815,0
-73.531876,-78.3672,0.005701356,0.0,0.0034208137,0
-74.078865,-77.95604,0.0017310814,0.0,0.0010386489,0
-74.62568,-77.51596,0.0010021505,0.0,0.0006012903,0
-75.1722,-77.04209,0.0006556885,0.0,0.00039341312,0
-75.71832,-76.53283,0.0006366258,0.0,0.0003819755,0
-76.26382,-75.98103,0.0006396445,0.0,0.0003837867,0
-76.80859,-75.38492,0.00063756056,0.0,0.00038253635,0
-77.35236,-74.73522,0.00063843676,0.0,0.00038306208,0
-77.89496,-74.02846,0.00063835096,0.0,0.0003830106,0
-78.436035,-73.25335,0.0006382479,0.0,0.00038294875,0
-78.975334,-72.403206,0.00063824333,0.0,0.00038294602,0
-79.512405,-71.46402,0.0006383066,0.0,0.00038298397,0
-80.04683,-70.423996,0.0006383452,0.0,0.00038300714,0
-80.57804,-69.265366,0.0006383598,0.0,0.0003830159,0
-81.105316,-67.96786,0.0006383683,0.0,0.000383021,0
-81.62788,-66.50823,0.00063837017,0.0,0.00038302212,0
-82.144554,-64.852135,0.00063837104,0.0,0.00038302265,0
-82.65422,-62.968243,0.00063837104,0.0,0.00038302265,0
-83.15482,-60.798542,0.00063837104,0.0,0.00038302265,0
-83.644714,-58.299984,0.00063837104,0.0,0.00038302265,0
-84.120224,-55.375137,0.00063837104,0.0,0.00038302265,0
-84.5787,-51.96472,0.00063837104,0.0,0.00038302265,0
-85.01364,-47.91548,0.00063837104,0.0,0.00038302265,0
-85.420334,-43.146347,0.00063837104,0.0,0.00038302265,0
-85.78818,-37.469353,0.00063837104,0.0,0.00038302265,0
-86.10856,-30.808846,0.00063837104,0.0,0.00038302265,0
-86.3663,-23.062252,0.00063837104,0.0,0.00038302265,0
-86.54965,-14.3319025,0.00063837104,0.0,0.00038302265,0
-86.6446,-4.8675017,0.00063837104,0.0,0.00038302265,0
-86.6446,4.8675017,0.00063837104,0.0,0.00038302265,0
-86.54965,14.3319025,0.00063837104,0.0,0.00038302265,0
-86.3663,23.062252,0.00063837104,0.0,0.00038302265,0
-86.10856,30.808846,0.00063837104,0.0,0.00038302265,0
-85.78818,37.469353,0.00063837104,0.0,0.00038302265,0
-85.420334,43.146347,0.00063837104,0.0,0.00038302265,0
-85.01364,47.91548,0.00063837104,0.0,0.00038302265,0
-84.5787,51.96472,0.00063837104,0.0,0.00038302265,0
-84.120224,55.375137,0.00063837104,0.0,0.00038302265,0
-83.644714,58.299984,0.00063837104,0.0,0.00038302265,0
-83.15482,60.798542,0.00063837104,0.0,0.00038302265,0
-82.65422,62.968243,0.00063837104,0.0,0.00038302265,0
-82.144554,64.852135,0.00063837104,0.0,0.00038302265,0
-81.62788,66.50823,0.00063837104,0.0,0.00038302265,0
-81.105316,67.96786,0.00063837104,0.0,0.00038302265,0
-80.57804,69.265366,0.00063837104,0.0,0.00038302265,0
-80.04683,70.423996,0.00063837104,0.0,0.00038302265,0
-79.512405,71.46402,0.00063837104,0.0,0.00038302265,0
-78.975334,72.403206,0.00063837104,0.0,0.00038302265,0
-78.436035,73.25335,0.00063837104,0.0,0.00038302265,0
-77.89496,74.02846,0.00063837104,0.0,0.00038302265,0
-77.35236,74.73522,0.00063837104,0.0,0.00038302265,0
-76.80859,75.38492,0.00063837104,0.0,0.00038302265,0
-76.26382,75.98103,0.00063837104,0.0,0.00038302265,0
-75.71832,76.53283,0.00063837104,0.0,0.00038302265,0
-75.1722,77.04209,0.00063837104,0.0,0.00038302265,0
-74.62568,77.51596,0.00063837745,0.0,0.0003830265,0
-74.078865,77.95604,0.0006383251,0.0,0.0003829951,0
-73.531876,78.3672,0.00063837256,0.0,0.00038302355,0
-72.98484,78.751144,0.0006394921,0.0,0.0003836953,0
-72.43784,79.111115,0.00064452353,0.0,0.00038671415,0
-71.89099,79.44888,0.0006879521,0.0,0.00041277127,0
-71.34434,79.76657,0.00070764404,0.0,0.00042458644,0
-70.798,80.06594,0.001051412,0.0,0.0006308472,0
-70.25201,80.34833,0.0005945913,0.0,0.0003567548,0
-69.70644,80.61543,0.0008408617,0.0,0.00050451705,0
-69.16138,80.86802,0.0012967496,0.0,0.00077804975,0
-68.61684,81.10779,0.0021354589,0.0,0.0012812754,0
-68.0729,81.33504,0.022229688,0.0,0.013337813,0
-67.52957,81.55141,0.3377646,0.57160324,0.43130004,1
-66.98698,81.75692,0.36348158,0.9902923,0.6142059,2
-66.445076,81.95309,0.6870019,0.99615985,0.8106651,3
-65.903984,82.139885,0.9330922,0.8588593,0.9033991,3
-65.36367,82.3185,0.95234996,0.84125787,0.90791315,3
-64.824234,82.489044,0.88986844,0.041198395,0.55040044,2
-64.28566,82.65235,0.79755974,0.0,0.47853586,1
-63.748013,82.80867,0.6431674,0.0,0.38590044,1
-63.211315,82.95854,0.70322466,0.0,0.4219348,1
-62.675602,83.10232,0.7365278,0.0,0.4419167,1
-62.140903,83.24035,0.5681657,0.0,0.34089944,1
-61.607235,83.37304,0.27972424,0.0,0.16783455,0
-61.07466,83.50057,0.010291866,0.0,0.00617512,0
-60.543156,83.62339,0.0028004367,0.0,0.001680262,0
-60.012802,83.74158,0.007968999,0.0,0.0047814,0
-59.48357,83.85559,0.0032035308,0.0,0.0019221186,0
-58.955544,83.96541,0.0011158776,0.0,0.00066952663,0
-58.428673,84.071526,0.00074952573,0.0,0.00044971544,0
-57.90307,84.17385,0.0006507408,0.0,0.0003904445,0
-57.378674,84.27282,0.00063291576,0.0,0.0003797495,0
-56.85557,84.36841,0.0006384891,0.0,0.00038309346,0
-56.33373,84.46094,0.0006158131,0.0,0.00036948785,0
-55.813213,84.55044,0.000585962,0.0,0.00035157724,0
-55.294018,84.63712,0.0006016315,0.0,0.00036097888,0
-54.77617,84.72111,0.00078726263,0.0,0.00047235758,0
-54.82177,-85.662445,0.0012575969,0.0,0.0007545582,0
-55.34046,-85.59332,0.0009086667,0.0,0.0005452,0
-55.860542,-85.52194,0.00062122586,0.0,0.00037273552,0
-56.381958,-85.44826,0.00063243276,0.0,0.00037945967,0
-56.904743,-85.37206,0.0006374557,0.0,0.00038247346,0
-57.428802,-85.29335,0.0006379955,0.0,0.0003827973,0
-57.9542,-85.21182,0.0006383699,0.0,0.00038302195,0
-58.480827,-85.12754,0.00063837104,0.0,0.00038302265,0
-59.008766,-85.04013,0.00063837104,0.0,0.00038302265,0
-59.53788,-84.949646,0.00063837104,0.0,0.00038302265,0
-60.06826,-84.85569,0.00063837104,0.0,0.00038302265,0
-60.599796,-84.758286,0.00063837104,0.0,0.00038302265,0
-61.13252,-84.65704,0.000638372,0.0,0.0003830232,0
-61.666367,-84.55191,0.0006383464,0.0,0.00038300786,0
-62.20135,-84.442505,0.00063790486,0.0,0.00038274293,0
-62.73742,-84.32867,0.00063783984,0.0,0.00038270393,0
-63.274555,-84.21008,0.0006377234,0.0,0.00038263408,0
-63.812733,-84.086426,0.0006462353,0.0,0.0003877412,0
-64.35191,-83.957436,0.000669839,0.0,0.0004019034,0
-64.8921,-83.82265,0.0006864504,0.0,0.00041187025,0
-65.43321,-83.68184,0.000733496,0.0,0.00044009762,0
-65.97528,-83.53435,0.00087680505,0.0,0.00052608305,0
-66.5182,-83.380035,0.001918873,0.0,0.0011513239,0
-67.06201,-83.21796,0.00568149,0.0,0.0034088942,0
-67.60662,-83.04808,0.012472919,0.0,0.007483752,0
-68.15205,-82.86919,0.2721276,0.0,0.16327657,0
-68.69819,-82.68121,0.59982073,0.0,0.35989246,1
-69.24506,-82.48282,0.8246603,0.0,0.4947962,1
-69.79258,-82.2737,0.98437333,0.0,0.59062403,2
-70.34073,-82.05247,0.9905529,0.0,0.59433174,2
-70.889435,-81.81847,0.99116194,0.0,0.5946972,2
-71.438675,-81.57025,0.9884262,0.0,0.5930557,2
-71.98837,-81.30668,0.97813976,0.0,0.5868839,2
-72.538475,-81.02627,0.9188069,0.0,0.5512842,2
-73.08892,-80.72719,0.5880325,0.0,0.3528195,1
-73.63963,-80.40796,0.03140138,0.0,0.018840829,0
-74.19054,-80.065765,0.003144765,0.0,0.0018868591,0
-74.741554,-79.69915,0.0011974131,0.0,0.00071844785,0
-75.29259,-79.30393,0.0007705711,0.0,0.0004623427,0
-75.84353,-78.87869,0.00062978826,0.0,0.000377873,0
-76.39427,-78.41728,0.00063937146,0.0,0.0003836229,0
-76.944664,-77.91806,0.0006378444,0.0,0.00038270664,0
-77.49456,-77.372986,0.0006381317,0.0,0.00038287902,0
-78.0438,-76.778885,0.0006383315,0.0,0.00038299893,0
-78.59214,-76.12581,0.00063835096,0.0,0.0003830106,0
-79.13938,-75.40767,0.0006383619,0.0,0.00038301715,0
-79.685196,-74.611916,0.00063836743,0.0,0.00038302047,0
-80.22928,-73.72766,0.00063837075,0.0,0.00038302247,0
-80.77118,-72.738525,0.00063837104,0.0,0.00038302265,0
-81.31038,-71.62548,0.00063837104,0.0,0.00038302265,0
-81.846275,-70.366264,0.00063837104,0.0,0.00038302265,0
-82.37796,-68.92769,0.00063837104,0.0,0.00038302265,0
-82.90456,-67.27797,0.00063837104,0.0,0.00038302265,0
-83.42445,-65.35849,0.00063837104,0.0,0.00038302265,0
-83.93624,-63.12163,0.00063837104,0.0,0.00038302265,0
-84.43692,-60.461815,0.00063837104,0.0,0.00038302265,0
-84.92406,-57.30365,0.00063837104,0.0,0.00038302265,0
-85.39186,-53.461052,0.00063837104,0.0,0.00038302265,0
-85.83551,-48.805286,0.00063837104,0.0,0.00038302265,0
-86.24422,-43.05423,0.00063837104,0.0,0.00038302265,0
-86.60763,-36.019623,0.00063837104,0.0,0.00038302265,0
-86.90706,-27.433638,0.00063837104,0.0,0.00038302265,0
-87.12496,-17.305231,0.00063837104,0.0,0.00038302265,0
-87.23979,-5.929227,0.00063837104,0.0,0.00038302265,0
-87.23979,5.929227,0.00063837104,0.0,0.00038302265,0
-87.12496,17.305231,0.00063837104,0.0,0.00038302265,0
-86.90706,27.433638,0.00063837104,0.0,0.00038302265,0
-86.60763,36.019623,0.00063837104,0.0,0.00038302265,0
-86.24422,43.05423,0.00063837104,0.0,0.00038302265,0
-85.83551,48.805286,0.00063837104,0.0,0.00038302265,0
-85.39186,53.461052,0.00063837104,0.0,0.00038302265,0
-84.92406,57.30365,0.00063837104,0.0,0.00038302265,0
-84.43692,60.461815,0.00063837104,0.0,0.00038302265,0
-83.93624,63.12163,0.00063837104,0.0,0.00038302265,0
-83.42445,65.35849,0.00063837104,0.0,0.00038302265,0
-82.90456,67.27797,0.00063837104,0.0,0.00038302265,0
-82.37796,68.92769,0.00063837104,0.0,0.00038302265,0
-81.846275,70.366264,0.00063837104,0.0,0.00038302265,0
-81.31038,71.62548,0.00063837104,0.0,0.00038302265,0
-80.77118,72.738525,0.00063837104,0.0,0.00038302265,0
-80.22928,73.72766,0.00063837104,0.0,0.00038302265,0
-79.685196,74.611916,0.00063837104,0.0,0.00038302265,0
-79.13938,75.40767,0.00063837104,0.0,0.00038302265,0
-78.59214,76.12581,0.00063837104,0.0,0.00038302265,0
-78.0438,76.778885,0.00063837104,0.0,0.00038302265,0
-77.49456,77.372986,0.00063837104,0.0,0.00038302265,0
-76.944664,77.91806,0.00063837104,0.0,0.00038302265,0
-76.39427,78.41728,0.00063837104,0.0,0.00038302265,0
-75.84353,78.87869,0.00063837104,0.0,0.00038302265,0
-75.29259,79.30393,0.00063837104,0.0,0.00038302265,0
-74.741554,79.69915,0.0006383738,0.0,0.00038302428,0
-74.19054,80.065765,0.0006383568,0.0,0.0003830141,0
-73.63963,80.40796,0.0006382494,0.0,0.00038294966,0
-73.08892,80.72719,0.0006382701,0.0,0.00038296208,0
-72.538475,81.02627,0.00064158946,0.0,0.0003849537,0
-71.98837,81.30668,0.00065013213,0.0,0.0003900793,0
-71.438675,81.57025,0.00071059656,0.0,0.00042635796,0
-70.889435,81.81847,0.00069927715,0.0,0.00041956632,0
-70.34073,82.05247,0.0008557037,0.0,0.00051342224,0
-69.79258,82.2737,0.00074334047,0.0,0.0004460043,0
-69.24506,82.48282,0.00074134476,0.0,0.00044480688,0
-68.69819,82.68121,0.0008606595,0.0,0.0005163957,0
-68.15205,82.86919,0.0022982485,0.0,0.0013789491,0
-67.60662,83.04808,0.018791256,0.123393,0.060631957,0
-67.06201,83.21796,0.79851604,0.18398085,0.552702,2
-66.5182,83.380035,0.8844121,0.9970101,0.92945135,3
-65.97528,83.53435,0.9752324,0.7592851,0.8888535,3
-65.43321,83.68184,0.9722482,0.73211414,0.8761946,3
-64.8921,83.82265,0.9081844,0.023298588,0.5542301,2
-64.35191,83.957436,0.785338,0.0,0.47120282,1
-63.812733,84.086426,0.67480624,0.0,0.40488377,1
-63.274555,84.21008,0.6729609,0.0,0.40377656,1
-62.73742,84.32867,0.6296119,0.0,0.37776718,1
-62.20135,84.442505,0.5968988,0.0,0.35813928,1
-61.666367,84.55191,0.47072577,0.0,0.28243548,1
-61.13252,84.65704,0.08797967,0.0,0.052787803,0
-60.599796,84.758286,0.0045352615,0.0,0.002721157,0
-60.06826,84.85569,0.0027305058,0.0,0.0016383035,0
-59.53788,84.949646,0.0016194183,0.0,0.000971651,0
-59.008766,85.04013,0.0010516184,0.0,0.00063097104,0
-58.480827,85.12754,0.0007159382,0.0,0.00042956296,0
-57.9542,85.21182,0.00064789417,0.0,0.00038873652,0
-57.428802,85.29335,0.0006335404,0.0,0.00038012426,0
-56.904743,85.37206,0.0006385326,0.0,0.0003831196,0
-56.381958,85.44826,0.0006158747,0.0,0.00036952485,0
-55.860542,85.52194,0.0005859609,0.0,0.00035157657,0
-55.34046,85.59332,0.0006016315,0.0,0.00036097888,0
-54.82177,85.662445,0.00078726263,0.0,0.00047235758,0
-54.858624,-86.60609,0.0012575969,0.0,0.0007545582,0
-55.37801,-86.55192,0.0009086667,0.0,0.0005452,0
-55.8988,-86.49598,0.00062122586,0.0,0.00037273552,0
-56.42095,-86.43822,0.00063243276,0.0,0.00037945967,0
-56.944485,-86.3785,0.0006374557,0.0,0.00038247346,0
-57.46933,-86.316795,0.0006379955,0.0,0.0003827973,0
-57.99553,-86.252884,0.0006383699,0.0,0.00038302195,0
-58.522995,-86.186806,0.00063837104,0.0,0.00038302265,0
-59.05179,-86.11825,0.00063837104,0.0,0.00038302265,0
-59.581806,-86.0473,0.00063837104,0.0,0.00038302265,0
-60.113106,-85.97362,0.00063837104,0.0,0.00038302265,0
-60.645596,-85.89723,0.00063837104,0.0,0.00038302265,0
-61.179314,-85.817795,0.0006383729,0.0,0.00038302375,0
-61.714195,-85.735306,0.0006383206,0.0,0.00038299235,0
-62.250237,-85.64946,0.0006374475,0.0,0.00038246854,0
-62.78742,-85.56013,0.0006365767,0.0,0.000381946,0
-63.32571,-85.46704,0.0006312011,0.0,0.00037872067,0
-63.86509,-85.36996,0.00063300173,0.0,0.00037980106,0
-64.40553,-85.268684,0.00067309104,0.0,0.00040385465,0
-64.947014,-85.16283,0.000695764,0.0,0.00041745845,0
-65.489494,-85.05223,0.0008453071,0.0,0.00050718425,0
-66.03298,-84.93634,0.0010613054,0.0,0.00063678325,0
-66.57739,-84.81509,0.0034873495,0.0,0.0020924099,0
-67.12277,-84.687675,0.08391523,0.0,0.050349142,0
-67.66901,-84.554115,0.13972838,0.0,0.08383703,0
-68.21615,-84.413414,0.2687017,0.0,0.16122103,0
-68.76409,-84.26553,0.6784438,0.0,0.4070663,1
-69.31287,-84.10939,0.9373289,0.0,0.56239736,2
-69.86238,-83.94476,0.9874142,0.0,0.59244853,2
-70.412636,-83.77052,0.9905344,0.0,0.59432065,2
-70.96358,-83.58616,0.9909157,0.0,0.5945495,2
-71.51517,-83.390495,0.99038434,0.0,0.59423065,2
-72.067375,-83.18261,0.9883387,0.0,0.5930033,2
-72.620125,-82.961334,0.9826245,0.0,0.5895747,2
-73.1734,-82.725174,0.8933793,0.0,0.5360276,2
-73.72713,-82.47293,0.5106228,0.0,0.3063737,1
-74.281265,-82.20235,0.016186697,0.0,0.009712019,0
-74.83573,-81.91221,0.0016917661,0.0,0.0010150596,0
-75.39048,-81.59914,0.00071414985,0.0,0.00042848993,0
-75.94541,-81.261955,0.0006518609,0.0,0.00039111657,0
-76.50047,-80.89565,0.00063751894,0.0,0.00038251138,0
-77.05554,-80.49881,0.0006386397,0.0,0.00038318385,0
-77.61052,-80.06488,0.00063819916,0.0,0.0003829195,0
-78.16528,-79.59114,0.0006383595,0.0,0.00038301572,0
-78.7197,-79.06932,0.00063837104,0.0,0.00038302265,0
-79.273605,-78.49428,0.00063837104,0.0,0.00038302265,0
-79.82678,-77.85541,0.00063837104,0.0,0.00038302265,0
-80.37901,-77.14337,0.00063837104,0.0,0.00038302265,0
-80.930016,-76.344025,0.00063837104,0.0,0.00038302265,0
-81.47943,-75.44076,0.00063837104,0.0,0.00038302265,0
-82.02683,-74.41374,0.00063837104,0.0,0.00038302265,0
-82.57161,-73.23319,0.00063837104,0.0,0.00038302265,0
-83.11311,-71.86944,0.00063837104,0.0,0.00038302265,0
-83.650246,-70.267654,0.00063837104,0.0,0.00038302265,0
-84.18195,-68.38002,0.00063837104,0.0,0.00038302265,0
-84.706024,-66.101265,0.00063837104,0.0,0.00038302265,0
-85.220535,-63.34616,0.00063837104,0.0,0.00038302265,0
-85.720894,-59.90756,0.00063837104,0.0,0.00038302265,0
-86.20274,-55.609947,0.00063837104,0.0,0.00038302265,0
-86.656265,-50.06553,0.00063837104,0.0,0.00038302265,0
-87.070274,-42.91324,0.00063837104,0.0,0.00038302265,0
-87.42303,-33.56745,0.00063837104,0.0,0.00038302265,0
-87.68901,-21.719246,0.00063837104,0.0,0.00038302265,0
-87.8335,-7.56307,0.00063837104,0.0,0.00038302265,0
-87.8335,7.56307,0.00063837104,0.0,0.00038302265,0
-87.68901,21.719246,0.00063837104,0.0,0.00038302265,0
-87.42303,33.56745,0.00063837104,0.0,0.00038302265,0
-87.070274,42.91324,0.00063837104,0.0,0.00038302265,0
-86.656265,50.06553,0.00063837104,0.0,0.00038302265,0
-86.20274,55.609947,0.00063837104,0.0,0.00038302265,0
-85.720894,59.90756,0.00063837104,0.0,0.00038302265,0
-85.220535,63.34616,0.00063837104,0.0,0.00038302265,0
-84.706024,66.101265,0.00063837104,0.0,0.00038302265,0
-84.18195,68.38002,0.00063837104,0.0,0.00038302265,0
-83.650246,70.267654,0.00063837104,0.0,0.00038302265,0
-83.11311,71.86944,0.00063837104,0.0,0.00038302265,0
-82.57161,73.23319,0.00063837104,0.0,0.00038302265,0
-82.02683,74.41374,0.00063837104,0.0,0.00038302265,0
-81.47943,75.44076,0.00063837104,0.0,0.00038302265,0
-80.930016,76.344025,0.00063837104,0.0,0.00038302265,0
-80.37901,77.14337,0.00063837104,0.0,0.00038302265,0
-79.82678,77.85541,0.00063837104,0.0,0.00038302265,0
-79.273605,78.49428,0.00063837104,0.0,0.00038302265,0
-78.7197,79.06932,0.00063837104,0.0,0.00038302265,0
-78.16528,79.59114,0.00063837104,0.0,0.00038302265,0
-77.61052,80.06488,0.00063837104,0.0,0.00038302265,0
-77.05554,80.49881,0.00063837104,0.0,0.00038302265,0
-76.50047,80.89565,0.00063837104,0.0,0.00038302265,0
-75.94541,81.261955,0.00063837104,0.0,0.00038302265,0
-75.39048,81.59914,0.00063837104,0.0,0.00038302265,0
-74.83573,81.91221,0.000638372,0.0,0.0003830232,0
-74.281265,82.20235,0.0006383689,0.0,0.00038302134,0
-73.72713,82.47293,0.0006383288,0.0,0.0003829973,0
-73.1734,82.725174,0.0006381612,0.0,0.00038289675,0
-72.620125,82.961334,0.0006386912,0.0,0.00038321473,0
-72.067375,83.18261,0.00064221007,0.0,0.00038532607,0
-71.51517,83.390495,0.0006548095,0.0,0.00039288573,0
-70.96358,83.58616,0.0006751254,0.0,0.00040507526,0
-70.412636,83.77052,0.00072248,0.0,0.00043348802,0
-69.86238,83.94476,0.0007430139,0.0,0.00044580837,0
-69.31287,84.10939,0.00084134936,0.0,0.00050480966,0
-68.76409,84.26553,0.0007278017,0.0,0.00043668103,0
-68.21615,84.413414,0.0011541948,0.0,0.0006925169,0
-67.66901,84.554115,0.0028042346,0.0,0.0016825409,0
-67.12277,84.687675,0.009562429,0.08404677,0.03935617,0
-66.57739,84.81509,0.44539133,0.76610035,0.5736749,2
-66.03298,84.93634,0.87445223,0.97142315,0.9132407,3
-65.489494,85.05223,0.9643913,0.9700819,0.96666753,3
-64.947014,85.16283,0.9165795,0.081528865,0.5825593,2
-64.40553,85.268684,0.8096684,0.0,0.48580107,1
-63.86509,85.36996,0.72355133,0.0,0.43413082,1
-63.32571,85.46704,0.67767054,0.0,0.40660235,1
-62.78742,85.56013,0.5617402,0.0,0.33704415,1
-62.250237,85.64946,0.5089112,0.0,0.30534673,1
-61.714195,85.735306,0.5189823,0.0,0.3113894,1
-61.179314,85.817795,0.39942625,0.0,0.23965576,0
-60.645596,85.89723,0.033776898,0.0,0.02026614,0
-60.113106,85.97362,0.0027206528,0.0,0.0016323918,0
-59.581806,86.0473,0.0012763257,0.0,0.0007657954,0
-59.05179,86.11825,0.00095486816,0.0,0.0005729209,0
-58.522995,86.186806,0.0006933576,0.0,0.00041601458,0
-57.99553,86.252884,0.000648601,0.0,0.00038916062,0
-57.46933,86.316795,0.00063604995,0.0,0.00038163,0
-56.944485,86.3785,0.00063812773,0.0,0.00038287666,0
-56.42095,86.43822,0.0006158571,0.0,0.00036951425,0
-55.8988,86.49598,0.00058596174,0.0,0.00035157707,0
-55.37801,86.55192,0.0006016315,0.0,0.00036097888,0
-54.858624,86.60609,0.00078726263,0.0,0.00047235758,0
-54.88644,-87.55159,0.0012575969,0.0,0.0007545582,0
-55.406357,-87.51246,0.0009086667,0.0,0.0005452,0
-55.92768,-87.47206,0.00062122586,0.0,0.00037273552,0
-56.45039,-87.43034,0.00063243276,0.0,0.00037945967,0
-56.974495,-87.3872,0.0006374557,0.0,0.00038247346,0
-57.49993,-87.34263,0.0006379955,0.0,0.0003827973,0
-58.026745,-87.29645,0.0006383699,0.0,0.00038302195,0
-58.55484,-87.24871,0.00063837104,0.0,0.00038302265,0
-59.084286,-87.19918,0.00063837104,0.0,0.00038302265,0
-59.614975,-87.147896,0.00063837104,0.0,0.00038302265,0
-60.146976,-87.09465,0.00063837104,0.0,0.00038302265,0
-60.68019,-87.03943,0.00063837104,0.0,0.00038302265,0
-61.214664,-86.982025,0.0006383738,0.0,0.00038302428,0
-61.750313,-86.92239,0.00063830294,0.0,0.0003829818,0
-62.287174,-86.86033,0.0006370431,0.0,0.00038222587,0
-62.8252,-86.79573,0.00063602783,0.0,0.00038161673,0
-63.364365,-86.728424,0.0006262661,0.0,0.0003757597,0
-63.904655,-86.65822,0.00061655365,0.0,0.0003699322,0
-64.446045,-86.58495,0.0006770758,0.0,0.0004062455,0
-64.98852,-86.508385,0.0008911343,0.0,0.0005346806,0
-65.53203,-86.42835,0.002190439,0.0,0.0013142634,0
-66.0766,-86.3445,0.0056128437,0.0,0.0033677064,0
-66.62215,-86.25673,0.0143507905,0.0,0.008610475,0
-67.16871,-86.1645,0.09668247,0.0,0.058009483,0
-67.71619,-86.067795,0.2885345,0.0,0.1731207,0
-68.264626,-85.96589,0.52580136,0.0,0.31548083,1
-68.81394,-85.858765,0.8143823,0.0,0.4886294,1
-69.36416,-85.745636,0.9816622,0.0,0.58899736,2
-69.91519,-85.62632,0.99032766,0.0,0.5941966,2
-70.46706,-85.49999,0.9907692,0.0,0.59446156,2
-71.01969,-85.36629,0.99104005,0.0,0.59462404,2
-71.57308,-85.22433,0.9915624,0.0,0.5949375,2
-72.12718,-85.07346,0.9901416,0.0,0.594085,2
-72.68198,-84.912796,0.97674805,0.0,0.58604884,2
-73.23741,-84.74124,0.8691867,0.0,0.52151203,2
-73.79344,-84.55791,0.013373344,0.0,0.008024007,0
-74.350044,-84.36113,0.0040205894,0.0,0.0024123536,0
-74.90716,-84.15001,0.0009694743,0.0,0.00058168464,0
-75.46475,-83.92204,0.0007375223,0.0,0.0004425134,0
-76.022766,-83.676315,0.00064135774,0.0,0.00038481466,0
-76.58114,-83.4091,0.0006372441,0.0,0.00038234648,0
-77.13979,-83.11937,0.00063892134,0.0,0.00038335283,0
-77.69871,-82.80215,0.00063831935,0.0,0.00038299162,0
-78.25777,-82.45538,0.0006383592,0.0,0.00038301555,0
-78.816895,-82.07286,0.0006383716,0.0,0.000383023,0
-79.37598,-81.65057,0.00063837133,0.0,0.00038302282,0
-79.934906,-81.180466,0.00063837075,0.0,0.00038302247,0
-80.493546,-80.655266,0.00063837104,0.0,0.00038302265,0
-81.05173,-80.064,0.00063837104,0.0,0.00038302265,0
-81.60923,-79.393616,0.00063837104,0.0,0.00038302265,0
-82.1658,-78.62829,0.00063837104,0.0,0.00038302265,0
-82.7211,-77.744125,0.00063837104,0.0,0.00038302265,0
-83.27474,-76.716545,0.00063837104,0.0,0.00038302265,0
-83.82608,-75.50001,0.00063837104,0.0,0.00038302265,0
-84.37445,-74.05259,0.00063837104,0.0,0.00038302265,0
-84.91853,-72.28185,0.00063837104,0.0,0.00038302265,0
-85.45706,-70.10553,0.00063837104,0.0,0.00038302265,0
-85.987076,-67.32293,0.00063837104,0.0,0.00038302265,0
-86.50541,-63.73511,0.00063837104,0.0,0.00038302265,0
-87.004715,-58.88231,0.00063837104,0.0,0.00038302265,0
-87.475174,-52.206913,0.00063837104,0.0,0.00038302265,0
-87.895,-42.613907,0.00063837104,0.0,0.00038302265,0
-88.230515,-28.91412,0.00063837104,0.0,0.00038302265,0
-88.42383,-10.42848,0.00063837104,0.0,0.00038302265,0
-88.42383,10.42848,0.00063837104,0.0,0.00038302265,0
-88.230515,28.91412,0.00063837104,0.0,0.00038302265,0
-87.895,42.613907,0.00063837104,0.0,0.00038302265,0
-87.475174,52.206913,0.00063837104,0.0,0.00038302265,0
-87.004715,58.88231,0.00063837104,0.0,0.00038302265,0
-86.50541,63.73511,0.00063837104,0.0,0.00038302265,0
-85.987076,67.32293,0.00063837104,0.0,0.00038302265,0
-85.45706,70.10553,0.00063837104,0.0,0.00038302265,0
-84.91853,72.28185,0.00063837104,0.0,0.00038302265,0
-84.37445,74.05259,0.00063837104,0.0,0.00038302265,0
-83.82608,75.50001,0.00063837104,0.0,0.00038302265,0
-83.27474,76.716545,0.00063837104,0.0,0.00038302265,0
-82.7211,77.744125,0.00063837104,0.0,0.00038302265,0
-82.1658,78.62829,0.00063837104,0.0,0.00038302265,0
-81.60923,79.393616,0.00063837104,0.0,0.00038302265,0
-81.05173,80.064,0.00063837104,0.0,0.00038302265,0
-80.493546,80.655266,0.00063837104,0.0,0.00038302265,0
-79.934906,81.180466,0.00063837104,0.0,0.00038302265,0
-79.37598,81.65057,0.00063837104,0.0,0.00038302265,0
-78.816895,82.07286,0.00063837104,0.0,0.00038302265,0
-78.25777,82.45538,0.00063837104,0.0,0.00038302265,0
-77.69871,82.80215,0.00063837104,0.0,0.00038302265,0
-77.13979,83.11937,0.00063837104,0.0,0.00038302265,0
-76.58114,83.4091,0.00063837104,0.0,0.00038302265,0
-76.022766,83.676315,0.00063837104,0.0,0.00038302265,0
-75.46475,83.92204,0.00063837104,0.0,0.00038302265,0
-74.90716,84.15001,0.00063837133,0.0,0.00038302282,0
-74.350044,84.36113,0.00063837104,0.0,0.00038302265,0
-73.79344,84.55791,0.0006383616,0.0,0.00038301697,0
-73.23741,84.74124,0.0006382859,0.0,0.00038297154,0
-72.68198,84.912796,0.00063823874,0.0,0.00038294325,0
-72.12718,85.07346,0.0006383826,0.0,0.0003830296,0
-71.57308,85.22433,0.00064052845,0.0,0.0003843171,0
-71.01969,85.36629,0.000643712,0.0,0.0003862272,0
-70.46706,85.49999,0.0006468879,0.0,0.00038813273,0
-69.91519,85.62632,0.00066982623,0.0,0.00040189576,0
-69.36416,85.745636,0.00069066946,0.0,0.0004144017,0
-68.81394,85.858765,0.00084428507,0.0,0.0005065711,0
-68.264626,85.96589,0.0006003421,0.0,0.00036020527,0
-67.71619,86.067795,0.0010082489,0.0,0.00060494937,0
-67.16871,86.1645,0.002592642,0.0,0.0015555853,0
-66.62215,86.25673,0.0109899845,0.10031626,0.046720494,0
-66.0766,86.3445,0.75241524,0.7762588,0.7619527,3
-65.53203,86.42835,0.93062055,0.97116107,0.9468368,3
-64.98852,86.508385,0.9343011,0.111979455,0.6053724,2
-64.446045,86.58495,0.8397205,0.0,0.50383234,2
-63.904655,86.65822,0.76893884,0.0,0.46136332,1
-63.364365,86.728424,0.6722521,0.0,0.40335128,1
-62.8252,86.79573,0.53507954,0.0,0.32104772,1
-62.287174,86.86033,0.4501135,0.0,0.2700681,1
-61.750313,86.92239,0.441908,0.0,0.26514482,1
-61.214664,86.982025,0.29689768,0.0,0.17813861,0
-60.68019,87.03943,0.020186834,0.0,0.012112101,0
-60.146976,87.09465,0.00294397,0.0,0.0017663821,0
-59.614975,87.147896,0.0011015366,0.0,0.00066092197,0
-59.084286,87.19918,0.0008400201,0.0,0.00050401204,0
-58.55484,87.24871,0.00064692914,0.0,0.0003881575,0
-58.026745,87.29645,0.00063503085,0.0,0.00038101853,0
-57.49993,87.34263,0.00063670165,0.0,0.000382021,0
-56.974495,87.3872,0.00063833274,0.0,0.00038299966,0
-56.45039,87.43034,0.00061587204,0.0,0.00036952324,0
-55.92768,87.47206,0.00058596313,0.0,0.00035157788,0
-55.406357,87.51246,0.0006016315,0.0,0.00036097888,0
-54.88644,87.55159,0.00078726263,0.0,0.00047235758,0
-54.905212,-88.49843,0.0012575969,0.0,0.0007545582,0
-55.42547,-88.47441,0.0009086667,0.0,0.0005452,0
-55.947166,-88.449615,0.00062122586,0.0,0.00037273552,0
-56.47025,-88.42401,0.00063243276,0.0,0.00037945967,0
-56.994736,-88.39752,0.0006374557,0.0,0.00038247346,0
-57.520576,-88.370155,0.0006379955,0.0,0.0003827973,0
-58.0478,-88.34183,0.0006383699,0.0,0.00038302195,0
-58.57632,-88.3125,0.00063837104,0.0,0.00038302265,0
-59.10621,-88.2821,0.00063837104,0.0,0.00038302265,0
-59.63736,-88.25061,0.00063837104,0.0,0.00038302265,0
-60.16983,-88.21791,0.00063837104,0.0,0.00038302265,0
-60.70353,-88.184006,0.00063837104,0.0,0.00038302265,0
-61.23851,-88.14876,0.0006383747,0.0,0.00038302483,0
-61.774693,-88.11214,0.0006383017,0.0,0.00038298106,0
-62.312103,-88.07402,0.000636769,0.0,0.0003820614,0
-62.850693,-88.03435,0.0006362727,0.0,0.00038176365,0
-63.39045,-87.993,0.00062404905,0.0,0.00037442945,0
-63.93136,-87.94987,0.0006058305,0.0,0.00036349831,0
-64.47339,-87.90486,0.00066891714,0.0,0.0004013503,0
-65.01654,-87.85781,0.0011981786,0.0,0.0007189072,0
-65.56075,-87.80864,0.009492795,0.0,0.0056956774,0
-66.10605,-87.757095,0.19251414,0.0,0.11550849,0
-66.65236,-87.703156,0.33030215,0.0,0.1981813,0
-67.19972,-87.646454,0.39920843,0.0,0.23952506,0
-67.74805,-87.587,0.5982072,0.0,0.35892433,1
-68.29736,-87.52434,0.8410613,0.0,0.5046368,2
-68.84761,-87.45846,0.9544427,0.0,0.57266563,2
-69.3988,-87.38887,0.9878442,0.0,0.59270656,2
-69.95087,-87.31547,0.9910256,0.0,0.5946154,2
-70.50382,-87.23773,0.99081904,0.0,0.5944914,2
-71.0576,-87.15544,0.99125457,0.0,0.5947528,2
-71.61222,-87.068054,0.99109054,0.0,0.5946543,2
-72.167625,-86.97514,0.9906412,0.0,0.59438473,2
-72.723785,-86.87618,0.86433214,0.0,0.51859933,2
-73.2807,-86.77048,0.008166802,0.0,0.0049000815,0
-73.8383,-86.657486,0.0024589123,0.0,0.0014753474,0
-74.39659,-86.53615,0.0013547093,0.0,0.0008128256,0
-74.955505,-86.40591,0.00087878475,0.0,0.0005272709,0
-75.515045,-86.265205,0.0006997218,0.0,0.0004198331,0
-76.075134,-86.113464,0.00064876204,0.0,0.00038925724,0
-76.63579,-85.948364,0.0006395104,0.0,0.00038370627,0
-77.196915,-85.76921,0.0006383546,0.0,0.00038301278,0
-77.758514,-85.57291,0.00063829136,0.0,0.00038297483,0
-78.32051,-85.35814,0.0006383616,0.0,0.00038301697,0
-78.88288,-85.12096,0.0006383732,0.0,0.00038302393,0
-79.44555,-84.858826,0.00063837256,0.0,0.00038302355,0
-80.00845,-84.566574,0.00063837133,0.0,0.00038302282,0
-80.57153,-84.23956,0.00063837104,0.0,0.00038302265,0
-81.1347,-83.87067,0.00063837104,0.0,0.00038302265,0
-81.69785,-83.451416,0.00063837104,0.0,0.00038302265,0
-82.26088,-82.971436,0.00063837104,0.0,0.00038302265,0
-82.82363,-82.4149,0.00063837104,0.0,0.00038302265,0
-83.385925,-81.7653,0.00063837104,0.0,0.00038302265,0
-83.94748,-80.991806,0.00063837104,0.0,0.00038302265,0
-84.50801,-80.06495,0.00063837104,0.0,0.00038302265,0
-85.06694,-78.91963,0.00063837104,0.0,0.00038302265,0
-85.623695,-77.49396,0.00063837104,0.0,0.00038302265,0
-86.17694,-75.635376,0.00063837104,0.0,0.00038302265,0
-86.72514,-73.17492,0.00063837104,0.0,0.00038302265,0
-87.264595,-69.69983,0.00063837104,0.0,0.00038302265,0
-87.789566,-64.594864,0.00063837104,0.0,0.00038302265,0
-88.28526,-56.34949,0.00063837104,0.0,0.00038302265,0
-88.71944,-42.10546,0.00063837104,0.0,0.00038302265,0
-89.00427,-16.774523,0.00063837104,0.0,0.00038302265,0
-89.00427,16.774523,0.00063837104,0.0,0.00038302265,0
-88.71944,42.10546,0.00063837104,0.0,0.00038302265,0
-88.28526,56.34949,0.00063837104,0.0,0.00038302265,0
-87.789566,64.594864,0.00063837104,0.0,0.00038302265,0
-87.264595,69.69983,0.00063837104,0.0,0.00038302265,0
-86.72514,73.17492,0.00063837104,0.0,0.00038302265,0
-86.17694,75.635376,0.00063837104,0.0,0.00038302265,0
-85.623695,77.49396,0.00063837104,0.0,0.00038302265,0
-85.06694,78.91963,0.00063837104,0.0,0.00038302265,0
-84.50801,80.06495,0.00063837104,0.0,0.00038302265,0
-83.94748,80.991806,0.00063837104,0.0,0.00038302265,0
-83.385925,81.7653,0.00063837104,0.0,0.00038302265,0
-82.82363,82.4149,0.00063837104,0.0,0.00038302265,0
-82.26088,82.971436,0.00063837104,0.0,0.00038302265,0
-81.69785,83.451416,0.00063837104,0.0,0.00038302265,0
-81.1347,83.87067,0.00063837104,0.0,0.00038302265,0
-80.57153,84.23956,0.00063837104,0.0,0.00038302265,0
-80.00845,84.566574,0.00063837104,0.0,0.00038302265,0
-79.44555,84.858826,0.00063837104,0.0,0.00038302265,0
-78.88288,85.12096,0.00063837104,0.0,0.00038302265,0
-78.32051,85.35814,0.00063837104,0.0,0.00038302265,0
-77.758514,85.57291,0.00063837104,0.0,0.00038302265,0
-77.196915,85.76921,0.00063837104,0.0,0.00038302265,0
-76.63579,85.948364,0.00063837104,0.0,0.00038302265,0
-76.075134,86.113464,0.00063837104,0.0,0.00038302265,0
-75.515045,86.265205,0.00063837104,0.0,0.00038302265,0
-74.955505,86.40591,0.00063837104,0.0,0.00038302265,0
-74.39659,86.53615,0.000638372,0.0,0.0003830232,0
-73.8383,86.657486,0.00063837133,0.0,0.00038302282,0
-73.2807,86.77048,0.00063835375,0.0,0.00038301226,0
-72.723785,86.87618,0.00063831237,0.0,0.00038298743,0
-72.167625,86.97514,0.0006383373,0.0,0.0003830024,0
-71.61222,87.068054,0.0006385582,0.0,0.00038313493,0
-71.0576,87.15544,0.0006391397,0.0,0.00038348383,0
-70.50382,87.23773,0.0006398677,0.0,0.00038392062,0
-69.95087,87.31547,0.0006441367,0.0,0.00038648202,0
-69.3988,87.38887,0.0006728612,0.0,0.00040371672,0
-68.84761,87.45846,0.00063074246,0.0,0.0003784455,0
-68.29736,87.52434,0.0008058498,0.0,0.00048350988,0
-67.74805,87.587,0.0011235704,0.0,0.00067414227,0
-67.19972,87.646454,0.0053128097,0.0,0.003187686,0
-66.65236,87.703156,0.022667931,0.0242457,0.023299038,0
-66.10605,87.757095,0.9441717,0.52317727,0.77577394,3
-65.56075,87.80864,0.9694054,0.97161317,0.9702885,3
-65.01654,87.85781,0.95901424,0.2058102,0.65773267,2
-64.47339,87.90486,0.92497617,0.0,0.5549857,2
-63.93136,87.94987,0.7949162,0.0,0.47694975,1
-63.39045,87.993,0.5868745,0.0,0.3521247,1
-62.850693,88.03435,0.5112233,0.0,0.306734,1
-62.312103,88.07402,0.41898274,0.0,0.25138965,1
-61.774693,88.11214,0.27319083,0.0,0.1639145,0
-61.23851,88.14876,0.026970513,0.0,0.016182309,0
-60.70353,88.184006,0.009064503,0.0,0.005438702,0
-60.16983,88.21791,0.0025784601,0.0,0.0015470762,0
-59.63736,88.25061,0.001038827,0.0,0.00062329625,0
-59.10621,88.2821,0.0007741064,0.0,0.00046446387,0
-58.57632,88.3125,0.000644879,0.0,0.00038692742,0
-58.0478,88.34183,0.0006350738,0.0,0.00038104432,0
-57.520576,88.370155,0.00063626457,0.0,0.00038175876,0
-56.994736,88.39752,0.0006383912,0.0,0.00038303473,0
-56.47025,88.42401,0.0006158914,0.0,0.00036953486,0
-55.947166,88.449615,0.00058596395,0.0,0.00035157838,0
-55.42547,88.47441,0.0006016315,0.0,0.00036097888,0
-54.905212,88.49843,0.00078726263,0.0,0.00047235758,0
-54.915154,-89.446075,0.0012575969,0.0,0.0007545582,0
-55.435608,-89.43722,0.0009086667,0.0,0.0005452,0
-55.957493,-89.428055,0.00062122586,0.0,0.00037273552,0
-56.48077,-89.41861,0.00063243276,0.0,0.00037945967,0
-57.00547,-89.40884,0.0006374557,0.0,0.00038247346,0
-57.53151,-89.398735,0.0006379955,0.0,0.0003827973,0
-58.058956,-89.388275,0.0006383699,0.0,0.00038302195,0
-58.587708,-89.37746,0.00063837104,0.0,0.00038302265,0
-59.11783,-89.36623,0.00063837104,0.0,0.00038302265,0
-59.64922,-89.35461,0.00063837104,0.0,0.00038302265,0
-60.181942,-89.342545,0.00063837104,0.0,0.00038302265,0
-60.7159,-89.330025,0.00063837104,0.0,0.00038302265,0
-61.251152,-89.31701,0.0006383762,0.0,0.00038302576,0
-61.787617,-89.30349,0.0006383002,0.0,0.00038298013,0
-62.325314,-89.28941,0.0006364948,0.0,0.00038189688,0
-62.864204,-89.274765,0.0006365363,0.0,0.0003819218,0
-63.40428,-89.25951,0.0006232912,0.0,0.00037397473,0
-63.94552,-89.243576,0.0006048947,0.0,0.00036293684,0
-64.487885,-89.22696,0.00069052266,0.0,0.0004143136,0
-65.031395,-89.20958,0.0013551642,0.0,0.00081309857,0
-65.575966,-89.19143,0.01722133,0.0,0.010332799,0
-66.121666,-89.172386,0.35048094,0.0,0.21028857,0
-66.66837,-89.15246,0.6309647,0.0,0.37857884,1
-67.21616,-89.13152,0.62697977,0.0,0.3761879,1
-67.76492,-89.10956,0.6715341,0.0,0.40292048,1
-68.31473,-89.08641,0.8543281,0.0,0.5125969,2
-68.86546,-89.062065,0.93520975,0.0,0.5611259,2
-69.41717,-89.036354,0.9845115,0.0,0.59070694,2
-69.969795,-89.00923,0.9920587,0.0,0.5952352,2
-70.52332,-88.98051,0.9907013,0.0,0.5944208,2
-71.07772,-88.95009,0.98938304,0.0,0.59362984,2
-71.63298,-88.91779,0.9901181,0.0,0.59407085,2
-72.18909,-88.88343,0.97720397,0.0,0.5863224,2
-72.74598,-88.84683,0.011722317,0.0,0.0070333905,0
-73.303665,-88.80775,0.0025792266,0.0,0.001547536,0
-73.86211,-88.765945,0.0018348946,0.0,0.0011009368,0
-74.42129,-88.721054,0.00072716735,0.0,0.00043630044,0
-74.981155,-88.67285,0.0006945639,0.0,0.00041673836,0
-75.54174,-88.620766,0.00064971676,0.0,0.00038983006,0
-76.10296,-88.564575,0.0006391738,0.0,0.0003835043,0
-76.664825,-88.50341,0.0006387831,0.0,0.0003832699,0
-77.22727,-88.43703,0.0006382856,0.0,0.00038297137,0
-77.79031,-88.364265,0.0006382807,0.0,0.00038296843,0
-78.3539,-88.2846,0.0006383689,0.0,0.00038302134,0
-78.918,-88.19657,0.0006383699,0.0,0.00038302195,0
-79.48257,-88.09922,0.00063837535,0.0,0.00038302524,0
-80.04762,-87.99061,0.000638372,0.0,0.0003830232,0
-80.6131,-87.86895,0.00063837104,0.0,0.00038302265,0
-81.178955,-87.73157,0.00063837104,0.0,0.00038302265,0
-81.74518,-87.57521,0.00063837104,0.0,0.00038302265,0
-82.31172,-87.39593,0.00063837104,0.0,0.00038302265,0
-82.87853,-87.18762,0.00063837104,0.0,0.00038302265,0
-83.44557,-86.94388,0.00063837104,0.0,0.00038302265,0
-84.012764,-86.65267,0.00063837104,0.0,0.00038302265,0
-84.58007,-86.30229,0.00063837104,0.0,0.00038302265,0
-85.14737,-85.86676,0.00063837104,0.0,0.00038302265,0
-85.71455,-85.32045,0.00063837104,0.0,0.00038302265,0
-86.2814,-84.59966,0.00063837104,0.0,0.00038302265,0
-86.84765,-83.62919,0.00063837104,0.0,0.00038302265,0
-87.4127,-82.21752,0.00063837104,0.0,0.00038302265,0
-87.975464,-80.039246,0.00063837104,0.0,0.00038302265,0
-88.532936,-76.13211,0.00063837104,0.0,0.00038302265,0
-89.07568,-67.58168,0.00063837104,0.0,0.00038302265,0
-89.540535,-37.753025,0.00063837104,0.0,0.00038302265,0
-89.540535,37.753025,0.00063837104,0.0,0.00038302265,0
-89.07568,67.58168,0.00063837104,0.0,0.00038302265,0
-88.532936,76.13211,0.00063837104,0.0,0.00038302265,0
-87.975464,80.039246,0.00063837104,0.0,0.00038302265,0
-87.4127,82.21752,0.00063837104,0.0,0.00038302265,0
-86.84765,83.62919,0.00063837104,0.0,0.00038302265,0
-86.2814,84.59966,0.00063837104,0.0,0.00038302265,0
-85.71455,85.32045,0.00063837104,0.0,0.00038302265,0
-85.14737,85.86676,0.00063837104,0.0,0.00038302265,0
-84.58007,86.30229,0.00063837104,0.0,0.00038302265,0
-84.012764,86.65267,0.00063837104,0.0,0.00038302265,0
-83.44557,86.94388,0.00063837104,0.0,0.00038302265,0
-82.87853,87.18762,0.00063837104,0.0,0.00038302265,0
-82.31172,87.39593,0.00063837104,0.0,0.00038302265,0
-81.74518,87.57521,0.00063837104,0.0,0.00038302265,0
-81.178955,87.73157,0.00063837104,0.0,0.00038302265,0
-80.6131,87.86895,0.00063837104,0.0,0.00038302265,0
-80.04762,87.99061,0.00063837104,0.0,0.00038302265,0
-79.48257,88.09922,0.00063837104,0.0,0.00038302265,0
-78.918,88.19657,0.00063837104,0.0,0.00038302265,0
-78.3539,88.2846,0.00063837104,0.0,0.00038302265,0
-77.79031,88.364265,0.00063837104,0.0,0.00038302265,0
-77.22727,88.43703,0.00063837104,0.0,0.00038302265,0
-76.664825,88.50341,0.00063837104,0.0,0.00038302265,0
-76.10296,88.564575,0.00063837104,0.0,0.00038302265,0
-75.54174,88.620766,0.00063837104,0.0,0.00038302265,0
-74.981155,88.67285,0.00063837104,0.0,0.00038302265,0
-74.42129,88.721054,0.00063837104,0.0,0.00038302265,0
-73.86211,88.765945,0.000638372,0.0,0.0003830232,0
-73.303665,88.80775,0.00063837017,0.0,0.00038302212,0
-72.74598,88.84683,0.00063836225,0.0,0.00038301738,0
-72.18909,88.88343,0.00063832995,0.0,0.000382998,0
-71.63298,88.91779,0.0006382874,0.0,0.00038297244,0
-71.07772,88.95009,0.0006382795,0.0,0.0003829677,0
-70.52332,88.98051,0.0006367347,0.0,0.00038204083,0
-69.969795,89.00923,0.000641701,0.0,0.0003850206,0
-69.41717,89.036354,0.00063536654,0.0,0.00038121993,0
-68.86546,89.062065,0.0006137514,0.0,0.00036825085,0
-68.31473,89.08641,0.0005836864,0.0,0.00035021186,0
-67.76492,89.10956,0.0016766199,0.0,0.0010059719,0
-67.21616,89.13152,0.008530144,0.0,0.0051180865,0
-66.66837,89.15246,0.9141075,0.0,0.54846454,2
-66.121666,89.172386,0.9612683,0.4825168,0.76976776,3
-65.575966,89.19143,0.9715235,0.9931474,0.9801731,3
-65.031395,89.20958,0.950655,0.19356021,0.64781713,2
-64.487885,89.22696,0.92713,0.022856995,0.5654208,2
-63.94552,89.243576,0.821907,0.0,0.4931442,1
-63.40428,89.25951,0.5902146,0.0,0.35412878,1
-62.864204,89.274765,0.5051746,0.0,0.30310476,1
-62.325314,89.28941,0.4255524,0.0,0.25533146,1
-61.787617,89.30349,0.2482303,0.0,0.14893818,0
-61.251152,89.31701,0.006175623,0.0,0.0037053737,0
-60.7159,89.330025,0.0021557433,0.0,0.001293446,0
-60.181942,89.342545,0.0015453774,0.0,0.0009272265,0
-59.64922,89.35461,0.00083838793,0.0,0.00050303276,0
-59.11783,89.36623,0.0007155897,0.0,0.00042935382,0
-58.587708,89.37746,0.000639203,0.0,0.0003835218,0
-58.058956,89.388275,0.0006359445,0.0,0.0003815667,0
-57.53151,89.398735,0.0006362076,0.0,0.00038172456,0
-57.00547,89.40884,0.0006383656,0.0,0.00038301936,0
-56.48077,89.41861,0.0006159029,0.0,0.00036954175,0
-55.957493,89.428055,0.00058596645,0.0,0.0003515799,0
-55.435608,89.43722,0.0006016315,0.0,0.00036097888,0
-54.915154,89.446075,0.00078726263,0.0,0.00047235758,0
-54.915764,-90.394035,0.0012575969,0.0,0.0007545582,0
-55.436226,-90.40034,0.0009086667,0.0,0.0005452,0
-55.958122,-90.40685,0.00062122586,0.0,0.00037273552,0
-56.481415,-90.413574,0.00063243276,0.0,0.00037945967,0
-57.006126,-90.42052,0.0006374557,0.0,0.00038247346,0
-57.53218,-90.42771,0.0006379955,0.0,0.0003827973,0
-58.05964,-90.43515,0.0006383699,0.0,0.00038302195,0
-58.5884,-90.44284,0.00063837104,0.0,0.00038302265,0
-59.11854,-90.450836,0.00063837104,0.0,0.00038302265,0
-59.649944,-90.45909,0.00063837104,0.0,0.00038302265,0
-60.18268,-90.46768,0.00063837104,0.0,0.00038302265,0
-60.71666,-90.47659,0.00063837104,0.0,0.00038302265,0
-61.25193,-90.48584,0.00063837774,0.0,0.00038302667,0
-61.788406,-90.49546,0.0006382792,0.0,0.00038296753,0
-62.326126,-90.50548,0.00063638674,0.0,0.00038183207,0
-62.865036,-90.51589,0.00063717365,0.0,0.00038230422,0
-63.405125,-90.52675,0.0006245572,0.0,0.00037473434,0
-63.94638,-90.538086,0.00061719154,0.0,0.00037031496,0
-64.48877,-90.549904,0.00070740364,0.0,0.0004244422,0
-65.0323,-90.56226,0.0010671467,0.0,0.000640288,0
-65.576904,-90.57518,0.004236597,0.0,0.0025419584,0
-66.12262,-90.58872,0.10995619,0.0,0.065973714,0
-66.66936,-90.6029,0.5125613,0.0,0.3075368,1
-67.21716,-90.6178,0.6631716,0.0,0.39790297,1
-67.76596,-90.633415,0.7697145,0.0,0.4618287,1
-68.315796,-90.64989,0.79474604,0.0,0.47684765,1
-68.866554,-90.667206,0.87256485,0.0,0.52353895,2
-69.418304,-90.68549,0.9718597,0.0,0.5831158,2
-69.97095,-90.70479,0.99159664,0.0,0.594958,2
-70.52451,-90.72522,0.99025154,0.0,0.59415096,2
-71.07895,-90.746864,0.989576,0.0,0.5937456,2
-71.634254,-90.76984,0.98939425,0.0,0.5936366,2
-72.19039,-90.79428,0.97271144,0.0,0.58362687,2
-72.74734,-90.82031,0.006073756,0.0,0.0036442538,0
-73.30508,-90.84813,0.0013458526,0.0,0.0008075116,0
-73.86356,-90.87785,0.0010415134,0.0,0.0006249081,0
-74.422806,-90.909805,0.00058648107,0.0,0.00035188865,0
-74.982735,-90.94409,0.0006184275,0.0,0.00037105652,0
-75.54338,-90.98115,0.0006365952,0.0,0.00038195713,0
-76.10466,-91.02112,0.000638507,0.0,0.00038310423,0
-76.6666,-91.06464,0.00063748827,0.0,0.000382493,0
-77.229126,-91.11186,0.0006371806,0.0,0.00038230835,0
-77.79227,-91.163635,0.00063784595,0.0,0.0003827076,0
-78.35594,-91.220314,0.0006381417,0.0,0.00038288505,0
-78.92015,-91.28294,0.0006383245,0.0,0.0003829947,0
-79.48485,-91.3522,0.00063837256,0.0,0.00038302355,0
-80.05003,-91.42949,0.0006383747,0.0,0.00038302483,0
-80.61565,-91.51605,0.00063837104,0.0,0.00038302265,0
-81.18167,-91.613815,0.00063837104,0.0,0.00038302265,0
-81.74809,-91.72507,0.00063837104,0.0,0.00038302265,0
-82.314835,-91.852646,0.00063837104,0.0,0.00038302265,0
-82.88191,-92.00091,0.00063837104,0.0,0.00038302265,0
-83.449234,-92.17439,0.00063837104,0.0,0.00038302265,0
-84.01679,-92.38167,0.00063837104,0.0,0.00038302265,0
-84.58451,-92.63111,0.00063837104,0.0,0.00038302265,0
-85.15233,-92.94124,0.00063837104,0.0,0.00038302265,0
-85.72017,-93.330345,0.00063837104,0.0,0.00038302265,0
-86.287895,-93.84393,0.00063837104,0.0,0.00038302265,0
-86.855316,-94.53584,0.00063837104,0.0,0.00038302265,0
-87.42206,-95.543365,0.00063837104,0.0,0.00038302265,0
-87.98746,-97.10094,0.00063837104,0.0,0.00038302265,0
-88.54965,-99.90718,0.00063837104,0.0,0.00038302265,0
-89.10278,-106.12879,0.00063837104,0.0,0.00038302265,0
-89.60479,-130.84921,0.00063837104,0.0,0.00038302265,0
-89.60479,130.84921,0.00063837104,0.0,0.00038302265,0
-89.10278,106.12879,0.00063837104,0.0,0.00038302265,0
-88.54965,99.90718,0.00063837104,0.0,0.00038302265,0
-87.98746,97.10094,0.00063837104,0.0,0.00038302265,0
-87.42206,95.543365,0.00063837104,0.0,0.00038302265,0
-86.855316,94.53584,0.00063837104,0.0,0.00038302265,0
-86.287895,93.84393,0.00063837104,0.0,0.00038302265,0
-85.72017,93.330345,0.00063837104,0.0,0.00038302265,0
-85.15233,92.94124,0.00063837104,0.0,0.00038302265,0
-84.58451,92.63111,0.00063837104,0.0,0.00038302265,0
-84.01679,92.38167,0.00063837104,0.0,0.00038302265,0
-83.449234,92.17439,0.00063837104,0.0,0.00038302265,0
-82.88191,92.00091,0.00063837104,0.0,0.00038302265,0
-82.314835,91.852646,0.00063837104,0.0,0.00038302265,0
-81.74809,91.72507,0.00063837104,0.0,0.00038302265,0
-81.18167,91.613815,0.00063837104,0.0,0.00038302265,0
-80.61565,91.51605,0.00063837104,0.0,0.00038302265,0
-80.05003,91.42949,0.00063837104,0.0,0.00038302265,0
-79.48485,91.3522,0.00063837104,0.0,0.00038302265,0
-78.92015,91.28294,0.00063837104,0.0,0.00038302265,0
-78.35594,91.220314,0.00063837104,0.0,0.00038302265,0
-77.79227,91.163635,0.00063837104,0.0,0.00038302265,0
-77.229126,91.11186,0.00063837104,0.0,0.00038302265,0
-76.6666,91.06464,0.00063837104,0.0,0.00038302265,0
-76.10466,91.02112,0.00063837104,0.0,0.00038302265,0
-75.54338,90.98115,0.00063837104,0.0,0.00038302265,0
-74.982735,90.94409,0.00063837104,0.0,0.00038302265,0
-74.422806,90.909805,0.00063837104,0.0,0.00038302265,0
-73.86356,90.87785,0.00063837104,0.0,0.00038302265,0
-73.30508,90.84813,0.000638372,0.0,0.0003830232,0
-72.74734,90.82031,0.00063837407,0.0,0.00038302445,0
-72.19039,90.79428,0.0006383747,0.0,0.00038302483,0
-71.634254,90.76984,0.00063836615,0.0,0.0003830197,0
-71.07895,90.746864,0.00063835585,0.0,0.00038301354,0
-70.52451,90.72522,0.0006366261,0.0,0.00038197567,0
-69.97095,90.70479,0.00063807116,0.0,0.0003828427,0
-69.418304,90.68549,0.00062737754,0.0,0.00037642653,0
-68.866554,90.667206,0.000587862,0.0,0.0003527172,0
-68.315796,90.64989,0.0006446719,0.0,0.00038680315,0
-67.76596,90.633415,0.001244931,0.0,0.00074695866,0
-67.21716,90.6178,0.004429606,0.0,0.0026577637,0
-66.66936,90.6029,0.30984163,0.0,0.18590498,0
-66.12262,90.58872,0.92546487,0.23097694,0.64766973,2
-65.576904,90.57518,0.89806926,0.9986434,0.93829894,3
-65.0323,90.56226,0.9274472,0.9605574,0.94069135,3
-64.48877,90.549904,0.92340916,0.1362282,0.6085368,2
-63.94638,90.538086,0.85257655,0.0,0.51154596,2
-63.405125,90.52675,0.66971457,0.0,0.40182877,1
-62.865036,90.51589,0.5258088,0.0,0.3154853,1
-62.326126,90.50548,0.37970182,0.0,0.2278211,0
-61.788406,90.49546,0.03782685,0.0,0.022696111,0
-61.25193,90.48584,0.003659575,0.0,0.002195745,0
-60.71666,90.47659,0.0013731621,0.0,0.0008238973,0
-60.18268,90.46768,0.0010209607,0.0,0.0006125765,0
-59.649944,90.45909,0.00073071884,0.0,0.0004384313,0
-59.11854,90.450836,0.0006576938,0.0,0.00039461628,0
-58.5884,90.44284,0.0006401907,0.0,0.00038411442,0
-58.05964,90.43515,0.0006342246,0.0,0.0003805348,0
-57.53218,90.42771,0.00063569326,0.0,0.00038141597,0
-57.006126,90.42052,0.00063835614,0.0,0.0003830137,0
-56.481415,90.413574,0.00061589526,0.0,0.00036953719,0
-55.958122,90.40685,0.0005859687,0.0,0.00035158126,0
-55.436226,90.40034,0.0006016315,0.0,0.00036097888,0
-54.915764,90.394035,0.00078726263,0.0,0.00047235758,0
-54.907562,-91.34178,0.0012575969,0.0,0.0007545582,0
-55.427864,-91.363235,0.0009086667,0.0,0.0005452,0
-55.949608,-91.38541,0.00062122586,0.0,0.00037273552,0
-56.472733,-91.40828,0.00063243276,0.0,0.00037945967,0
-56.997272,-91.431946,0.0006374557,0.0,0.00038247346,0
-57.52316,-91.456406,0.0006379955,0.0,0.0003827973,0
-58.050434,-91.481735,0.0006383699,0.0,0.00038302195,0
-58.57901,-91.507935,0.00063837104,0.0,0.00038302265,0
-59.108955,-91.53511,0.00063837104,0.0,0.00038302265,0
-59.64016,-91.56325,0.00063837104,0.0,0.00038302265,0
-60.17269,-91.59247,0.00063837104,0.0,0.00038302265,0
-60.706455,-91.622765,0.00063837104,0.0,0.00038302265,0
-61.241493,-91.65428,0.0006383814,0.0,0.00038302885,0
-61.77775,-91.687004,0.0006381931,0.0,0.00038291587,0
-62.315228,-91.72107,0.000636455,0.0,0.00038187302,0
-62.853886,-91.75653,0.00063781766,0.0,0.0003826906,0
-63.39372,-91.793495,0.00062762277,0.0,0.00037657368,0
-63.934708,-91.83204,0.0006267907,0.0,0.00037607443,0
-64.476814,-91.87226,0.00069386227,0.0,0.00041631737,0
-65.02005,-91.91432,0.0011110177,0.0,0.0006666106,0
-65.56435,-91.95827,0.003996708,0.0,0.0023980248,0
-66.10974,-92.00434,0.03979505,0.0,0.02387703,0
-66.65614,-92.05255,0.30106568,0.0,0.18063942,0
-67.203606,-92.10324,0.586445,0.0,0.351867,1
-67.75203,-92.15638,0.76878625,0.0,0.46127176,1
-68.30147,-92.21239,0.8380072,0.0,0.50280434,2
-68.85183,-92.27128,0.91919535,0.0,0.55151725,2
-69.40314,-92.33348,0.9772012,0.0,0.58632076,2
-69.95534,-92.3991,0.99039876,0.0,0.5942393,2
-70.50843,-92.4686,0.9907392,0.0,0.59444356,2
-71.062355,-92.54216,0.9913455,0.0,0.5948073,2
-71.61713,-92.6203,0.98899823,0.0,0.593399,2
-72.17269,-92.703354,0.9741203,0.0,0.58447224,2
-72.729034,-92.79184,0.0065855337,0.0,0.0039513204,0
-73.28612,-92.886345,0.0009894652,0.0,0.00059367914,0
-73.84392,-92.9874,0.00089561945,0.0,0.00053737167,0
-74.40242,-93.095894,0.0005638645,0.0,0.0003383187,0
-74.96156,-93.212364,0.0006350384,0.0,0.00038102307,0
-75.52135,-93.338196,0.00064912695,0.0,0.0003894762,0
-76.08171,-93.47391,0.0006357473,0.0,0.0003814484,0
-76.64264,-93.6216,0.00063237734,0.0,0.00037942643,0
-77.20408,-93.78185,0.0006339061,0.0,0.00038034367,0
-77.76603,-93.95747,0.0006360939,0.0,0.00038165637,0
-78.328384,-94.149635,0.0006376235,0.0,0.0003825741,0
-78.89117,-94.36188,0.0006382059,0.0,0.00038292355,0
-79.454285,-94.5965,0.0006383458,0.0,0.0003830075,0
-80.0177,-94.8581,0.0006383784,0.0,0.00038302704,0
-80.58134,-95.15091,0.00063837104,0.0,0.00038302265,0
-81.145134,-95.48129,0.00063837104,0.0,0.00038302265,0
-81.709015,-95.8569,0.00063837104,0.0,0.00038302265,0
-82.272865,-96.28709,0.00063837104,0.0,0.00038302265,0
-82.83656,-96.78611,0.00063837104,0.0,0.00038302265,0
-83.39997,-97.36894,0.00063837104,0.0,0.00038302265,0
-83.96284,-98.06346,0.00063837104,0.0,0.00038302265,0
-84.52494,-98.896515,0.00063837104,0.0,0.00038302265,0
-85.085815,-99.927345,0.00063837104,0.0,0.00038302265,0
-85.64497,-101.21278,0.00063837104,0.0,0.00038302265,0
-86.20135,-102.89322,0.00063837104,0.0,0.00038302265,0
-86.75365,-105.12646,0.00063837104,0.0,0.00038302265,0
-87.298805,-108.301544,0.00063837104,0.0,0.00038302265,0
-87.831955,-113.01574,0.00063837104,0.0,0.00038302265,0
-88.340195,-120.79212,0.00063837104,0.0,0.00038302265,0
-88.793465,-134.77734,0.00063837104,0.0,0.00038302265,0
-89.100235,-161.48695,0.00063837104,0.0,0.00038302265,0
-89.100235,161.48695,0.00063837104,0.0,0.00038302265,0
-88.793465,134.77734,0.00063837104,0.0,0.00038302265,0
-88.340195,120.79212,0.00063837104,0.0,0.00038302265,0
-87.831955,113.01574,0.00063837104,0.0,0.00038302265,0
-87.298805,108.301544,0.00063837104,0.0,0.00038302265,0
-86.75365,105.12646,0.00063837104,0.0,0.00038302265,0
-86.20135,102.89322,0.00063837104,0.0,0.00038302265,0
-85.64497,101.21278,0.00063837104,0.0,0.00038302265,0
-85.085815,99.927345,0.00063837104,0.0,0.00038302265,0
-84.52494,98.896515,0.00063837104,0.0,0.00038302265,0
-83.96284,98.06346,0.00063837104,0.0,0.00038302265,0
-83.39997,97.36894,0.00063837104,0.0,0.00038302265,0
-82.83656,96.78611,0.00063837104,0.0,0.00038302265,0
-82.272865,96.28709,0.00063837104,0.0,0.00038302265,0
-81.709015,95.8569,0.00063837104,0.0,0.00038302265,0
-81.145134,95.48129,0.00063837104,0.0,0.00038302265,0
-80.58134,95.15091,0.00063837104,0.0,0.00038302265,0
-80.0177,94.8581,0.00063837104,0.0,0.00038302265,0
-79.454285,94.5965,0.00063837104,0.0,0.00038302265,0
-78.89117,94.36188,0.00063837104,0.0,0.00038302265,0
-78.328384,94.149635,0.00063837104,0.0,0.00038302265,0
-77.76603,93.95747,0.00063837104,0.0,0.00038302265,0
-77.20408,93.78185,0.00063837104,0.0,0.00038302265,0
-76.64264,93.6216,0.00063837104,0.0,0.00038302265,0
-76.08171,93.47391,0.00063837104,0.0,0.00038302265,0
-75.52135,93.338196,0.00063837104,0.0,0.00038302265,0
-74.96156,93.212364,0.00063837104,0.0,0.00038302265,0
-74.40242,93.095894,0.00063837104,0.0,0.00038302265,0
-73.84392,92.9874,0.00063837104,0.0,0.00038302265,0
-73.28612,92.886345,0.00063837104,0.0,0.00038302265,0
-72.729034,92.79184,0.00063837104,0.0,0.00038302265,0
-72.17269,92.703354,0.000638372,0.0,0.0003830232,0
-71.61713,92.6203,0.0006383729,0.0,0.00038302375,0
-71.062355,92.54216,0.00063840847,0.0,0.0003830451,0
-70.50843,92.4686,0.00063745177,0.0,0.00038247107,0
-69.95534,92.3991,0.0006371071,0.0,0.0003822643,0
-69.40314,92.33348,0.00062698784,0.0,0.0003761927,0
-68.85183,92.27128,0.0006377219,0.0,0.00038263315,0
-68.30147,92.21239,0.0006676275,0.0,0.0004005765,0
-67.75203,92.15638,0.0007671034,0.0,0.00046026206,0
-67.203606,92.10324,0.001282609,0.0,0.0007695654,0
-66.65614,92.05255,0.010012924,0.0,0.0060077547,0
-66.10974,92.00434,0.81058836,0.037727077,0.50144386,2
-65.56435,91.95827,0.7351752,0.8185056,0.76850736,3
-65.02005,91.91432,0.8947421,0.9850197,0.9308531,3
-64.476814,91.87226,0.9041893,0.27051938,0.6507214,2
-63.934708,91.83204,0.88747865,0.0,0.5324872,2
-63.39372,91.793495,0.760261,0.0,0.4561566,1
-62.853886,91.75653,0.590768,0.0,0.3544608,1
-62.315228,91.72107,0.39400274,0.0,0.23640165,0
-61.77775,91.687004,0.024140615,0.0,0.014484369,0
-61.241493,91.65428,0.0044017527,0.0,0.0026410518,0
-60.706455,91.622765,0.0014632569,0.0,0.0008779542,0
-60.17269,91.59247,0.00095349445,0.0,0.0005720967,0
-59.64016,91.56325,0.00074754376,0.0,0.00044852626,0
-59.108955,91.53511,0.00064508425,0.0,0.00038705056,0
-58.57901,91.507935,0.0006310561,0.0,0.00037863367,0
-58.050434,91.481735,0.00063498336,0.0,0.00038099004,0
-57.52316,91.456406,0.00063442835,0.0,0.00038065703,0
-56.997272,91.431946,0.00063822535,0.0,0.00038293522,0
-56.472733,91.40828,0.00061589264,0.0,0.0003695356,0
-55.949608,91.38541,0.0005859715,0.0,0.00035158292,0
-55.427864,91.363235,0.00060163205,0.0,0.00036097923,0
-54.907562,91.34178,0.00078726263,0.0,0.00047235758,0
-54.890236,-92.28879,0.0012575969,0.0,0.0007545582,0
-55.41022,-92.32536,0.0009086667,0.0,0.0005452,0
-55.93162,-92.363144,0.00062122586,0.0,0.00037273552,0
-56.454403,-92.402145,0.00063243276,0.0,0.00037945967,0
-56.97859,-92.44248,0.0006374557,0.0,0.00038247346,0
-57.504105,-92.48416,0.0006379955,0.0,0.0003827973,0
-58.031002,-92.52733,0.0006383699,0.0,0.00038302195,0
-58.55918,-92.57196,0.00063837104,0.0,0.00038302265,0
-59.08872,-92.61828,0.00063837104,0.0,0.00038302265,0
-59.6195,-92.66623,0.00063837104,0.0,0.00038302265,0
-60.151596,-92.71602,0.00063837104,0.0,0.00038302265,0
-60.68491,-92.76765,0.00063837104,0.0,0.00038302265,0
-61.219482,-92.82132,0.00063838717,0.0,0.0003830323,0
-61.75524,-92.87708,0.00063797785,0.0,0.00038278673,0
-62.292217,-92.93512,0.00063639856,0.0,0.00038183914,0
-62.830353,-92.99553,0.00063625764,0.0,0.0003817546,0
-63.36964,-93.05847,0.00062928133,0.0,0.00037756882,0
-63.910057,-93.124115,0.0006266578,0.0,0.00037599468,0
-64.45157,-93.19262,0.0007153258,0.0,0.0004291955,0
-64.99419,-93.26424,0.0011965943,0.0,0.00071795663,0
-65.537834,-93.33907,0.009785234,0.0,0.005871141,0
-66.08255,-93.417496,0.29735097,0.0,0.17841059,0
-66.62826,-93.49958,0.5221245,0.0,0.31327474,1
-67.17497,-93.58584,0.65772754,0.01194514,0.3994146,1
-67.722626,-93.67628,0.8024817,0.1989613,0.56107354,2
-68.27124,-93.77159,0.87533987,0.056248847,0.5477035,2
-68.82074,-93.87179,0.93847066,0.0,0.5630824,2
-69.371155,-93.97761,0.98331255,0.0,0.5899876,2
-69.9224,-94.08922,0.99000275,0.0,0.59400165,2
-70.47449,-94.20739,0.99119496,0.0,0.594717,2
-71.02735,-94.332466,0.99023575,0.0,0.5941415,2
-71.58099,-94.46527,0.9898616,0.30303803,0.71513224,2
-72.13535,-94.60642,0.949475,0.4685108,0.7570894,3
-72.69042,-94.75675,0.0055389637,0.0,0.0033233783,0
-73.246155,-94.91727,0.0011773474,0.0,0.00070640846,0
-73.802505,-95.08881,0.00069099833,0.0,0.00041459902,0
-74.35944,-95.272964,0.0006754706,0.0,0.0004052824,0
-74.91692,-95.47056,0.00069627643,0.0,0.00041776587,0
-75.474915,-95.68394,0.00069284666,0.0,0.00041570803,0
-76.03334,-95.91397,0.00065856375,0.0,0.00039513825,0
-76.59217,-96.16412,0.0006410689,0.0,0.00038464137,0
-77.15132,-96.43543,0.0006307696,0.0,0.00037846176,0
-77.710785,-96.732506,0.000634108,0.0,0.0003804648,0
-78.270424,-97.057304,0.0006366376,0.0,0.0003819826,0
-78.83021,-97.41568,0.00063796993,0.0,0.000382782,0
-79.39001,-97.81139,0.0006383251,0.0,0.0003829951,0
-79.94974,-98.25206,0.0006383817,0.0,0.00038302902,0
-80.50926,-98.74452,0.00063837104,0.0,0.00038302265,0
-81.06844,-99.29915,0.00063837104,0.0,0.00038302265,0
-81.627075,-99.92829,0.00063837104,0.0,0.00038302265,0
-82.18494,-100.64696,0.00063837104,0.0,0.00038302265,0
-82.741714,-101.4778,0.00063837104,0.0,0.00038302265,0
-83.29707,-102.44423,0.00063837104,0.0,0.00038302265,0
-83.85043,-103.589676,0.00063837104,0.0,0.00038302265,0
-84.4012,-104.954414,0.00063837104,0.0,0.00038302265,0
-84.9482,-106.62724,0.00063837104,0.0,0.00038302265,0
-85.49026,-108.688286,0.00063837104,0.0,0.00038302265,0
-86.02473,-111.33322,0.00063837104,0.0,0.00038302265,0
-86.548706,-114.760315,0.00063837104,0.0,0.00038302265,0
-87.055405,-119.43204,0.00063837104,0.0,0.00038302265,0
-87.53549,-125.93146,0.00063837104,0.0,0.00038302265,0
-87.96783,-135.4466,0.00063837104,0.0,0.00038302265,0
-88.31789,-149.40277,0.00063837104,0.0,0.00038302265,0
-88.52274,-168.85005,0.00063837104,0.0,0.00038302265,0
-88.52274,168.85005,0.00063837104,0.0,0.00038302265,0
-88.31789,149.40277,0.00063837104,0.0,0.00038302265,0
-87.96783,135.4466,0.00063837104,0.0,0.00038302265,0
-87.53549,125.93146,0.00063837104,0.0,0.00038302265,0
-87.055405,119.43204,0.00063837104,0.0,0.00038302265,0
-86.548706,114.760315,0.00063837104,0.0,0.00038302265,0
-86.02473,111.33322,0.00063837104,0.0,0.00038302265,0
-85.49026,108.688286,0.00063837104,0.0,0.00038302265,0
-84.9482,106.62724,0.00063837104,0.0,0.00038302265,0
-84.4012,104.954414,0.00063837104,0.0,0.00038302265,0
-83.85043,103.589676,0.00063837104,0.0,0.00038302265,0
-83.29707,102.44423,0.00063837104,0.0,0.00038302265,0
-82.741714,101.4778,0.00063837104,0.0,0.00038302265,0
-82.18494,100.64696,0.00063837104,0.0,0.00038302265,0
-81.627075,99.92829,0.00063837104,0.0,0.00038302265,0
-81.06844,99.29915,0.00063837104,0.0,0.00038302265,0
-80.50926,98.74452,0.00063837104,0.0,0.00038302265,0
-79.94974,98.25206,0.00063837104,0.0,0.00038302265,0
-79.39001,97.81139,0.00063837104,0.0,0.00038302265,0
-78.83021,97.41568,0.00063837104,0.0,0.00038302265,0
-78.270424,97.057304,0.00063837104,0.0,0.00038302265,0
-77.710785,96.732506,0.00063837104,0.0,0.00038302265,0
-77.15132,96.43543,0.00063837104,0.0,0.00038302265,0
-76.59217,96.16412,0.00063837104,0.0,0.00038302265,0
-76.03334,95.91397,0.00063837104,0.0,0.00038302265,0
-75.474915,95.68394,0.00063837104,0.0,0.00038302265,0
-74.91692,95.47056,0.00063837104,0.0,0.00038302265,0
-74.35944,95.272964,0.00063837104,0.0,0.00038302265,0
-73.802505,95.08881,0.00063837104,0.0,0.00038302265,0
-73.246155,94.91727,0.00063837104,0.0,0.00038302265,0
-72.69042,94.75675,0.00063837104,0.0,0.00038302265,0
-72.13535,94.60642,0.00063837104,0.0,0.00038302265,0
-71.58099,94.46527,0.000638372,0.0,0.0003830232,0
-71.02735,94.332466,0.00063840573,0.0,0.00038304346,0
-70.47449,94.20739,0.0006380347,0.0,0.00038282084,0
-69.9224,94.08922,0.0006361285,0.0,0.0003816771,0
-69.371155,93.97761,0.00063455047,0.0,0.0003807303,0
-68.82074,93.87179,0.0006597507,0.0,0.00039585045,0
-68.27124,93.77159,0.00061250065,0.0,0.0003675004,0
-67.722626,93.67628,0.0008691508,0.0,0.0005214905,0
-67.17497,93.58584,0.0011059,0.0,0.00066354004,0
-66.62826,93.49958,0.011971743,0.0,0.007183046,0
-66.08255,93.417496,0.8712986,0.017511757,0.52978384,2
-65.537834,93.33907,0.9423845,0.65118057,0.82590294,3
-64.99419,93.26424,0.93761593,0.9936481,0.96002877,3
-64.45157,93.19262,0.9372229,0.607067,0.8051606,3
-63.910057,93.124115,0.8883462,0.0,0.53300774,2
-63.36964,93.05847,0.8089847,0.0,0.48539084,1
-62.830353,92.99553,0.7480169,0.0,0.44881016,1
-62.292217,92.93512,0.5105035,0.0,0.3063021,1
-61.75524,92.87708,0.26401523,0.0,0.15840915,0
-61.219482,92.82132,0.015092795,0.0,0.009055677,0
-60.68491,92.76765,0.0031860648,0.0,0.0019116389,0
-60.151596,92.71602,0.0012977361,0.0,0.00077864167,0
-59.6195,92.66623,0.00094438286,0.0,0.00056662975,0
-59.08872,92.61828,0.0007400601,0.0,0.0004440361,0
-58.55918,92.57196,0.0006386434,0.0,0.00038318607,0
-58.031002,92.52733,0.0006337545,0.0,0.0003802527,0
-57.504105,92.48416,0.0006347229,0.0,0.00038083375,0
-56.97859,92.44248,0.000637859,0.0,0.0003827154,0
-56.454403,92.402145,0.0006158304,0.0,0.00036949827,0
-55.93162,92.363144,0.0005859662,0.0,0.00035157974,0
-55.41022,92.32536,0.0006016332,0.0,0.00036097993,0
-54.890236,92.28879,0.00078726263,0.0,0.00047235758,0
-54.8639,-93.23454,0.0012575969,0.0,0.0007545582,0
-55.383385,-93.28618,0.0009086667,0.0,0.0005452,0
-55.90428,-93.33949,0.00062122586,0.0,0.00037273552,0
-56.426537,-93.394554,0.00063243276,0.0,0.00037945967,0
-56.950176,-93.45148,0.0006374557,0.0,0.00038247346,0
-57.475136,-93.51031,0.0006379955,0.0,0.0003827973,0
-58.00145,-93.57123,0.0006383699,0.0,0.00038302195,0
-58.529034,-93.63423,0.00063837104,0.0,0.00038302265,0
-59.057953,-93.69958,0.00063837104,0.0,0.00038302265,0
-59.588097,-93.76722,0.00063837104,0.0,0.00038302265,0
-60.11953,-93.83747,0.00063837104,0.0,0.00038302265,0
-60.652157,-93.9103,0.00063837104,0.0,0.00038302265,0
-61.18602,-93.98602,0.0006383929,0.0,0.00038303577,0
-61.721043,-94.06467,0.00063766236,0.0,0.00038259744,0
-62.257244,-94.146515,0.0006362761,0.0,0.00038176568,0
-62.79458,-94.23169,0.00063102,0.0,0.00037861202,0
-63.333042,-94.32045,0.000621905,0.0,0.00037314303,0
-63.872593,-94.41302,0.00062052725,0.0,0.00037231637,0
-64.41321,-94.50958,0.0007307324,0.0,0.00043843946,0
-64.95488,-94.61051,0.0012263042,0.0,0.00073578255,0
-65.49756,-94.71599,0.0044605997,0.0,0.0026763598,0
-66.04125,-94.826485,0.1346347,0.0,0.08078083,0
-66.58588,-94.94212,0.6342708,0.0,0.38056248,1
-67.131485,-95.06363,0.7609895,0.076159544,0.48705754,1
-67.67795,-95.191,0.85854536,0.9694129,0.9028924,3
-68.22534,-95.32519,0.91834736,0.24314155,0.64826506,2
-68.773544,-95.46624,0.96473575,0.0,0.57884145,2
-69.322586,-95.615166,0.98260015,0.0,0.5895601,2
-69.87239,-95.7722,0.9898145,0.0,0.59388876,2
-70.42295,-95.93841,0.9906771,0.0,0.5944063,2
-70.97421,-96.114296,0.9889733,0.0,0.593384,2
-71.52615,-96.300964,0.9777776,0.30827305,0.7099758,2
-72.078705,-96.499306,0.16051267,0.38280997,0.2494316,0
-72.63185,-96.71045,0.0033687698,0.0,0.002021262,0
-73.18553,-96.9358,0.001859777,0.0,0.0011158662,0
-73.7397,-97.17653,0.00086454477,0.0,0.0005187269,0
-74.2943,-97.4348,0.00093540625,0.0,0.0005612438,0
-74.84926,-97.711754,0.0010915248,0.0,0.00065491494,0
-75.40455,-98.01064,0.001074959,0.0,0.0006449754,0
-75.96005,-98.332596,0.0008556491,0.0,0.0005133895,0
-76.51574,-98.68242,0.00072868686,0.0,0.00043721215,0
-77.07149,-99.061455,0.00064626924,0.0,0.00038776157,0
-77.627205,-99.47603,0.0006352418,0.0,0.0003811451,0
-78.18278,-99.92874,0.00063647045,0.0,0.00038188227,0
-78.73808,-100.42753,0.0006374296,0.0,0.00038245777,0
-79.29296,-100.97738,0.00063826464,0.0,0.0003829588,0
-79.84722,-101.588486,0.000638386,0.0,0.0003830316,0
-80.40065,-102.269875,0.00063837104,0.0,0.00038302265,0
-80.953,-103.0352,0.00063837104,0.0,0.00038302265,0
-81.50392,-103.90057,0.00063837104,0.0,0.00038302265,0
-82.05303,-104.88522,0.00063837104,0.0,0.00038302265,0
-82.59976,-106.01811,0.00063837104,0.0,0.00038302265,0
-83.143524,-107.32825,0.00063837104,0.0,0.00038302265,0
-83.68327,-108.869255,0.00063837104,0.0,0.00038302265,0
-84.21803,-110.688385,0.00063837104,0.0,0.00038302265,0
-84.74575,-112.889656,0.00063837104,0.0,0.00038302265,0
-85.26459,-115.5588,0.00063837104,0.0,0.00038302265,0
-85.770226,-118.904106,0.00063837104,0.0,0.00038302265,0
-86.25845,-123.10741,0.00063837104,0.0,0.00038302265,0
-86.71977,-128.5728,0.00063837104,0.0,0.00038302265,0
-87.143036,-135.69559,0.00063837104,0.0,0.00038302265,0
-87.506226,-145.13614,0.00063837104,0.0,0.00038302265,0
-87.78229,-157.30264,0.00063837104,0.0,0.00038302265,0
-87.93338,-172.06319,0.00063837104,0.0,0.00038302265,0
-87.93338,172.06319,0.00063837104,0.0,0.00038302265,0
-87.78229,157.30264,0.00063837104,0.0,0.00038302265,0
-87.506226,145.13614,0.00063837104,0.0,0.00038302265,0
-87.143036,135.69559,0.00063837104,0.0,0.00038302265,0
-86.71977,128.5728,0.00063837104,0.0,0.00038302265,0
-86.25845,123.10741,0.00063837104,0.0,0.00038302265,0
-85.770226,118.904106,0.00063837104,0.0,0.00038302265,0
-85.26459,115.5588,0.00063837104,0.0,0.00038302265,0
-84.74575,112.889656,0.00063837104,0.0,0.00038302265,0
-84.21803,110.688385,0.00063837104,0.0,0.00038302265,0
-83.68327,108.869255,0.00063837104,0.0,0.00038302265,0
-83.143524,107.32825,0.00063837104,0.0,0.00038302265,0
-82.59976,106.01811,0.00063837104,0.0,0.00038302265,0
-82.05303,104.88522,0.00063837104,0.0,0.00038302265,0
-81.50392,103.90057,0.00063837104,0.0,0.00038302265,0
-80.953,103.0352,0.00063837104,0.0,0.00038302265,0
-80.40065,102.269875,0.00063837104,0.0,0.00038302265,0
-79.84722,101.588486,0.00063837104,0.0,0.00038302265,0
-79.29296,100.97738,0.00063837104,0.0,0.00038302265,0
-78.73808,100.42753,0.00063837104,0.0,0.00038302265,0
-78.18278,99.92874,0.00063837104,0.0,0.00038302265,0
-77.627205,99.47603,0.00063837104,0.0,0.00038302265,0
-77.07149,99.061455,0.00063837104,0.0,0.00038302265,0
-76.51574,98.68242,0.00063837104,0.0,0.00038302265,0
-75.96005,98.332596,0.00063837104,0.0,0.00038302265,0
-75.40455,98.01064,0.00063837104,0.0,0.00038302265,0
-74.84926,97.711754,0.00063837104,0.0,0.00038302265,0
-74.2943,97.4348,0.00063837104,0.0,0.00038302265,0
-73.7397,97.17653,0.00063837104,0.0,0.00038302265,0
-73.18553,96.9358,0.00063837104,0.0,0.00038302265,0
-72.63185,96.71045,0.00063837104,0.0,0.00038302265,0
-72.078705,96.499306,0.00063837104,0.0,0.00038302265,0
-71.52615,96.300964,0.00063837104,0.0,0.00038302265,0
-70.97421,96.114296,0.0006383963,0.0,0.0003830378,0
-70.42295,95.93841,0.000638323,0.0,0.00038299384,0
-69.87239,95.7722,0.00063622155,0.0,0.00038173294,0
-69.322586,95.615166,0.00063990004,0.0,0.00038394003,0
-68.773544,95.46624,0.0006390915,0.0,0.0003834549,0
-68.22534,95.32519,0.0006300915,0.0,0.00037805495,0
-67.67795,95.191,0.0008653623,0.0,0.0005192174,0
-67.131485,95.06363,0.0013462199,0.0,0.000807732,0
-66.58588,94.94212,0.00857487,0.0,0.0051449225,0
-66.04125,94.826485,0.5754911,0.0,0.34529465,1
-65.49756,94.71599,0.6923436,0.3354614,0.5495907,2
-64.95488,94.61051,0.7653314,0.7755484,0.76941824,3
-64.41321,94.50958,0.9232885,0.89451426,0.9117788,3
-63.872593,94.41302,0.9534329,0.07488636,0.6020143,2
-63.333042,94.32045,0.8665226,0.0,0.5199136,2
-62.79458,94.23169,0.7896534,0.0,0.47379208,1
-62.257244,94.146515,0.5622328,0.0,0.3373397,1
-61.721043,94.06467,0.42500404,0.0,0.25500244,1
-61.18602,93.98602,0.18304512,0.0,0.10982708,0
-60.652157,93.9103,0.016603015,0.0,0.00996181,0
-60.11953,93.83747,0.0035892446,0.0,0.0021535468,0
-59.588097,93.76722,0.001522892,0.0,0.00091373525,0
-59.057953,93.69958,0.00092630053,0.0,0.00055578037,0
-58.529034,93.63423,0.0006756596,0.0,0.00040539578,0
-58.00145,93.57123,0.00063154823,0.0,0.00037892896,0
-57.475136,93.51031,0.0006324099,0.0,0.00037944593,0
-56.950176,93.45148,0.00063743326,0.0,0.00038245998,0
-56.426537,93.394554,0.000615787,0.0,0.00036947223,0
-55.90428,93.33949,0.000585945,0.0,0.000351567,0
-55.383385,93.28618,0.0006016346,0.0,0.00036098078,0
-54.8639,93.23454,0.00078726263,0.0,0.00047235758,0
-54.82873,-94.178566,0.0012575969,0.0,0.0007545582,0
-55.347557,-94.24518,0.0009086667,0.0,0.0005452,0
-55.867775,-94.313965,0.00062122586,0.0,0.00037273552,0
-56.38933,-94.38497,0.00063243276,0.0,0.00037945967,0
-56.91225,-94.4584,0.0006374557,0.0,0.00038247346,0
-57.43646,-94.534256,0.0006379955,0.0,0.0003827973,0
-57.96201,-94.612816,0.0006383699,0.0,0.00038302195,0
-58.488796,-94.694046,0.00063837104,0.0,0.00038302265,0
-59.01689,-94.7783,0.00063837104,0.0,0.00038302265,0
-59.54618,-94.86549,0.00063837104,0.0,0.00038302265,0
-60.076736,-94.95605,0.00063837104,0.0,0.00038302265,0
-60.608448,-95.04993,0.00063837104,0.0,0.00038302265,0
-61.141357,-95.14751,0.0006383984,0.0,0.00038303906,0
-61.675404,-95.24884,0.00063740567,0.0,0.00038244342,0
-62.210587,-95.35429,0.0006365396,0.0,0.00038192378,0
-62.746864,-95.46402,0.00062678533,0.0,0.00037607123,0
-63.284218,-95.57833,0.0006122946,0.0,0.00036737678,0
-63.822624,-95.69754,0.0006119947,0.0,0.00036719683,0
-64.362045,-95.821884,0.00074998796,0.0,0.0004499928,0
-64.90247,-95.95182,0.0015939994,0.0,0.0009563997,0
-65.44384,-96.08757,0.0055076,0.0,0.0033045602,0
-65.986176,-96.22978,0.15756825,0.0,0.09454095,0
-66.52939,-96.37855,0.64203125,0.0,0.38521877,1
-67.07349,-96.53483,0.78448147,0.10585823,0.5130322,2
-67.6184,-96.69863,0.885454,0.890774,0.88758206,3
-68.164154,-96.87115,0.951996,0.43126374,0.7437031,2
-68.710625,-97.05242,0.97429526,0.023945177,0.59415525,2
-69.257866,-97.24377,0.9824119,0.0,0.5894472,2
-69.805756,-97.44546,0.9895559,0.0,0.59373355,2
-70.354294,-97.658844,0.9902084,0.0,0.59412503,2
-70.90343,-97.884575,0.9889037,0.012603226,0.59838355,2
-71.45311,-98.12403,0.9717468,0.6651698,0.849116,3
-72.00327,-98.37835,0.009567475,0.5075471,0.20875931,0
-72.55388,-98.648926,0.0031979217,0.0,0.001918753,0
-73.10486,-98.93756,0.0019768332,0.0,0.0011861,0
-73.656136,-99.24568,0.0015257465,0.0,0.00091544795,0
-74.20765,-99.576,0.0033231038,0.0,0.0019938624,0
-74.75931,-99.929955,0.007534711,0.0,0.004520827,0
-75.311035,-100.3116,0.005556247,0.0,0.0033337486,0
-75.862724,-100.722305,0.0021965653,0.0,0.0013179393,0
-76.414276,-101.16807,0.0010342607,0.0,0.0006205565,0
-76.96554,-101.65047,0.00070086704,0.0,0.00042052023,0
-77.51639,-102.17732,0.00063167344,0.0,0.00037900408,0
-78.06666,-102.75174,0.00063803926,0.0,0.00038282358,0
-78.61613,-103.38343,0.0006372993,0.0,0.0003823796,0
-79.164604,-104.07834,0.00063816394,0.0,0.00038289838,0
-79.711784,-104.84874,0.00063838385,0.0,0.00038303033,0
-80.25738,-105.7053,0.00063837104,0.0,0.00038302265,0
-80.80095,-106.6641,0.00063837104,0.0,0.00038302265,0
-81.34203,-107.743866,0.00063837104,0.0,0.00038302265,0
-81.880035,-108.966576,0.00063837104,0.0,0.00038302265,0
-82.414116,-110.36505,0.00063837104,0.0,0.00038302265,0
-82.94342,-111.970924,0.00063837104,0.0,0.00038302265,0
-83.466415,-113.84263,0.00063837104,0.0,0.00038302265,0
-83.981766,-116.02821,0.00063837104,0.0,0.00038302265,0
-84.48658,-118.63404,0.00063837104,0.0,0.00038302265,0
-84.9785,-121.737885,0.00063837104,0.0,0.00038302265,0
-85.45187,-125.53076,0.00063837104,0.0,0.00038302265,0
-85.90192,-130.14977,0.00063837104,0.0,0.00038302265,0
-86.317894,-135.89464,0.00063837104,0.0,0.00038302265,0
-86.68921,-142.9776,0.00063837104,0.0,0.00038302265,0
-86.99656,-151.70502,0.00063837104,0.0,0.00038302265,0
-87.22126,-162.09627,0.00063837104,0.0,0.00038302265,0
-87.34009,-173.85428,0.00063837104,0.0,0.00038302265,0
-87.34009,173.85428,0.00063837104,0.0,0.00038302265,0
-87.22126,162.09627,0.00063837104,0.0,0.00038302265,0
-86.99656,151.70502,0.00063837104,0.0,0.00038302265,0
-86.68921,142.9776,0.00063837104,0.0,0.00038302265,0
-86.317894,135.89464,0.00063837104,0.0,0.00038302265,0
-85.90192,130.14977,0.00063837104,0.0,0.00038302265,0
-85.45187,125.53076,0.00063837104,0.0,0.00038302265,0
-84.9785,121.737885,0.00063837104,0.0,0.00038302265,0
-84.48658,118.63404,0.00063837104,0.0,0.00038302265,0
-83.981766,116.02821,0.00063837104,0.0,0.00038302265,0
-83.466415,113.84263,0.00063837104,0.0,0.00038302265,0
-82.94342,111.970924,0.00063837104,0.0,0.00038302265,0
-82.414116,110.36505,0.00063837104,0.0,0.00038302265,0
-81.880035,108.966576,0.00063837104,0.0,0.00038302265,0
-81.34203,107.743866,0.00063837104,0.0,0.00038302265,0
-80.80095,106.6641,0.00063837104,0.0,0.00038302265,0
-80.25738,105.7053,0.00063837104,0.0,0.00038302265,0
-79.711784,104.84874,0.00063837104,0.0,0.00038302265,0
-79.164604,104.07834,0.00063837104,0.0,0.00038302265,0
-78.61613,103.38343,0.00063837104,0.0,0.00038302265,0
-78.06666,102.75174,0.00063837104,0.0,0.00038302265,0
-77.51639,102.17732,0.00063837104,0.0,0.00038302265,0
-76.96554,101.65047,0.00063837104,0.0,0.00038302265,0
-76.414276,101.16807,0.00063837104,0.0,0.00038302265,0
-75.862724,100.722305,0.00063837104,0.0,0.00038302265,0
-75.311035,100.3116,0.00063837104,0.0,0.00038302265,0
-74.75931,99.929955,0.00063837104,0.0,0.00038302265,0
-74.20765,99.576,0.00063837104,0.0,0.00038302265,0
-73.656136,99.24568,0.00063837104,0.0,0.00038302265,0
-73.10486,98.93756,0.00063837104,0.0,0.00038302265,0
-72.55388,98.648926,0.00063837104,0.0,0.00038302265,0
-72.00327,98.37835,0.00063837075,0.0,0.00038302247,0
-71.45311,98.12403,0.0006383735,0.0,0.0003830241,0
-70.90343,97.884575,0.00063840026,0.0,0.00038304017,0
-70.354294,97.658844,0.000638385,0.0,0.00038303103,0
-69.805756,97.44546,0.0006359272,0.0,0.00038155634,0
-69.257866,97.24377,0.00063856336,0.0,0.00038313805,0
-68.710625,97.05242,0.00062333304,0.0,0.00037399985,0
-68.164154,96.87115,0.00064841524,0.0,0.00038904915,0
-67.6184,96.69863,0.00083140656,0.0,0.00049884396,0
-67.07349,96.53483,0.0010842847,0.0,0.00065057084,0
-66.52939,96.37855,0.0027987834,0.0,0.0016792701,0
-65.986176,96.22978,0.0093768,0.0,0.00562608,0
-65.44384,96.08757,0.013113111,0.4454967,0.18606655,0
-64.90247,95.95182,0.2586763,0.887705,0.51028776,2
-64.362045,95.821884,0.79972416,0.9890217,0.8754432,3
-63.822624,95.69754,0.93812406,0.35829005,0.70619047,2
-63.284218,95.57833,0.9170252,0.0,0.5502151,2
-62.746864,95.46402,0.822271,0.0,0.4933626,1
-62.210587,95.35429,0.556245,0.0,0.33374703,1
-61.675404,95.24884,0.49999636,0.0,0.29999784,1
-61.141357,95.14751,0.36309227,0.0,0.21785538,0
-60.608448,95.04993,0.16522308,0.0,0.09913385,0
-60.076736,94.95605,0.016630575,0.0,0.009978346,0
-59.54618,94.86549,0.0020953624,0.0,0.0012572175,0
-59.01689,94.7783,0.0011401501,0.0,0.0006840901,0
-58.488796,94.694046,0.0006936768,0.0,0.0004162061,0
-57.96201,94.612816,0.00063319516,0.0,0.00037991712,0
-57.43646,94.534256,0.000631483,0.0,0.00037888982,0
-56.91225,94.4584,0.00063625973,0.0,0.00038175585,0
-56.38933,94.38497,0.0006156288,0.0,0.0003693773,0
-55.867775,94.313965,0.0005859291,0.0,0.00035155745,0
-55.347557,94.24518,0.0006016346,0.0,0.00036098078,0
-54.82873,94.178566,0.00078726263,0.0,0.00047235758,0
-54.784355,-95.12027,0.0012575969,0.0,0.0007545582,0
-55.302357,-95.20174,0.0009086667,0.0,0.0005452,0
-55.821712,-95.28586,0.00062122586,0.0,0.00037273552,0
-56.342392,-95.372696,0.00063243276,0.0,0.00037945967,0
-56.8644,-95.46248,0.0006374557,0.0,0.00038247346,0
-57.387672,-95.55523,0.0006379955,0.0,0.0003827973,0
-57.91225,-95.65126,0.0006383699,0.0,0.00038302195,0
-58.438038,-95.750565,0.00063837104,0.0,0.00038302265,0
-58.965096,-95.85352,0.00063837104,0.0,0.00038302265,0
-59.493317,-95.9601,0.00063837104,0.0,0.00038302265,0
-60.02276,-96.07075,0.00063837104,0.0,0.00038302265,0
-60.55332,-96.18544,0.00063837104,0.0,0.00038302265,0
-61.085045,-96.304634,0.0006383994,0.0,0.00038303965,0
-61.61785,-96.428406,0.0006373485,0.0,0.0003824091,0
-62.151756,-96.557175,0.0006373157,0.0,0.00038238944,0
-62.6867,-96.69115,0.0006263165,0.0,0.00037578994,0
-63.222664,-96.8307,0.00060836057,0.0,0.00036501634,0
-63.75963,-96.97618,0.0005992137,0.0,0.00035952823,0
-64.29755,-97.1279,0.0008166439,0.0,0.0004899863,0
-64.83641,-97.28642,0.0024658968,0.0,0.0014795382,0
-65.37615,-97.45198,0.025236402,0.0,0.015141842,0
-65.91678,-97.62538,0.39834693,0.0,0.23900817,0
-66.458206,-97.80674,0.6571366,0.0,0.39428198,1
-67.00044,-97.99719,0.77994245,0.0,0.46796548,1
-67.5434,-98.19673,0.8766407,0.28775674,0.6410871,2
-68.0871,-98.40683,0.9219762,0.98123187,0.9456785,3
-68.631424,-98.62751,0.94296235,0.33445987,0.69956136,2
-69.176384,-98.86034,0.9633628,0.018672563,0.5854867,2
-69.72189,-99.10567,0.9857261,0.0,0.5914357,2
-70.26792,-99.365105,0.98980546,0.0,0.5938833,2
-70.8144,-99.63941,0.989618,0.013034005,0.5989844,2
-71.36127,-99.93022,0.9765406,0.67270774,0.8550075,3
-71.908455,-100.23889,0.23865406,0.5031048,0.34443438,1
-72.45589,-100.56709,0.0077953157,0.016987829,0.011472321,0
-73.0035,-100.91693,0.0063877674,0.01203648,0.008647253,0
-73.55119,-101.290085,0.024345033,0.0,0.014607021,0
-74.09888,-101.68978,0.18599196,0.21428005,0.1973072,0
-74.64645,-102.11766,0.32672194,0.073806286,0.22555567,0
-75.19377,-102.57849,0.16024897,0.0,0.096149385,0
-75.74075,-103.07382,0.005757645,0.0,0.003454587,0
-76.287186,-103.61066,0.0015686922,0.0,0.0009412153,0
-76.832954,-104.190765,0.0007460464,0.0,0.00044762788,0
-77.377815,-104.82322,0.0006382111,0.0,0.00038292666,0
-77.921585,-105.511444,0.0006368573,0.0,0.0003821144,0
-78.46396,-106.26653,0.00063758914,0.0,0.0003825535,0
-79.004654,-107.09509,0.00063817395,0.0,0.0003829044,0
-79.54328,-108.010895,0.00063837954,0.0,0.00038302774,0
-80.07942,-109.02562,0.00063837104,0.0,0.00038302265,0
-80.6125,-110.156876,0.00063837104,0.0,0.00038302265,0
-81.141884,-111.42476,0.00063837104,0.0,0.00038302265,0
-81.66678,-112.85245,0.00063837104,0.0,0.00038302265,0
-82.18609,-114.47419,0.00063837104,0.0,0.00038302265,0
-82.6987,-116.32153,0.00063837104,0.0,0.00038302265,0
-83.20265,-118.452805,0.00063837104,0.0,0.00038302265,0
-83.69632,-120.911995,0.00063837104,0.0,0.00038302265,0
-84.17612,-123.79828,0.00063837104,0.0,0.00038302265,0
-84.63946,-127.17386,0.00063837104,0.0,0.00038302265,0
-85.07991,-131.19778,0.00063837104,0.0,0.00038302265,0
-85.4927,-135.9588,0.00063837104,0.0,0.00038302265,0
-85.86716,-141.65945,0.00063837104,0.0,0.00038302265,0
-86.19437,-148.39111,0.00063837104,0.0,0.00038302265,0
-86.45857,-156.27777,0.00063837104,0.0,0.00038302265,0
-86.64715,-165.22595,0.00063837104,0.0,0.00038302265,0
-86.74505,-174.97606,0.00063837104,0.0,0.00038302265,0
-86.74505,174.97606,0.00063837104,0.0,0.00038302265,0
-86.64715,165.22595,0.00063837104,0.0,0.00038302265,0
-86.45857,156.27777,0.00063837104,0.0,0.00038302265,0
-86.19437,148.39111,0.00063837104,0.0,0.00038302265,0
-85.86716,141.65945,0.00063837104,0.0,0.00038302265,0
-85.4927,135.9588,0.00063837104,0.0,0.00038302265,0
-85.07991,131.19778,0.00063837104,0.0,0.00038302265,0
-84.63946,127.17386,0.00063837104,0.0,0.00038302265,0
-84.17612,123.79828,0.00063837104,0.0,0.00038302265,0
-83.69632,120.911995,0.00063837104,0.0,0.00038302265,0
-83.20265,118.452805,0.00063837104,0.0,0.00038302265,0
-82.6987,116.32153,0.00063837104,0.0,0.00038302265,0
-82.18609,114.47419,0.00063837104,0.0,0.00038302265,0
-81.66678,112.85245,0.00063837104,0.0,0.00038302265,0
-81.141884,111.42476,0.00063837104,0.0,0.00038302265,0
-80.6125,110.156876,0.00063837104,0.0,0.00038302265,0
-80.07942,109.02562,0.00063837104,0.0,0.00038302265,0
-79.54328,108.010895,0.00063837104,0.0,0.00038302265,0
-79.004654,107.09509,0.00063837104,0.0,0.00038302265,0
-78.46396,106.26653,0.00063837104,0.0,0.00038302265,0
-77.921585,105.511444,0.00063837104,0.0,0.00038302265,0
-77.377815,104.82322,0.00063837104,0.0,0.00038302265,0
-76.832954,104.190765,0.00063837104,0.0,0.00038302265,0
-76.287186,103.61066,0.00063837104,0.0,0.00038302265,0
-75.74075,103.07382,0.00063837104,0.0,0.00038302265,0
-75.19377,102.57849,0.00063837104,0.0,0.00038302265,0
-74.64645,102.11766,0.00063837104,0.0,0.00038302265,0
-74.09888,101.68978,0.00063837104,0.0,0.00038302265,0
-73.55119,101.290085,0.00063837104,0.0,0.00038302265,0
-73.0035,100.91693,0.00063837104,0.0,0.00038302265,0
-72.45589,100.56709,0.00063837104,0.0,0.00038302265,0
-71.908455,100.23889,0.00063837256,0.0,0.00038302355,0
-71.36127,99.93022,0.0006383847,0.0,0.00038303086,0
-70.8144,99.63941,0.00063836254,0.0,0.00038301756,0
-70.26792,99.365105,0.0006381065,0.0,0.00038286392,0
-69.72189,99.10567,0.0006359281,0.0,0.0003815569,0
-69.176384,98.86034,0.00063896267,0.0,0.00038337763,0
-68.631424,98.62751,0.00062830385,0.0,0.00037698232,0
-68.0871,98.40683,0.000672134,0.0,0.0004032804,0
-67.5434,98.19673,0.0007292447,0.0,0.00043754684,0
-67.00044,97.99719,0.0011552034,0.0,0.0006931221,0
-66.458206,97.80674,0.0028060246,0.0,0.0016836148,0
-65.91678,97.62538,0.03340217,0.0,0.020041304,0
-65.37615,97.45198,0.36320263,0.22155441,0.30654335,1
-64.83641,97.28642,0.7591309,0.9112956,0.81999683,3
-64.29755,97.1279,0.7837859,0.95720667,0.85315424,3
-63.75963,96.97618,0.8942833,0.44221875,0.7134575,2
-63.222664,96.8307,0.94114786,0.0,0.56468874,2
-62.6867,96.69115,0.85350055,0.0,0.51210034,2
-62.151756,96.557175,0.5722465,0.0,0.3433479,1
-61.61785,96.428406,0.39948925,0.0,0.23969357,0
-61.085045,96.304634,0.3110312,0.0,0.18661872,0
-60.55332,96.18544,0.029458966,0.0,0.017675381,0
-60.02276,96.07075,0.005346874,0.0,0.0032081243,0
-59.493317,95.9601,0.0019837231,0.0,0.001190234,0
-58.965096,95.85352,0.0010543962,0.0,0.0006326377,0
-58.438038,95.750565,0.0008177509,0.0,0.00049065053,0
-57.91225,95.65126,0.00063900504,0.0,0.00038340304,0
-57.387672,95.55523,0.0006307088,0.0,0.00037842532,0
-56.8644,95.46248,0.0006363446,0.0,0.00038180678,0
-56.342392,95.372696,0.00061529625,0.0,0.00036917775,0
-55.821712,95.28586,0.0005859048,0.0,0.0003515429,0
-55.302357,95.20174,0.0006016335,0.0,0.0003609801,0
-54.784355,95.12027,0.00078726263,0.0,0.00047235758,0
-54.731297,-96.05925,0.0012575969,0.0,0.0007545582,0
-55.248302,-96.155464,0.0009086667,0.0,0.0005452,0
-55.766644,-96.25478,0.00062122586,0.0,0.00037273552,0
-56.286266,-96.3573,0.00063243276,0.0,0.00037945967,0
-56.807194,-96.46328,0.0006374557,0.0,0.00038247346,0
-57.329346,-96.57275,0.0006379955,0.0,0.0003827973,0
-57.852768,-96.68609,0.0006383699,0.0,0.00038302195,0
-58.377365,-96.80326,0.00063837104,0.0,0.00038302265,0
-58.903187,-96.924736,0.00063837104,0.020033196,0.0083963005,0
-59.430138,-97.050446,0.00063837104,0.014200323,0.006063152,0
-59.958252,-97.180954,0.00063837104,0.0,0.00038302265,0
-60.487453,-97.3162,0.00063837104,0.0,0.00038302265,0
-61.017754,-97.45674,0.00063839694,0.0,0.0003830382,0
-61.549095,-97.60265,0.0006374895,0.0,0.00038249372,0
-62.081467,-97.754425,0.0006380402,0.0,0.00038282413,0
-62.614826,-97.912285,0.0006280264,0.0,0.00037681585,0
-63.14915,-98.07669,0.0006110228,0.0,0.0003666137,0
-63.684402,-98.24803,0.0006233535,0.0,0.00037401213,0
-64.220535,-98.4267,0.00087009417,0.0,0.00052205654,0
-64.75754,-98.61331,0.0026478134,0.0,0.0015886881,0
-65.29534,-98.80814,0.041051358,0.0,0.024630817,0
-65.83394,-99.012146,0.48865035,0.0,0.2931902,1
-66.37325,-99.225464,0.66290784,0.0,0.39774472,1
-66.913284,-99.44937,0.75879586,0.0,0.45527753,1
-67.45392,-99.68389,0.8308444,0.016173396,0.50497603,2
-67.99518,-99.93072,0.8667519,0.39926732,0.67975813,2
-68.536964,-100.189865,0.90871805,0.98666745,0.9398979,3
-69.07924,-100.463165,0.95645416,0.19259694,0.6509113,2
-69.621925,-100.75097,0.9848881,0.0,0.59093285,2
-70.16498,-101.05516,0.99027973,0.0,0.5941679,2
-70.70831,-101.37659,0.9908269,0.0,0.5944962,2
-71.25187,-101.71717,0.9825251,0.25983584,0.69344944,2
-71.79554,-102.07838,0.80767846,0.9480039,0.86380863,3
-72.33925,-102.46215,0.04434037,0.5896849,0.2624782,1
-72.882904,-102.87088,0.09888999,0.5785907,0.2907703,1
-73.42639,-103.30646,0.73590595,0.5745825,0.6713766,2
-73.96959,-103.77252,0.82704765,0.860792,0.8405454,3
-74.51237,-104.2709,0.849566,0.973172,0.89900845,3
-75.05455,-104.80696,0.37419,0.17905603,0.29613644,1
-75.59602,-105.3824,0.009383464,0.0,0.0056300787,0
-76.13652,-106.00501,0.0015999213,0.0,0.00095995277,0
-76.675896,-106.67669,0.00073423865,0.0,0.0004405432,0
-77.21382,-107.40748,0.0006404366,0.0,0.00038426198,0
-77.750114,-108.20098,0.00063888746,0.0,0.0003833325,0
-78.284294,-109.06932,0.00063768635,0.0,0.00038261182,0
-78.816086,-110.01945,0.00063810707,0.0,0.00038286427,0
-79.34494,-111.06607,0.0006383744,0.0,0.00038302466,0
-79.87035,-112.22136,0.00063837104,0.0,0.00038302265,0
-80.39161,-113.50357,0.00063837104,0.0,0.00038302265,0
-80.90788,-114.93315,0.00063837104,0.0,0.00038302265,0
-81.41825,-116.53319,0.00063837104,0.0,0.00038302265,0
-81.921326,-118.33743,0.00063837104,0.0,0.00038302265,0
-82.41583,-120.37538,0.00063837104,0.0,0.00038302265,0
-82.899414,-122.70191,0.00063837104,0.0,0.00038302265,0
-83.37029,-125.354294,0.00063837104,0.0,0.00038302265,0
-83.82443,-128.41948,0.00063837104,0.0,0.00038302265,0
-84.259186,-131.94232,0.00063837104,0.0,0.00038302265,0
-84.667816,-136.04756,0.00063837104,0.0,0.00038302265,0
-85.046005,-140.78397,0.00063837104,0.0,0.00038302265,0
-85.3838,-146.28067,0.00063837104,0.0,0.00038302265,0
-85.67412,-152.55972,0.00063837104,0.0,0.00038302265,0
-85.90441,-159.65663,0.00063837104,0.0,0.00038302265,0
-86.066185,-167.4563,0.00063837104,0.0,0.00038302265,0
-86.149216,-175.75851,0.00063837104,0.0,0.00038302265,0
-86.149216,175.75851,0.00063837104,0.0,0.00038302265,0
-86.066185,167.4563,0.00063837104,0.0,0.00038302265,0
-85.90441,159.65663,0.00063837104,0.0,0.00038302265,0
-85.67412,152.55972,0.00063837104,0.0,0.00038302265,0
-85.3838,146.28067,0.00063837104,0.0,0.00038302265,0
-85.046005,140.78397,0.00063837104,0.0,0.00038302265,0
-84.667816,136.04756,0.00063837104,0.0,0.00038302265,0
-84.259186,131.94232,0.00063837104,0.0,0.00038302265,0
-83.82443,128.41948,0.00063837104,0.0,0.00038302265,0
-83.37029,125.354294,0.00063837104,0.0,0.00038302265,0
-82.899414,122.70191,0.00063837104,0.0,0.00038302265,0
-82.41583,120.37538,0.00063837104,0.0,0.00038302265,0
-81.921326,118.33743,0.00063837104,0.0,0.00038302265,0
-81.41825,116.53319,0.00063837104,0.0,0.00038302265,0
-80.90788,114.93315,0.00063837104,0.0,0.00038302265,0
-80.39161,113.50357,0.00063837104,0.0,0.00038302265,0
-79.87035,112.22136,0.00063837104,0.0,0.00038302265,0
-79.34494,111.06607,0.00063837104,0.0,0.00038302265,0
-78.816086,110.01945,0.00063837104,0.0,0.00038302265,0
-78.284294,109.06932,0.00063837104,0.0,0.00038302265,0
-77.750114,108.20098,0.00063837104,0.0,0.00038302265,0
-77.21382,107.40748,0.00063837104,0.0,0.00038302265,0
-76.675896,106.67669,0.00063837104,0.0,0.00038302265,0
-76.13652,106.00501,0.00063837104,0.0,0.00038302265,0
-75.59602,105.3824,0.00063837104,0.0,0.00038302265,0
-75.05455,104.80696,0.00063837104,0.0,0.00038302265,0
-74.51237,104.2709,0.00063837104,0.0,0.00038302265,0
-73.96959,103.77252,0.00063837104,0.0,0.00038302265,0
-73.42639,103.30646,0.00063837104,0.0,0.00038302265,0
-72.882904,102.87088,0.00063837104,0.0,0.00038302265,0
-72.33925,102.46215,0.00063837104,0.0,0.00038302265,0
-71.79554,102.07838,0.0006383765,0.0,0.00038302594,0
-71.25187,101.71717,0.0006383671,0.0,0.00038302026,0
-70.70831,101.37659,0.00063811254,0.0,0.00038286755,0
-70.16498,101.05516,0.00063793286,0.0,0.00038275972,0
-69.621925,100.75097,0.0006377854,0.0,0.00038267128,0
-69.07924,100.463165,0.000645234,0.0,0.00038714043,0
-68.536964,100.189865,0.0006409718,0.0,0.0003845831,0
-67.99518,99.93072,0.0006574453,0.0,0.00039446718,0
-67.45392,99.68389,0.0006111775,0.0,0.0003667065,0
-66.913284,99.44937,0.0011374685,0.0,0.0006824811,0
-66.37325,99.225464,0.0050935633,0.03028896,0.0151717225,0
-65.83394,99.012146,0.36787564,0.42655846,0.39134878,1
-65.29534,98.80814,0.8874133,0.9624213,0.9174165,3
-64.75754,98.61331,0.63098174,0.81701744,0.70539606,2
-64.220535,98.4267,0.7870176,0.98801476,0.8674165,3
-63.684402,98.24803,0.9359626,0.38172004,0.71426564,2
-63.14915,98.07669,0.95256746,0.0,0.5715405,2
-62.614826,97.912285,0.85582435,0.0,0.5134946,2
-62.081467,97.754425,0.6310759,0.0,0.37864557,1
-61.549095,97.60265,0.40709838,0.0,0.24425904,0
-61.017754,97.45674,0.35160244,0.0,0.21096148,0
-60.487453,97.3162,0.16018517,0.0,0.09611111,0
-59.958252,97.180954,0.011320562,0.0,0.0067923376,0
-59.430138,97.050446,0.0028014183,0.0,0.0016808511,0
-58.903187,96.924736,0.0013518699,0.0,0.00081112195,0
-58.377365,96.80326,0.0009606256,0.0,0.0005763754,0
-57.852768,96.68609,0.00071068626,0.0,0.00042641177,0
-57.329346,96.57275,0.0006257387,0.0,0.00037544323,0
-56.807194,96.46328,0.0006376733,0.0,0.000382604,0
-56.286266,96.3573,0.00061524665,0.0,0.000369148,0
-55.766644,96.25478,0.0005858643,0.0,0.0003515186,0
-55.248302,96.155464,0.00060163176,0.0,0.00036097906,0
-54.731297,96.05925,0.00078726263,0.0,0.00047235758,0
-54.66924,-96.99496,0.0012575969,0.0,0.0007545582,0
-55.185097,-97.10573,0.0009086667,0.0,0.0005452,0
-55.702248,-97.22008,0.00062122586,0.0,0.00037273552,0
-56.22065,-97.3381,0.00063243276,0.0,0.00037945967,0
-56.740303,-97.460075,0.0006374557,0.0,0.00038247346,0
-57.26116,-97.586075,0.0006379955,0.0,0.0003827973,0
-57.78324,-97.71649,0.0006383699,0.0,0.00038302195,0
-58.306442,-97.85129,0.00063837104,0.023470305,0.009771144,0
-58.830826,-97.99104,0.00063837104,0.59453815,0.23819828,0
-59.356293,-98.13563,0.00063837104,0.46536684,0.18652976,0
-59.882874,-98.2857,0.00063837104,0.43483403,0.17431663,0
-60.410477,-98.44119,0.00063837104,0.020830229,0.008715114,0
-60.93914,-98.60274,0.00063839176,0.0,0.00038303508,0
-61.468765,-98.77042,0.0006377635,0.0,0.00038265812,0
-61.999367,-98.9448,0.0006382609,0.0,0.00038295655,0
-62.530884,-99.12614,0.00063070195,0.0,0.0003784212,0
-63.063293,-99.314926,0.00062816165,0.0,0.00037689702,0
-63.59655,-99.51164,0.0006705234,0.0,0.00040231404,0
-64.130615,-99.7167,0.0007570148,0.0,0.0004542089,0
-64.66547,-99.93082,0.0015951231,0.0,0.0009570739,0
-65.20102,-100.154305,0.01102571,0.0,0.0066154264,0
-65.737274,-100.388214,0.20823908,0.0,0.12494345,0
-66.27414,-100.6327,0.54752,0.0,0.328512,1
-66.8116,-100.88924,0.7845878,0.0,0.4707527,1
-67.34956,-101.15782,0.85794175,0.0,0.5147651,2
-67.88801,-101.44035,0.85174483,0.0818661,0.5437934,2
-68.42685,-101.736855,0.8808072,0.97244203,0.91746116,3
-68.96602,-102.049355,0.963484,0.50713474,0.78094435,3
-69.50546,-102.37827,0.98844504,0.0,0.59306705,2
-70.04509,-102.725685,0.99040425,0.0,0.5942426,2
-70.58481,-103.09255,0.99069095,0.0,0.5944146,2
-71.12454,-103.48096,0.9884765,0.0,0.59308594,2
-71.66418,-103.89259,0.9495061,0.16226389,0.6346092,2
-72.20362,-104.32953,0.8828284,0.7706642,0.83796275,3
-72.742744,-104.79444,0.87353873,0.883398,0.8774824,3
-73.28141,-105.289375,0.9195331,0.7372998,0.84663975,3
-73.81947,-105.818306,0.97440195,0.99690545,0.98340344,3
-74.35679,-106.3832,0.9377656,0.8254733,0.89284873,3
-74.89313,-106.98993,0.13723016,0.30434725,0.204077,0
-75.42835,-107.64023,0.008388112,0.052354008,0.025974471,0
-75.96212,-108.342575,0.0014227458,0.0,0.0008536475,0
-76.49428,-109.09881,0.0008413618,0.0,0.0005048171,0
-77.02441,-109.91972,0.0006354337,0.0,0.00038126024,0
-77.55228,-110.808945,0.0006386206,0.0,0.00038317236,0
-78.07733,-111.779236,0.00063833024,0.0,0.00038299817,0
-78.59922,-112.837585,0.0006381052,0.0,0.00038286313,0
-79.11728,-113.99915,0.0006383781,0.0,0.00038302687,0
-79.6309,-115.27604,0.00063837104,0.0,0.00038302265,0
-80.13924,-116.68641,0.00063837104,0.0,0.00038302265,0
-80.641335,-118.2502,0.00063837104,0.0,0.00038302265,0
-81.13612,-119.98932,0.00063837104,0.0,0.00038302265,0
-81.62198,-121.93558,0.00063837104,0.0,0.00038302265,0
-82.09752,-124.11508,0.00063837104,0.0,0.00038302265,0
-82.56014,-126.57715,0.00063837104,0.0,0.00038302265,0
-83.007965,-129.35127,0.00063837104,0.0,0.00038302265,0
-83.43674,-132.51038,0.00063837104,0.0,0.00038302265,0
-83.84393,-136.08347,0.00063837104,0.0,0.00038302265,0
-84.22286,-140.16469,0.00063837104,0.0,0.00038302265,0
-84.5699,-144.77443,0.00063837104,0.0,0.00038302265,0
-84.87604,-149.99217,0.00063837104,0.0,0.00038302265,0
-85.1359,-155.80534,0.00063837104,0.0,0.00038302265,0
-85.33945,-162.21051,0.00063837104,0.0,0.00038302265,0
-85.48093,-169.10156,0.00063837104,0.0,0.00038302265,0
-85.55299,-176.32776,0.00063837104,0.0,0.00038302265,0
-85.55299,176.32776,0.00063837104,0.0,0.00038302265,0
-85.48093,169.10156,0.00063837104,0.0,0.00038302265,0
-85.33945,162.21051,0.00063837104,0.0,0.00038302265,0
-85.1359,155.80534,0.00063837104,0.0,0.00038302265,0
-84.87604,149.99217,0.00063837104,0.0,0.00038302265,0
-84.5699,144.77443,0.00063837104,0.0,0.00038302265,0
-84.22286,140.16469,0.00063837104,0.0,0.00038302265,0
-83.84393,136.08347,0.00063837104,0.0,0.00038302265,0
-83.43674,132.51038,0.00063837104,0.0,0.00038302265,0
-83.007965,129.35127,0.00063837104,0.0,0.00038302265,0
-82.56014,126.57715,0.00063837104,0.0,0.00038302265,0
-82.09752,124.11508,0.00063837104,0.0,0.00038302265,0
-81.62198,121.93558,0.00063837104,0.0,0.00038302265,0
-81.13612,119.98932,0.00063837104,0.0,0.00038302265,0
-80.641335,118.2502,0.00063837104,0.0,0.00038302265,0
-80.13924,116.68641,0.00063837104,0.0,0.00038302265,0
-79.6309,115.27604,0.00063837104,0.0,0.00038302265,0
-79.11728,113.99915,0.00063837104,0.0,0.00038302265,0
-78.59922,112.837585,0.00063837104,0.0,0.00038302265,0
-78.07733,111.779236,0.00063837104,0.0,0.00038302265,0
-77.55228,110.808945,0.00063837104,0.0,0.00038302265,0
-77.02441,109.91972,0.00063837104,0.0,0.00038302265,0
-76.49428,109.09881,0.00063837104,0.0,0.00038302265,0
-75.96212,108.342575,0.00063837104,0.0,0.00038302265,0
-75.42835,107.64023,0.00063837104,0.0,0.00038302265,0
-74.89313,106.98993,0.00063837104,0.0,0.00038302265,0
-74.35679,106.3832,0.00063837104,0.0,0.00038302265,0
-73.81947,105.818306,0.00063837104,0.0,0.00038302265,0
-73.28141,105.289375,0.00063837104,0.0,0.00038302265,0
-72.742744,104.79444,0.00063837104,0.0,0.00038302265,0
-72.20362,104.32953,0.00063837104,0.0,0.00038302265,0
-71.66418,103.89259,0.00063838327,0.0,0.00038302998,0
-71.12454,103.48096,0.0006382822,0.0,0.00038296936,0
-70.58481,103.09255,0.0006380359,0.0,0.00038282154,0
-70.04509,102.725685,0.00063939794,0.0,0.00038363878,0
-69.50546,102.37827,0.0006432272,0.0,0.00038593632,0
-68.96602,102.049355,0.0006562355,0.0,0.00039374133,0
-68.42685,101.736855,0.0006612382,0.0,0.00039674295,0
-67.88801,101.44035,0.0006545328,0.0,0.0003927197,0
-67.34956,101.15782,0.0006722897,0.0,0.00040337382,0
-66.8116,100.88924,0.0015859659,0.0,0.00095157954,0
-66.27414,100.6327,0.0073741316,0.07987502,0.036374487,0
-65.737274,100.388214,0.028082319,0.90172523,0.3775395,1
-65.20102,100.154305,0.8994284,0.94990146,0.91961765,3
-64.66547,99.93082,0.9716205,0.99283826,0.98010767,3
-64.130615,99.7167,0.9627303,0.9948448,0.97557616,3
-63.59655,99.51164,0.96932316,0.49138016,0.778146,3
-63.063293,99.314926,0.94178116,0.0,0.5650687,2
-62.530884,99.12614,0.81475174,0.0,0.48885107,1
-61.999367,98.9448,0.6082541,0.0,0.36495245,1
-61.468765,98.77042,0.4093485,0.0,0.2456091,0
-60.93914,98.60274,0.3184334,0.0,0.19106005,0
-60.410477,98.44119,0.16134045,0.0,0.09680427,0
-59.882874,98.2857,0.013604995,0.0,0.008162998,0
-59.356293,98.13563,0.0056402613,0.0,0.0033841569,0
-58.830826,97.99104,0.002136268,0.0,0.0012817609,0
-58.306442,97.85129,0.0010521425,0.0,0.0006312855,0
-57.78324,97.71649,0.0007882411,0.0,0.00047294467,0
-57.26116,97.586075,0.00063176797,0.0,0.0003790608,0
-56.740303,97.460075,0.0006364814,0.0,0.00038188885,0
-56.22065,97.3381,0.0006157732,0.0,0.00036946393,0
-55.702248,97.22008,0.0005858679,0.0,0.00035152075,0
-55.185097,97.10573,0.0006016289,0.0,0.00036097737,0
-54.66924,96.99496,0.00078726263,0.0,0.00047235758,0
-54.59842,-97.92692,0.0012575969,0.0,0.0007545582,0
-55.11297,-98.05209,0.0009086667,0.0,0.0005452,0
-55.62877,-98.181274,0.00062122586,0.0,0.00037273552,0
-56.14577,-98.31459,0.00063243276,0.0,0.00037945967,0
-56.663994,-98.45238,0.0006374557,0.0,0.00038247346,0
-57.18337,-98.59466,0.0006379955,0.0,0.0003827973,0
-57.70392,-98.74191,0.0006383699,0.0,0.00038302195,0
-58.225544,-98.89408,0.00063837104,0.030917514,0.012750028,0
-58.748306,-99.05181,0.00063837104,0.5852404,0.23447919,0
-59.27207,-99.21497,0.00063837104,0.8756935,0.3506604,1
-59.796913,-99.38428,0.00063837104,0.6720601,0.26920706,1
-60.322712,-99.55967,0.00063837104,0.5106323,0.20463593,0
-60.849503,-99.74185,0.000638386,0.042056054,0.017205454,0
-61.37719,-99.9309,0.0006380423,0.0,0.00038282538,0
-61.905785,-100.12746,0.00063818187,0.0,0.00038290914,0
-62.43522,-100.33179,0.00063431734,0.0,0.0003805904,0
-62.965458,-100.54448,0.0006481888,0.0,0.0003889133,0
-63.49647,-100.76601,0.00066891586,0.0,0.00040134953,0
-64.02819,-100.996864,0.000657901,0.0,0.0003947406,0
-64.5606,-101.23784,0.00096159446,0.0,0.0005769567,0
-65.09361,-101.48926,0.0021058875,0.0,0.0012635326,0
-65.62721,-101.7523,0.027442131,0.0,0.01646528,0
-66.161316,-102.02712,0.41516322,0.0,0.24909794,0
-66.69588,-102.31535,0.7285907,0.0,0.43715444,1
-67.23082,-102.616974,0.8414544,0.0,0.5048727,2
-67.766106,-102.9341,0.82662266,0.22677775,0.5866847,2
-68.30162,-103.26671,0.827644,0.95698595,0.8793808,3
-68.83732,-103.617065,0.9276537,0.7062711,0.8391007,3
-69.3731,-103.985596,0.98069006,0.19709785,0.6672532,2
-69.908875,-104.37456,0.98872185,0.0,0.5932331,2
-70.44454,-104.785,0.9904385,0.0,0.59426314,2
-70.979996,-105.21918,0.9903306,0.0,0.59419835,2
-71.51513,-105.678894,0.9876439,0.0,0.59258634,2
-72.049805,-106.16642,0.9811218,0.15287729,0.649824,2
-72.58386,-106.68457,0.97536206,0.8686088,0.93266076,3
-73.11717,-107.235565,0.9724706,0.9578317,0.9666151,3
-73.649536,-107.82364,0.95963633,0.9997225,0.9756708,3
-74.180786,-108.45083,0.883246,0.94656885,0.9085752,3
-74.71065,-109.12338,0.41471526,0.99915665,0.64849186,2
-75.23896,-109.843025,0.011058307,0.29372805,0.12412621,0
-75.76532,-110.61874,0.0016841063,0.0,0.0010104638,0
-76.28957,-111.452255,0.00070697704,0.0,0.00042418623,0
-76.81117,-112.35483,0.00065559824,0.0,0.00039335896,0
-77.329865,-113.32997,0.0006372678,0.0,0.00038236068,0
-77.84502,-114.39078,0.00063836615,0.0,0.0003830197,0
-78.35622,-115.54401,0.00063802284,0.0,0.0003828137,0
-78.86266,-116.80482,0.0006383912,0.0,0.00038303473,0
-79.36371,-118.18482,0.00063837226,0.0,0.00038302338,0
-79.85837,-119.70154,0.00063837075,0.0,0.00038302247,0
-80.34558,-121.3737,0.00063837075,0.0,0.00038302247,0
-80.82413,-123.221375,0.00063837075,0.0,0.00038302247,0
-81.29229,-125.27353,0.00063837104,0.0,0.00038302265,0
-81.74857,-127.552246,0.00063837104,0.0,0.00038302265,0
-82.19023,-130.1004,0.00063837104,0.0,0.00038302265,0
-82.61539,-132.93988,0.00063837104,0.0,0.00038302265,0
-83.01973,-136.12999,0.00063837104,0.0,0.00038302265,0
-83.40099,-139.68683,0.00063837104,0.0,0.00038302265,0
-83.752754,-143.67975,0.00063837104,0.0,0.00038302265,0
-84.07207,-148.11073,0.00063837104,0.0,0.00038302265,0
-84.350975,-153.02707,0.00063837104,0.0,0.00038302265,0
-84.585464,-158.40056,0.00063837104,0.0,0.00038302265,0
-84.76745,-164.21184,0.00063837104,0.0,0.00038302265,0
-84.89299,-170.37057,0.00063837104,0.0,0.00038302265,0
-84.95661,-176.76309,0.00063837104,0.0,0.00038302265,0
-84.95661,176.76309,0.00063837104,0.0,0.00038302265,0
-84.89299,170.37057,0.00063837104,0.0,0.00038302265,0
-84.76745,164.21184,0.00063837104,0.0,0.00038302265,0
-84.585464,158.40056,0.00063837104,0.0,0.00038302265,0
-84.350975,153.02707,0.00063837104,0.0,0.00038302265,0
-84.07207,148.11073,0.00063837104,0.0,0.00038302265,0
-83.752754,143.67975,0.00063837104,0.0,0.00038302265,0
-83.40099,139.68683,0.00063837104,0.0,0.00038302265,0
-83.01973,136.12999,0.00063837104,0.0,0.00038302265,0
-82.61539,132.93988,0.00063837104,0.0,0.00038302265,0
-82.19023,130.1004,0.00063837104,0.0,0.00038302265,0
-81.74857,127.552246,0.00063837104,0.0,0.00038302265,0
-81.29229,125.27353,0.00063837104,0.0,0.00038302265,0
-80.82413,123.221375,0.00063837104,0.0,0.00038302265,0
-80.34558,121.3737,0.00063837104,0.0,0.00038302265,0
-79.85837,119.70154,0.00063837104,0.0,0.00038302265,0
-79.36371,118.18482,0.00063837104,0.0,0.00038302265,0
-78.86266,116.80482,0.00063837104,0.0,0.00038302265,0
-78.35622,115.54401,0.00063837104,0.0,0.00038302265,0
-77.84502,114.39078,0.00063837104,0.0,0.00038302265,0
-77.329865,113.32997,0.00063837104,0.0,0.00038302265,0
-76.81117,112.35483,0.00063837104,0.0,0.00038302265,0
-76.28957,111.452255,0.00063837104,0.0,0.00038302265,0
-75.76532,110.61874,0.00063837104,0.0,0.00038302265,0
-75.23896,109.843025,0.00063837104,0.0,0.00038302265,0
-74.71065,109.12338,0.00063837104,0.0,0.00038302265,0
-74.180786,108.45083,0.00063837104,0.0,0.00038302265,0
-73.649536,107.82364,0.00063837104,0.0,0.00038302265,0
-73.11717,107.235565,0.00063837104,0.0,0.00038302265,0
-72.58386,106.68457,0.00063837104,0.0,0.00038302265,0
-72.049805,106.16642,0.00063837104,0.0,0.00038302265,0
-71.51513,105.678894,0.0006383957,0.0,0.00038303746,0
-70.979996,105.21918,0.0006380487,0.0,0.00038282922,0
-70.44454,104.785,0.0006378833,0.0,0.00038273,0
-69.908875,104.37456,0.00064026145,0.0,0.00038415688,0
-69.3731,103.985596,0.0006466817,0.0,0.00038800904,0
-68.83732,103.617065,0.0006643077,0.0,0.0003985846,0
-68.30162,103.26671,0.0006402059,0.0,0.00038412356,0
-67.766106,102.9341,0.0006867998,0.0,0.0004120799,0
-67.23082,102.616974,0.0006856246,0.0,0.0004113748,0
-66.69588,102.31535,0.0018053433,0.0,0.001083206,0
-66.161316,102.02712,0.0055783563,0.02178559,0.01206125,0
-65.62721,101.7523,0.49467385,0.75511557,0.59885055,2
-65.09361,101.48926,0.88614273,0.8884183,0.887053,3
-64.5606,101.23784,0.9359127,0.99113727,0.95800257,3
-64.02819,100.996864,0.9746489,0.86798656,0.93198395,3
-63.49647,100.76601,0.97770303,0.16636483,0.6531677,2
-62.965458,100.54448,0.91079026,0.0,0.54647416,2
-62.43522,100.33179,0.7900437,0.0,0.47402623,1
-61.905785,100.12746,0.7161131,0.0,0.42966786,1
-61.37719,99.9309,0.5216096,0.0,0.31296578,1
-60.849503,99.74185,0.2586795,0.0,0.15520771,0
-60.322712,99.55967,0.017919779,0.0,0.010751868,0
-59.796913,99.38428,0.0065864134,0.0,0.003951848,0
-59.27207,99.21497,0.0088317385,0.0,0.0052990434,0
-58.748306,99.05181,0.0030163259,0.0,0.0018097956,0
-58.225544,98.89408,0.001102286,0.0,0.0006613716,0
-57.70392,98.74191,0.00077086233,0.0,0.0004625174,0
-57.18337,98.59466,0.0006444105,0.0,0.0003866463,0
-56.663994,98.45238,0.00063485594,0.0,0.00038091358,0
-56.14577,98.31459,0.00061609014,0.0,0.0003696541,0
-55.62877,98.181274,0.00058589916,0.0,0.00035153952,0
-55.11297,98.05209,0.00060162577,0.0,0.00036097548,0
-54.59842,97.92692,0.00078726263,0.0,0.00047235758,0
-54.51898,-98.854744,0.0012575969,0.0,0.0007545582,0
-55.03206,-98.99411,0.0009086667,0.0,0.0005452,0
-55.546352,-99.13793,0.00062122586,0.0,0.00037273552,0
-56.0618,-99.28633,0.00063243276,0.0,0.00037945967,0
-56.578426,-99.43966,0.0006374557,0.0,0.00038247346,0
-57.096146,-99.59798,0.0006379955,0.0,0.0003827973,0
-57.614986,-99.76179,0.0006383699,0.0,0.00038302195,0
-58.13485,-99.93105,0.00063837104,0.0,0.00038302265,0
-58.655785,-100.10644,0.00063837104,0.0,0.00038302265,0
-59.177685,-100.28785,0.00063837104,0.037219957,0.015271005,0
-59.70058,-100.47604,0.00063837104,0.22692092,0.09115139,0
-60.224365,-100.67096,0.00063837104,0.96050787,0.3845862,1
-60.74907,-100.87335,0.0006383799,0.12108716,0.04881789,0
-61.27461,-101.08333,0.00063822814,0.0,0.0003829369,0
-61.800957,-101.301575,0.00063813897,0.0,0.0003828834,0
-62.32807,-101.528404,0.0006374922,0.0,0.00038249535,0
-62.8559,-101.76441,0.0006502253,0.0,0.00039013522,0
-63.384407,-102.01017,0.00065085245,0.0,0.0003905115,0
-63.913532,-102.26617,0.00068751135,0.0,0.00041250684,0
-64.44323,-102.53327,0.00079722895,0.0,0.00047833737,0
-64.97343,-102.81187,0.0014197505,0.0,0.0008518503,0
-65.50408,-103.10319,0.008892327,0.0,0.005335396,0
-66.03512,-103.40744,0.16716525,0.0,0.10029916,0
-66.56648,-103.72635,0.5192899,0.0,0.31157395,1
-67.09808,-104.05992,0.73386025,0.0,0.44031617,1
-67.62986,-104.41042,0.7645021,0.0435296,0.4761131,1
-68.16171,-104.77783,0.7881519,0.5340083,0.6864945,2
-68.69356,-105.164566,0.84548134,0.85656995,0.8499168,3
-69.22531,-105.57108,0.94633746,0.86863613,0.915257,3
-69.75684,-105.99982,0.9877095,0.24933723,0.69236064,2
-70.288055,-106.451836,0.9910403,0.065411,0.62078863,2
-70.818825,-106.92957,0.9909054,0.0,0.5945433,2
-71.34899,-107.43491,0.99096113,0.06059602,0.6188151,2
-71.87843,-107.97026,0.9906963,0.9265049,0.9650198,3
-72.40696,-108.53858,0.9879246,0.79042524,0.9089249,3
-72.934425,-109.14215,0.9707925,0.99760413,0.98151714,3
-73.460556,-109.785446,0.88493764,0.7067166,0.81364924,3
-73.98522,-110.47052,0.7099267,0.4195185,0.5937635,2
-74.50806,-111.20388,0.011406891,0.35100892,0.1472477,0
-75.02891,-111.9872,0.0030917563,0.02542364,0.012024511,0
-75.54728,-112.82975,0.001372619,0.0,0.0008235714,0
-76.063,-113.73312,0.0006852752,0.0,0.00041116512,0
-76.57546,-114.708824,0.00064501294,0.0,0.00038700778,0
-77.08437,-115.76009,0.0006405321,0.0,0.00038431928,0
-77.589005,-116.90008,0.00063813536,0.0,0.00038288123,0
-78.08888,-118.13513,0.00063793315,0.0,0.0003827599,0
-78.583145,-119.479996,0.00063842157,0.0,0.00038305295,0
-79.07106,-120.94554,0.00063838385,0.0,0.00038303033,0
-79.551544,-122.54819,0.0006383744,0.0,0.00038302466,0
-80.02344,-124.305084,0.00063837226,0.0,0.00038302338,0
-80.48548,-126.234024,0.00063837133,0.0,0.00038302282,0
-80.93582,-128.36066,0.00063837075,0.0,0.00038302247,0
-81.372955,-130.70296,0.00063837104,0.0,0.00038302265,0
-81.79405,-133.29721,0.00063837104,0.0,0.00038302265,0
-82.19736,-136.15854,0.00063837104,0.0,0.00038302265,0
-82.57857,-139.33417,0.00063837104,0.0,0.00038302265,0
-82.93576,-142.83044,0.00063837104,0.0,0.00038302265,0
-83.2629,-146.69766,0.00063837104,0.0,0.00038302265,0
-83.557686,-150.92667,0.00063837104,0.0,0.00038302265,0
-83.81313,-155.54439,0.00063837104,0.0,0.00038302265,0
-84.02632,-160.5172,0.00063837104,0.0,0.00038302265,0
-84.190605,-165.8203,0.00063837104,0.0,0.00038302265,0
-84.30334,-171.37917,0.00063837104,0.0,0.00038302265,0
-84.360245,-177.10698,0.00063837104,0.0,0.00038302265,0
-84.360245,177.10698,0.00063837104,0.0,0.00038302265,0
-84.30334,171.37917,0.00063837104,0.0,0.00038302265,0
-84.190605,165.8203,0.00063837104,0.0,0.00038302265,0
-84.02632,160.5172,0.00063837104,0.0,0.00038302265,0
-83.81313,155.54439,0.00063837104,0.0,0.00038302265,0
-83.557686,150.92667,0.00063837104,0.0,0.00038302265,0
-83.2629,146.69766,0.00063837104,0.0,0.00038302265,0
-82.93576,142.83044,0.00063837104,0.0,0.00038302265,0
-82.57857,139.33417,0.00063837104,0.0,0.00038302265,0
-82.19736,136.15854,0.00063837104,0.0,0.00038302265,0
-81.79405,133.29721,0.00063837104,0.0,0.00038302265,0
-81.372955,130.70296,0.00063837104,0.0,0.00038302265,0
-80.93582,128.36066,0.00063837104,0.0,0.00038302265,0
-80.48548,126.234024,0.00063837104,0.0,0.00038302265,0
-80.02344,124.305084,0.00063837104,0.0,0.00038302265,0
-79.551544,122.54819,0.00063837104,0.0,0.00038302265,0
-79.07106,120.94554,0.00063837104,0.0,0.00038302265,0
-78.583145,119.479996,0.00063837104,0.0,0.00038302265,0
-78.08888,118.13513,0.00063837104,0.0,0.00038302265,0
-77.589005,116.90008,0.00063837104,0.0,0.00038302265,0
-77.08437,115.76009,0.00063837104,0.0,0.00038302265,0
-76.57546,114.708824,0.00063837104,0.0,0.00038302265,0
-76.063,113.73312,0.00063837104,0.0,0.00038302265,0
-75.54728,112.82975,0.00063837104,0.0,0.00038302265,0
-75.02891,111.9872,0.00063837104,0.0,0.00038302265,0
-74.50806,111.20388,0.00063837104,0.0,0.00038302265,0
-73.98522,110.47052,0.00063837104,0.0,0.00038302265,0
-73.460556,109.785446,0.00063837104,0.0,0.00038302265,0
-72.934425,109.14215,0.00063837104,0.0,0.00038302265,0
-72.40696,108.53858,0.00063837104,0.0,0.00038302265,0
-71.87843,107.97026,0.00063837104,0.0,0.00038302265,0
-71.34899,107.43491,0.0006384213,0.0,0.00038305277,0
-70.818825,106.92957,0.0006375411,0.0,0.00038252468,0
-70.288055,106.451836,0.0006369863,0.0,0.0003821918,0
-69.75684,105.99982,0.0006371517,0.0,0.00038229104,0
-69.22531,105.57108,0.000644946,0.0,0.00038696761,0
-68.69356,105.164566,0.00067036843,0.0,0.00040222108,0
-68.16171,104.77783,0.0006643048,0.0,0.00039858292,0
-67.62986,104.41042,0.00070391846,0.0,0.0004223511,0
-67.09808,104.05992,0.0012431027,0.0,0.0007458617,0
-66.56648,103.72635,0.004006954,0.0,0.0024041724,0
-66.03512,103.40744,0.029693814,0.0,0.017816288,0
-65.50408,103.10319,0.06952521,0.56349635,0.2671137,1
-64.97343,102.81187,0.88669,0.95940983,0.9157779,3
-64.44323,102.53327,0.95989776,0.87841576,0.927305,3
-63.913532,102.26617,0.982312,0.14157183,0.646016,2
-63.384407,102.01017,0.9773786,0.0,0.5864272,2
-62.8559,101.76441,0.9247496,0.0,0.5548498,2
-62.32807,101.528404,0.804824,0.0,0.48289442,1
-61.800957,101.301575,0.6243667,0.0,0.37462002,1
-61.27461,101.08333,0.5031518,0.0,0.3018911,1
-60.74907,100.87335,0.3427163,0.0,0.2056298,0
-60.224365,100.67096,0.019056795,0.0,0.011434077,0
-59.70058,100.47604,0.0034373703,0.0,0.0020624222,0
-59.177685,100.28785,0.0025099074,0.0,0.0015059445,0
-58.655785,100.10644,0.0019472111,0.0,0.0011683267,0
-58.13485,99.93105,0.0009389539,0.0,0.00056337233,0
-57.614986,99.76179,0.0007423126,0.0,0.00044538756,0
-57.096146,99.59798,0.00064426404,0.0,0.00038655844,0
-56.578426,99.43966,0.00063604815,0.0,0.0003816289,0
-56.0618,99.28633,0.00061605993,0.0,0.00036963596,0
-55.546352,99.13793,0.0005859349,0.0,0.00035156094,0
-55.03206,98.99411,0.0006016251,0.0,0.0003609751,0
-54.51898,98.854744,0.00078726263,0.0,0.00047235758,0
-54.43067,-99.7778,0.0012575969,0.0,0.0007545582,0
-54.942127,-99.93114,0.0009086667,0.0,0.0005452,0
-55.45475,-100.089355,0.00062122586,0.0,0.00037273552,0
-55.968483,-100.25256,0.00063243276,0.0,0.00037945967,0
-56.48333,-100.42118,0.0006374557,0.0,0.00038247346,0
-56.99922,-100.595245,0.0006379955,0.0,0.0003827973,0
-57.516174,-100.775314,0.0006383699,0.0,0.00038302195,0
-58.0341,-100.96133,0.00063837104,0.0,0.00038302265,0
-58.553024,-101.15404,0.00063837104,0.0,0.00038302265,0
-59.072853,-101.3533,0.00063837104,0.014733883,0.006276576,0
-59.593597,-101.55998,0.00063837104,0.23761901,0.09543063,0
-60.115166,-101.77399,0.00063837104,0.929028,0.37199423,1
-60.637573,-101.99613,0.00063837593,0.34656292,0.1390082,0
-61.16073,-102.22653,0.00063831726,0.0,0.00038299037,0
-61.684616,-102.46593,0.0006381746,0.0,0.00038290478,0
-62.209175,-102.71466,0.0006378523,0.0,0.00038271138,0
-62.73436,-102.97337,0.0006428398,0.0,0.0003857039,0
-63.26011,-103.24266,0.00064908236,0.0,0.00038944944,0
-63.78637,-103.523056,0.00067875435,0.0,0.00040725264,0
-64.313095,-103.815506,0.00076792995,0.0,0.000460758,0
-64.840195,-104.12039,0.0011266255,0.0,0.0006759753,0
-65.36763,-104.43906,0.0019029768,0.0,0.0011417861,0
-65.895294,-104.77169,0.027336001,0.0,0.016401602,0
-66.42315,-105.12018,0.22953452,0.0,0.13772072,0
-66.951096,-105.48447,0.56820315,0.0,0.3409219,1
-67.479034,-105.86699,0.6854112,0.0,0.41124675,1
-68.00688,-106.2677,0.7815688,0.018400317,0.47630143,1
-68.53454,-106.68919,0.8481637,0.12099458,0.5572961,2
-69.06189,-107.131905,0.94707394,0.6144568,0.81402713,3
-69.588806,-107.59843,0.9874844,0.99941087,0.99225503,3
-70.11517,-108.08983,0.9910115,0.98154634,0.9872255,3
-70.64083,-108.6087,0.99117285,0.3822801,0.7476158,2
-71.165634,-109.15698,0.99128914,0.23288262,0.6879266,2
-71.68942,-109.73714,0.9913573,0.94674635,0.973513,3
-72.211975,-110.352264,0.9870776,0.96240216,0.9772074,3
-72.73311,-111.00467,0.87798524,0.98016137,0.91885567,3
-73.25256,-111.698975,0.71861035,0.5021255,0.6320164,2
-73.77015,-112.43721,0.6864976,0.8252515,0.7419992,2
-74.28546,-113.22604,0.014909087,0.40345377,0.17032696,0
-74.79835,-114.06702,0.0029392177,0.0,0.0017635307,0
-75.30822,-114.969574,0.0012610728,0.0,0.0007566437,0
-75.81491,-115.93509,0.0007877575,0.0,0.00047265453,0
-76.31772,-116.975075,0.00062779116,0.0,0.00037667472,0
-76.816345,-118.09248,0.0006484267,0.0,0.00038905605,0
-77.30995,-119.300186,0.0006372547,0.0,0.00038235282,0
-77.79808,-120.604004,0.00063753326,0.0,0.00038251997,0
-78.27974,-122.01802,0.00063833606,0.0,0.00038300166,0
-78.75415,-123.55212,0.0006383863,0.0,0.0003830318,0
-79.220184,-125.22133,0.0006383768,0.0,0.0003830261,0
-79.67661,-127.040985,0.0006383811,0.0,0.00038302867,0
-80.12212,-129.02646,0.0006383765,0.0,0.00038302594,0
-80.554825,-131.19995,0.0006383732,0.0,0.00038302393,0
-80.97324,-133.57558,0.0006383716,0.0,0.000383023,0
-81.37451,-136.1835,0.00063837133,0.0,0.00038302282,0
-81.75706,-139.03317,0.00063837075,0.0,0.00038302247,0
-82.1167,-142.16174,0.00063837104,0.0,0.00038302265,0
-82.45184,-145.5687,0.00063837104,0.0,0.00038302265,0
-82.75687,-149.29028,0.00063837104,0.0,0.00038302265,0
-83.030106,-153.31133,0.00063837104,0.0,0.00038302265,0
-83.26536,-157.64624,0.00063837104,0.0,0.00038302265,0
-83.46058,-162.26111,0.00063837104,0.0,0.00038302265,0
-83.61023,-167.13077,0.00063837104,0.0,0.00038302265,0
-83.712494,-172.19408,0.00063837104,0.0,0.00038302265,0
-83.76399,-177.38364,0.00063837104,0.0,0.00038302265,0
-83.76399,177.38364,0.00063837104,0.0,0.00038302265,0
-83.712494,172.19408,0.00063837104,0.0,0.00038302265,0
-83.61023,167.13077,0.00063837104,0.0,0.00038302265,0
-83.46058,162.26111,0.00063837104,0.0,0.00038302265,0
-83.26536,157.64624,0.00063837104,0.0,0.00038302265,0
-83.030106,153.31133,0.00063837104,0.0,0.00038302265,0
-82.75687,149.29028,0.00063837104,0.0,0.00038302265,0
-82.45184,145.5687,0.00063837104,0.0,0.00038302265,0
-82.1167,142.16174,0.00063837104,0.0,0.00038302265,0
-81.75706,139.03317,0.00063837104,0.0,0.00038302265,0
-81.37451,136.1835,0.00063837104,0.0,0.00038302265,0
-80.97324,133.57558,0.00063837104,0.0,0.00038302265,0
-80.554825,131.19995,0.00063837104,0.0,0.00038302265,0
-80.12212,129.02646,0.00063837104,0.0,0.00038302265,0
-79.67661,127.040985,0.00063837104,0.0,0.00038302265,0
-79.220184,125.22133,0.00063837104,0.0,0.00038302265,0
-78.75415,123.55212,0.00063837104,0.0,0.00038302265,0
-78.27974,122.01802,0.00063837104,0.0,0.00038302265,0
-77.79808,120.604004,0.00063837104,0.0,0.00038302265,0
-77.30995,119.300186,0.00063837104,0.0,0.00038302265,0
-76.816345,118.09248,0.00063837104,0.0,0.00038302265,0
-76.31772,116.975075,0.00063837104,0.0,0.00038302265,0
-75.81491,115.93509,0.00063837104,0.0,0.00038302265,0
-75.30822,114.969574,0.00063837104,0.0,0.00038302265,0
-74.79835,114.06702,0.00063837104,0.0,0.00038302265,0
-74.28546,113.22604,0.00063837104,0.0,0.00038302265,0
-73.77015,112.43721,0.00063837104,0.0,0.00038302265,0
-73.25256,111.698975,0.00063837104,0.0,0.00038302265,0
-72.73311,111.00467,0.00063837075,0.0,0.00038302247,0
-72.211975,110.352264,0.00063837256,0.0,0.00038302355,0
-71.68942,109.73714,0.0006383814,0.0,0.00038302885,0
-71.165634,109.15698,0.00063846813,0.0,0.0003830809,0
-70.64083,108.6087,0.00063676655,0.0,0.00038205995,0
-70.11517,108.08983,0.00063577114,0.0,0.0003814627,0
-69.588806,107.59843,0.0006279249,0.0,0.00037675496,0
-69.06189,107.131905,0.0006211066,0.0,0.00037266398,0
-68.53454,106.68919,0.0006623331,0.0,0.00039739988,0
-68.00688,106.2677,0.00066424947,0.0,0.0003985497,0
-67.479034,105.86699,0.0009803888,0.0,0.00058823335,0
-66.951096,105.48447,0.0020391915,0.0,0.001223515,0
-66.42315,105.12018,0.01621252,0.3878505,0.16486771,0
-65.895294,104.77169,0.9040389,0.26217443,0.64729315,2
-65.36763,104.43906,0.94114596,0.31748304,0.69168085,2
-64.840195,104.12039,0.84119064,0.9735806,0.8941467,3
-64.313095,103.815506,0.9415586,0.20141695,0.645502,2
-63.78637,103.523056,0.97473776,0.0,0.5848427,2
-63.26011,103.24266,0.95793563,0.0,0.5747614,2
-62.73436,102.97337,0.9043043,0.0,0.54258263,2
-62.209175,102.71466,0.78980094,0.0,0.4738806,1
-61.684616,102.46593,0.61588305,0.0,0.36952984,1
-61.16073,102.22653,0.47635376,0.0,0.28581226,1
-60.637573,101.99613,0.34738606,0.0,0.20843165,0
-60.115166,101.77399,0.06333788,0.0,0.03800273,0
-59.593597,101.55998,0.0032904951,0.0,0.0019742972,0
-59.072853,101.3533,0.0017438069,0.0,0.0010462842,0
-58.553024,101.15404,0.00095830375,0.0,0.00057498226,0
-58.0341,100.96133,0.0007907369,0.0,0.00047444217,0
-57.516174,100.775314,0.00069562806,0.0,0.00041737684,0
-56.99922,100.595245,0.0006445555,0.0,0.0003867333,0
-56.48333,100.42118,0.00063781976,0.0,0.00038269188,0
-55.968483,100.25256,0.00061582716,0.0,0.00036949632,0
-55.45475,100.089355,0.000585933,0.0,0.0003515598,0
-54.942127,99.93114,0.0006016263,0.0,0.0003609758,0
-54.43067,99.7778,0.00078726263,0.0,0.00047235758,0
-54.333996,-100.695885,0.0012575969,0.0,0.0007545582,0
-54.84369,-100.86296,0.0009086667,0.0,0.0005452,0
-55.354492,-101.03531,0.00062122586,0.0,0.00037273552,0
-55.866344,-101.21309,0.00063243276,0.0,0.00037945967,0
-56.379265,-101.396706,0.0006374557,0.0,0.00038247346,0
-56.89317,-101.58621,0.0006379955,0.0,0.0003827973,0
-57.40807,-101.78222,0.0006383699,0.0,0.00038302195,0
-57.92388,-101.98465,0.00063837104,0.0,0.00038302265,0
-58.44062,-102.19432,0.00063837104,0.0,0.00038302265,0
-58.95819,-102.41107,0.00063837104,0.3666833,0.14705634,0
-59.4766,-102.635796,0.00063837104,0.7038822,0.2819359,1
-59.99577,-102.86843,0.00063837104,0.54093385,0.21675657,0
-60.515682,-103.109856,0.00063837256,0.019497927,0.008182194,0
-61.03625,-103.36017,0.00063835405,0.0,0.00038301243,0
-61.557476,-103.62018,0.0006382214,0.0,0.00038293286,0
-62.079254,-103.890205,0.000636911,0.0,0.00038214662,0
-62.601562,-104.17097,0.00063890393,0.0,0.00038334238,0
-63.124336,-104.46309,0.00063881447,0.0,0.0003832887,0
-63.647503,-104.76715,0.0006470155,0.0,0.00038820933,0
-64.171005,-105.08412,0.0007395282,0.0,0.00044371694,0
-64.694756,-105.41441,0.0009172999,0.0,0.00055038,0
-65.218704,-105.75947,0.0014187827,0.0,0.0008512697,0
-65.74276,-106.11944,0.0081699,0.0,0.00490194,0
-66.26682,-106.496346,0.06579512,0.0,0.039477076,0
-66.79082,-106.890114,0.41581407,0.0,0.24948846,0
-67.31464,-107.30331,0.6470519,0.0,0.38823113,1
-67.83818,-107.735855,0.7484757,0.0,0.4490854,1
-68.36133,-108.19046,0.8415269,0.0,0.5049162,2
-68.88396,-108.66757,0.9314439,0.011132828,0.5633195,2
-69.40593,-109.16991,0.9834536,0.17835602,0.66141456,2
-69.92711,-109.69853,0.99092066,0.5003784,0.7947037,3
-70.44731,-110.25613,0.9910649,0.98779637,0.98975754,3
-70.96639,-110.844666,0.9911238,0.637338,0.8496095,3
-71.484146,-111.46669,0.99139154,0.84880114,0.9343554,3
-72.00034,-112.12534,0.98693526,0.71320534,0.8774433,3
-72.51478,-112.82292,0.88703203,0.97445756,0.92200226,3
-73.02716,-113.56416,0.86890787,0.8632517,0.8666454,3
-73.53728,-114.35099,0.83723223,0.97250015,0.8913394,3
-74.04468,-115.19016,0.35149607,0.85066247,0.55116266,2
-74.54918,-116.08308,0.0090786,0.07789612,0.036605608,0
-75.050156,-117.039185,0.001214888,0.0,0.0007289328,0
-75.547424,-118.059616,0.0008677932,0.0,0.00052067597,0
-76.040184,-119.155716,0.0006060919,0.0,0.00036365516,0
-76.52817,-120.33006,0.00064849283,0.0,0.00038909572,0
-77.010445,-121.59509,0.0006391707,0.0,0.00038350243,0
-77.48652,-122.95599,0.00063733244,0.0,0.00038239948,0
-77.95533,-124.42599,0.0006378541,0.0,0.0003827125,0
-78.41609,-126.01387,0.00063825515,0.0,0.00038295312,0
-78.867615,-127.73317,0.0006383102,0.0,0.00038298615,0
-79.30861,-129.59727,0.00063838443,0.0,0.00038303068,0
-79.7378,-131.6192,0.00063842064,0.0,0.0003830524,0
-80.15326,-133.81784,0.0006384249,0.0,0.00038305495,0
-80.55355,-136.2038,0.00063843286,0.0,0.00038305973,0
-80.93589,-138.80179,0.0006384444,0.0,0.00038306665,0
-81.29885,-141.6168,0.0006384559,0.0,0.00038307355,0
-81.63844,-144.67769,0.0006384599,0.0,0.00038307597,0
-81.95341,-147.97932,0.0006384553,0.0,0.0003830732,0
-82.23854,-151.54762,0.00063844287,0.0,0.00038306575,0
-82.492676,-155.36452,0.0006384258,0.0,0.0003830555,0
-82.71035,-159.43668,0.0006384115,0.0,0.00038304692,0
-82.89015,-163.73212,0.00063840084,0.0,0.00038304052,0
-83.02742,-168.2272,0.00063839357,0.0,0.00038303615,0
-83.12093,-172.87186,0.00063838746,0.0,0.0003830325,0
-83.167915,-177.613,0.0006383817,0.0,0.00038302902,0
-83.167915,177.613,0.00063837745,0.0,0.0003830265,0
-83.12093,172.87186,0.0006383735,0.0,0.0003830241,0
-83.02742,168.2272,0.0006383716,0.0,0.000383023,0
-82.89015,163.73212,0.00063837104,0.0,0.00038302265,0
-82.71035,159.43668,0.00063837104,0.0,0.00038302265,0
-82.492676,155.36452,0.00063837104,0.0,0.00038302265,0
-82.23854,151.54762,0.00063837104,0.0,0.00038302265,0
-81.95341,147.97932,0.00063837104,0.0,0.00038302265,0
-81.63844,144.67769,0.00063837104,0.0,0.00038302265,0
-81.29885,141.6168,0.00063837104,0.0,0.00038302265,0
-80.93589,138.80179,0.00063837104,0.0,0.00038302265,0
-80.55355,136.2038,0.00063837104,0.0,0.00038302265,0
-80.15326,133.81784,0.00063837104,0.0,0.00038302265,0
-79.7378,131.6192,0.00063837104,0.0,0.00038302265,0
-79.30861,129.59727,0.00063837104,0.0,0.00038302265,0
-78.867615,127.73317,0.00063837104,0.0,0.00038302265,0
-78.41609,126.01387,0.00063837104,0.0,0.00038302265,0
-77.95533,124.42599,0.00063837104,0.0,0.00038302265,0
-77.48652,122.95599,0.00063837104,0.0,0.00038302265,0
-77.010445,121.59509,0.00063837104,0.0,0.00038302265,0
-76.52817,120.33006,0.00063837104,0.0,0.00038302265,0
-76.040184,119.155716,0.00063837104,0.0,0.00038302265,0
-75.547424,118.059616,0.00063837104,0.0,0.00038302265,0
-75.050156,117.039185,0.00063837104,0.0,0.00038302265,0
-74.54918,116.08308,0.00063837104,0.0,0.00038302265,0
-74.04468,115.19016,0.00063837104,0.0,0.00038302265,0
-73.53728,114.35099,0.00063837104,0.0,0.00038302265,0
-73.02716,113.56416,0.00063837104,0.0,0.00038302265,0
-72.51478,112.82292,0.0006383732,0.0,0.00038302393,0
-72.00034,112.12534,0.000638386,0.0,0.0003830316,0
-71.484146,111.46669,0.000638368,0.0,0.00038302082,0
-70.96639,110.844666,0.00063833094,0.0,0.00038299858,0
-70.44731,110.25613,0.0006355982,0.0,0.00038135893,0
-69.92711,109.69853,0.0006354522,0.0,0.00038127135,0
-69.40593,109.16991,0.0006244831,0.0,0.00037468987,0
-68.88396,108.66757,0.000598204,0.0,0.0003589224,0
-68.36133,108.19046,0.0006259704,0.0,0.00037558228,0
-67.83818,107.735855,0.00079975283,0.0,0.0004798517,0
-67.31464,107.30331,0.0032385604,0.0,0.0019431363,0
-66.79082,106.890114,0.0132698165,0.107122235,0.050810788,0
-66.26682,106.496346,0.4494189,0.7684969,0.5770501,2
-65.74276,106.11944,0.961877,0.8853472,0.9312651,3
-65.218704,105.75947,0.97464764,0.9803138,0.97691417,3
-64.694756,105.41441,0.9467104,0.882927,0.92119706,3
-64.171005,105.08412,0.95345235,0.06744484,0.5990494,2
-63.647503,104.76715,0.9296576,0.0,0.5577946,2
-63.124336,104.46309,0.85714334,0.0,0.51428604,2
-62.601562,104.17097,0.85870934,0.0,0.51522565,2
-62.079254,103.890205,0.824068,0.0,0.49444082,1
-61.557476,103.62018,0.71043736,0.0,0.42626244,1
-61.03625,103.36017,0.42505607,0.0,0.25503364,1
-60.515682,103.109856,0.08865801,0.0,0.05319481,0
-59.99577,102.86843,0.00826279,0.0,0.004957674,0
-59.4766,102.635796,0.0022046883,0.0,0.001322813,0
-58.95819,102.41107,0.0012233586,0.0,0.0007340152,0
-58.44062,102.19432,0.0007352697,0.0,0.00044116183,0
-57.92388,101.98465,0.0006645841,0.0,0.00039875048,0
-57.40807,101.78222,0.0006436798,0.0,0.00038620792,0
-56.89317,101.58621,0.00063686614,0.0,0.0003821197,0
-56.379265,101.396706,0.00063809,0.0,0.00038285402,0
-55.866344,101.21309,0.0006158709,0.0,0.00036952255,0
-55.354492,101.03531,0.0005859489,0.0,0.00035156932,0
-54.84369,100.86296,0.00060162693,0.0,0.00036097618,0
-54.333996,100.695885,0.00078726263,0.0,0.00047235758,0
-54.22867,-101.60832,0.0012575969,0.0,0.0007545582,0
-54.736435,-101.78888,0.0009086667,0.0,0.0005452,0
-55.24527,-101.97511,0.00062122586,0.0,0.00037273552,0
-55.755104,-102.167145,0.00063243276,0.0,0.00037945967,0
-56.265934,-102.365456,0.0006374557,0.0,0.00038247346,0
-56.777687,-102.57008,0.0006379955,0.0,0.0003827973,0
-57.290363,-102.78166,0.0006383699,0.0,0.00038302195,0
-57.803886,-103.00012,0.00063837104,0.0,0.00038302265,0
-58.318264,-103.22634,0.00063837104,0.0,0.00038302265,0
-58.833397,-103.46013,0.00063837104,0.5099836,0.20437646,0
-59.34929,-103.70246,0.00063837104,0.553351,0.22172342,0
-59.865852,-103.95324,0.00063837104,0.06006228,0.024407936,0
-60.383068,-104.2134,0.000638372,0.0,0.0003830232,0
-60.900864,-104.483055,0.0006383683,0.0,0.000383021,0
-61.4192,-104.76303,0.00063832785,0.0,0.00038299672,0
-61.938,-105.0537,0.0006366516,0.0,0.00038199098,0
-62.457214,-105.35581,0.00063862297,0.0,0.00038317378,0
-62.976772,-105.670006,0.00063003,0.0,0.000378018,0
-63.496613,-105.99689,0.0006284533,0.0,0.000377072,0
-64.01665,-106.337494,0.0006886865,0.0,0.0004132119,0
-64.53681,-106.69222,0.00091054314,0.0,0.00054632593,0
-65.05702,-107.0626,0.0012989943,0.0,0.0007793966,0
-65.57718,-107.44877,0.009811911,0.0,0.0058871466,0
-66.09719,-107.85286,0.07440525,0.0,0.044643153,0
-66.616974,-108.27475,0.5135335,0.0,0.3081201,1
-67.13638,-108.71712,0.70080733,0.0,0.42048442,1
-67.655334,-109.17988,0.71271545,0.0,0.4276293,1
-68.17367,-109.66585,0.7797758,0.0,0.4678655,1
-68.69128,-110.17543,0.89869386,0.0,0.53921634,2
-69.207985,-110.71142,0.96067554,0.0,0.57640535,2
-69.72365,-111.27494,0.9898914,0.06133951,0.61847067,2
-70.238075,-111.86868,0.99118125,0.38633353,0.7492422,2
-70.75109,-112.494644,0.9912157,0.8681807,0.9420017,3
-71.262474,-113.15538,0.9909276,0.99502116,0.99256504,3
-71.77197,-113.85408,0.989664,0.8261804,0.92427063,3
-72.279366,-114.59302,0.97607666,0.47391757,0.77521306,3
-72.78432,-115.37689,0.9528086,0.990548,0.96790445,3
-73.286606,-116.20758,0.92897975,0.9592168,0.9410746,3
-73.785736,-117.091805,0.72435874,0.99991214,0.8345801,3
-74.281525,-118.03078,0.025387695,0.18715547,0.090094805,0
-74.77327,-119.033875,0.0009876352,0.0,0.0005925812,0
-75.26081,-120.10188,0.0010567342,0.0,0.00063404057,0
-75.743256,-121.245926,0.0005884646,0.0,0.00035307877,0
-76.22033,-122.468094,0.0006511097,0.0,0.0003906658,0
-76.69105,-123.78027,0.00064253114,0.0,0.0003855187,0
-77.15489,-125.18698,0.0006355373,0.0,0.0003813224,0
-77.61077,-126.70044,0.0006376387,0.0,0.0003825832,0
-78.05786,-128.3283,0.0006375047,0.0,0.00038250283,0
-78.49495,-130.08258,0.00063760584,0.0,0.00038256354,0
-78.92076,-131.97475,0.00063794927,0.0,0.0003827696,0
-79.33399,-134.0156,0.0006378733,0.0,0.000382724,0
-79.73276,-136.22096,0.00063790823,0.0,0.00038274497,0
-80.115715,-138.59851,0.00063762406,0.0,0.00038257445,0
-80.48014,-141.16827,0.00063738803,0.0,0.00038243283,0
-80.82481,-143.93176,0.00063703035,0.0,0.00038221822,0
-81.14592,-146.91142,0.00063691527,0.0,0.00038214918,0
-81.44252,-150.09915,0.0006368412,0.0,0.00038210474,0
-81.70983,-153.5135,0.0006369711,0.0,0.00038218268,0
-81.947105,-157.13545,0.0006372714,0.0,0.00038236284,0
-82.149475,-160.96709,0.0006376064,0.0,0.00038256389,0
-82.316025,-164.97925,0.0006379338,0.0,0.00038276028,0
-82.44276,-169.15062,0.00063820835,0.0,0.00038292503,0
-82.528885,-173.43997,0.00063831324,0.0,0.00038298796,0
-82.572105,-177.8048,0.0006383929,0.0,0.00038303577,0
-82.572105,177.8048,0.00063840725,0.0,0.00038304436,0
-82.528885,173.43997,0.00063841545,0.0,0.00038304928,0
-82.44276,169.15062,0.000638417,0.0,0.00038305024,0
-82.316025,164.97925,0.0006384124,0.0,0.00038304747,0
-82.149475,160.96709,0.00063840486,0.0,0.00038304293,0
-81.947105,157.13545,0.000638396,0.0,0.00038303764,0
-81.70983,153.5135,0.00063839054,0.0,0.00038303435,0
-81.44252,150.09915,0.00063838536,0.0,0.00038303123,0
-81.14592,146.91142,0.0006383826,0.0,0.0003830296,0
-80.82481,143.93176,0.00063837896,0.0,0.0003830274,0
-80.48014,141.16827,0.0006383765,0.0,0.00038302594,0
-80.115715,138.59851,0.0006383738,0.0,0.00038302428,0
-79.73276,136.22096,0.00063837226,0.0,0.00038302338,0
-79.33399,134.0156,0.00063837133,0.0,0.00038302282,0
-78.92076,131.97475,0.00063837075,0.0,0.00038302247,0
-78.49495,130.08258,0.00063837104,0.0,0.00038302265,0
-78.05786,128.3283,0.00063837104,0.0,0.00038302265,0
-77.61077,126.70044,0.00063837104,0.0,0.00038302265,0
-77.15489,125.18698,0.00063837104,0.0,0.00038302265,0
-76.69105,123.78027,0.00063837104,0.0,0.00038302265,0
-76.22033,122.468094,0.00063837104,0.0,0.00038302265,0
-75.743256,121.245926,0.00063837104,0.0,0.00038302265,0
-75.26081,120.10188,0.00063837104,0.0,0.00038302265,0
-74.77327,119.033875,0.00063837104,0.0,0.00038302265,0
-74.281525,118.03078,0.00063837104,0.0,0.00038302265,0
-73.785736,117.091805,0.00063837104,0.0,0.00038302265,0
-73.286606,116.20758,0.00063837104,0.0,0.00038302265,0
-72.78432,115.37689,0.00063837104,0.0,0.00038302265,0
-72.279366,114.59302,0.0006383802,0.0,0.00038302812,0
-71.77197,113.85408,0.00063835765,0.0,0.00038301462,0
-71.262474,113.15538,0.0006381131,0.0,0.0003828679,0
-70.75109,112.494644,0.0006380086,0.0,0.00038280516,0
-70.238075,111.86868,0.00063580024,0.0,0.00038148017,0
-69.72365,111.27494,0.00064058555,0.0,0.00038435136,0
-69.207985,110.71142,0.0006333846,0.0,0.0003800308,0
-68.69128,110.17543,0.000597322,0.0,0.0003583932,0
-68.17367,109.66585,0.0005859095,0.0,0.00035154572,0
-67.655334,109.17988,0.0011263406,0.0,0.0006758044,0
-67.13638,108.71712,0.008981273,0.13135678,0.057931475,0
-66.616974,108.27475,0.49746504,0.8530759,0.6397094,2
-66.09719,107.85286,0.81392753,0.9584148,0.87172246,3
-65.57718,107.44877,0.9225018,0.99526286,0.9516063,3
-65.05702,107.0626,0.9585997,0.818886,0.90271425,3
-64.53681,106.69222,0.95638764,0.23092818,0.6662039,2
-64.01665,106.337494,0.9446354,0.39894825,0.72636056,2
-63.496613,105.99689,0.92074656,0.06522833,0.5785393,2
-62.976772,105.670006,0.8479145,0.0,0.5087487,2
-62.457214,105.35581,0.84264714,0.0,0.5055883,2
-61.938,105.0537,0.82862914,0.0,0.4971775,1
-61.4192,104.76303,0.7347788,0.0,0.4408673,1
-60.900864,104.483055,0.453437,0.0,0.2720622,1
-60.383068,104.2134,0.0743215,0.0,0.044592902,0
-59.865852,103.95324,0.005181635,0.0,0.003108981,0
-59.34929,103.70246,0.001423094,0.0,0.0008538564,0
-58.833397,103.46013,0.00088200864,0.0,0.0005292052,0
-58.318264,103.22634,0.00068317447,0.0,0.0004099047,0
-57.803886,103.00012,0.00063612964,0.0,0.0003816778,0
-57.290363,102.78166,0.00063523935,0.0,0.00038114362,0
-56.777687,102.57008,0.0006357433,0.0,0.000381446,0
-56.265934,102.365456,0.000638118,0.0,0.0003828708,0
-55.755104,102.167145,0.0006158794,0.0,0.00036952767,0
-55.24527,101.97511,0.00058596284,0.0,0.0003515777,0
-54.736435,101.78888,0.0006016281,0.0,0.00036097688,0
-54.22867,101.60832,0.00078726263,0.0,0.00047235758,0
-54.115005,-102.51489,0.0012575969,0.0,0.0007545582,0
-54.620728,-102.70866,0.0009086667,0.0,0.0005452,0
-55.12745,-102.90846,0.00062122586,0.0,0.00037273552,0
-55.635105,-103.11445,0.00063243276,0.0,0.00037945967,0
-56.143692,-103.32713,0.0006374557,0.0,0.00038247346,0
-56.653137,-103.54652,0.0006379955,0.0,0.0003827973,0
-57.163445,-103.773315,0.0006383699,0.0,0.00038302195,0
-57.674515,-104.00742,0.00063837104,0.0,0.00038302265,0
-58.186367,-104.24977,0.00063837104,0.0,0.00038302265,0
-58.69889,-104.50016,0.00063837104,0.20942451,0.084152825,0
-59.21209,-104.759605,0.00063837104,0.9605677,0.38461012,1
-59.725876,-105.028015,0.00063837104,0.17108418,0.06881669,0
-60.24021,-105.306366,0.00063837104,0.0,0.00038302265,0
-60.755035,-105.59477,0.00063837226,0.0,0.00038302338,0
-61.270294,-105.894104,0.00063839176,0.0,0.00038303508,0
-61.78591,-106.20475,0.0006367808,0.0,0.0003820685,0
-62.301823,-106.52746,0.0006384916,0.0,0.00038309497,0
-62.817963,-106.862946,0.00062787347,0.0,0.00037672409,0
-63.33426,-107.2118,0.0006234495,0.0,0.00037406973,0
-63.850624,-107.5751,0.0006577743,0.0,0.0003946646,0
-64.36697,-107.95329,0.0009809489,0.0,0.0005885694,0
-64.88321,-108.34792,0.0013841524,0.0,0.0008304915,0
-65.39924,-108.75914,0.013910736,0.0,0.008346442,0
-65.914955,-109.18914,0.11116034,0.0,0.066696204,0
-66.43027,-109.63779,0.5770409,0.0,0.34622455,1
-66.94501,-110.107864,0.61740375,0.0,0.37044227,1
-67.45909,-110.59921,0.70155895,0.0,0.4209354,1
-67.97235,-111.11477,0.83911103,0.0,0.50346667,2
-68.484665,-111.65489,0.90521526,0.0,0.5431292,2
-68.995834,-112.22245,0.9404971,0.0,0.5642983,2
-69.50572,-112.81853,0.98882234,0.0,0.5932934,2
-70.014084,-113.44588,0.9910453,0.0,0.5946272,2
-70.52074,-114.106476,0.99117976,0.07642967,0.6252798,2
-71.02547,-114.80289,0.990957,0.24178669,0.6912889,2
-71.52797,-115.53825,0.9905849,0.84292156,0.9315196,3
-72.02803,-116.314804,0.98514605,0.55369985,0.8125676,3
-72.52527,-117.13721,0.9714064,0.5208662,0.7911903,3
-73.019455,-118.00723,0.961658,0.96417,0.9626628,3
-73.51005,-118.93149,0.89514303,0.9984632,0.9364711,3
-73.996864,-119.910995,0.009013147,0.38705602,0.1602303,0
-74.47915,-120.954895,0.0013624552,0.0,0.00081747316,0
-74.956726,-122.06375,0.0010076334,0.0,0.00060458004,0
-75.42866,-123.248215,0.00062245206,0.0,0.00037347127,0
-75.894684,-124.50999,0.00064404914,0.0,0.0003864295,0
-76.35374,-125.86022,0.00064959604,0.0,0.00038975765,0
-76.80531,-127.302795,0.0006389822,0.0,0.00038338936,0
-77.24828,-128.84885,0.00064176065,0.0,0.0003850564,0
-77.68181,-130.50494,0.0006379687,0.0,0.00038278123,0
-78.10469,-132.28154,0.0006384015,0.0,0.0003830409,0
-78.51565,-134.18843,0.00063620997,0.0,0.000381726,0
-78.91341,-136.23428,0.00063787965,0.0,0.0003827278,0
-79.29614,-138.43228,0.0006382421,0.0,0.0003829453,0
-79.66258,-140.78761,0.00063834124,0.0,0.00038300475,0
-80.01014,-143.31631,0.0006380748,0.0,0.0003828449,0
-80.33773,-146.01755,0.00063863274,0.0,0.00038317966,0
-80.64183,-148.90845,0.00063972163,0.0,0.000383833,0
-80.921715,-151.97935,0.00064082217,0.0,0.00038449332,0
-81.17299,-155.24342,0.0006409544,0.0,0.00038457266,0
-81.39525,-158.68187,0.0006401022,0.0,0.00038406134,0
-81.58415,-162.29399,0.00063889264,0.0,0.0003833356,0
-81.73917,-166.05373,0.00063794776,0.0,0.00038276866,0
-81.856804,-169.9422,0.0006375314,0.0,0.00038251886,0
-81.9366,-173.9252,0.0006374573,0.0,0.0003824744,0
-81.97659,-177.96829,0.0006374342,0.0,0.00038246054,0
-81.97659,177.96829,0.00063775596,0.0,0.00038265358,0
-81.9366,173.9252,0.0006378061,0.0,0.00038268368,0
-81.856804,169.9422,0.0006379149,0.0,0.00038274899,0
-81.73917,166.05373,0.00063788664,0.0,0.000382732,0
-81.58415,162.29399,0.0006378426,0.0,0.00038270556,0
-81.39525,158.68187,0.0006378857,0.0,0.00038273144,0
-81.17299,155.24342,0.00063793955,0.0,0.00038276374,0
-80.921715,151.97935,0.0006381776,0.0,0.00038290658,0
-80.64183,148.90845,0.0006382773,0.0,0.00038296642,0
-80.33773,146.01755,0.0006383534,0.0,0.00038301205,0
-80.01014,143.31631,0.00063837226,0.0,0.00038302338,0
-79.66258,140.78761,0.000638372,0.0,0.0003830232,0
-79.29614,138.43228,0.0006383744,0.0,0.00038302466,0
-78.91341,136.23428,0.0006383729,0.0,0.00038302375,0
-78.51565,134.18843,0.00063837133,0.0,0.00038302282,0
-78.10469,132.28154,0.00063837104,0.0,0.00038302265,0
-77.68181,130.50494,0.00063837104,0.0,0.00038302265,0
-77.24828,128.84885,0.00063837104,0.0,0.00038302265,0
-76.80531,127.302795,0.00063837104,0.0,0.00038302265,0
-76.35374,125.86022,0.00063837104,0.0,0.00038302265,0
-75.894684,124.50999,0.00063837104,0.0,0.00038302265,0
-75.42866,123.248215,0.00063837104,0.0,0.00038302265,0
-74.956726,122.06375,0.00063837104,0.0,0.00038302265,0
-74.47915,120.954895,0.00063837104,0.0,0.00038302265,0
-73.996864,119.910995,0.00063837104,0.0,0.00038302265,0
-73.51005,118.93149,0.00063837104,0.0,0.00038302265,0
-73.019455,118.00723,0.00063837075,0.0,0.00038302247,0
-72.52527,117.13721,0.0006383732,0.0,0.00038302393,0
-72.02803,116.314804,0.0006383896,0.0,0.0003830338,0
-71.52797,115.53825,0.0006382059,0.0,0.00038292355,0
-71.02547,114.80289,0.0006381253,0.0,0.00038287518,0
-70.52074,114.106476,0.00063990854,0.0,0.00038394515,0
-70.014084,113.44588,0.0006429732,0.0,0.00038578393,0
-69.50572,112.81853,0.00065691693,0.0,0.00039415018,0
-68.995834,112.22245,0.0006525982,0.0,0.00039155895,0
-68.484665,111.65489,0.0006130949,0.0,0.00036785696,0
-67.97235,111.11477,0.00063406955,0.0,0.00038044175,0
-67.45909,110.59921,0.0012556788,0.0,0.0007534073,0
-66.94501,110.107864,0.007525706,0.4123034,0.16943678,0
-66.43027,109.63779,0.5374998,0.9627978,0.707619,2
-65.914955,109.18914,0.7783828,0.9647989,0.85294926,3
-65.39924,108.75914,0.9093073,0.998437,0.94495916,3
-64.88321,108.34792,0.96100754,0.4399988,0.75260407,3
-64.36697,107.95329,0.9467708,0.99671966,0.9667504,3
-63.850624,107.5751,0.91803056,0.95272297,0.93190753,3
-63.33426,107.2118,0.88452595,0.21875505,0.6182176,2
-62.817963,106.862946,0.87192273,0.0,0.52315366,2
-62.301823,106.52746,0.8698377,0.0,0.5219026,2
-61.78591,106.20475,0.781906,0.0,0.46914363,1
-61.270294,105.894104,0.4864493,0.0,0.29186958,1
-60.755035,105.59477,0.1692869,0.0,0.10157215,0
-60.24021,105.306366,0.013687886,0.0,0.008212732,0
-59.725876,105.028015,0.0028869554,0.0,0.0017321733,0
-59.21209,104.759605,0.0010250116,0.0,0.000615007,0
-58.69889,104.50016,0.0007278201,0.0,0.00043669206,0
-58.186367,104.24977,0.0006429955,0.0,0.00038579732,0
-57.674515,104.00742,0.00063315645,0.0,0.0003798939,0
-57.163445,103.773315,0.000636952,0.0,0.00038217122,0
-56.653137,103.54652,0.0006359957,0.0,0.00038159743,0
-56.143692,103.32713,0.00063835643,0.0,0.0003830139,0
-55.635105,103.11445,0.0006158747,0.0,0.00036952485,0
-55.12745,102.90846,0.00058596843,0.0,0.00035158108,0
-54.620728,102.70866,0.0006016297,0.0,0.00036097784,0
-54.115005,102.51489,0.00078726263,0.0,0.00047235758,0
-53.993126,-103.41519,0.0012575969,0.0,0.0007545582,0
-54.49666,-103.62188,0.0009086667,0.0,0.0005452,0
-55.00112,-103.83496,0.00062122586,0.0,0.00037273552,0
-55.506466,-104.054596,0.00063243276,0.0,0.00037945967,0
-56.01267,-104.28128,0.0006374557,0.0,0.00038247346,0
-56.51966,-104.515076,0.0006379955,0.0,0.0003827973,0
-57.027435,-104.75669,0.0006383699,0.0,0.00038302195,0
-57.535908,-105.00604,0.00063837104,0.0,0.00038302265,0
-58.045063,-105.26407,0.00063837104,0.0,0.00038302265,0
-58.55482,-105.530594,0.00063837104,0.037255965,0.015285408,0
-59.065155,-105.80665,0.00063837104,0.481985,0.19317703,0
-59.57599,-106.09217,0.00063837104,0.9207417,0.3686797,1
-60.087276,-106.38814,0.00063837104,0.20173113,0.081075475,0
-60.598946,-106.69468,0.000638372,0.0,0.0003830232,0
-61.11094,-107.0127,0.00063841365,0.0,0.0003830482,0
-61.623184,-107.34262,0.00063698116,0.0,0.0003821887,0
-62.135612,-107.68518,0.0006380171,0.0,0.00038281028,0
-62.648144,-108.04114,0.0006284862,0.0,0.00037709175,0
-63.160686,-108.41109,0.0006274556,0.0,0.00037647338,0
-63.67316,-108.79618,0.00068543025,0.0,0.00041125817,0
-64.18547,-109.19679,0.00096349866,0.0,0.0005780992,0
-64.69752,-109.61457,0.0013549138,0.0,0.00081294833,0
-65.20921,-110.049644,0.011414271,0.0,0.006848563,0
-65.7204,-110.50427,0.094859794,0.0,0.05691588,0
-66.23102,-110.97829,0.45320216,0.0,0.2719213,1
-66.74086,-111.474525,0.5983157,0.0,0.35898945,1
-67.249855,-111.99284,0.742191,0.0,0.44531462,1
-67.7578,-112.53616,0.88241243,0.0,0.5294475,2
-68.26458,-113.10488,0.927944,0.0,0.55676645,2
-68.76995,-113.70187,0.941515,0.0,0.56490904,2
-69.27379,-114.32821,0.9886882,0.0,0.5932129,2
-69.77585,-114.98662,0.99090123,0.0,0.5945408,2
-70.2759,-115.67909,0.9914163,0.0,0.59484977,2
-70.77371,-116.408104,0.99114764,0.0,0.5946886,2
-71.26898,-117.17682,0.990831,0.38768303,0.74957186,2
-71.76148,-117.98732,0.9893253,0.86264867,0.93865466,3
-72.25076,-118.84425,0.9859207,0.9479135,0.97071785,3
-72.73662,-119.74919,0.967706,0.94938475,0.9603776,3
-73.218475,-120.70863,0.9021104,0.8216631,0.86993146,3
-73.69613,-121.72338,0.013608061,0.7556826,0.31043786,1
-74.16877,-122.8023,0.004139282,0.048266087,0.021790003,0
-74.636246,-123.94562,0.0013209501,0.0,0.0007925701,0
-75.09757,-125.16353,0.0010095816,0.0,0.00060574897,0
-75.55246,-126.45729,0.0006282479,0.0,0.00037694877,0
-75.99985,-127.83733,0.0007015246,0.0,0.0004209148,0
-76.43919,-129.30682,0.0006477852,0.0,0.00038867115,0
-76.869385,-130.87589,0.00065112207,0.0,0.00039067326,0
-77.289566,-132.55,0.0006470994,0.0,0.00038825965,0
-77.69855,-134.3382,0.0006381746,0.0,0.00038290478,0
-78.09508,-136.24867,0.00064768025,0.0,0.00038860817,0
-78.477936,-138.2883,0.0006491288,0.0,0.0003894773,0
-78.84533,-140.46791,0.0006555685,0.0,0.00039334112,0
-79.19614,-142.79066,0.0006590994,0.0,0.00039545965,0
-79.52785,-145.2694,0.0006634216,0.0,0.00039805297,0
-79.83958,-147.90144,0.0006573992,0.0,0.00039443953,0
-80.128,-150.69998,0.0006623924,0.0,0.00039743548,0
-80.39265,-153.65454,0.000658128,0.0,0.0003948768,0
-80.62947,-156.77437,0.00065576757,0.0,0.00039346056,0
-80.838326,-160.04158,0.0006532245,0.0,0.0003919347,0
-81.01532,-163.45384,0.0006468219,0.0,0.00038809318,0
-81.1602,-166.98811,0.00064271584,0.0,0.0003856295,0
-81.26992,-170.62776,0.00064296945,0.0,0.0003857817,0
-81.34422,-174.34422,0.0006396851,0.0,0.00038381107,0
-81.38143,-178.10928,0.0006394903,0.0,0.00038369422,0
-81.38143,178.10928,0.00063791673,0.0,0.00038275006,0
-81.34422,174.34422,0.0006377107,0.0,0.00038262643,0
-81.26992,170.62776,0.0006383236,0.0,0.00038299419,0
-81.1602,166.98811,0.00063909334,0.0,0.00038345603,0
-81.01532,163.45384,0.0006393011,0.0,0.00038358066,0
-80.838326,160.04158,0.0006386723,0.0,0.0003832034,0
-80.62947,156.77437,0.0006384109,0.0,0.00038304657,0
-80.39265,153.65454,0.00063809,0.0,0.00038285402,0
-80.128,150.69998,0.0006383984,0.0,0.00038303906,0
-79.83958,147.90144,0.00063816784,0.0,0.00038290073,0
-79.52785,145.2694,0.0006383668,0.0,0.0003830201,0
-79.19614,142.79066,0.00063835375,0.0,0.00038301226,0
-78.84533,140.46791,0.0006383619,0.0,0.00038301715,0
-78.477936,138.2883,0.00063837774,0.0,0.00038302667,0
-78.09508,136.24867,0.0006383729,0.0,0.00038302375,0
-77.69855,134.3382,0.00063837104,0.0,0.00038302265,0
-77.289566,132.55,0.00063837104,0.0,0.00038302265,0
-76.869385,130.87589,0.00063837104,0.0,0.00038302265,0
-76.43919,129.30682,0.00063837104,0.0,0.00038302265,0
-75.99985,127.83733,0.00063837104,0.0,0.00038302265,0
-75.55246,126.45729,0.00063837104,0.0,0.00038302265,0
-75.09757,125.16353,0.00063837104,0.0,0.00038302265,0
-74.636246,123.94562,0.00063837104,0.0,0.00038302265,0
-74.16877,122.8023,0.00063837104,0.0,0.00038302265,0
-73.69613,121.72338,0.00063837104,0.0,0.00038302265,0
-73.218475,120.70863,0.00063837104,0.0,0.00038302265,0
-72.73662,119.74919,0.00063837075,0.0,0.00038302247,0
-72.25076,118.84425,0.00063837925,0.0,0.00038302757,0
-71.76148,117.98732,0.00063837954,0.0,0.00038302774,0
-71.26898,117.17682,0.000637866,0.0,0.0003827196,0
-70.77371,116.408104,0.0006384885,0.0,0.0003830931,0
-70.2759,115.67909,0.0006424666,0.0,0.00038547997,0
-69.77585,114.98662,0.00065226457,0.0,0.00039135877,0
-69.27379,114.32821,0.0006703118,0.0,0.00040218708,0
-68.76995,113.70187,0.0006424341,0.0,0.00038546047,0
-68.26458,113.10488,0.00064267754,0.0,0.00038560655,0
-67.7578,112.53616,0.0007547242,0.0,0.00045283453,0
-67.249855,111.99284,0.0010719498,0.0,0.0006431699,0
-66.74086,111.474525,0.004668392,0.09926651,0.042507637,0
-66.23102,110.97829,0.017221225,0.4002297,0.17042461,0
-65.7204,110.50427,0.835466,0.97206914,0.8901073,3
-65.20921,110.049644,0.86705285,0.9685626,0.9076568,3
-64.69752,109.61457,0.94867754,0.19532454,0.64733636,2
-64.18547,109.19679,0.92327386,0.34796527,0.6931504,2
-63.67316,108.79618,0.9115597,0.37301904,0.6961435,2
-63.160686,108.41109,0.8688692,0.03590708,0.53568435,2
-62.648144,108.04114,0.86762697,0.0,0.5205762,2
-62.135612,107.68518,0.88149863,0.0,0.5288992,2
-61.623184,107.34262,0.77153355,0.0,0.46292016,1
-61.11094,107.0127,0.46307054,0.0,0.27784234,1
-60.598946,106.69468,0.16112684,0.0,0.096676104,0
-60.087276,106.38814,0.0075078765,0.0,0.0045047263,0
-59.57599,106.09217,0.0015969337,0.0,0.00095816026,0
-59.065155,105.80665,0.0009208956,0.0,0.0005525374,0
-58.55482,105.530594,0.00066484767,0.0,0.00039890863,0
-58.045063,105.26407,0.0006376049,0.0,0.00038256295,0
-57.535908,105.00604,0.0006368124,0.0,0.00038208746,0
-57.027435,104.75669,0.0006377958,0.0,0.00038267748,0
-56.51966,104.515076,0.0006361648,0.0,0.0003816989,0
-56.01267,104.28128,0.0006384654,0.0,0.00038307926,0
-55.506466,104.054596,0.000615897,0.0,0.00036953823,0
-55.00112,103.83496,0.00058596674,0.0,0.00035158006,0
-54.49666,103.62188,0.0006016309,0.0,0.00036097853,0
-53.993126,103.41519,0.00078726263,0.0,0.00047235758,0
-53.862896,-104.308655,0.0012575969,0.0,0.0007545582,0
-54.364105,-104.52797,0.0009086667,0.0,0.0005452,0
-54.86618,-104.75399,0.00062122586,0.0,0.00037273552,0
-55.369064,-104.986916,0.00063243276,0.0,0.00037945967,0
-55.87274,-105.22725,0.0006374557,0.0,0.00038247346,0
-56.377132,-105.47507,0.0006379955,0.0,0.0003827973,0
-56.88223,-105.731094,0.0006383699,0.0,0.00038302195,0
-57.38794,-105.995224,0.00063837104,0.0,0.00038302265,0
-57.89425,-106.26848,0.00063837104,0.0,0.00038302265,0
-58.401077,-106.55063,0.00063837104,0.0,0.00038302265,0
-58.908386,-106.84278,0.00063837104,0.05598887,0.022778573,0
-59.4161,-107.14481,0.00063837104,0.9084563,0.36376557,1
-59.924168,-107.457794,0.00063837104,0.4278075,0.17150603,0
-60.43251,-107.78182,0.00063837104,0.0,0.00038302265,0
-60.94107,-108.11784,0.0006384179,0.0,0.00038305076,0
-61.44976,-108.46628,0.00063713203,0.0,0.00038227925,0
-61.958504,-108.827896,0.0006374603,0.0,0.00038247622,0
-62.467224,-109.20345,0.0006284081,0.0,0.00037704487,0
-62.975834,-109.59358,0.00064008875,0.0,0.00038405327,0
-63.484222,-109.999435,0.000708685,0.0,0.00042521104,0
-63.992302,-110.42142,0.00086301635,0.0,0.0005178098,0
-64.499954,-110.86119,0.0011623711,0.0,0.0006974227,0
-65.007095,-111.31888,0.0021500406,0.0,0.0012900244,0
-65.51355,-111.796776,0.028276702,0.0,0.016966023,0
-66.01925,-112.2947,0.41215307,0.0,0.24729185,0
-66.52398,-112.815544,0.6639713,0.0,0.3983828,1
-67.027664,-113.35909,0.75446934,0.0,0.45268163,1
-67.53006,-113.928345,0.8460935,0.0,0.5076561,2
-68.031075,-114.523636,0.88574815,0.0,0.5314489,2
-68.53046,-115.14788,0.90756935,0.0,0.54454166,2
-69.02803,-115.80208,0.9836368,0.0,0.5901821,2
-69.52354,-116.48897,0.9886065,0.0,0.5931639,2
-70.01677,-117.21048,0.99126667,0.0,0.59476,2
-70.50746,-117.96905,0.99124193,0.0,0.59474516,2
-70.9953,-118.76772,0.99111533,0.0,0.5946692,2
-71.48001,-119.60857,0.99110717,0.08830858,0.6299878,2
-71.96117,-120.496025,0.99047965,0.28508505,0.7083218,2
-72.43852,-121.431564,0.986048,0.9486003,0.9710689,3
-72.91147,-122.42146,0.9742488,0.7919416,0.90132594,3
-73.37982,-123.46629,0.90864915,0.9633871,0.9305444,3
-73.84273,-124.574615,0.011270951,0.06743474,0.033736467,0
-74.30003,-125.74632,0.0023575155,0.0,0.0014145094,0
-74.75071,-126.991104,0.001299417,0.0,0.00077965023,0
-75.19449,-128.30978,0.0009457479,0.0,0.00056744873,0
-75.630264,-129.71202,0.0007273351,0.0,0.00043640108,0
-76.05754,-131.20035,0.0006802032,0.0,0.00040812194,0
-76.47514,-132.78384,0.00067995075,0.0,0.00040797048,0
-76.88228,-134.46701,0.0006435985,0.0,0.0003861591,0
-77.27774,-136.25764,0.000666237,0.0,0.00039974225,0
-77.660355,-138.16241,0.00064642995,0.0,0.000387858,0
-78.02893,-140.18672,0.00066716725,0.0,0.00040030037,0
-78.38176,-142.33932,0.0006617182,0.0,0.00039703093,0
-78.717804,-144.6219,0.00068832655,0.0,0.00041299596,0
-79.034706,-147.04459,0.0006748185,0.0,0.00040489112,0
-79.33174,-149.60355,0.0006463471,0.0,0.00038780828,0
-79.605774,-152.30887,0.00061990484,0.0,0.0003719429,0
-79.85655,-155.14986,0.00061084237,0.0,0.00036650544,0
-80.08034,-158.13297,0.00061868544,0.0,0.0003712113,0
-80.2772,-161.24152,0.00063231675,0.0,0.00037939005,0
-80.443634,-164.47232,0.00064270175,0.0,0.00038562107,0
-80.57959,-167.80501,0.0006445088,0.0,0.0003867053,0
-80.68237,-171.22507,0.0006417221,0.0,0.0003850333,0
-80.75189,-174.70844,0.00064894016,0.0,0.0003893641,0
-80.78667,-178.23169,0.00064726034,0.0,0.00038835622,0
-80.78667,178.23169,0.0006471012,0.0,0.00038826073,0
-80.75189,174.70844,0.0006470229,0.0,0.00038821375,0
-80.68237,171.22507,0.00065116736,0.0,0.00039070044,0
-80.57959,167.80501,0.00065227575,0.0,0.00039136547,0
-80.443634,164.47232,0.000653943,0.0,0.00039236582,0
-80.2772,161.24152,0.0006521514,0.0,0.00039129087,0
-80.08034,158.13297,0.0006418515,0.0,0.00038511094,0
-79.85655,155.14986,0.00064063654,0.0,0.00038438194,0
-79.605774,152.30887,0.00063661695,0.0,0.0003819702,0
-79.33174,149.60355,0.00063768483,0.0,0.00038261092,0
-79.034706,147.04459,0.0006377918,0.0,0.00038267512,0
-78.717804,144.6219,0.00063819916,0.0,0.0003829195,0
-78.38176,142.33932,0.0006382585,0.0,0.00038295513,0
-78.02893,140.18672,0.0006383744,0.0,0.00038302466,0
-77.660355,138.16241,0.00063837896,0.0,0.0003830274,0
-77.27774,136.25764,0.00063837104,0.0,0.00038302265,0
-76.88228,134.46701,0.00063837104,0.0,0.00038302265,0
-76.47514,132.78384,0.00063837104,0.0,0.00038302265,0
-76.05754,131.20035,0.00063837104,0.0,0.00038302265,0
-75.630264,129.71202,0.00063837104,0.0,0.00038302265,0
-75.19449,128.30978,0.00063837104,0.0,0.00038302265,0
-74.75071,126.991104,0.00063837104,0.0,0.00038302265,0
-74.30003,125.74632,0.00063837104,0.0,0.00038302265,0
-73.84273,124.574615,0.00063837104,0.0,0.00038302265,0
-73.37982,123.46629,0.00063837104,0.0,0.00038302265,0
-72.91147,122.42146,0.00063837104,0.0,0.00038302265,0
-72.43852,121.431564,0.00063837256,0.0,0.00038302355,0
-71.96117,120.496025,0.0006383945,0.0,0.0003830367,0
-71.48001,119.60857,0.0006382421,0.0,0.0003829453,0
-70.9953,118.76772,0.0006373015,0.0,0.0003823809,0
-70.50746,117.96905,0.00063869177,0.0,0.00038321508,0
-70.01677,117.21048,0.0006437138,0.0,0.0003862283,0
-69.52354,116.48897,0.00066224945,0.0,0.00039734968,0
-69.02803,115.80208,0.0006885946,0.0,0.00041315678,0
-68.53046,115.14788,0.00066775247,0.0,0.0004006515,0
-68.031075,114.523636,0.00068955304,0.0,0.00041373185,0
-67.53006,113.928345,0.0008223558,0.0,0.0004934135,0
-67.027664,113.35909,0.0017540933,0.0,0.0010524561,0
-66.52398,112.815544,0.0034633495,0.0,0.0020780098,0
-66.01925,112.2947,0.023267496,0.041140992,0.030416895,0
-65.51355,111.796776,0.79841,0.84348905,0.81644166,3
-65.007095,111.31888,0.9167586,0.77697283,0.8608444,3
-64.499954,110.86119,0.9700843,0.029313304,0.5937759,2
-63.992302,110.42142,0.94341123,0.0,0.5660468,2
-63.484222,109.999435,0.91854674,0.0,0.5511281,2
-62.975834,109.59358,0.8723396,0.0,0.52340376,2
-62.467224,109.20345,0.8484735,0.0,0.5090841,2
-61.958504,108.827896,0.8609743,0.0,0.51658463,2
-61.44976,108.46628,0.82999074,0.0,0.49799445,1
-60.94107,108.11784,0.61414844,0.0,0.3684891,1
-60.43251,107.78182,0.23309347,0.0,0.13985609,0
-59.924168,107.457794,0.007944481,0.0,0.004766689,0
-59.4161,107.14481,0.0013010864,0.0,0.00078065187,0
-58.908386,106.84278,0.0007867613,0.0,0.0004720568,0
-58.401077,106.55063,0.00063442555,0.0,0.00038065534,0
-57.89425,106.26848,0.00063249096,0.0,0.0003794946,0
-57.38794,105.995224,0.0006360699,0.0,0.00038164196,0
-56.88223,105.731094,0.00063794287,0.0,0.00038276575,0
-56.377132,105.47507,0.00063632673,0.0,0.00038179607,0
-55.87274,105.22725,0.0006384991,0.0,0.00038309948,0
-55.369064,104.986916,0.0006159079,0.0,0.00036954475,0
-54.86618,104.75399,0.0005859673,0.0,0.0003515804,0
-54.364105,104.52797,0.0006016315,0.0,0.00036097888,0
-53.862896,104.308655,0.00078726263,0.0,0.00047235758,0
-53.724796,-105.19525,0.0012575969,0.0,0.0007545582,0
-54.223557,-105.426865,0.0009086667,0.0,0.0005452,0
-54.723114,-105.66552,0.00062122586,0.0,0.00037273552,0
-55.22341,-105.91138,0.00063243276,0.0,0.00037945967,0
-55.72443,-106.165016,0.0006374557,0.0,0.00038247346,0
-56.22608,-106.42645,0.0006379955,0.0,0.0003827973,0
-56.728363,-106.69648,0.0006383699,0.0,0.00038302195,0
-57.23117,-106.97496,0.00063837104,0.0,0.00038302265,0
-57.734497,-107.26297,0.00063837104,0.0,0.00038302265,0
-58.238243,-107.56024,0.00063837104,0.0,0.00038302265,0
-58.742386,-107.86795,0.00063837104,0.0,0.00038302265,0
-59.246826,-108.18594,0.00063837104,0.5236611,0.20984745,0
-59.751514,-108.515335,0.00063837104,0.63767517,0.25545308,1
-60.256374,-108.8562,0.00063837104,0.07136911,0.028930668,0
-60.76133,-109.20955,0.0006384176,0.0,0.0003830506,0
-61.266304,-109.57575,0.0006371384,0.0,0.00038228303,0
-61.771202,-109.95564,0.0006370015,0.0,0.0003822009,0
-62.27595,-110.34997,0.00062689703,0.0,0.00037613822,0
-62.78044,-110.75938,0.00063603994,0.0,0.00038162398,0
-63.28457,-111.18503,0.00066897774,0.0,0.00040138667,0
-63.78824,-111.62732,0.0008362923,0.0,0.0005017754,0
-64.29132,-112.08797,0.0010190265,0.0,0.00061141595,0
-64.79372,-112.56707,0.0019059915,0.0,0.001143595,0
-65.29526,-113.06693,0.014452177,0.0,0.008671307,0
-65.79585,-113.58736,0.25040236,0.0,0.15024142,0
-66.29529,-114.13129,0.5127508,0.0,0.3076505,1
-66.79346,-114.69844,0.7477662,0.0,0.44865975,1
-67.29014,-115.29186,0.8321941,0.0,0.49931648,1
-67.785194,-115.91182,0.9171444,0.0,0.55028665,2
-68.27837,-116.56122,0.9699024,0.0,0.5819415,2
-68.769516,-117.24104,0.9850307,0.0,0.59101844,2
-69.258316,-117.95399,0.99035054,0.0,0.5942103,2
-69.74455,-118.70189,0.99082536,0.0,0.59449524,2
-70.22796,-119.48716,0.99080443,0.0,0.59448266,2
-70.70818,-120.31271,0.9900489,0.0,0.59402937,2
-71.18497,-121.180504,0.9913651,0.0,0.59481907,2
-71.65785,-122.09486,0.9911239,0.018118277,0.6019217,2
-72.12661,-123.05704,0.9901237,0.6152462,0.8401727,3
-72.59055,-124.07313,0.9902863,0.65100175,0.85457253,3
-73.04953,-125.14345,0.9633647,0.936247,0.9525176,3
-73.50265,-126.27618,0.014243272,0.23104699,0.10096476,0
-73.94977,-127.47095,0.067510374,0.253825,0.14203623,0
-74.38982,-128.73688,0.030896105,0.6491753,0.27820778,1
-74.822556,-130.07437,0.0042325296,0.06561957,0.028787347,0
-75.246864,-131.49234,0.002018137,0.0,0.0012108822,0
-75.66223,-132.99274,0.001423605,0.0,0.000854163,0
-76.06752,-134.58363,0.0008358048,0.0,0.0005014829,0
-76.461945,-136.26866,0.00085823756,0.0,0.00051494257,0
-76.84434,-138.05441,0.00063630973,0.0,0.00038178585,0
-77.21354,-139.94635,0.00064188783,0.0,0.0003851327,0
-77.56847,-141.94855,0.0006101418,0.0,0.0003660851,0
-77.90744,-144.06807,0.00064697635,0.0,0.0003881858,0
-78.22957,-146.30534,0.0006923355,0.0,0.0004154013,0
-78.53261,-148.6684,0.0007554981,0.0,0.00045329888,0
-78.81599,-151.15263,0.00064031663,0.0,0.00038419,0
-79.076744,-153.7657,0.0006743682,0.0,0.00040462092,0
-79.314835,-156.49707,0.000623547,0.0,0.00037412823,0
-79.52678,-159.35117,0.00062485103,0.0,0.00037491063,0
-79.71282,-162.31258,0.00064979045,0.0,0.0003898743,0
-79.86979,-165.37775,0.00063449243,0.0,0.00038069548,0
-79.99779,-168.52873,0.0006128843,0.0,0.0003677306,0
-80.09442,-171.75282,0.0006307407,0.0,0.00037844444,0
-80.1597,-175.02962,0.00061715185,0.0,0.00037029112,0
-80.19234,-178.33951,0.00064777816,0.0,0.0003886669,0
-80.19234,178.33951,0.0006519038,0.0,0.0003911423,0
-80.1597,175.02962,0.0006534271,0.0,0.00039205627,0
-80.09442,171.75282,0.0006578198,0.0,0.0003946919,0
-79.99779,168.52873,0.00065032666,0.0,0.00039019602,0
-79.86979,165.37775,0.0006681984,0.0,0.00040091906,0
-79.71282,162.31258,0.0006594059,0.0,0.00039564355,0
-79.52678,159.35117,0.0006540636,0.0,0.00039243817,0
-79.314835,156.49707,0.00063067186,0.0,0.00037840314,0
-79.076744,153.7657,0.0006336911,0.0,0.00038021468,0
-78.81599,151.15263,0.0006334027,0.0,0.00038004166,0
-78.53261,148.6684,0.0006371156,0.0,0.00038226938,0
-78.22957,146.30534,0.00063787994,0.0,0.00038272797,0
-77.90744,144.06807,0.0006381092,0.0,0.00038286555,0
-77.56847,141.94855,0.0006383075,0.0,0.0003829845,0
-77.21354,139.94635,0.00063839176,0.0,0.00038303508,0
-76.84434,138.05441,0.00063837104,0.0,0.00038302265,0
-76.461945,136.26866,0.00063837104,0.0,0.00038302265,0
-76.06752,134.58363,0.00063837104,0.0,0.00038302265,0
-75.66223,132.99274,0.00063837104,0.0,0.00038302265,0
-75.246864,131.49234,0.00063837104,0.0,0.00038302265,0
-74.822556,130.07437,0.00063837104,0.0,0.00038302265,0
-74.38982,128.73688,0.00063837104,0.0,0.00038302265,0
-73.94977,127.47095,0.00063837104,0.0,0.00038302265,0
-73.50265,126.27618,0.00063837104,0.0,0.00038302265,0
-73.04953,125.14345,0.00063837075,0.0,0.00038302247,0
-72.59055,124.07313,0.00063837226,0.0,0.00038302338,0
-72.12661,123.05704,0.00063838385,0.0,0.00038303033,0
-71.65785,122.09486,0.0006383975,0.0,0.00038303854,0
-71.18497,121.180504,0.00063782494,0.0,0.00038269497,0
-70.70818,120.31271,0.00063696835,0.0,0.00038218102,0
-70.22796,119.48716,0.0006392024,0.0,0.00038352146,0
-69.74455,118.70189,0.0006443728,0.0,0.0003866237,0
-69.258316,117.95399,0.0006465843,0.0,0.0003879506,0
-68.769516,117.24104,0.0006919611,0.0,0.00041517668,0
-68.27837,116.56122,0.0006794753,0.0,0.0004076852,0
-67.785194,115.91182,0.00087375304,0.0,0.00052425184,0
-67.29014,115.29186,0.0010938315,0.0,0.00065629894,0
-66.79346,114.69844,0.0038153732,0.020538073,0.0105044525,0
-66.29529,114.13129,0.04604003,0.014611857,0.03346876,0
-65.79585,113.58736,0.80743974,0.29904658,0.6040825,2
-65.29526,113.06693,0.7971897,0.9864036,0.8728753,3
-64.79372,112.56707,0.93875295,0.9146722,0.92912066,3
-64.29132,112.08797,0.9691656,0.06682393,0.608229,2
-63.78824,111.62732,0.9545847,0.0,0.57275087,2
-63.28457,111.18503,0.9105774,0.0,0.5463465,2
-62.78044,110.75938,0.8624202,0.0,0.5174521,2
-62.27595,110.34997,0.826571,0.0,0.49594262,1
-61.771202,109.95564,0.8485989,0.0,0.5091594,2
-61.266304,109.57575,0.8373422,0.0,0.50240535,2
-60.76133,109.20955,0.5762894,0.0,0.34577367,1
-60.256374,108.8562,0.04320045,0.0,0.02592027,0
-59.751514,108.515335,0.0047275657,0.0,0.0028365394,0
-59.246826,108.18594,0.0013120152,0.0,0.0007872092,0
-58.742386,107.86795,0.0008540709,0.0,0.00051244255,0
-58.238243,107.56024,0.0006466428,0.0,0.0003879857,0
-57.734497,107.26297,0.00063166325,0.0,0.00037899797,0
-57.23117,106.97496,0.0006368989,0.0,0.00038213938,0
-56.728363,106.69648,0.0006377037,0.0,0.00038262224,0
-56.22608,106.42645,0.00063635036,0.0,0.00038181024,0
-55.72443,106.165016,0.0006385086,0.0,0.00038310516,0
-55.22341,105.91138,0.0006159105,0.0,0.00036954632,0
-54.723114,105.66552,0.0005859673,0.0,0.0003515804,0
-54.223557,105.426865,0.0006016315,0.0,0.00036097888,0
-53.724796,105.19525,0.00078726263,0.0,0.00047235758,0
-53.578545,-106.07427,0.0012575969,0.0,0.0007545582,0
-54.074726,-106.317856,0.0009086667,0.0,0.0005452,0
-54.571644,-106.56879,0.00062122586,0.0,0.00037273552,0
-55.06923,-106.827225,0.00063243276,0.0,0.00037945967,0
-55.56745,-107.09375,0.0006374557,0.0,0.00038247346,0
-56.066235,-107.36838,0.0006379955,0.0,0.0003827973,0
-56.56556,-107.65196,0.0006383699,0.0,0.00038302195,0
-57.06533,-107.944336,0.00063837104,0.0,0.00038302265,0
-57.565525,-108.24659,0.00063837104,0.0,0.00038302265,0
-58.06605,-108.55847,0.00063837104,0.0,0.00038302265,0
-58.566864,-108.881165,0.00063837104,0.0,0.00038302265,0
-59.067886,-109.214516,0.00063837104,0.16015063,0.064443275,0
-59.569046,-109.55966,0.00063837104,0.8555058,0.34258536,1
-60.070263,-109.91669,0.00063837104,0.75836265,0.30372807,1
-60.57146,-110.28661,0.00063841516,0.10085007,0.040723078,0
-61.07255,-110.66981,0.0006370871,0.0,0.00038225227,0
-61.57345,-111.06713,0.00063693256,0.0,0.00038215955,0
-62.074047,-111.479324,0.0006268988,0.0,0.00037613927,0
-62.57426,-111.907036,0.0006253947,0.0,0.00037523682,0
-63.073956,-112.35145,0.0006366343,0.0,0.0003819806,0
-63.573044,-112.81297,0.000915087,0.0,0.0005490522,0
-64.07139,-113.293304,0.0013903261,0.0,0.0008341957,0
-64.56887,-113.79253,0.005872115,0.0,0.0035232692,0
-65.065315,-114.313,0.02541501,0.0,0.015249007,0
-65.56064,-114.85446,0.20925856,0.0,0.12555514,0
-66.05458,-115.419876,0.52005494,0.0,0.31203297,1
-66.54708,-116.00894,0.77989876,0.0,0.4679393,1
-67.037865,-116.62467,0.84491885,0.0,0.50695133,2
-67.52681,-117.26731,0.92197955,0.0,0.5531877,2
-68.013626,-117.93976,0.9838254,0.0,0.59029526,2
-68.49814,-118.64291,0.989179,0.0,0.5935074,2
-68.98008,-119.3794,0.9902726,0.0,0.5941636,2
-69.459175,-120.151024,0.99027514,0.0,0.5941651,2
-69.93515,-120.960075,0.9894265,0.0,0.59365594,2
-70.407646,-121.80939,0.98934305,0.0,0.5936059,2
-70.876396,-122.70076,0.9908097,0.0,0.5944858,2
-71.34091,-123.63837,0.9913004,0.0,0.59478027,2
-71.800964,-124.6233,0.9909133,0.24930637,0.69427055,2
-72.25586,-125.66137,0.98906416,0.90304124,0.95465505,3
-72.705444,-126.752686,0.8876138,0.9912595,0.9290721,3
-73.14877,-127.905045,0.7226571,0.9072883,0.7965096,3
-73.585754,-129.11777,0.85857785,0.8561851,0.8576208,3
-74.015274,-130.39941,0.8802592,0.9889177,0.9237226,3
-74.4371,-131.75003,0.0615622,0.14521633,0.095023856,0
-74.85012,-133.17781,0.012956817,0.020446429,0.015952662,0
-75.25385,-134.6841,0.0040827887,0.0,0.0024496734,0
-75.64714,-136.2761,0.0029653076,0.0,0.0017791846,0
-76.02925,-137.95667,0.0015667509,0.0,0.0009400506,0
-76.39904,-139.73134,0.0011064959,0.0,0.00066389755,0
-76.75541,-141.60449,0.0006673765,0.0,0.00040042592,0
-77.09733,-143.57915,0.00063110597,0.0,0.0003786636,0
-77.42323,-145.66096,0.00067376916,0.0,0.00040426152,0
-77.732285,-147.84943,0.0010344348,0.0,0.0006206609,0
-78.0224,-150.15085,0.000992728,0.0,0.00059563684,0
-78.293106,-152.56018,0.001144499,0.0,0.00068669947,0
-78.54168,-155.08325,0.00084747124,0.0,0.00050848274,0
-78.76817,-157.7099,0.0007552433,0.0,0.000453146,0
-78.96936,-160.4431,0.0007876705,0.0,0.00047260232,0
-79.14567,-163.26878,0.0008123806,0.0,0.00048742836,0
-79.29414,-166.18323,0.0009285083,0.0,0.000557105,0
-79.41505,-169.1706,0.0009196023,0.0,0.0005517614,0
-79.50621,-172.21979,0.00067943416,0.0,0.00040766053,0
-79.56774,-175.31332,0.0006569436,0.0,0.00039416619,0
-79.59849,-178.4347,0.00064057426,0.0,0.00038434457,0
-79.59849,178.4347,0.0006440839,0.0,0.00038645035,0
-79.56774,175.31332,0.0006248799,0.0,0.00037492797,0
-79.50621,172.21979,0.0006323399,0.0,0.00037940397,0
-79.41505,169.1706,0.00063179596,0.0,0.0003790776,0
-79.29414,166.18323,0.0006707982,0.0,0.00040247894,0
-79.14567,163.26878,0.00074624724,0.0,0.00044774837,0
-78.96936,160.4431,0.00065984816,0.0,0.00039590892,0
-78.76817,157.7099,0.0006683382,0.0,0.00040100294,0
-78.54168,155.08325,0.000633608,0.0,0.00038016483,0
-78.293106,152.56018,0.0006328259,0.0,0.00037969556,0
-78.0224,150.15085,0.00063554273,0.0,0.00038132566,0
-77.732285,147.84943,0.00063746667,0.0,0.00038248,0
-77.42323,145.66096,0.00063799944,0.0,0.00038279968,0
-77.09733,143.57915,0.00063819165,0.0,0.000382915,0
-76.75541,141.60449,0.00063840934,0.0,0.0003830456,0
-76.39904,139.73134,0.00063837104,0.0,0.00038302265,0
-76.02925,137.95667,0.00063837104,0.0,0.00038302265,0
-75.64714,136.2761,0.00063837104,0.0,0.00038302265,0
-75.25385,134.6841,0.00063837104,0.0,0.00038302265,0
-74.85012,133.17781,0.00063837104,0.0,0.00038302265,0
-74.4371,131.75003,0.00063837104,0.0,0.00038302265,0
-74.015274,130.39941,0.00063837104,0.0,0.00038302265,0
-73.585754,129.11777,0.00063837104,0.0,0.00038302265,0
-73.14877,127.905045,0.00063837104,0.0,0.00038302265,0
-72.705444,126.752686,0.00063837256,0.0,0.00038302355,0
-72.25586,125.66137,0.00063838356,0.0,0.00038303016,0
-71.800964,124.6233,0.0006383744,0.0,0.00038302466,0
-71.34091,123.63837,0.000638208,0.0,0.00038292483,0
-70.876396,122.70076,0.00063713995,0.0,0.000382284,0
-70.407646,121.80939,0.0006375551,0.0,0.00038253306,0
-69.93515,120.960075,0.0006397759,0.0,0.00038386555,0
-69.459175,120.151024,0.0006480683,0.0,0.000388841,0
-68.98008,119.3794,0.00062730344,0.0,0.0003763821,0
-68.49814,118.64291,0.00068890414,0.0,0.0004133425,0
-68.013626,117.93976,0.000985274,0.0,0.0005911644,0
-67.52681,117.26731,0.0032222222,0.0,0.0019333333,0
-67.037865,116.62467,0.018393476,0.05227824,0.03194738,0
-66.54708,116.00894,0.037447736,0.7533475,0.32380766,1
-66.05458,115.419876,0.94778866,0.3626972,0.7137521,2
-65.56064,114.85446,0.8964724,0.7305357,0.83009773,3
-65.065315,114.313,0.8863593,0.998468,0.93120277,3
-64.56887,113.79253,0.9564953,0.963031,0.95910954,3
-64.07139,113.293304,0.95397854,0.08793984,0.6075631,2
-63.573044,112.81297,0.9496599,0.0,0.56979597,2
-63.073956,112.35145,0.9042312,0.0,0.54253876,2
-62.57426,111.907036,0.8139167,0.0,0.48835003,1
-62.074047,111.479324,0.7765651,0.0,0.46593907,1
-61.57345,111.06713,0.83108944,0.0,0.49865368,1
-61.07255,110.66981,0.798014,0.0,0.4788084,1
-60.57146,110.28661,0.45627913,0.0,0.2737675,1
-60.070263,109.91669,0.12847406,0.0,0.07708444,0
-59.569046,109.55966,0.009067514,0.0,0.0054405085,0
-59.067886,109.214516,0.002194424,0.0,0.0013166544,0
-58.566864,108.881165,0.001099253,0.0,0.0006595518,0
-58.06605,108.55847,0.00071429036,0.0,0.00042857425,0
-57.565525,108.24659,0.000630585,0.0,0.00037835102,0
-57.06533,107.944336,0.0006369505,0.0,0.0003821703,0
-56.56556,107.65196,0.0006378976,0.0,0.00038273857,0
-56.066235,107.36838,0.0006363562,0.0,0.00038181373,0
-55.56745,107.09375,0.0006385122,0.0,0.00038310734,0
-55.06923,106.827225,0.00061591144,0.0,0.00036954688,0
-54.571644,106.56879,0.00058596703,0.0,0.00035158024,0
-54.074726,106.317856,0.0006016315,0.0,0.00036097888,0
-53.578545,106.07427,0.00078726263,0.0,0.00047235758,0
-53.424557,-106.945694,0.0012575969,0.0,0.0007545582,0
-53.91806,-107.20092,0.0009086667,0.0,0.0005452,0
-54.412212,-107.46376,0.00062122586,0.0,0.00037273552,0
-54.90696,-107.734406,0.00063243276,0.0,0.00037945967,0
-55.402267,-108.01343,0.0006374557,0.0,0.00038247346,0
-55.89806,-108.30086,0.0006379955,0.0,0.0003827973,0
-56.394302,-108.59754,0.0006383699,0.0,0.00038302195,0
-56.890907,-108.90333,0.00063837104,0.0,0.00038302265,0
-57.38784,-109.21934,0.00063837104,0.0,0.00038302265,0
-57.885014,-109.54529,0.00063837104,0.0,0.00038302265,0
-58.38237,-109.8824,0.00063837104,0.0,0.00038302265,0
-58.87983,-110.23053,0.00063837104,0.0,0.00038302265,0
-59.37732,-110.5908,0.00063837104,0.40710217,0.16322389,0
-59.874756,-110.96331,0.00063837104,0.9981688,0.39965054,1
-60.372055,-111.34909,0.0006384115,0.2969669,0.11916982,0
-60.869125,-111.74851,0.0006370819,0.0,0.00038224916,0
-61.365864,-112.162445,0.000637187,0.0,0.0003823122,0
-61.862175,-112.59163,0.0006242522,0.0,0.00037455134,0
-62.357956,-113.03673,0.0006096921,0.0,0.0003658153,0
-62.853073,-113.49892,0.00062727655,0.0,0.00037636593,0
-63.34744,-113.97858,0.0008572037,0.0,0.00051432225,0
-63.840874,-114.477455,0.0014692113,0.0,0.0008815268,0
-64.3333,-114.995575,0.0195024,0.0,0.01170144,0
-64.8245,-115.53535,0.2938193,0.0,0.17629158,0
-65.31439,-116.096436,0.57920325,0.0,0.34752196,1
-65.80272,-116.68182,0.6983787,0.0,0.41902724,1
-66.28939,-117.291176,0.7939436,0.0,0.47636616,1
-66.77413,-117.92749,0.86113137,0.0,0.51667887,2
-67.25681,-118.59095,0.9203324,0.0,0.5521994,2
-67.73714,-119.28442,0.98176414,0.0,0.5890585,2
-68.21492,-120.008705,0.9881422,0.0,0.5928853,2
-68.689865,-120.76645,0.989326,0.0,0.5935956,2
-69.16171,-121.559296,0.9909396,0.0,0.5945638,2
-69.63015,-122.389465,0.9912572,0.0,0.59475434,2
-70.09483,-123.259674,0.9886413,0.0,0.5931848,2
-70.55548,-124.17155,0.9897501,0.0,0.5938501,2
-71.011566,-125.129135,0.99126524,0.0,0.59475917,2
-71.46289,-126.133316,0.9914135,0.014295193,0.60056615,2
-71.90872,-127.189606,0.9904523,0.37525684,0.74437416,2
-72.34892,-128.29796,0.9774445,0.91020083,0.9505471,3
-72.78252,-129.4657,0.9495448,0.7785848,0.8811608,3
-73.20944,-130.69196,0.9765514,0.7959181,0.9042981,3
-73.628555,-131.9847,0.9499157,0.9965256,0.9685597,3
-74.03966,-133.34363,0.76839525,0.7148504,0.7469773,2
-74.441605,-134.77618,0.55606335,0.80186075,0.65438235,2
-74.83397,-136.28333,0.045415867,0.37235922,0.17619321,0
-75.2156,-137.87134,0.12996891,0.17772812,0.1490726,0
-75.58581,-139.54245,0.021174723,0.0,0.012704834,0
-75.94348,-141.30124,0.0030769738,0.0,0.0018461844,0
-76.28757,-143.15121,0.0015336777,0.0,0.00092020666,0
-76.61711,-145.09445,0.0008005195,0.0,0.00048031172,0
-76.93063,-147.1355,0.0009116456,0.0,0.0005469874,0
-77.2274,-149.27307,0.0026232342,0.0,0.0015739406,0
-77.505424,-151.5122,0.016340112,0.0,0.009804068,0
-77.76438,-153.84756,0.0038076204,0.020319689,0.010412448,0
-78.00168,-156.28362,0.0040118727,0.0,0.0024071238,0
-78.217514,-158.81061,0.02211427,0.0,0.013268562,0
-78.408905,-161.43057,0.030297259,0.0,0.018178357,0
-78.57634,-164.13063,0.033387896,0.0,0.020032737,0
-78.71715,-166.9071,0.019216623,0.0,0.011529975,0
-78.831665,-169.746,0.0028795376,0.0,0.0017277227,0
-78.91791,-172.63759,0.0013302547,0.0,0.0007981529,0
-78.97608,-175.56685,0.0008088467,0.0,0.00048530803,0
-79.00515,-178.51965,0.0008405849,0.0,0.000504351,0
-79.00515,178.51965,0.00096151745,0.0,0.0005769105,0
-78.97608,175.56685,0.0008380513,0.0,0.00050283084,0
-78.91791,172.63759,0.00067717064,0.0,0.0004063024,0
-78.831665,169.746,0.00066590606,0.0,0.00039954364,0
-78.71715,166.9071,0.00094395375,0.0,0.0005663723,0
-78.57634,164.13063,0.00097629457,0.0,0.00058577675,0
-78.408905,161.43057,0.0012036844,0.0,0.0007222106,0
-78.217514,158.81061,0.00078152213,0.0,0.0004689133,0
-78.00168,156.28362,0.0007442126,0.0,0.00044652759,0
-77.76438,153.84756,0.00063601235,0.0,0.00038160742,0
-77.505424,151.5122,0.0006405602,0.0,0.00038433613,0
-77.2274,149.27307,0.0006386826,0.0,0.00038320958,0
-76.93063,147.1355,0.0006374509,0.0,0.00038247055,0
-76.61711,145.09445,0.0006380666,0.0,0.00038284,0
-76.28757,143.15121,0.0006384298,0.0,0.0003830579,0
-75.94348,141.30124,0.00063837104,0.0,0.00038302265,0
-75.58581,139.54245,0.00063837104,0.0,0.00038302265,0
-75.2156,137.87134,0.00063837104,0.0,0.00038302265,0
-74.83397,136.28333,0.00063837104,0.0,0.00038302265,0
-74.441605,134.77618,0.00063837104,0.0,0.00038302265,0
-74.03966,133.34363,0.00063837104,0.0,0.00038302265,0
-73.628555,131.9847,0.00063837104,0.0,0.00038302265,0
-73.20944,130.69196,0.00063837104,0.0,0.00038302265,0
-72.78252,129.4657,0.00063837104,0.0,0.00038302265,0
-72.34892,128.29796,0.00063837745,0.0,0.0003830265,0
-71.90872,127.189606,0.00063835894,0.0,0.00038301537,0
-71.46289,126.133316,0.00063815113,0.0,0.0003828907,0
-71.011566,125.129135,0.0006377918,0.0,0.00038267512,0
-70.55548,124.17155,0.00063707976,0.0,0.00038224788,0
-70.09483,123.259674,0.00063989847,0.0,0.0003839391,0
-69.63015,122.389465,0.0006428892,0.0,0.00038573353,0
-69.16171,121.559296,0.00064699084,0.0,0.00038819452,0
-68.689865,120.76645,0.0006091433,0.0,0.000365486,0
-68.21492,120.008705,0.00072486786,0.0,0.00043492074,0
-67.73714,119.28442,0.0016465645,0.0,0.0009879387,0
-67.25681,118.59095,0.013247432,0.013073553,0.013177881,0
-66.77413,117.92749,0.7450896,0.47596198,0.63743854,2
-66.28939,117.291176,0.94123495,0.99989694,0.9646998,3
-65.80272,116.68182,0.9794773,0.9278374,0.9588214,3
-65.31439,116.096436,0.93642515,0.823506,0.8912575,3
-64.8245,115.53535,0.94007605,0.99101067,0.96044993,3
-64.3333,114.995575,0.9626706,0.68300796,0.8508056,3
-63.840874,114.477455,0.9425093,0.020868009,0.57385284,2
-63.34744,113.97858,0.9187136,0.0,0.5512282,2
-62.853073,113.49892,0.89629674,0.0,0.5377781,2
-62.357956,113.03673,0.84937996,0.0,0.509628,2
-61.862175,112.59163,0.7770048,0.0,0.46620288,1
-61.365864,112.162445,0.8367909,0.0,0.5020746,2
-60.869125,111.74851,0.8166938,0.0,0.49001628,1
-60.372055,111.34909,0.7034871,0.0,0.4220923,1
-59.874756,110.96331,0.554372,0.0,0.3326232,1
-59.37732,110.5908,0.121909395,0.0,0.07314564,0
-58.87983,110.23053,0.004492571,0.0,0.0026955428,0
-58.38237,109.8824,0.0013399374,0.0,0.0008039625,0
-57.885014,109.54529,0.000723729,0.0,0.00043423745,0
-57.38784,109.21934,0.0006426191,0.0,0.00038557147,0
-56.890907,108.90333,0.00063615426,0.0,0.00038169257,0
-56.394302,108.59754,0.00063832116,0.0,0.0003829927,0
-55.89806,108.30086,0.0006363616,0.0,0.00038181696,0
-55.402267,108.01343,0.00063850975,0.0,0.00038310586,0
-54.90696,107.734406,0.00061591144,0.0,0.00036954688,0
-54.412212,107.46376,0.00058596703,0.0,0.00035158024,0
-53.91806,107.20092,0.0006016315,0.0,0.00036097888,0
-53.424557,106.945694,0.00078726263,0.0,0.00047235758,0
-53.262897,-107.809135,0.0012575969,0.0,0.0007545582,0
-53.753597,-108.07566,0.0009086667,0.0,0.0005452,0
-54.244877,-108.350075,0.00062122586,0.0,0.00037273552,0
-54.736675,-108.63252,0.00063243276,0.0,0.00037945967,0
-55.228947,-108.92363,0.0006374557,0.0,0.00038247346,0
-55.72163,-109.223434,0.0006379955,0.0,0.0003827973,0
-56.214672,-109.53278,0.0006383699,0.0,0.00038302195,0
-56.707985,-109.8515,0.00063837104,0.0,0.00038302265,0
-57.20153,-110.180756,0.00063837104,0.0,0.00038302265,0
-57.695225,-110.52023,0.00063837104,0.0,0.00038302265,0
-58.189003,-110.8712,0.00063837104,0.0,0.00038302265,0
-58.68277,-111.23348,0.00063837104,0.02447312,0.01017227,0
-59.17646,-111.60824,0.00063837104,0.44269705,0.17746185,0
-59.669983,-111.99555,0.00063837104,0.905875,0.36273304,1
-60.163242,-112.396454,0.00063840667,0.060830247,0.024715142,0
-60.65616,-112.811325,0.00063725194,0.0,0.0003823512,0
-61.148613,-113.24104,0.0006374764,0.0,0.00038248586,0
-61.640495,-113.68633,0.00062615395,0.0,0.00037569238,0
-62.13171,-114.147865,0.00061592343,0.0,0.00036955407,0
-62.622112,-114.62682,0.0006420329,0.0,0.00038521976,0
-63.111607,-115.12356,0.000849873,0.0,0.00050992385,0
-63.60001,-115.63982,0.0014881699,0.0,0.00089290197,0
-64.087234,-116.17564,0.005015985,0.0,0.0030095913,0
-64.57305,-116.73337,0.18578307,0.0,0.11146985,0
-65.057396,-117.31269,0.60455585,0.0,0.3627335,1
-65.53996,-117.91657,0.74737495,0.0,0.448425,1
-66.0207,-118.5446,0.78796124,0.0,0.47277677,1
-66.49927,-119.19976,0.8674126,0.0,0.5204476,2
-66.97557,-119.8822,0.8990824,0.0,0.53944945,2
-67.449295,-120.59471,0.9681331,0.0,0.58087987,2
-67.92023,-121.33808,0.9856399,0.0,0.591384,2
-68.38809,-122.114784,0.98808587,0.0,0.5928515,2
-68.85259,-122.92647,0.98972905,0.0,0.59383744,2
-69.313446,-123.77518,0.99033195,0.0,0.5941992,2
-69.77025,-124.66351,0.9884774,0.0,0.5930865,2
-70.22274,-125.59301,0.98780674,0.0,0.5926841,2
-70.670395,-126.567444,0.9882653,0.0,0.59295917,2
-71.11298,-127.58757,0.98802406,0.0,0.59281445,2
-71.54978,-128.65862,0.98974574,0.043124277,0.61109716,2
-71.98065,-129.78033,0.9895482,0.23770875,0.68881243,2
-72.4046,-130.95963,0.98761535,0.88245666,0.9455519,3
-72.82158,-132.19539,0.98656845,0.98916763,0.9876082,3
-73.230446,-133.49504,0.9823376,0.98607683,0.9838333,3
-73.63103,-134.858,0.959981,0.9853581,0.9701319,3
-74.02217,-136.29105,0.9444466,0.9824982,0.95966727,3
-74.40348,-137.79463,0.93039954,0.9409236,0.9346092,3
-74.77383,-139.3744,0.949039,0.5436027,0.7868645,3
-75.132545,-141.0319,0.8167529,0.06973621,0.51794624,2
-75.478584,-142.77098,0.026862517,0.0,0.016117511,0
-75.81097,-144.59433,0.021677908,0.044291835,0.030723479,0
-76.12876,-146.50333,0.019000953,0.0,0.011400572,0
-76.43058,-148.50153,0.034798343,0.0,0.020879006,0
-76.715805,-150.58722,0.07161237,0.0,0.042967424,0
-76.98254,-152.7643,0.72781646,0.1714591,0.5052735,2
-77.230545,-155.02734,0.036250137,0.83615065,0.35621035,1
-77.45743,-157.37973,0.0359146,0.1136621,0.0670136,0
-77.663475,-159.81236,0.66703594,0.0,0.4002216,1
-77.84589,-162.32642,0.7501149,0.0,0.45006898,1
-78.00525,-164.91022,0.77859014,0.0,0.46715412,1
-78.139084,-167.56023,0.585249,0.0,0.3511494,1
-78.24782,-170.26404,0.040213365,0.0,0.02412802,0
-78.32964,-173.01312,0.02218565,0.075379,0.04346299,0
-78.3848,-175.79446,0.025858853,0.0,0.015515313,0
-78.41233,-178.5959,0.026062954,0.0,0.015637774,0
-78.41233,178.5959,0.0074569127,0.0,0.0044741477,0
-78.3848,175.79446,0.0020330246,0.0,0.0012198148,0
-78.32964,173.01312,0.001105653,0.0,0.00066339184,0
-78.24782,170.26404,0.0009761168,0.0,0.0005856701,0
-78.139084,167.56023,0.0019434283,0.0,0.0011660571,0
-78.00525,164.91022,0.015038038,0.0,0.009022823,0
-77.84589,162.32642,0.0070058214,0.0,0.0042034932,0
-77.663475,159.81236,0.0019581413,0.0,0.0011748848,0
-77.45743,157.37973,0.001042175,0.0,0.000625305,0
-77.230545,155.02734,0.00069335464,0.0,0.0004160128,0
-76.98254,152.7643,0.00062451494,0.0,0.000374709,0
-76.715805,150.58722,0.00064530596,0.0,0.0003871836,0
-76.43058,148.50153,0.00063729024,0.0,0.00038237416,0
-76.12876,146.50333,0.0006378474,0.0,0.00038270847,0
-75.81097,144.59433,0.00063844956,0.0,0.00038306977,0
-75.478584,142.77098,0.00063837104,0.0,0.00038302265,0
-75.132545,141.0319,0.00063837104,0.0,0.00038302265,0
-74.77383,139.3744,0.00063837104,0.0,0.00038302265,0
-74.40348,137.79463,0.00063837104,0.0,0.00038302265,0
-74.02217,136.29105,0.00063837104,0.0,0.00038302265,0
-73.63103,134.858,0.00063837104,0.0,0.00038302265,0
-73.230446,133.49504,0.00063837104,0.0,0.00038302265,0
-72.82158,132.19539,0.00063837104,0.0,0.00038302265,0
-72.4046,130.95963,0.00063837075,0.0,0.00038302247,0
-71.98065,129.78033,0.00063838746,0.0,0.0003830325,0
-71.54978,128.65862,0.00063826365,0.0,0.0003829582,0
-71.11298,127.58757,0.00063820434,0.0,0.00038292262,0
-70.670395,126.567444,0.0006394129,0.0,0.00038364777,0
-70.22274,125.59301,0.00064298604,0.0,0.00038579165,0
-69.77025,124.66351,0.00064987905,0.0,0.00038992745,0
-69.313446,123.77518,0.00065348257,0.0,0.00039208957,0
-68.85259,122.92647,0.0006416221,0.0,0.00038497327,0
-68.38809,122.114784,0.0006254686,0.0,0.00037528118,0
-67.92023,121.33808,0.0009739492,0.0,0.0005843695,0
-67.449295,120.59471,0.0036768753,0.0,0.0022061253,0
-66.97557,119.8822,0.038938884,0.25258574,0.12439763,0
-66.49927,119.19976,0.8976315,0.9723075,0.9275019,3
-66.0207,118.5446,0.9597462,0.5030234,0.7770571,3
-65.53996,117.91657,0.9815338,0.8725545,0.9379421,3
-65.057396,117.31269,0.97490567,0.99100226,0.98134434,3
-64.57305,116.73337,0.96932834,0.5921542,0.81845874,3
-64.087234,116.17564,0.96374744,0.16734917,0.64518815,2
-63.60001,115.63982,0.93334097,0.0,0.5600046,2
-63.111607,115.12356,0.8984788,0.0,0.5390873,2
-62.622112,114.62682,0.88431644,0.0,0.5305899,2
-62.13171,114.147865,0.8643808,0.0,0.5186285,2
-61.640495,113.68633,0.8425505,0.0,0.50553036,2
-61.148613,113.24104,0.8184206,0.0,0.49105236,1
-60.65616,112.811325,0.8271317,0.0,0.49627903,1
-60.163242,112.396454,0.7722658,0.0,0.4633595,1
-59.669983,111.99555,0.54417384,0.0,0.32650432,1
-59.17646,111.60824,0.052838467,0.0,0.03170308,0
-58.68277,111.23348,0.0033368166,0.0,0.00200209,0
-58.189003,110.8712,0.0010533831,0.0,0.0006320299,0
-57.695225,110.52023,0.00072384835,0.0,0.00043430904,0
-57.20153,110.180756,0.0006422504,0.0,0.00038535026,0
-56.707985,109.8515,0.0006361782,0.0,0.00038170692,0
-56.214672,109.53278,0.00063856127,0.0,0.00038313676,0
-55.72163,109.223434,0.0006364053,0.0,0.00038184322,0
-55.228947,108.92363,0.0006385083,0.0,0.00038310498,0
-54.736675,108.63252,0.00061591144,0.0,0.00036954688,0
-54.244877,108.350075,0.00058596703,0.0,0.00035158024,0
-53.753597,108.07566,0.0006016315,0.0,0.00036097888,0
-53.262897,107.809135,0.00078726263,0.0,0.00047235758,0
-53.09355,-108.66417,0.0012575969,0.0,0.0007545582,0
-53.581345,-108.94164,0.0009086667,0.0,0.0005452,0
-54.06964,-109.22723,0.00062122586,0.0,0.00037273552,0
-54.558376,-109.52111,0.00063243276,0.0,0.00037945967,0
-55.04751,-109.8239,0.0006374557,0.0,0.00038247346,0
-55.536957,-110.13562,0.0006379955,0.0,0.0003827973,0
-56.02668,-110.45715,0.0006383699,0.0,0.00038302195,0
-56.51659,-110.78831,0.00063837104,0.0,0.00038302265,0
-57.006634,-111.13028,0.00063837104,0.0,0.00038302265,0
-57.496727,-111.48274,0.00063837104,0.0,0.00038302265,0
-57.98679,-111.84697,0.00063837104,0.06549964,0.02658288,0
-58.476753,-112.22278,0.00063837104,0.6011774,0.24085398,0
-58.96652,-112.61134,0.00063837104,0.94069666,0.3766617,1
-59.45601,-113.01275,0.00063837104,0.65704244,0.2632,1
-59.945114,-113.428024,0.0006383997,0.015942236,0.0067599346,0
-60.43374,-113.85757,0.0006375481,0.0,0.00038252887,0
-60.921776,-114.302216,0.0006380502,0.0,0.00038283013,0
-61.409107,-114.762726,0.0006293254,0.0,0.00037759525,0
-61.89563,-115.23972,0.00063075696,0.0,0.0003784542,0
-62.381195,-115.73442,0.0006462818,0.0,0.0003877691,0
-62.865692,-116.24716,0.00083898165,0.0,0.000503389,0
-63.34894,-116.77966,0.0014415111,0.0,0.0008649067,0
-63.83085,-117.331924,0.019186374,0.0,0.011511825,0
-64.311165,-117.90633,0.20847079,0.0,0.12508248,0
-64.78983,-118.50248,0.561509,0.0,0.33690542,1
-65.26653,-119.12333,0.6875891,0.0,0.4125535,1
-65.74121,-119.76844,0.72041833,0.0,0.432251,1
-66.21351,-120.440765,0.8583045,0.0,0.5149827,2
-66.68335,-121.14038,0.9111627,0.0,0.5466976,2
-67.15037,-121.87001,0.9607497,0.0,0.5764498,2
-67.6144,-122.63037,0.9787233,0.0,0.587234,2
-68.075096,-123.42389,0.9880056,0.0,0.59280336,2
-68.5322,-124.25205,0.99048495,0.0,0.594291,2
-68.98541,-125.11684,0.99050564,0.0,0.5943034,2
-69.43431,-126.0207,0.9908959,0.0,0.59453756,2
-69.87865,-126.96501,0.9908704,0.0,0.5945223,2
-70.31786,-127.953384,0.9888526,0.0,0.5933116,2
-70.75176,-128.98636,0.9884892,0.0,0.5930936,2
-71.17958,-130.06891,0.9849726,0.0,0.59098357,2
-71.60121,-131.20062,0.98545545,0.0,0.5912733,2
-72.01565,-132.38794,0.9853866,0.30472153,0.71312064,2
-72.422844,-133.6296,0.99004,0.9077869,0.9571388,3
-72.821655,-134.93243,0.98931843,0.9787835,0.9851045,3
-73.21196,-136.29564,0.9881643,0.29355222,0.7103195,2
-73.592575,-137.72539,0.98690134,0.2428707,0.68928915,2
-73.96316,-139.22174,0.98201925,0.65203255,0.8500246,3
-74.3226,-140.78963,0.9793265,0.9484041,0.96695757,3
-74.67029,-142.43018,0.9731011,0.72508246,0.8738937,3
-75.0052,-144.14648,0.9183654,0.6308067,0.8033419,3
-75.3264,-145.94064,0.90341175,0.95100963,0.9224509,3
-75.63306,-147.81345,0.8214612,0.57373166,0.72236943,2
-75.92386,-149.76764,0.9467922,0.047038056,0.5868906,2
-76.19823,-151.8012,0.92759436,0.0,0.55655664,2
-76.45441,-153.91708,0.9498674,0.10961281,0.6137656,2
-76.69226,-156.11,0.9335592,0.55358547,0.7815697,3
-76.909515,-158.38248,0.82659334,0.03929169,0.51167274,2
-77.10652,-160.72595,0.9282131,0.0,0.5569279,2
-77.28071,-163.14113,0.89023566,0.0,0.5341414,2
-77.43271,-165.6174,0.8638522,0.0,0.5183113,2
-77.56021,-168.15137,0.8504073,0.0,0.5102444,2
-77.663704,-170.73206,0.8109431,0.24343313,0.58393914,2
-77.741516,-173.3519,0.7363735,0.9946151,0.8396702,3
-77.793945,-175.9996,0.71093357,0.15057121,0.48678866,1
-77.820114,-178.6646,0.58513445,0.0,0.3510807,1
-77.820114,178.6646,0.2996752,0.0,0.17980513,0
-77.793945,175.9996,0.038984243,0.0,0.023390546,0
-77.741516,173.3519,0.01994124,0.0,0.011964745,0
-77.663704,170.73206,0.022231584,0.0,0.013338951,0
-77.56021,168.15137,0.035162073,0.0,0.021097245,0
-77.43271,165.6174,0.70945203,0.0,0.42567125,1
-77.28071,163.14113,0.18885517,0.0,0.11331311,0
-77.10652,160.72595,0.006408966,0.0,0.00384538,0
-76.909515,158.38248,0.0010948656,0.0,0.0006569194,0
-76.69226,156.11,0.00092300604,0.0,0.00055380363,0
-76.45441,153.91708,0.0005993222,0.0,0.00035959334,0
-76.19823,151.8012,0.0006497081,0.0,0.00038982488,0
-75.92386,149.76764,0.0006388132,0.0,0.00038328793,0
-75.63306,147.81345,0.0006376587,0.0,0.00038259523,0
-75.3264,145.94064,0.00063845963,0.0,0.0003830758,0
-75.0052,144.14648,0.00063837104,0.0,0.00038302265,0
-74.67029,142.43018,0.00063837104,0.0,0.00038302265,0
-74.3226,140.78963,0.00063837104,0.0,0.00038302265,0
-73.96316,139.22174,0.00063837104,0.0,0.00038302265,0
-73.592575,137.72539,0.00063837104,0.0,0.00038302265,0
-73.21196,136.29564,0.00063837104,0.0,0.00038302265,0
-72.821655,134.93243,0.00063837104,0.0,0.00038302265,0
-72.422844,133.6296,0.00063837075,0.0,0.00038302247,0
-72.01565,132.38794,0.00063837407,0.0,0.00038302445,0
-71.60121,131.20062,0.00063841854,0.0,0.00038305114,0
-71.17958,130.06891,0.0006379684,0.0,0.00038278106,0
-70.75176,128.98636,0.000638094,0.0,0.0003828564,0
-70.31786,127.953384,0.0006405181,0.0,0.00038431087,0
-69.87865,126.96501,0.0006490431,0.0,0.0003894259,0
-69.43431,126.0207,0.000657086,0.0,0.00039425163,0
-68.98541,125.11684,0.00063013984,0.0,0.00037808393,0
-68.5322,124.25205,0.00061432144,0.0,0.00036859288,0
-68.075096,123.42389,0.00066424976,0.0,0.00039854986,0
-67.6144,122.63037,0.001880387,0.0,0.0011282322,0
-67.15037,121.87001,0.006157134,0.0,0.0036942807,0
-66.68335,121.14038,0.3828611,0.34576502,0.36802268,1
-66.21351,120.440765,0.81093997,0.99810743,0.885807,3
-65.74121,119.76844,0.90635294,0.9182644,0.91111755,3
-65.26653,119.12333,0.96191174,0.9090692,0.94077474,3
-64.78983,118.50248,0.9800166,0.40076873,0.7483175,2
-64.311165,117.90633,0.9829896,0.03830863,0.60511726,2
-63.83085,117.331924,0.9723833,0.0,0.58343,2
-63.34894,116.77966,0.9210904,0.0,0.55265427,2
-62.865692,116.24716,0.8871616,0.0,0.532297,2
-62.381195,115.73442,0.8622976,0.0,0.51737857,2
-61.89563,115.23972,0.82448345,0.0,0.4946901,1
-61.409107,114.762726,0.78412366,0.0,0.4704742,1
-60.921776,114.302216,0.58091664,0.0,0.34855,1
-60.43374,113.85757,0.29439554,0.0,0.17663732,0
-59.945114,113.428024,0.24144137,0.0,0.14486483,0
-59.45601,113.01275,0.13081296,0.0,0.078487776,0
-58.96652,112.61134,0.00779616,0.0,0.004677696,0
-58.476753,112.22278,0.0018937323,0.0,0.0011362395,0
-57.98679,111.84697,0.00089262833,0.0,0.000535577,0
-57.496727,111.48274,0.000702793,0.0,0.00042167582,0
-57.006634,111.13028,0.00064375275,0.0,0.00038625166,0
-56.51659,110.78831,0.000637673,0.0,0.00038260382,0
-56.02668,110.45715,0.0006384082,0.0,0.0003830449,0
-55.536957,110.13562,0.00063641166,0.0,0.000381847,0
-55.04751,109.8239,0.0006385089,0.0,0.00038310533,0
-54.558376,109.52111,0.00061591144,0.0,0.00036954688,0
-54.06964,109.22723,0.00058596703,0.0,0.00035158024,0
-53.581345,108.94164,0.0006016315,0.0,0.00036097888,0
-53.09355,108.66417,0.00078726263,0.0,0.00047235758,0
-52.91695,-109.510895,0.0012575969,0.0,0.0007545582,0
-53.40173,-109.79896,0.0009086667,0.0,0.0005452,0
-53.886944,-110.09536,0.00062122586,0.0,0.00037273552,0
-54.372524,-110.400276,0.00063243276,0.0,0.00037945967,0
-54.858402,-110.714325,0.0006374557,0.0,0.00038247346,0
-55.344524,-111.03753,0.0006379955,0.0,0.0003827973,0
-55.83082,-111.37079,0.0006383699,0.0,0.00038302195,0
-56.31722,-111.713905,0.00063837104,0.0,0.00038302265,0
-56.803646,-112.06809,0.00063837104,0.0,0.00038302265,0
-57.29004,-112.43299,0.00063837104,0.0,0.00038302265,0
-57.77629,-112.80991,0.00063837104,0.16243602,0.06535743,0
-58.262333,-113.19865,0.00063837104,0.8346701,0.33425108,1
-58.748066,-113.600395,0.00063837104,0.19449188,0.07817977,0
-59.233402,-114.01521,0.00063837104,0.11204026,0.045199126,0
-59.718235,-114.44415,0.00063839235,0.028030884,0.011595389,0
-60.202465,-114.88758,0.0006378456,0.025372582,0.01053174,0
-60.68598,-115.34635,0.0006382856,0.028977187,0.011973846,0
-61.16865,-115.82121,0.00063396984,0.0,0.0003803819,0
-61.650375,-116.31279,0.00063705037,0.0,0.00038223024,0
-62.13099,-116.82226,0.00068000326,0.0,0.00040800197,0
-62.610386,-117.34997,0.0008175534,0.0,0.000490532,0
-63.088375,-117.897606,0.0017291921,0.0,0.0010375154,0
-63.56486,-118.465164,0.011832597,0.0,0.007099558,0
-64.03959,-119.05499,0.3138313,0.0,0.18829879,0
-64.51249,-119.66665,0.44898722,0.0,0.26939234,1
-64.98323,-120.30311,0.5316761,0.0,0.31900567,1
-65.45177,-120.96381,0.6595039,0.0,0.39570233,1
-65.917725,-121.65171,0.8333699,0.0,0.500022,2
-66.38101,-122.36682,0.94337344,0.0,0.56602407,2
-66.84127,-123.11179,0.97203773,0.0,0.5832227,2
-67.29833,-123.88727,0.9806771,0.0,0.5884063,2
-67.75183,-124.69559,0.98655057,0.0,0.5919304,2
-68.201515,-125.538124,0.99079657,0.0,0.59447795,2
-68.64706,-126.41675,0.9906151,0.0,0.5943691,2
-69.08806,-127.33377,0.9912738,0.0,0.5947643,2
-69.52425,-128.29042,0.9914771,0.0,0.59488624,2
-69.95507,-129.29012,0.99137294,0.0,0.5948238,2
-70.380325,-130.33324,0.9910965,0.0,0.5946579,2
-70.79925,-131.42448,0.9905751,0.0,0.5943451,2
-71.211754,-132.56322,0.9903688,0.0,0.5942213,2
-71.6168,-133.75555,0.9903437,0.020020673,0.60221446,2
-72.0144,-135.0,0.9904163,0.056156892,0.61671257,2
-72.40338,-136.30292,0.9877747,0.2132797,0.6779767,2
-72.78364,-137.66327,0.9895511,0.0278764,0.6048812,2
-73.154015,-139.0866,0.9894952,0.0,0.59369713,2
-73.51421,-140.57274,0.98935527,0.179891,0.6655696,2
-73.86314,-142.12593,0.9888509,0.6242659,0.8430169,3
-74.2002,-143.74695,0.98568916,0.8973487,0.950353,3
-74.52447,-145.43828,0.9799053,0.8608959,0.9323015,3
-74.83502,-147.20145,0.98179483,0.588687,0.82455176,3
-75.131096,-149.03685,0.96468973,0.8993306,0.93854606,3
-75.41146,-150.94653,0.9514615,0.2550732,0.67290616,2
-75.67564,-152.92824,0.9676009,0.035206217,0.59464306,2
-75.921906,-154.98428,0.9832259,0.48735657,0.7848782,3
-76.150276,-157.10944,0.98158467,0.08895109,0.62453127,2
-76.35858,-159.30565,0.97695416,0.0,0.5861725,2
-76.54725,-161.5649,0.9759907,0.0,0.5855945,2
-76.713844,-163.88753,0.95329064,0.0,0.5719744,2
-76.859055,-166.26385,0.9297457,0.0,0.55784744,2
-76.98077,-168.69073,0.88742965,0.0,0.5324578,2
-77.07946,-171.15842,0.90038645,0.5047014,0.74211246,2
-77.153625,-173.66016,0.84648067,0.8801096,0.8599323,3
-77.203575,-176.18608,0.8006987,0.03965773,0.49628234,1
-77.22849,-178.72702,0.78909236,0.0,0.47345543,1
-77.22849,178.72702,0.75951695,0.0,0.4557102,1
-77.203575,176.18608,0.69795185,0.0,0.41877112,1
-77.153625,173.66016,0.6512141,0.0,0.3907285,1
-77.07946,171.15842,0.68998045,0.0,0.4139883,1
-76.98077,168.69073,0.9037042,0.028145522,0.55348074,2
-76.859055,166.26385,0.9563306,0.10011686,0.6138451,2
-76.713844,163.88753,0.88279223,0.0,0.52967536,2
-76.54725,161.5649,0.015140339,0.0,0.009084203,0
-76.35858,159.30565,0.001027429,0.0,0.00061645743,0
-76.150276,157.10944,0.0009560293,0.0,0.0005736176,0
-75.921906,154.98428,0.0005901581,0.0,0.00035409487,0
-75.67564,152.92824,0.00064560433,0.0,0.0003873626,0
-75.41146,150.94653,0.00064100634,0.0,0.00038460383,0
-75.131096,149.03685,0.00063763076,0.0,0.00038257847,0
-74.83502,147.20145,0.0006384559,0.0,0.00038307355,0
-74.52447,145.43828,0.00063837104,0.0,0.00038302265,0
-74.2002,143.74695,0.00063837104,0.0,0.00038302265,0
-73.86314,142.12593,0.00063837104,0.0,0.00038302265,0
-73.51421,140.57274,0.00063837104,0.0,0.00038302265,0
-73.154015,139.0866,0.00063837104,0.0,0.00038302265,0
-72.78364,137.66327,0.00063837075,0.0,0.00038302247,0
-72.40338,136.30292,0.000638372,0.0,0.0003830232,0
-72.0144,135.0,0.00063837867,0.0,0.00038302722,0
-71.6168,133.75555,0.00063840055,0.0,0.00038304034,0
-71.211754,132.56322,0.0006384173,0.0,0.0003830504,0
-70.79925,131.42448,0.0006371554,0.0,0.00038229325,0
-70.380325,130.33324,0.0006372292,0.0,0.00038233752,0
-69.95507,129.29012,0.0006389304,0.0,0.00038335827,0
-69.52425,128.29042,0.0006550648,0.0,0.0003930389,0
-69.08806,127.33377,0.0006879544,0.0,0.00041277267,0
-68.64706,126.41675,0.00065635407,0.0,0.00039381246,0
-68.201515,125.538124,0.00063145766,0.0,0.00037887463,0
-67.75183,124.69559,0.0010536601,0.0,0.0006321961,0
-67.29833,123.88727,0.0047828425,0.0,0.0028697057,0
-66.84127,123.11179,0.047054105,0.0,0.028232465,0
-66.38101,122.36682,0.9401303,0.026257103,0.574581,2
-65.917725,121.65171,0.8509712,0.30306396,0.63180834,2
-65.45177,120.96381,0.9025852,0.9988912,0.94110763,3
-64.98323,120.30311,0.97453326,0.48230574,0.77764225,3
-64.51249,119.66665,0.97692126,0.043492105,0.60354966,2
-64.03959,119.05499,0.9612941,0.0,0.5767765,2
-63.56486,118.465164,0.9343919,0.0,0.56063515,2
-63.088375,117.897606,0.88549787,0.0,0.53129876,2
-62.610386,117.34997,0.8559441,0.0,0.5135665,2
-62.13099,116.82226,0.8383517,0.0,0.50301105,2
-61.650375,116.31279,0.788864,0.0,0.47331843,1
-61.16865,115.82121,0.621814,0.0,0.37308842,1
-60.68598,115.34635,0.34522855,0.0,0.20713714,0
-60.202465,114.88758,0.029269056,0.0,0.017561434,0
-59.718235,114.44415,0.0088892635,0.0,0.005333558,0
-59.233402,114.01521,0.0068489485,0.0,0.004109369,0
-58.748066,113.600395,0.0019543215,0.0,0.001172593,0
-58.262333,113.19865,0.0009949082,0.0,0.00059694494,0
-57.77629,112.80991,0.00074765633,0.0,0.0004485938,0
-57.29004,112.43299,0.000661991,0.0,0.0003971946,0
-56.803646,112.06809,0.00063984666,0.0,0.00038390802,0
-56.31722,111.713905,0.0006381645,0.0,0.00038289872,0
-55.83082,111.37079,0.0006383686,0.0,0.00038302116,0
-55.344524,111.03753,0.00063642015,0.0,0.00038185212,0
-54.858402,110.714325,0.0006385101,0.0,0.0003831061,0
-54.372524,110.400276,0.00061591144,0.0,0.00036954688,0
-53.886944,110.09536,0.00058596703,0.0,0.00035158024,0
-53.40173,109.79896,0.0006016315,0.0,0.00036097888,0
-52.91695,109.510895,0.00078726263,0.0,0.00047235758,0
-52.73284,-110.348595,0.0012575969,0.0,0.0007545582,0
-53.21452,-110.64687,0.0009086667,0.0,0.0005452,0
-53.69655,-110.95369,0.00062122586,0.0,0.00037273552,0
-54.178856,-111.269226,0.00063243276,0.0,0.00037945967,0
-54.661392,-111.59411,0.0006374557,0.0,0.00038247346,0
-55.144073,-111.92835,0.0006379955,0.0,0.0003827973,0
-55.626846,-112.27285,0.0006383699,0.0,0.00038302195,0
-56.109627,-112.62742,0.00063837104,0.0,0.00038302265,0
-56.592346,-112.99327,0.00063837104,0.0,0.00038302265,0
-57.074917,-113.37004,0.00063837104,0.0,0.00038302265,0
-57.557247,-113.75905,0.00063837104,0.12569655,0.050661646,0
-58.039265,-114.16008,0.00063837104,0.691972,0.27717182,1
-58.52086,-114.574326,0.00063837104,0.8605891,0.34461865,1
-59.001945,-115.001854,0.00063837104,0.63093525,0.25275713,1
-59.482403,-115.443695,0.000638385,0.6163113,0.24690756,0
-59.962128,-115.900215,0.0006380967,0.8122379,0.32527804,1
-60.441017,-116.37227,0.0006383912,0.8247287,0.33027455,1
-60.918922,-116.860596,0.00063570845,0.18632798,0.074912615,0
-61.39574,-117.36579,0.0006467322,0.0,0.00038803936,0
-61.871307,-117.88904,0.0006899336,0.0,0.00041396017,0
-62.345512,-118.43063,0.00071119575,0.0,0.00042671748,0
-62.818146,-118.99228,0.000905916,0.0,0.0005435496,0
-63.28912,-119.57394,0.0018194771,0.0,0.0010916863,0
-63.75816,-120.17791,0.004061615,0.0,0.0024369692,0
-64.22521,-120.80376,0.0063702646,0.0,0.0038221588,0
-64.68991,-121.45435,0.17093436,0.0,0.102560624,0
-65.15223,-122.129166,0.6355605,0.0,0.38133633,1
-65.611786,-122.83105,0.82383204,0.0,0.49429923,1
-66.06848,-123.55996,0.91630787,0.0,0.5497847,2
-66.521935,-124.31848,0.95936674,0.0,0.57562006,2
-66.971985,-125.107185,0.98434895,0.0,0.5906094,2
-67.41826,-125.9283,0.99089664,0.0,0.59453803,2
-67.860504,-126.78313,0.9910664,0.0,0.59463984,2
-68.29839,-127.673386,0.99056363,0.0,0.5943382,2
-68.731514,-128.60126,0.99113524,0.0,0.59468114,2
-69.1596,-129.56784,0.9912335,0.0,0.59474015,2
-69.58209,-130.57634,0.9912402,0.0,0.59474415,2
-69.998795,-131.62701,0.99112576,0.0,0.5946755,2
-70.40894,-132.72421,0.99094754,0.0,0.59456855,2
-70.812454,-133.86725,0.99134386,0.0,0.5948063,2
-71.20829,-135.06174,0.9912486,0.0,0.5947492,2
-71.59648,-136.30612,0.99098456,0.0,0.5945908,2
-71.97586,-137.60628,0.9908715,0.0,0.5945229,2
-72.34636,-138.96092,0.9891033,0.0,0.593462,2
-72.70683,-140.37512,0.9701577,0.0,0.5820946,2
-73.05699,-141.84845,0.9883885,0.0,0.59303313,2
-73.3958,-143.38458,0.99122506,0.04729534,0.61365324,2
-73.722694,-144.98395,0.9908954,0.51529366,0.8006547,3
-74.03677,-146.64856,0.9902568,0.834449,0.9279337,3
-74.337204,-148.37949,0.98847383,0.9605222,0.97729325,3
-74.623276,-150.17676,0.9819062,0.9353514,0.9632843,3
-74.8938,-152.04192,0.9815684,0.70177275,0.8696501,3
-75.148384,-153.97256,0.9826072,0.042504836,0.60656625,2
-75.38544,-155.97046,0.9837393,0.72957826,0.88207495,3
-75.604965,-158.0306,0.98558736,0.3815423,0.7439694,2
-75.80496,-160.15434,0.983597,0.0,0.5901582,2
-75.985916,-162.3343,0.9753341,0.0,0.5852005,2
-76.145515,-164.57051,0.9702609,0.0,0.5821566,2
-76.284515,-166.85422,0.9520056,0.0,0.5712034,2
-76.400894,-169.18246,0.9558497,0.0,0.5735099,2
-76.495224,-171.54654,0.9119655,0.10017992,0.5872513,2
-76.566055,-173.94046,0.8515192,0.11607826,0.5573429,2
-76.61374,-176.35553,0.84091794,0.0,0.5045508,2
-76.63753,-178.78372,0.82071453,0.0,0.49242875,1
-76.63753,178.78372,0.7975686,0.0,0.4785412,1
-76.61374,176.35553,0.7674271,0.0,0.46045628,1
-76.566055,173.94046,0.76484364,0.0,0.4589062,1
-76.495224,171.54654,0.795709,0.0,0.47742543,1
-76.400894,169.18246,0.9069605,0.25531608,0.64630276,2
-76.284515,166.85422,0.9885925,0.9853045,0.98727727,3
-76.145515,164.57051,0.9712114,0.09742962,0.6216987,2
-75.985916,162.3343,0.010220403,0.0,0.006132242,0
-75.80496,160.15434,0.001036649,0.0,0.0006219894,0
-75.604965,158.0306,0.0009344657,0.0,0.0005606794,0
-75.38544,155.97046,0.0005886629,0.0,0.00035319777,0
-75.148384,153.97256,0.0006418631,0.0,0.00038511786,0
-74.8938,152.04192,0.0006418845,0.0,0.00038513073,0
-74.623276,150.17676,0.0006377523,0.0,0.0003826514,0
-74.337204,148.37949,0.00063843833,0.0,0.00038306302,0
-74.03677,146.64856,0.00063837104,0.0,0.00038302265,0
-73.722694,144.98395,0.00063837104,0.0,0.00038302265,0
-73.3958,143.38458,0.00063837104,0.0,0.00038302265,0
-73.05699,141.84845,0.00063837075,0.0,0.00038302247,0
-72.70683,140.37512,0.00063837226,0.0,0.00038302338,0
-72.34636,138.96092,0.0006383768,0.0,0.0003830261,0
-71.97586,137.60628,0.00063839264,0.0,0.0003830356,0
-71.59648,136.30612,0.0006383899,0.0,0.00038303397,0
-71.20829,135.06174,0.0006383166,0.0,0.00038299,0
-70.812454,133.86725,0.00063792587,0.0,0.00038275553,0
-70.40894,132.72421,0.0006360945,0.0,0.00038165672,0
-69.998795,131.62701,0.0006379362,0.0,0.00038276173,0
-69.58209,130.57634,0.00063563423,0.0,0.00038138055,0
-69.1596,129.56784,0.0006329583,0.0,0.000379775,0
-68.731514,128.60126,0.00068368675,0.0,0.00041021206,0
-68.29839,127.673386,0.0006553855,0.0,0.0003932313,0
-67.860504,126.78313,0.00081541267,0.0,0.0004892476,0
-67.41826,125.9283,0.0013991898,0.0,0.0008395139,0
-66.971985,125.107185,0.007860554,0.0,0.004716333,0
-66.521935,124.31848,0.65701985,0.024538757,0.40402743,1
-66.06848,123.55996,0.79594874,0.5972555,0.71647143,2
-65.611786,122.83105,0.8677819,0.94595987,0.8990531,3
-65.15223,122.129166,0.9545545,0.87979466,0.9246506,3
-64.68991,121.45435,0.9688187,0.046035677,0.5997055,2
-64.22521,120.80376,0.9211585,0.0,0.5526951,2
-63.75816,120.17791,0.8769128,0.0,0.52614766,2
-63.28912,119.57394,0.85109514,0.0,0.51065713,2
-62.818146,118.99228,0.8302863,0.0,0.4981718,1
-62.345512,118.43063,0.84256566,0.0,0.5055394,2
-61.871307,117.88904,0.8616959,0.0,0.51701754,2
-61.39574,117.36579,0.83961177,0.0,0.5037671,2
-60.918922,116.860596,0.72250104,0.0,0.43350065,1
-60.441017,116.37227,0.4294327,0.0,0.2576596,1
-59.962128,115.900215,0.018031215,0.0,0.010818729,0
-59.482403,115.443695,0.0028902886,0.0,0.0017341733,0
-59.001945,115.001854,0.0016738956,0.0,0.0010043374,0
-58.52086,114.574326,0.00085460045,0.0,0.0005127603,0
-58.039265,114.16008,0.0006979286,0.0,0.00041875718,0
-57.557247,113.75905,0.0006508574,0.0,0.00039051447,0
-57.074917,113.37004,0.0006390763,0.0,0.0003834458,0
-56.592346,112.99327,0.00063783466,0.0,0.00038270082,0
-56.109627,112.62742,0.00063809095,0.0,0.00038285457,0
-55.626846,112.27285,0.0006384112,0.0,0.00038304675,0
-55.144073,111.92835,0.00063643407,0.0,0.00038186045,0
-54.661392,111.59411,0.0006385107,0.0,0.00038310644,0
-54.178856,111.269226,0.00061591144,0.0,0.00036954688,0
-53.69655,110.95369,0.00058596703,0.0,0.00035158024,0
-53.21452,110.64687,0.0006016315,0.0,0.00036097888,0
-52.73284,110.348595,0.00078726263,0.0,0.00047235758,0
-52.5417,-111.17745,0.0012575969,0.0,0.0007545582,0
-53.020184,-111.485596,0.0009086667,0.0,0.0005452,0
-53.49894,-111.80246,0.00062122586,0.0,0.00037273552,0
-53.97789,-112.12822,0.00063243276,0.0,0.00037945967,0
-54.456985,-112.46352,0.0006374557,0.0,0.00038247346,0
-54.936142,-112.80835,0.0006379955,0.0,0.0003827973,0
-55.4153,-113.16363,0.0006383699,0.0,0.00038302195,0
-55.894375,-113.52916,0.00063837104,0.0,0.00038302265,0
-56.37328,-113.90616,0.00063837104,0.0,0.00038302265,0
-56.85194,-114.29425,0.00063837104,0.0,0.00038302265,0
-57.330257,-114.69478,0.00063837104,0.0,0.00038302265,0
-57.808163,-115.10749,0.00063837104,0.15292546,0.06155321,0
-58.285522,-115.53361,0.00063837104,0.4061511,0.16284345,0
-58.76226,-115.97316,0.00063837104,0.99648565,0.39897728,1
-59.23825,-116.42719,0.00063837896,0.9079139,0.3635486,1
-59.713394,-116.896065,0.00063825364,0.498887,0.19993775,0
-60.187557,-117.3806,0.0006383148,0.8690045,0.3479848,1
-60.660618,-117.88154,0.0006376387,0.3443359,0.13811696,0
-61.132446,-118.39947,0.00064942427,0.0,0.00038965457,0
-61.60288,-118.93553,0.0006705703,0.0,0.0004023422,0
-62.071808,-119.490036,0.0007270894,0.0,0.00043625367,0
-62.539005,-120.06465,0.00066526595,0.0,0.0003991596,0
-63.004395,-120.659294,0.000948337,0.0,0.00056900224,0
-63.467686,-121.276245,0.0015646539,0.0,0.0009387924,0
-63.928818,-121.915016,0.004105047,0.0,0.0024630283,0
-64.38743,-122.578476,0.049560074,0.0,0.029736046,0
-64.84348,-123.266,0.37996504,0.0,0.22797903,0
-65.296585,-123.98039,0.69695675,0.0,0.41817406,1
-65.74664,-124.721565,0.8662666,0.0,0.51976,2
-66.19327,-125.49202,0.9526308,0.0,0.5715785,2
-66.6363,-126.29225,0.9885795,0.0,0.59314775,2
-67.075356,-127.12439,0.99161786,0.0,0.59497076,2
-67.51017,-127.98962,0.9901383,0.0,0.594083,2
-67.94042,-128.88956,0.9903322,0.0,0.59419936,2
-68.36571,-129.82626,0.99069667,0.0,0.59441805,2
-68.78575,-130.80064,0.9910808,0.0,0.59464854,2
-69.200005,-131.81573,0.9911311,0.0,0.5946787,2
-69.608246,-132.8717,0.99080884,0.0,0.59448534,2
-70.00974,-133.97258,0.9890182,0.0,0.59341097,2
-70.4044,-135.11752,0.9911375,0.0,0.5946825,2
-70.79122,-136.31183,0.9912708,0.0,0.5947625,2
-71.17021,-137.5538,0.99117416,0.0,0.5947045,2
-71.540245,-138.84882,0.99106896,0.0,0.5946414,2
-71.90125,-140.19553,0.9908652,0.0,0.59451914,2
-72.25212,-141.59842,0.98984444,0.0,0.5939067,2
-72.59259,-143.05688,0.9906785,0.0,0.59440714,2
-72.92165,-144.57416,0.99089545,0.0,0.5945373,2
-73.2388,-146.15036,0.99155045,0.019943668,0.6029078,2
-73.54315,-147.78706,0.9901743,0.7642756,0.89981484,3
-73.83394,-149.48502,0.97670877,0.8392033,0.9217066,3
-74.110504,-151.24393,0.9820533,0.5822344,0.82212573,3
-74.371735,-153.06496,0.9784353,0.6574457,0.8500395,3
-74.61729,-154.9456,0.9750201,0.57274544,0.8141103,3
-74.84565,-156.88718,0.9802537,0.4358058,0.76247454,3
-75.05691,-158.88489,0.9786798,0.5847916,0.82112455,3
-75.249176,-160.93973,0.97588396,0.0,0.5855304,2
-75.42294,-163.04486,0.96526206,0.2426054,0.6761994,2
-75.57607,-165.20012,0.9715688,0.25252852,0.6839527,2
-75.70931,-167.39752,0.96424884,0.098113164,0.6177946,2
-75.82079,-169.63434,0.95994455,0.01696534,0.5827529,2
-75.91109,-171.90282,0.9125429,0.0,0.54752576,2
-75.97887,-174.19754,0.87236303,0.0,0.52341783,2
-76.02447,-176.51083,0.8513823,0.0,0.5108294,2
-76.04721,-178.83566,0.83722,0.0,0.50233203,2
-76.04721,178.83566,0.8322631,0.0,0.49935788,1
-76.02447,176.51083,0.8288194,0.0,0.49729165,1
-75.97887,174.19754,0.8183858,0.0,0.4910315,1
-75.91109,171.90282,0.82386106,0.01527778,0.5004278,2
-75.82079,169.63434,0.92944694,0.71760064,0.84470844,3
-75.70931,167.39752,0.98148376,0.87438285,0.9386434,3
-75.57607,165.20012,0.8648725,0.109076,0.56255394,2
-75.42294,163.04486,0.008418915,0.0,0.0050513493,0
-75.249176,160.93973,0.0010090278,0.0,0.0006054167,0
-75.05691,158.88489,0.0010904793,0.0,0.00065428764,0
-74.84565,156.88718,0.0005821672,0.0,0.00034930033,0
-74.61729,154.9456,0.0006411572,0.0,0.00038469434,0
-74.371735,153.06496,0.0006417582,0.0,0.00038505494,0
-74.110504,151.24393,0.0006379122,0.0,0.00038274733,0
-73.83394,149.48502,0.00063843036,0.0,0.00038305824,0
-73.54315,147.78706,0.0006383932,0.0,0.00038303595,0
-73.2388,146.15036,0.00063840416,0.0,0.00038304253,0
-72.92165,144.57416,0.0006384127,0.0,0.00038304765,0
-72.59259,143.05688,0.0006384194,0.0,0.00038305167,0
-72.25212,141.59842,0.00063842704,0.0,0.00038305623,0
-71.90125,140.19553,0.000638424,0.0,0.00038305443,0
-71.540245,138.84882,0.00063835736,0.0,0.00038301444,0
-71.17021,137.5538,0.0006380389,0.0,0.00038282337,0
-70.79122,136.31183,0.0006376751,0.0,0.0003826051,0
-70.4044,135.11752,0.00063751714,0.0,0.0003825103,0
-70.00974,133.97258,0.00063780183,0.0,0.00038268112,0
-69.608246,132.8717,0.0006443086,0.0,0.00038658516,0
-69.200005,131.81573,0.00064443296,0.0,0.00038665978,0
-68.78575,130.80064,0.0006164012,0.0,0.00036984074,0
-68.36571,129.82626,0.00065590633,0.0,0.00039354383,0
-67.94042,128.88956,0.0009036806,0.0,0.0005422084,0
-67.51017,127.98962,0.004935931,0.0,0.0029615588,0
-67.075356,127.12439,0.019111667,0.0,0.0114670005,0
-66.6363,126.29225,0.028776376,0.040978473,0.033657216,0
-66.19327,125.49202,0.678625,0.37957048,0.55900323,2
-65.74664,124.721565,0.80305284,0.9023039,0.8427533,3
-65.296585,123.98039,0.89915067,0.9632514,0.924791,3
-64.84348,123.266,0.9627727,0.30270088,0.698744,2
-64.38743,122.578476,0.93041176,0.0,0.5582471,2
-63.928818,121.915016,0.86081964,0.0,0.51649183,2
-63.467686,121.276245,0.8320834,0.0,0.49925005,1
-63.004395,120.659294,0.81197596,0.0,0.4871856,1
-62.539005,120.06465,0.8094679,0.0,0.48568076,1
-62.071808,119.490036,0.84225756,0.0,0.5053546,2
-61.60288,118.93553,0.8729337,0.0,0.52376026,2
-61.132446,118.39947,0.8676445,0.0,0.5205867,2
-60.660618,117.88154,0.78023815,0.0,0.4681429,1
-60.187557,117.3806,0.5172067,0.0,0.31032404,1
-59.713394,116.896065,0.07623243,0.0,0.04573946,0
-59.23825,116.42719,0.003730276,0.0,0.0022381656,0
-58.76226,115.97316,0.0012191185,0.0,0.0007314711,0
-58.285522,115.53361,0.00071596174,0.0,0.00042957705,0
-57.808163,115.10749,0.00062608765,0.0,0.0003756526,0
-57.330257,114.69478,0.0006289896,0.0,0.00037739376,0
-56.85194,114.29425,0.0006360184,0.0,0.00038161105,0
-56.37328,113.90616,0.0006378982,0.0,0.00038273894,0
-55.894375,113.52916,0.0006382156,0.0,0.0003829294,0
-55.4153,113.16363,0.00063842215,0.0,0.0003830533,0
-54.936142,112.80835,0.0006364465,0.0,0.00038186793,0
-54.456985,112.46352,0.0006385119,0.0,0.00038310717,0
-53.97789,112.12822,0.00061591144,0.0,0.00036954688,0
-53.49894,111.80246,0.00058596703,0.0,0.00035158024,0
-53.020184,111.485596,0.0006016315,0.0,0.00036097888,0
-52.5417,111.17745,0.00078726263,0.0,0.00047235758,0
-52.343536,-111.997116,0.0012575969,0.0,0.0007545582,0
-52.818737,-112.31475,0.0009086667,0.0,0.0005452,0
-53.294136,-112.64128,0.00062122586,0.0,0.00037273552,0
-53.76965,-112.97685,0.00063243276,0.0,0.00037945967,0
-54.245216,-113.32213,0.0006374557,0.0,0.00038247346,0
-54.720764,-113.67711,0.0006379955,0.0,0.0003827973,0
-55.196213,-114.0427,0.0006383699,0.0,0.00038302195,0
-55.67149,-114.418686,0.00063837104,0.0,0.00038302265,0
-56.146496,-114.806305,0.00063837104,0.0,0.00038302265,0
-56.62117,-115.205185,0.00063837104,0.0,0.00038302265,0
-57.095383,-115.616646,0.00063837104,0.0,0.00038302265,0
-57.569077,-116.040436,0.00063837104,0.0,0.00038302265,0
-58.04212,-116.477776,0.00063837104,0.024219748,0.010070922,0
-58.514435,-116.928665,0.00063837104,0.35182267,0.14111209,0
-58.985874,-117.39419,0.00063837535,0.28845483,0.11576496,0
-59.45634,-117.87463,0.0006383285,0.14965771,0.060246084,0
-59.925705,-118.370865,0.00063837896,0.98023814,0.3924783,1
-60.39383,-118.883575,0.0006382026,0.3289174,0.13194989,0
-60.8606,-119.41335,0.00064396573,0.0,0.00038637946,0
-61.32583,-119.9613,0.00066500704,0.0,0.00039900423,0
-61.78941,-120.52773,0.00065179606,0.0,0.00039107766,0
-62.251114,-121.11426,0.0006914351,0.0,0.0004148611,0
-62.71086,-121.72079,0.0008564191,0.0,0.00051385147,0
-63.16834,-122.34956,0.0014740876,0.0,0.0008844526,0
-63.62351,-123.00006,0.018990884,0.0,0.011394531,0
-64.07599,-123.675064,0.24256599,0.0,0.1455396,0
-64.525734,-124.373955,0.3447463,0.0,0.20684779,0
-64.97236,-125.09944,0.48625484,0.0,0.2917529,1
-65.41576,-125.851395,0.79270345,0.0,0.4756221,1
-65.85555,-126.632225,0.9392133,0.0,0.563528,2
-66.29156,-127.44235,0.9880314,0.0,0.59281886,2
-66.723404,-128.28378,0.99081564,0.0,0.5944894,2
-67.15082,-129.15764,0.9913413,0.0,0.5948048,2
-67.57349,-130.06543,0.9914137,0.0,0.5948483,2
-67.991,-131.00902,0.99122334,0.0,0.594734,2
-68.40309,-131.98926,0.99116206,0.0,0.59469724,2
-68.80917,-133.00893,0.9912504,0.0,0.5947503,2
-69.20911,-134.0681,0.9911788,0.0,0.5947073,2
-69.60208,-135.17052,0.99104124,0.0,0.59462476,2
-69.988075,-136.31528,0.9911834,0.0,0.59471005,2
-70.36605,-137.50726,0.9912033,0.0,0.59472203,2
-70.73608,-138.74469,0.9911829,0.0,0.59470975,2
-71.097,-140.03256,0.99111253,0.0,0.59466755,2
-71.44881,-141.36931,0.99110097,0.0,0.5946606,2
-71.79038,-142.7591,0.9912766,0.0,0.594766,2
-72.12152,-144.20108,0.9912731,0.0,0.5947639,2
-72.44121,-145.69807,0.99104637,0.0,0.59462786,2
-72.74901,-147.24994,0.9913189,0.021599177,0.60343105,2
-73.04408,-148.85796,0.98879707,0.3940602,0.75090235,3
-73.3257,-150.52255,0.974394,0.9993949,0.98439443,3
-73.593254,-152.2432,0.9836084,0.77909166,0.9018017,3
-73.845695,-154.02072,0.9763579,0.8901041,0.9418564,3
-74.082726,-155.85262,0.9599138,0.951013,0.95635355,3
-74.302956,-157.73987,0.9646998,0.53368044,0.7922921,3
-74.506485,-159.67784,0.97960985,0.19567116,0.6660344,2
-74.691505,-161.6673,0.98060876,0.0,0.58836526,2
-74.858604,-163.70189,0.95524585,0.39037862,0.729299,2
-75.005714,-165.78128,0.96657795,0.96808225,0.9671797,3
-75.13363,-167.8983,0.9798662,0.9899013,0.9838803,3
-75.24059,-170.05032,0.97587603,0.6434041,0.8428873,3
-75.32717,-172.2304,0.96037436,0.23555213,0.6704455,2
-75.39213,-174.43372,0.9291147,0.024605809,0.56731117,2
-75.43583,-176.65344,0.8897452,0.0,0.53384715,2
-75.45761,-178.88335,0.90080833,0.0,0.540485,2
-75.45761,178.88335,0.9014805,0.0,0.5408883,2
-75.43583,176.65344,0.9019312,0.0,0.54115874,2
-75.39213,174.43372,0.8921761,0.0,0.5353057,2
-75.32717,172.2304,0.8866111,0.0,0.5319667,2
-75.24059,170.05032,0.9745272,0.4526934,0.7657937,3
-75.13363,167.8983,0.98657376,0.8278057,0.92306656,3
-75.005714,165.78128,0.97486794,0.16050458,0.6491226,2
-74.858604,163.70189,0.0086239865,0.0,0.005174392,0
-74.691505,161.6673,0.0009759561,0.0,0.00058557367,0
-74.506485,159.67784,0.0010678703,0.0,0.0006407222,0
-74.302956,157.73987,0.0005763911,0.0,0.00034583468,0
-74.082726,155.85262,0.0006418386,0.0,0.00038510317,0
-73.845695,154.02072,0.00064251065,0.0,0.0003855064,0
-73.593254,152.2432,0.0006379872,0.0,0.00038279235,0
-73.3257,150.52255,0.00063840486,0.0,0.00038304293,0
-73.04408,148.85796,0.00063822017,0.0,0.0003829321,0
-72.74901,147.24994,0.0006380037,0.0,0.00038280225,0
-72.44121,145.69807,0.0006377486,0.0,0.0003826492,0
-72.12152,144.20108,0.00063759426,0.0,0.00038255658,0
-71.79038,142.7591,0.0006375141,0.0,0.00038250847,0
-71.44881,141.36931,0.00063737796,0.0,0.0003824268,0
-71.097,140.03256,0.000637221,0.0,0.0003823326,0
-70.73608,138.74469,0.00063735456,0.0,0.00038241275,0
-70.36605,137.50726,0.0006392785,0.0,0.00038356712,0
-69.988075,136.31528,0.0006436261,0.0,0.00038617567,0
-69.60208,135.17052,0.0006505365,0.0,0.00039032192,0
-69.20911,134.0681,0.0006597812,0.0,0.00039586876,0
-68.80917,133.00893,0.0006636328,0.0,0.00039817972,0
-68.40309,131.98926,0.00060419925,0.0,0.00036251955,0
-67.991,131.00902,0.00061826425,0.0,0.00037095856,0
-67.57349,130.06543,0.0010712403,0.0,0.0006427442,0
-67.15082,129.15764,0.017852658,0.0,0.010711595,0
-66.723404,128.28378,0.7591671,0.03427932,0.469212,1
-66.29156,127.44235,0.8480851,0.32119063,0.6373274,2
-65.85555,126.632225,0.94984096,0.99569446,0.96818244,3
-65.41576,125.851395,0.8904549,0.93879265,0.90979004,3
-64.97236,125.09944,0.92758036,0.78621686,0.871035,3
-64.525734,124.373955,0.9447799,0.02712482,0.5777179,2
-64.07599,123.675064,0.8794274,0.0,0.52765644,2
-63.62351,123.00006,0.85098976,0.0,0.5105939,2
-63.16834,122.34956,0.82931954,0.0,0.49759173,1
-62.71086,121.72079,0.8144996,0.0,0.4886998,1
-62.251114,121.11426,0.81846005,0.0,0.49107605,1
-61.78941,120.52773,0.8431091,0.0,0.50586545,2
-61.32583,119.9613,0.8512673,0.0,0.51076037,2
-60.8606,119.41335,0.7921918,0.0,0.4753151,1
-60.39383,118.883575,0.7476458,0.0,0.4485875,1
-59.925705,118.370865,0.49879605,0.0,0.29927763,1
-59.45634,117.87463,0.14011438,0.0,0.08406863,0
-58.985874,117.39419,0.0060597733,0.0,0.003635864,0
-58.514435,116.928665,0.0012010856,0.0,0.0007206514,0
-58.04212,116.477776,0.00071574043,0.0,0.00042944428,0
-57.569077,116.040436,0.00063625124,0.0,0.00038175075,0
-57.095383,115.616646,0.00063347304,0.0,0.00038008383,0
-56.62117,115.205185,0.00063758396,0.0,0.00038255038,0
-56.146496,114.806305,0.0006379979,0.0,0.00038279875,0
-55.67149,114.418686,0.000638292,0.0,0.0003829752,0
-55.196213,114.0427,0.00063844194,0.0,0.00038306517,0
-54.720764,113.67711,0.00063644955,0.0,0.00038186976,0
-54.245216,113.32213,0.0006385132,0.0,0.00038310792,0
-53.76965,112.97685,0.00061591144,0.0,0.00036954688,0
-53.294136,112.64128,0.00058596703,0.0,0.00035158024,0
-52.818737,112.31475,0.0006016315,0.0,0.00036097888,0
-52.343536,111.997116,0.00078726263,0.0,0.00047235758,0
-52.13844,-112.80731,0.0012575969,0.0,0.0007545582,0
-52.610283,-113.13408,0.0009086667,0.0,0.0005452,0
-53.082237,-113.469864,0.00062122586,0.0,0.00037273552,0
-53.55423,-113.81485,0.00063243276,0.0,0.00037945967,0
-54.026188,-114.16968,0.0006374557,0.0,0.00038247346,0
-54.49804,-114.53435,0.0006379955,0.0,0.0003827973,0
-54.9697,-114.90977,0.0006383699,0.0,0.00038302195,0
-55.441097,-115.29573,0.00063837104,0.0,0.00038302265,0
-55.91213,-115.69345,0.00063837104,0.0,0.00038302265,0
-56.382725,-116.10256,0.00063837104,0.0,0.00038302265,0
-56.852768,-116.52437,0.00063837104,0.0,0.00038302265,0
-57.322178,-116.95863,0.00063837104,0.0,0.00038302265,0
-57.790825,-117.40653,0.00063837104,0.0,0.00038302265,0
-58.25862,-117.8681,0.00063837104,0.02612106,0.010831446,0
-58.72544,-118.344376,0.00063837226,0.20066594,0.080649406,0
-59.191162,-118.83568,0.00063835556,0.7831014,0.31362358,1
-59.655663,-119.342804,0.000638319,0.91963845,0.3682384,1
-60.11879,-119.866455,0.0006375715,0.0867904,0.0350987,0
-60.58043,-120.407196,0.000640007,0.0,0.00038400423,0
-61.04039,-120.96613,0.0006409217,0.0,0.00038455304,0
-61.498566,-121.543495,0.00063985545,0.0,0.00038391328,0
-61.95472,-122.14093,0.00070187333,0.0,0.00042112402,0
-62.408768,-122.75827,0.00078843534,0.0,0.00047306123,0
-62.860397,-123.39774,0.0014514903,0.0,0.00087089423,0
-63.309566,-124.05879,0.004127064,0.0,0.0024762384,0
-63.75588,-124.74411,0.13809559,0.0,0.082857355,0
-64.19931,-125.45307,0.406824,0.0,0.2440944,0
-64.639435,-126.1883,0.5049616,0.0,0.30297697,1
-65.07619,-126.949615,0.76181716,0.0,0.45709032,1
-65.50914,-127.739334,0.8988389,0.0,0.53930336,2
-65.93814,-128.55782,0.97883487,0.0,0.58730096,2
-66.362816,-129.40697,0.98653907,0.0,0.5919235,2
-66.78289,-130.2878,0.9895141,0.0,0.5937085,2
-67.19802,-131.20168,0.9911107,0.0,0.5946664,2
-67.60784,-132.15039,0.99112433,0.0,0.59467465,2
-68.012054,-133.13466,0.99115086,0.0,0.59469056,2
-68.41011,-134.15706,0.9912265,0.0,0.5947359,2
-68.80184,-135.21756,0.9911998,0.0,0.5947199,2
-69.18646,-136.31964,0.9911874,0.0,0.59471244,2
-69.56398,-137.46231,0.99116427,0.0,0.5946986,2
-69.93333,-138.65012,0.9911799,0.0,0.59470797,2
-70.29461,-139.8812,0.99114263,0.0,0.5946856,2
-70.6467,-141.16013,0.9911175,0.0,0.59467053,2
-70.98958,-142.48534,0.9911539,0.0,0.59469235,2
-71.32219,-143.86049,0.99119747,0.0,0.5947185,2
-71.644325,-145.28467,0.99118376,0.024604298,0.60455203,2
-71.95503,-146.76028,0.99121,0.18859063,0.67016226,2
-72.25389,-148.28702,0.99149173,0.34334552,0.7322333,2
-72.54009,-149.86588,0.98992586,0.98459935,0.98779523,3
-72.81299,-151.49701,0.9774531,0.5498422,0.80640876,3
-73.07199,-153.17978,0.9722034,0.10704467,0.62613994,2
-73.316124,-154.91469,0.9882564,0.20382564,0.67448413,2
-73.54514,-156.69928,0.9891045,0.34046707,0.72964954,2
-73.757706,-158.5342,0.98582304,0.7560485,0.89391327,3
-73.95399,-160.41515,0.9685939,0.9982023,0.9804373,3
-74.13226,-162.34262,0.97117305,0.54158026,0.79933596,3
-74.29314,-164.3107,0.9556881,0.031842403,0.5861499,2
-74.43466,-166.319,0.9674114,0.0674086,0.60741025,2
-74.55764,-168.36096,0.9810409,0.1520787,0.649456,2
-74.66041,-170.43419,0.97656316,0.5794397,0.8177138,3
-74.74355,-172.53241,0.96247226,0.9881745,0.97275317,3
-74.805916,-174.65129,0.9394348,0.19215643,0.6405235,2
-74.84784,-176.78476,0.9083381,0.0,0.5450029,2
-74.868744,-178.92726,0.9217187,0.0,0.55303127,2
-74.868744,178.92726,0.9360608,0.0,0.5616365,2
-74.84784,176.78476,0.93945867,0.0,0.5636752,2
-74.805916,174.65129,0.9380922,0.0,0.5628553,2
-74.74355,172.53241,0.94832385,0.0,0.56899434,2
-74.66041,170.43419,0.9889548,0.030774051,0.6056825,2
-74.55764,168.36096,0.98785293,0.04788997,0.6118678,2
-74.43466,166.319,0.9820992,0.0,0.5892595,2
-74.29314,164.3107,0.005806503,0.0,0.003483902,0
-74.13226,162.34262,0.0009491773,0.0,0.00056950643,0
-73.95399,160.41515,0.0009556964,0.0,0.00057341787,0
-73.757706,158.5342,0.00058914535,0.0,0.0003534872,0
-73.54514,156.69928,0.0006320492,0.0,0.00037922955,0
-73.316124,154.91469,0.0006418643,0.0,0.00038511862,0
-73.07199,153.17978,0.00063683605,0.0,0.00038210166,0
-72.81299,151.49701,0.0006369669,0.0,0.00038218015,0
-72.54009,149.86588,0.000637129,0.0,0.00038227742,0
-72.25389,148.28702,0.00063785596,0.0,0.0003827136,0
-71.95503,146.76028,0.00063880684,0.0,0.00038328412,0
-71.644325,145.28467,0.0006398003,0.0,0.0003838802,0
-71.32219,143.86049,0.00063959666,0.0,0.00038375802,0
-70.98958,142.48534,0.00063903123,0.0,0.00038341875,0
-70.6467,141.16013,0.00063903094,0.0,0.00038341858,0
-70.29461,139.8812,0.00064255076,0.0,0.00038553047,0
-69.93333,138.65012,0.0006505449,0.0,0.00039032695,0
-69.56398,137.46231,0.00066153536,0.0,0.00039692124,0
-69.18646,136.31964,0.0006679275,0.0,0.00040075651,0
-68.80184,135.21756,0.00065795804,0.0,0.00039477483,0
-68.41011,134.15706,0.00064294983,0.0,0.0003857699,0
-68.012054,133.13466,0.0006109192,0.0,0.00036655154,0
-67.60784,132.15039,0.00068748515,0.0,0.00041249112,0
-67.19802,131.20168,0.0014615316,0.0,0.000876919,0
-66.78289,130.2878,0.007096583,0.0,0.00425795,0
-66.362816,129.40697,0.78490883,0.37167272,0.6196144,2
-65.93814,128.55782,0.9807206,0.9914702,0.98502046,3
-65.50914,127.739334,0.97788507,0.747526,0.8857415,3
-65.07619,126.949615,0.9508069,0.94441825,0.9482515,3
-64.639435,126.1883,0.936669,0.29797938,0.6811932,2
-64.19931,125.45307,0.87888044,0.0,0.5273283,2
-63.75588,124.74411,0.8620862,0.0,0.51725173,2
-63.309566,124.05879,0.84491813,0.0,0.5069509,2
-62.860397,123.39774,0.83960634,0.0,0.50376385,2
-62.408768,122.75827,0.8254743,0.0,0.49528462,1
-61.95472,122.14093,0.80235285,0.0,0.48141173,1
-61.498566,121.543495,0.7796685,0.0,0.46780112,1
-61.04039,120.96613,0.6286129,0.0,0.37716773,1
-60.58043,120.407196,0.4612849,0.0,0.27677095,1
-60.11879,119.866455,0.4188661,0.0,0.25131968,1
-59.655663,119.342804,0.2060354,0.0,0.12362125,0
-59.191162,118.83568,0.021429773,0.0,0.012857865,0
-58.72544,118.344376,0.0027749569,0.0,0.0016649741,0
-58.25862,117.8681,0.0009157075,0.0,0.0005494245,0
-57.790825,117.40653,0.00069648447,0.0,0.0004178907,0
-57.322178,116.95863,0.0006408026,0.0,0.0003844816,0
-56.852768,116.52437,0.000636368,0.0,0.0003818208,0
-56.382725,116.10256,0.00063794776,0.0,0.00038276866,0
-55.91213,115.69345,0.00063820404,0.0,0.00038292244,0
-55.441097,115.29573,0.0006383333,0.0,0.000383,0
-54.9697,114.90977,0.00063845195,0.0,0.0003830712,0
-54.49804,114.53435,0.00063645106,0.0,0.00038187066,0
-54.026188,114.16968,0.00063851377,0.0,0.00038310827,0
-53.55423,113.81485,0.00061591144,0.0,0.00036954688,0
-53.082237,113.469864,0.00058596703,0.0,0.00035158024,0
-52.610283,113.13408,0.0006016315,0.0,0.00036097888,0
-52.13844,112.80731,0.00078726263,0.0,0.00047235758,0
-51.926792,-113.60823,0.0012575969,0.0,0.0007545582,0
-52.3952,-113.943756,0.0009086667,0.0,0.0005452,0
-52.863636,-114.28844,0.00062122586,0.0,0.00037273552,0
-53.332035,-114.642426,0.00063243276,0.0,0.00037945967,0
-53.800312,-115.00639,0.0006374557,0.0,0.00038247346,0
-54.268402,-115.380325,0.0006379955,0.0,0.0003827973,0
-54.736202,-115.76512,0.0006383699,0.0,0.00038302195,0
-55.203648,-116.16057,0.00063837104,0.0,0.00038302265,0
-55.67063,-116.5679,0.00063837104,0.0,0.00038302265,0
-56.137085,-116.986694,0.00063837104,0.0,0.00038302265,0
-56.60287,-117.418304,0.00063837104,0.0,0.00038302265,0
-57.067932,-117.86244,0.00063837104,0.0,0.00038302265,0
-57.532116,-118.32031,0.00063837104,0.014293498,0.0061004222,0
-57.995342,-118.791916,0.00063837104,0.34467354,0.13825244,0
-58.45747,-119.27829,0.00063837133,0.85275465,0.34148487,1
-58.91839,-119.77971,0.0006383668,0.6704943,0.26858076,1
-59.377956,-120.29698,0.00063835795,0.053971022,0.021971423,0
-59.83603,-120.83081,0.0006378137,0.0,0.00038268825,0
-60.292492,-121.38168,0.00063847785,0.0,0.00038308674,0
-60.747135,-121.950745,0.0006355685,0.0,0.00038134112,0
-61.199867,-122.53816,0.00064928905,0.0,0.00038957346,0
-61.650425,-123.145546,0.0006964885,0.0,0.0004178931,0
-62.098747,-123.77271,0.000689955,0.0,0.00041397303,0
-62.544495,-124.42183,0.00079303735,0.0,0.00047582242,0
-62.98764,-125.09232,0.0016811041,0.0,0.0010086625,0
-63.42777,-125.786835,0.011196583,0.0,0.0067179496,0
-63.86487,-126.50468,0.35371807,0.0,0.21223085,0
-64.29851,-127.248405,0.61007833,0.0,0.36604702,1
-64.72861,-128.01778,0.80663204,0.0,0.48397925,1
-65.154755,-128.81506,0.9249883,0.0,0.55499303,2
-65.576775,-129.64049,0.9827776,0.0,0.5896666,2
-65.99432,-130.49593,0.9867966,0.0,0.592078,2
-66.4071,-131.38223,0.9859076,0.0,0.59154457,2
-66.8148,-132.30072,0.9904283,0.0,0.594257,2
-67.21698,-133.253,0.99128705,0.0,0.5947723,2
-67.61344,-134.23969,0.99115026,0.0,0.5946902,2
-68.00358,-135.2632,0.9912014,0.0,0.59472084,2
-68.38727,-136.3234,0.991176,0.0,0.59470564,2
-68.76371,-137.42352,0.991159,0.0,0.59469545,2
-69.132904,-138.56252,0.99115086,0.0,0.59469056,2
-69.49384,-139.74455,0.99117684,0.0,0.5947061,2
-69.84661,-140.96779,0.9911793,0.0,0.5947076,2
-70.19011,-142.23639,0.9911742,0.0,0.59470457,2
-70.52435,-143.5487,0.9911822,0.0,0.59470934,2
-70.84829,-144.90808,0.9911841,0.0,0.59471047,2
-71.16175,-146.31343,0.99119484,0.195115,0.67276293,2
-71.46383,-147.76694,0.9912191,0.9912343,0.99122524,3
-71.754105,-149.26804,0.991055,0.9861405,0.98908925,3
-72.031845,-150.8175,0.9907039,0.90724534,0.95732045,3
-72.29643,-152.41536,0.9892792,0.045036536,0.61158216,2
-72.5473,-154.06078,0.9890444,0.0,0.5934267,2
-72.78356,-155.75406,0.99012077,0.41110834,0.75851583,3
-73.005,-157.49278,0.98995095,0.9125261,0.95898104,3
-73.21034,-159.2774,0.98849547,0.07599758,0.62349635,2
-73.39981,-161.10385,0.98957705,0.33340034,0.7271064,2
-73.571754,-162.97241,0.9875823,0.7821301,0.90540147,3
-73.72681,-164.87762,0.96437854,0.075506166,0.6088296,2
-73.8631,-166.81908,0.9713732,0.0,0.58282393,2
-73.98148,-168.79074,0.9657287,0.0,0.57943726,2
-74.080345,-170.79044,0.9745701,0.12532595,0.63487244,2
-74.1603,-172.81245,0.97016954,0.97293997,0.9712777,3
-74.220245,-174.85294,0.9555776,0.21858013,0.66077864,2
-74.260544,-176.9064,0.94798774,0.0,0.56879264,2
-74.280624,-178.96791,0.9371605,0.0,0.56229633,2
-74.280624,178.96791,0.94128513,0.0,0.5647711,2
-74.260544,176.9064,0.9445167,0.0,0.56671005,2
-74.220245,174.85294,0.9435646,0.0,0.5661388,2
-74.1603,172.81245,0.96138126,0.14685139,0.63556933,2
-74.080345,170.79044,0.9895353,0.7765203,0.9043293,3
-73.98148,168.79074,0.9906855,0.17776875,0.6655188,2
-73.8631,166.81908,0.9754484,0.0,0.5852691,2
-73.72681,164.87762,0.0043255384,0.0,0.0025953231,0
-73.571754,162.97241,0.0010568268,0.0,0.0006340961,0
-73.39981,161.10385,0.0006986407,0.0,0.00041918445,0
-73.21034,159.2774,0.0006342185,0.0,0.00038053113,0
-73.005,157.49278,0.0006350668,0.0,0.00038104012,0
-72.78356,155.75406,0.0006449598,0.0,0.0003869759,0
-72.5473,154.06078,0.00064021995,0.0,0.000384132,0
-72.29643,152.41536,0.0006408249,0.0,0.00038449495,0
-72.031845,150.8175,0.00064339454,0.0,0.00038603673,0
-71.754105,149.26804,0.0006499704,0.0,0.00038998225,0
-71.46383,147.76694,0.00065419823,0.0,0.00039251897,0
-71.16175,146.31343,0.00065595825,0.0,0.00039357497,0
-70.84829,144.90808,0.0006553905,0.0,0.0003932343,0
-70.52435,143.5487,0.000652494,0.0,0.00039149643,0
-70.19011,142.23639,0.00065423344,0.0,0.0003925401,0
-69.84661,140.96779,0.00065789314,0.0,0.0003947359,0
-69.49384,139.74455,0.0006709075,0.0,0.0004025445,0
-69.132904,138.56252,0.0006683647,0.0,0.00040101883,0
-68.76371,137.42352,0.0006649814,0.0,0.00039898884,0
-68.38727,136.3234,0.00064934784,0.0,0.00038960873,0
-68.00358,135.2632,0.00063237734,0.0,0.00037942643,0
-67.61344,134.23969,0.00066978787,0.0,0.00040187273,0
-67.21698,133.253,0.0014144778,0.0,0.00084868673,0
-66.8148,132.30072,0.0028563424,0.019931039,0.009686221,0
-66.4071,131.38223,0.029247114,0.094218664,0.055235736,0
-65.99432,130.49593,0.718172,0.22689681,0.52166194,2
-65.576775,129.64049,0.94576985,0.8713794,0.91601366,3
-65.154755,128.81506,0.9661628,0.99842894,0.97906935,3
-64.72861,128.01778,0.9650195,0.3715176,0.7276188,2
-64.29851,127.248405,0.9064938,0.0,0.5438963,2
-63.86487,126.50468,0.84748816,0.0,0.50849295,2
-63.42777,125.786835,0.83889216,0.0,0.5033353,2
-62.98764,125.09232,0.8010905,0.0,0.4806543,1
-62.544495,124.42183,0.83483124,0.0,0.5008988,2
-62.098747,123.77271,0.84327704,0.0,0.50596625,2
-61.650425,123.145546,0.76541305,0.0,0.45924786,1
-61.199867,122.53816,0.5768454,0.0,0.34610724,1
-60.747135,121.950745,0.21578835,0.0,0.12947302,0
-60.292492,121.38168,0.03975697,0.0,0.023854183,0
-59.83603,120.83081,0.02899534,0.0,0.017397204,0
-59.377956,120.29698,0.008979312,0.0,0.0053875875,0
-58.91839,119.77971,0.0022198574,0.0,0.0013319144,0
-58.45747,119.27829,0.0009870051,0.0,0.00059220305,0
-57.995342,118.791916,0.0007308606,0.0,0.00043851635,0
-57.532116,118.32031,0.0006666909,0.0,0.00040001454,0
-57.067932,117.86244,0.0006413222,0.0,0.00038479335,0
-56.60287,117.418304,0.00063785136,0.0,0.00038271083,0
-56.137085,116.986694,0.00063819677,0.0,0.00038291808,0
-55.67063,116.5679,0.0006383157,0.0,0.00038298944,0
-55.203648,116.16057,0.0006383607,0.0,0.00038301642,0
-54.736202,115.76512,0.0006384553,0.0,0.0003830732,0
-54.268402,115.380325,0.0006364523,0.0,0.0003818714,0
-53.800312,115.00639,0.00063851377,0.0,0.00038310827,0
-53.332035,114.642426,0.00061591144,0.0,0.00036954688,0
-52.863636,114.28844,0.00058596703,0.0,0.00035158024,0
-52.3952,113.943756,0.0006016315,0.0,0.00036097888,0
-51.926792,113.60823,0.00078726263,0.0,0.00047235758,0
-51.708355,-114.399155,0.0012575969,0.0,0.0007545582,0
-52.173256,-114.74307,0.0009086667,0.0,0.0005452,0
-52.638107,-115.09624,0.00062122586,0.0,0.00037273552,0
-53.102837,-115.45883,0.00063243276,0.0,0.00037945967,0
-53.567368,-115.831505,0.0006374557,0.0,0.00038247346,0
-54.031612,-116.214226,0.0006379955,0.0,0.0003827973,0
-54.495483,-116.607925,0.0006383699,0.0,0.00038302195,0
-54.958916,-117.012344,0.00063837104,0.0,0.00038302265,0
-55.42178,-117.42876,0.00063837104,0.0,0.00038302265,0
-55.884026,-117.856705,0.00063837104,0.0,0.00038302265,0
-56.345493,-118.29753,0.00063837104,0.0,0.00038302265,0
-56.80614,-118.750946,0.00063837104,0.0,0.00038302265,0
-57.265793,-119.218155,0.00063837104,0.062228203,0.025274305,0
-57.72439,-119.69912,0.00063837104,0.9209118,0.36874774,1
-58.18177,-120.19487,0.00063837104,0.8276349,0.33143696,1
-58.63783,-120.70569,0.0006383699,0.8849779,0.35437417,1
-59.092415,-121.23236,0.00063837593,0.52840835,0.21174636,0
-59.545387,-121.77554,0.0006381055,0.02920451,0.012064667,0
-59.99662,-122.33574,0.00063833426,0.0,0.00038300056,0
-60.445908,-122.914,0.0006384988,0.0,0.0003830993,0
-60.893154,-123.51056,0.0006546607,0.0,0.00039279644,0
-61.338093,-124.12694,0.00068085536,0.0,0.00040851324,0
-61.780663,-124.76292,0.00075706816,0.0,0.00045424092,0
-62.220505,-125.42064,0.00071027223,0.0,0.00042616334,0
-62.657616,-126.09949,0.0009361325,0.0,0.00056167954,0
-63.09156,-126.80203,0.0020755227,0.0,0.0012453137,0
-63.52233,-127.52757,0.017537914,0.0,0.010522749,0
-63.949486,-128.27856,0.40764764,0.0,0.2445886,0
-64.37297,-129.05473,0.7865696,0.0,0.47194177,1
-64.792336,-129.85822,0.96316403,0.0,0.57789844,2
-65.20744,-130.68925,0.98702,0.0,0.592212,2
-65.617905,-131.54953,0.98900324,0.0,0.59340197,2
-66.02347,-132.43988,0.9897399,0.0,0.59384394,2
-66.42379,-133.36148,0.99071044,0.0,0.5944263,2
-66.81848,-134.31581,0.99094653,0.0,0.59456795,2
-67.207306,-135.30342,0.9911356,0.0,0.5946814,2
-67.58967,-136.32654,0.99118876,0.0,0.5947133,2
-67.965454,-137.38489,0.99117905,0.0,0.5947074,2
-68.33389,-138.48157,0.9911758,0.0,0.59470546,2
-68.69499,-139.61539,0.9911765,0.0,0.59470594,2
-69.04772,-140.79025,0.99116045,0.0,0.5946963,2
-69.392235,-142.00427,0.9911747,0.0,0.59470487,2
-69.72742,-143.26129,0.9911759,0.0,0.5947056,2
-70.053314,-144.5596,0.9911753,0.0,0.5947052,2
-70.36889,-145.9022,0.991181,0.0,0.5947086,2
-70.67403,-147.28796,0.9911747,0.10947774,0.638496,2
-70.96781,-148.71875,0.99119884,0.9166188,0.9613669,3
-71.24989,-150.19392,0.9911417,0.3934293,0.7520567,3
-71.51957,-151.71405,0.99066013,0.11890775,0.6419592,2
-71.77623,-153.27893,0.9907636,0.07279335,0.6235755,2
-72.01941,-154.88773,0.99111533,0.013449569,0.6000491,2
-72.24822,-156.54056,0.9910978,0.24985217,0.6945996,2
-72.46252,-158.23502,0.99091876,0.64911896,0.8541988,3
-72.661064,-159.97144,0.9907907,0.043918226,0.6120417,2
-72.84413,-161.74594,0.9903937,0.0,0.59423625,2
-73.01015,-163.5587,0.99012077,0.017977372,0.6012634,2
-73.15976,-165.4047,0.98075175,0.0,0.5884511,2
-73.29119,-167.28339,0.9709409,0.0,0.58256453,2
-73.40528,-169.18933,0.9641583,0.0,0.578495,2
-73.50052,-171.12048,0.956985,0.27851772,0.68559813,2
-73.577515,-173.07172,0.95699507,0.9657859,0.96051145,3
-73.635216,-175.03946,0.9580594,0.15192963,0.6356075,2
-73.673996,-177.01889,0.9656794,0.19956256,0.65923274,2
-73.69332,-179.0055,0.96698326,0.16492538,0.6461601,2
-73.69332,179.0055,0.9584772,0.55499613,0.7970848,3
-73.673996,177.01889,0.9348635,0.25700608,0.6637206,2
-73.635216,175.03946,0.91993886,0.027158514,0.56282675,2
-73.577515,173.07172,0.91927665,0.65122294,0.81205523,3
-73.50052,171.12048,0.96418697,0.58734375,0.8134497,3
-73.40528,169.18933,0.9111422,0.06631512,0.5732114,2
-73.29119,167.28339,0.00549261,0.0,0.0032955662,0
-73.15976,165.4047,0.002957467,0.0,0.0017744802,0
-73.01015,163.5587,0.0010003161,0.0,0.00060018967,0
-72.84413,161.74594,0.00075633015,0.0,0.0004537981,0
-72.661064,159.97144,0.00064838835,0.0,0.00038903303,0
-72.46252,158.23502,0.0006554611,0.0,0.00039327668,0
-72.24822,156.54056,0.00065785175,0.0,0.00039471107,0
-72.01941,154.88773,0.00065701245,0.0,0.00039420748,0
-71.77623,153.27893,0.00065997307,0.0,0.00039598387,0
-71.51957,151.71405,0.00066703436,0.0,0.00040022063,0
-71.24989,150.19392,0.00066756096,0.0,0.0004005366,0
-70.96781,148.71875,0.00066266896,0.0,0.0003976014,0
-70.67403,147.28796,0.00065564696,0.0,0.00039338818,0
-70.36889,145.9022,0.0006448123,0.0,0.0003868874,0
-70.053314,144.5596,0.00065819256,0.0,0.00039491555,0
-69.72742,143.26129,0.0006537573,0.0,0.0003922544,0
-69.392235,142.00427,0.0006614878,0.0,0.0003968927,0
-69.04772,140.79025,0.0006483856,0.0,0.0003890314,0
-68.69499,139.61539,0.000658016,0.0,0.0003948096,0
-68.33389,138.48157,0.00065268524,0.0,0.00039161116,0
-67.965454,137.38489,0.00066426746,0.0,0.00039856049,0
-67.58967,136.32654,0.00080196856,0.0,0.00048118117,0
-67.207306,135.30342,0.0010377982,0.0,0.00062267896,0
-66.81848,134.31581,0.003269629,0.0,0.0019617775,0
-66.42379,133.36148,0.033866446,0.32335383,0.14966139,0
-66.02347,132.43988,0.86949193,0.9866513,0.9163557,3
-65.617905,131.54953,0.91410935,0.7319189,0.84123313,3
-65.20744,130.68925,0.9301828,0.9331882,0.931385,3
-64.792336,129.85822,0.9525899,0.94305545,0.9487762,3
-64.37297,129.05473,0.9492195,0.095049985,0.60755175,2
-63.949486,128.27856,0.8740435,0.0,0.52442616,2
-63.52233,127.52757,0.8067658,0.0,0.48405948,1
-63.09156,126.80203,0.8013444,0.0,0.48080665,1
-62.657616,126.09949,0.79505974,0.0,0.47703585,1
-62.220505,125.42064,0.79959226,0.0,0.47975537,1
-61.780663,124.76292,0.77263427,0.0,0.46358058,1
-61.338093,124.12694,0.6912005,0.0,0.41472033,1
-60.893154,123.51056,0.5519762,0.0,0.33118573,1
-60.445908,122.914,0.15480682,0.0,0.09288409,0
-59.99662,122.33574,0.010086139,0.0,0.0060516833,0
-59.545387,121.77554,0.0030678357,0.0,0.0018407014,0
-59.092415,121.23236,0.0010326648,0.0,0.0006195989,0
-58.63783,120.70569,0.0007727304,0.0,0.00046363825,0
-58.18177,120.19487,0.0006650371,0.0,0.00039902228,0
-57.72439,119.69912,0.00064112025,0.0,0.00038467217,0
-57.265793,119.218155,0.00063905923,0.0,0.00038343554,0
-56.80614,118.750946,0.00063768786,0.0,0.00038261272,0
-56.345493,118.29753,0.00063808245,0.0,0.00038284948,0
-55.884026,117.856705,0.0006383306,0.0,0.00038299838,0
-55.42178,117.42876,0.00063835405,0.0,0.00038301243,0
-54.958916,117.012344,0.0006383686,0.0,0.00038302116,0
-54.495483,116.607925,0.00063845626,0.0,0.00038307378,0
-54.031612,116.214226,0.0006364523,0.0,0.0003818714,0
-53.567368,115.831505,0.00063851406,0.0,0.00038310845,0
-53.102837,115.45883,0.00061591144,0.0,0.00036954688,0
-52.638107,115.09624,0.00058596703,0.0,0.00035158024,0
-52.173256,114.74307,0.0006016315,0.0,0.00036097888,0
-51.708355,114.399155,0.00078726263,0.0,0.00047235758,0
-51.483646,-115.18051,0.0012575969,0.0,0.0007545582,0
-51.944984,-115.532455,0.0009086667,0.0,0.0005452,0
-52.40619,-115.89374,0.00062122586,0.0,0.00037273552,0
-52.867188,-116.26454,0.00063243276,0.0,0.00037945967,0
-53.3279,-116.64551,0.0006374557,0.0,0.00038247346,0
-53.788246,-117.036606,0.0006379955,0.0,0.0003827973,0
-54.24813,-117.43876,0.0006383699,0.0,0.00038302195,0
-54.707485,-117.8517,0.00063837104,0.0,0.00038302265,0
-55.166172,-118.27667,0.00063837104,0.0,0.00038302265,0
-55.624146,-118.71326,0.00063837104,0.0,0.00038302265,0
-56.08125,-119.16278,0.00063837104,0.0,0.00038302265,0
-56.537422,-119.62491,0.00063837104,0.0,0.00038302265,0
-56.992504,-120.100845,0.00063837104,0.0,0.00038302265,0
-57.446415,-120.590576,0.00063837104,0.23813838,0.09563837,0
-57.899002,-121.095055,0.00063837104,0.27007884,0.10841455,0
-58.35016,-121.61462,0.00063837104,0.34462902,0.13823463,0
-58.79972,-122.14998,0.00063837954,0.92778003,0.37149504,1
-59.247555,-122.70178,0.0006382743,0.08337162,0.03373161,0
-59.693527,-123.27051,0.00063838443,0.0,0.00038303068,0
-60.137432,-123.85721,0.0006395732,0.0,0.00038374393,0
-60.579163,-124.46205,0.0006450938,0.0,0.0003870563,0
-61.018456,-125.08654,0.0006756806,0.0,0.00040540835,0
-61.455254,-125.73043,0.0006894203,0.0,0.00041365222,0
-61.889194,-126.395805,0.0007144228,0.0,0.0004286537,0
-62.320267,-127.08202,0.0007686837,0.0,0.00046121023,0
-62.748035,-127.79159,0.0012708247,0.0,0.00076249486,0
-63.172497,-128.52374,0.007163701,0.0,0.004298221,0
-63.593193,-129.2809,0.29382676,0.0,0.17629606,0
-64.010086,-130.06274,0.60105145,0.0,0.36063087,1
-64.42272,-130.87128,0.9178957,0.0,0.55073744,2
-64.83096,-131.7067,0.9840752,0.0,0.59044516,2
-65.23443,-132.57059,0.99027467,0.0,0.59416485,2
-65.63284,-133.46373,0.9902874,0.0,0.5941725,2
-66.0259,-134.38718,0.9911964,0.0,0.59471786,2
-66.4132,-135.3423,0.9911069,0.0,0.59466416,2
-66.794495,-136.32951,0.9912177,0.0,0.5947306,2
-67.169235,-137.35092,0.9911993,0.0,0.5947196,2
-67.537285,-138.40619,0.99119097,0.0,0.5947146,2
-67.89789,-139.49815,0.9911931,0.0,0.5947159,2
-68.251076,-140.62558,0.99117285,0.0,0.59470373,2
-68.595825,-141.79213,0.9911732,0.0,0.594704,2
-68.932304,-142.99586,0.9911663,0.0,0.5946998,2
-69.259415,-144.24031,0.9911699,0.0,0.594702,2
-69.57724,-145.52376,0.99116737,0.0,0.59470046,2
-69.88475,-146.84889,0.9911794,0.0,0.59470767,2
-70.181854,-148.21454,0.9912025,0.022646673,0.60378015,2
-70.46769,-149.62228,0.99125767,0.60315424,0.83601636,3
-70.74192,-151.07143,0.9912847,0.845653,0.93303204,3
-71.003876,-152.56236,0.9908676,0.9587809,0.97803295,3
-71.253,-154.09477,0.9911902,0.97972673,0.98660487,3
-71.488846,-155.66774,0.991319,0.55945295,0.8185726,3
-71.71059,-157.28125,0.9908207,0.15313938,0.6557482,2
-71.9181,-158.933,0.9912758,0.034180317,0.6084376,2
-72.110245,-160.62314,0.9908586,0.0,0.5945152,2
-72.28727,-162.34805,0.98973197,0.0,0.5938392,2
-72.44771,-164.10779,0.99007577,0.0,0.59404546,2
-72.5922,-165.8977,0.98046505,0.0,0.58827907,2
-72.71908,-167.71725,0.97400314,0.0,0.5844019,2
-72.829155,-169.56145,0.9673441,0.0,0.5804065,2
-72.92099,-171.42836,0.97159,0.56357,0.80838203,3
-72.995224,-173.31339,0.9747567,0.7127022,0.8699349,3
-73.050835,-175.21329,0.96755445,0.8057368,0.9028274,3
-73.0882,-177.12366,0.9556462,0.87461066,0.923232,3
-73.10683,-179.0405,0.9576933,0.24410577,0.6722583,2
-73.10683,179.0405,0.94232833,0.613038,0.8106122,3
-73.0882,177.12366,0.89222515,0.9836243,0.92878485,3
-73.050835,175.21329,0.8890111,0.37132695,0.68193746,2
-72.995224,173.31339,0.88226664,0.2653998,0.6355199,2
-72.92099,171.42836,0.8602407,0.9462556,0.8946467,3
-72.829155,169.56145,0.011615934,0.104728274,0.04886087,0
-72.71908,167.71725,0.006434239,0.0,0.0038605435,0
-72.5922,165.8977,0.0014234924,0.0,0.0008540955,0
-72.44771,164.10779,0.0009216483,0.0,0.000552989,0
-72.28727,162.34805,0.00058572664,0.0,0.000351436,0
-72.110245,160.62314,0.00061973353,0.0,0.00037184014,0
-71.9181,158.933,0.00062172336,0.0,0.00037303404,0
-71.71059,157.28125,0.0006375612,0.0,0.00038253673,0
-71.488846,155.66774,0.0006417383,0.0,0.000385043,0
-71.253,154.09477,0.0006636037,0.0,0.00039816226,0
-71.003876,152.56236,0.00064909447,0.0,0.0003894567,0
-70.74192,151.07143,0.00064573786,0.0,0.00038744273,0
-70.46769,149.62228,0.0006419331,0.0,0.0003851599,0
-70.181854,148.21454,0.0006623283,0.0,0.000397397,0
-69.88475,146.84889,0.0006876571,0.0,0.00041259427,0
-69.57724,145.52376,0.0006662989,0.0,0.00039977935,0
-69.259415,144.24031,0.0006881321,0.0,0.00041287925,0
-68.932304,142.99586,0.0006299294,0.0,0.00037795768,0
-68.595825,141.79213,0.00066769845,0.0,0.0004006191,0
-68.251076,140.62558,0.0006253708,0.0,0.0003752225,0
-67.89789,139.49815,0.0008091173,0.0,0.00048547037,0
-67.537285,138.40619,0.0009897848,0.0,0.00059387094,0
-67.169235,137.35092,0.0018509431,0.0,0.0011105658,0
-66.794495,136.32951,0.016147107,0.0,0.009688265,0
-66.4132,135.3423,0.03951768,0.0,0.023710608,0
-66.0259,134.38718,0.61935085,0.0648408,0.39754683,1
-65.63284,133.46373,0.85592574,0.6648272,0.77948636,3
-65.23443,132.57059,0.90395826,0.9950338,0.9403885,3
-64.83096,131.7067,0.9422868,0.99994123,0.9653486,3
-64.42272,130.87128,0.9559067,0.6745111,0.8433485,3
-64.010086,130.06274,0.91759694,0.14042649,0.6067288,2
-63.593193,129.2809,0.8110869,0.0,0.48665217,1
-63.172497,128.52374,0.6603925,0.0,0.39623553,1
-62.748035,127.79159,0.666834,0.0,0.4001004,1
-62.320267,127.08202,0.6559791,0.0,0.39358747,1
-61.889194,126.395805,0.54948974,0.0,0.32969385,1
-61.455254,125.73043,0.46880007,0.0,0.28128004,1
-61.018456,125.08654,0.40389305,0.0,0.24233584,0
-60.579163,124.46205,0.38339648,0.0,0.2300379,0
-60.137432,123.85721,0.1673068,0.0,0.10038408,0
-59.693527,123.27051,0.0053594415,0.0,0.003215665,0
-59.247555,122.70178,0.0010591581,0.0,0.0006354949,0
-58.79972,122.14998,0.00066905934,0.0,0.00040143562,0
-58.35016,121.61462,0.0006286983,0.0,0.00037721902,0
-57.899002,121.095055,0.0006268519,0.0,0.00037611116,0
-57.446415,120.590576,0.0006311012,0.0,0.00037866074,0
-56.992504,120.100845,0.00063621515,0.0,0.0003817291,0
-56.537422,119.62491,0.0006379809,0.0,0.00038278854,0
-56.08125,119.16278,0.00063819066,0.0,0.0003829144,0
-55.624146,118.71326,0.00063835585,0.0,0.00038301354,0
-55.166172,118.27667,0.000638368,0.0,0.00038302082,0
-54.707485,117.8517,0.0006383699,0.0,0.00038302195,0
-54.24813,117.43876,0.0006384559,0.0,0.00038307355,0
-53.788246,117.036606,0.0006364523,0.0,0.0003818714,0
-53.3279,116.64551,0.00063851406,0.0,0.00038310845,0
-52.867188,116.26454,0.00061591144,0.0,0.00036954688,0
-52.40619,115.89374,0.00058596703,0.0,0.00035158024,0
-51.944984,115.532455,0.0006016315,0.0,0.00036097888,0
-51.483646,115.18051,0.00078726263,0.0,0.00047235758,0
-51.252644,-115.95193,0.0012575969,0.0,0.0007545582,0
-51.71035,-116.31152,0.0009086667,0.0,0.0005452,0
-52.167847,-116.68056,0.00062122586,0.0,0.00037273552,0
-52.62506,-117.05916,0.00063243276,0.0,0.00037945967,0
-53.081894,-117.448006,0.0006374557,0.0,0.00038247346,0
-53.538296,-117.84704,0.0006379955,0.0,0.0003827973,0
-53.994133,-118.25719,0.0006383699,0.0,0.00038302195,0
-54.449352,-118.67818,0.00063837104,0.0,0.00038302265,0
-54.903812,-119.11125,0.00063837104,0.0,0.00038302265,0
-55.357464,-119.55595,0.00063837104,0.0,0.00038302265,0
-55.810146,-120.0136,0.00063837104,0.0,0.00038302265,0
-56.261803,-120.48388,0.00063837104,0.0,0.00038302265,0
-56.712257,-120.96797,0.00063837104,0.0,0.00038302265,0
-57.16145,-121.465836,0.00063837104,0.0,0.00038302265,0
-57.609203,-121.97845,0.00063837104,0.0,0.00038302265,0
-58.055412,-122.506035,0.00063837104,0.18885183,0.075923756,0
-58.49992,-123.04938,0.00063837564,0.9910519,0.3968038,1
-58.94258,-123.60907,0.00063833763,0.11128578,0.044897314,0
-59.38327,-124.18559,0.0006383014,0.0,0.00038298088,0
-59.821762,-124.779915,0.00063843554,0.0,0.00038306133,0
-60.257973,-125.39221,0.00063854054,0.0,0.00038312434,0
-60.691616,-126.02395,0.0006484452,0.0,0.00038906714,0
-61.122646,-126.674866,0.00064995803,0.0,0.00038997483,0
-61.550674,-127.34697,0.00062343676,0.0,0.00037406207,0
-61.975727,-128.0396,0.0007787492,0.0,0.0004672495,0
-62.397327,-128.75517,0.0012210406,0.0,0.0007326244,0
-62.815506,-129.49295,0.009920079,0.0,0.0059520476,0
-63.229786,-130.25522,0.33428636,0.0,0.20057182,0
-63.640125,-131.04161,0.5788019,0.0,0.34728113,1
-64.04608,-131.85408,0.8565118,0.0,0.5139071,2
-64.447525,-132.69275,0.97538924,0.0,0.58523357,2
-64.84406,-133.55913,0.98947096,0.0,0.5936826,2
-65.235435,-134.45387,0.99064577,0.0,0.5943875,2
-65.62132,-135.37794,0.99097836,0.0,0.594587,2
-66.00134,-136.33266,0.9910931,0.0,0.5946559,2
-66.37526,-137.3183,0.99119747,0.0,0.5947185,2
-66.742516,-138.33682,0.9911561,0.0,0.59469366,2
-67.103004,-139.38783,0.9912004,0.0,0.59472024,2
-67.45596,-140.47395,0.99118716,0.0,0.5947123,2
-67.80144,-141.59393,0.99117404,0.0,0.59470445,2
-68.13843,-142.75116,0.991181,0.0,0.5947086,2
-68.46711,-143.94368,0.9911447,0.0,0.59468687,2
-68.786415,-145.17473,0.9911607,0.0,0.59469646,2
-69.09642,-146.44261,0.99117893,0.0,0.59470737,2
-69.396164,-147.74976,0.99118125,0.0,0.5947088,2
-69.68556,-149.09488,0.9911214,0.0,0.59467286,2
-69.96375,-150.47943,0.9911328,0.41707733,0.76151067,3
-70.23046,-151.9026,0.99074405,0.887554,0.9494681,3
-70.48504,-153.36464,0.9902362,0.9999799,0.9941337,3
-70.726974,-154.86517,0.9907631,0.99756354,0.9934833,3
-70.95586,-156.4032,0.99132955,0.9979585,0.9939811,3
-71.17088,-157.9786,0.99134505,0.9637625,0.98031205,3
-71.371994,-159.58922,0.99169075,0.56138957,0.8195703,3
-71.558075,-161.23502,0.99122006,0.27027738,0.702843,2
-71.729416,-162.91264,0.9896959,0.043501988,0.6112184,2
-71.88459,-164.62204,0.9906069,0.0,0.59436417,2
-72.024284,-166.35893,0.98997855,0.0,0.59398717,2
-72.14688,-168.12274,0.99011165,0.0,0.59406704,2
-72.2532,-169.9089,0.9891424,0.0,0.5934855,2
-72.341866,-171.71564,0.98759764,0.015132624,0.59861165,2
-72.413506,-173.53874,0.97670937,0.4953388,0.7841612,3
-72.46716,-175.3753,0.9632436,0.9102249,0.94203615,3
-72.50322,-177.22128,0.9555719,0.2698024,0.6812641,2
-72.52118,-179.07312,0.9469962,0.12734772,0.6191368,2
-72.52118,179.07312,0.95205086,0.07809982,0.60247046,2
-72.50322,177.22128,0.89262986,0.42702836,0.7063893,2
-72.46716,175.3753,0.84130704,0.9983157,0.90411055,3
-72.413506,173.53874,0.86356676,0.6579853,0.7813342,3
-72.341866,171.71564,0.9316324,0.75148165,0.8595721,3
-72.2532,169.9089,0.7451586,0.53294873,0.6602747,2
-72.14688,168.12274,0.008757421,0.0,0.0052544526,0
-72.024284,166.35893,0.0020308665,0.0,0.0012185199,0
-71.88459,164.62204,0.00063822354,0.0,0.00038293414,0
-71.729416,162.91264,0.00061939843,0.0,0.00037163906,0
-71.558075,161.23502,0.00060700387,0.0,0.00036420234,0
-71.371994,159.58922,0.0006370249,0.0,0.00038221493,0
-71.17088,157.9786,0.0006286393,0.0,0.0003771836,0
-70.95586,156.4032,0.0006523979,0.0,0.00039143878,0
-70.726974,154.86517,0.0006644451,0.0,0.0003986671,0
-70.48504,153.36464,0.00068876,0.0,0.00041325603,0
-70.23046,151.9026,0.0006169257,0.0,0.00037015544,0
-69.96375,150.47943,0.00068007776,0.0,0.00040804668,0
-69.68556,149.09488,0.0008549046,0.0,0.0005129428,0
-69.396164,147.74976,0.00091098656,0.0,0.00054659194,0
-69.09642,146.44261,0.0010703014,0.0,0.00064218085,0
-68.786415,145.17473,0.0010095466,0.0,0.00060572795,0
-68.46711,143.94368,0.0009775315,0.0,0.00058651896,0
-68.13843,142.75116,0.0007176952,0.0,0.00043061716,0
-67.80144,141.59393,0.0010781058,0.0,0.0006468635,0
-67.45596,140.47395,0.0015659224,0.0,0.0009395535,0
-67.103004,139.38783,0.008267167,0.0,0.0049603004,0
-66.742516,138.33682,0.04059617,0.0,0.024357703,0
-66.37526,137.3183,0.5267909,0.0,0.31607455,1
-66.00134,136.33266,0.9088315,0.2502943,0.6454167,2
-65.62132,135.37794,0.18022382,0.7850468,0.42215303,1
-65.235435,134.45387,0.895503,0.9171562,0.9041643,3
-64.84406,133.55913,0.9257613,0.89836305,0.9148021,3
-64.447525,132.69275,0.95004094,0.5586891,0.79350024,3
-64.04608,131.85408,0.9344272,0.03927546,0.57636654,2
-63.640125,131.04161,0.86983657,0.0,0.52190197,2
-63.229786,130.25522,0.7397329,0.0,0.44383976,1
-62.815506,129.49295,0.53591853,0.0,0.32155114,1
-62.397327,128.75517,0.6884203,0.0,0.4130522,1
-61.975727,128.0396,0.5802109,0.0,0.34812656,1
-61.550674,127.34697,0.15401208,0.0,0.09240726,0
-61.122646,126.674866,0.02437323,0.0,0.014623938,0
-60.691616,126.02395,0.022019718,0.0,0.013211831,0
-60.257973,125.39221,0.027389538,0.0,0.016433723,0
-59.821762,124.779915,0.009294307,0.0,0.0055765845,0
-59.38327,124.18559,0.0017123275,0.0,0.0010273965,0
-58.94258,123.60907,0.000801267,0.0,0.0004807602,0
-58.49992,123.04938,0.0006528837,0.0,0.00039173025,0
-58.055412,122.506035,0.0006341203,0.0,0.0003804722,0
-57.609203,121.97845,0.0006345928,0.0,0.0003807557,0
-57.16145,121.465836,0.00063625973,0.0,0.00038175585,0
-56.712257,120.96797,0.0006374093,0.0,0.00038244558,0
-56.261803,120.48388,0.0006381201,0.0,0.0003828721,0
-55.810146,120.0136,0.00063830777,0.0,0.00038298467,0
-55.357464,119.55595,0.0006383644,0.0,0.00038301866,0
-54.903812,119.11125,0.00063837075,0.0,0.00038302247,0
-54.449352,118.67818,0.00063837046,0.0,0.0003830223,0
-53.994133,118.25719,0.0006384559,0.0,0.00038307355,0
-53.538296,117.84704,0.0006364523,0.0,0.0003818714,0
-53.081894,117.448006,0.00063851406,0.0,0.00038310845,0
-52.62506,117.05916,0.00061591144,0.0,0.00036954688,0
-52.167847,116.68056,0.00058596703,0.0,0.00035158024,0
-51.71035,116.31152,0.0006016315,0.0,0.00036097888,0
-51.252644,115.95193,0.00078726263,0.0,0.00047235758,0
-51.015495,-116.7133,0.0012575969,0.0,0.0007545582,0
-51.46952,-117.0802,0.0009086667,0.0,0.0005452,0
-51.92326,-117.45659,0.00062122586,0.0,0.00037273552,0
-52.376633,-117.84262,0.00063243276,0.0,0.00037945967,0
-52.829544,-118.23894,0.0006374557,0.0,0.00038247346,0
-53.281933,-118.645485,0.0006379955,0.0,0.0003827973,0
-53.733673,-119.06318,0.0006383699,0.0,0.00038302195,0
-54.184715,-119.491745,0.00063837104,0.0,0.00038302265,0
-54.634895,-119.93241,0.00063837104,0.0,0.00038302265,0
-55.08419,-120.384735,0.00063837104,0.0,0.00038302265,0
-55.532402,-120.84999,0.00063837104,0.0,0.00038302265,0
-55.9795,-121.32789,0.00063837104,0.0,0.00038302265,0
-56.4253,-121.81955,0.00063837104,0.0,0.00038302265,0
-56.869728,-122.32494,0.00063837104,0.0,0.00038302265,0
-57.312614,-122.84502,0.00063837104,0.0,0.00038302265,0
-57.75385,-123.380035,0.00063837104,0.27572614,0.11067348,0
-58.19328,-123.93067,0.00063837226,0.9262131,0.37086827,1
-58.63075,-124.49756,0.0006383607,0.3094568,0.124165736,0
-59.06613,-125.081116,0.00063833094,0.35619432,0.14286074,0
-59.499207,-125.68232,0.0006380964,0.3731949,0.14966083,0
-59.929886,-126.3013,0.0006358263,0.039430846,0.016153835,0
-60.35788,-126.93947,0.0006399762,0.0,0.00038398572,0
-60.78313,-127.59656,0.0006212199,0.0,0.00037273197,0
-61.205276,-128.2745,0.00060014357,0.0,0.00036008615,0
-61.624313,-128.97263,0.0006983684,0.0,0.00041902106,0
-62.039783,-129.69331,0.0012867484,0.0,0.0007720491,0
-62.451706,-130.43571,0.012375337,0.0,0.0074252025,0
-62.859615,-131.2021,0.5005933,0.0,0.300356,1
-63.263466,-131.99203,0.69751567,0.0,0.41850942,1
-63.66281,-132.80742,0.89558846,0.0,0.5373531,2
-64.05753,-133.6483,0.96136725,0.0,0.5768204,2
-64.44722,-134.51608,0.9856881,0.0,0.5914129,2
-64.83164,-135.41135,0.9901933,0.0,0.59411603,2
-65.21048,-136.33499,0.99074274,0.0,0.59444565,2
-65.58335,-137.28821,0.99115294,0.0,0.5946918,2
-65.95003,-138.27121,0.99122554,0.0,0.5947353,2
-66.30995,-139.28583,0.99111474,0.0,0.59466887,2
-66.66304,-140.33156,0.99111956,0.0,0.5946718,2
-67.008545,-141.41087,0.99106795,0.0,0.5946408,2
-67.34651,-142.52248,0.9911493,0.0,0.5946896,2
-67.67596,-143.66953,0.9911959,0.0,0.59471756,2
-67.99708,-144.85007,0.9912544,0.0,0.59475267,2
-68.30882,-146.0671,0.9912373,0.0,0.5947424,2
-68.6113,-147.31888,0.99121666,0.0,0.59473,2
-68.90354,-148.6076,0.991214,0.0,0.5947284,2
-69.18551,-149.93202,0.99113125,0.10978892,0.6385943,2
-69.456375,-151.29333,0.99116665,0.92149216,0.9632969,3
-69.71588,-152.69073,0.9907442,0.78662086,0.9090949,3
-69.963425,-154.12428,0.989354,0.16914986,0.6612724,2
-70.198494,-155.5936,0.9875674,0.8937453,0.9500387,3
-70.420746,-157.09763,0.98823535,0.84904706,0.9325601,3
-70.62941,-158.6362,0.97859293,0.4266854,0.7578299,3
-70.82444,-160.20718,0.9902732,0.99866563,0.9936302,3
-71.00478,-161.81053,0.9915434,0.9464094,0.9734898,3
-71.17075,-163.44305,0.9906819,0.36226758,0.7393162,2
-71.320984,-165.10464,0.9908154,0.0,0.5944893,2
-71.45616,-166.79132,0.9908896,0.0,0.5945338,2
-71.574715,-168.50253,0.99119484,0.0,0.5947169,2
-71.677505,-170.23407,0.9908749,0.0,0.594525,2
-71.76321,-171.98431,0.98713964,0.0,0.5922838,2
-71.83242,-173.74937,0.9732954,0.38915968,0.7396412,2
-71.88425,-175.52666,0.9614514,0.99956125,0.97669536,3
-71.91907,-177.31247,0.96173096,0.840194,0.9131162,3
-71.936424,-179.10358,0.93963075,0.99548155,0.96197104,3
-71.936424,179.10358,0.92578346,0.941924,0.9322397,3
-71.91907,177.31247,0.896772,0.081932485,0.57083625,2
-71.88425,175.52666,0.8744004,0.17280833,0.5937636,2
-71.83242,173.74937,0.87375724,0.5964494,0.76283413,3
-71.76321,171.98431,0.8570258,0.9896363,0.91007006,3
-71.677505,170.23407,0.01587024,0.14469293,0.067399316,0
-71.574715,168.50253,0.020155719,0.0,0.012093431,0
-71.45616,166.79132,0.0027479108,0.0,0.0016487465,0
-71.320984,165.10464,0.0013196033,0.0,0.000791762,0
-71.17075,163.44305,0.00064530567,0.0,0.00038718342,0
-71.00478,161.81053,0.00058776874,0.03200607,0.01315509,0
-70.82444,160.20718,0.0006784584,0.0,0.00040707507,0
-70.62941,158.6362,0.00079412933,0.0,0.0004764776,0
-70.420746,157.09763,0.0008620761,0.0,0.0005172457,0
-70.198494,155.5936,0.0011221333,0.0,0.00067328004,0
-69.963425,154.12428,0.00094438286,0.0,0.00056662975,0
-69.71588,152.69073,0.0011441839,0.0,0.00068651035,0
-69.456375,151.29333,0.0010648435,0.0,0.00063890615,0
-69.18551,149.93202,0.002283858,0.0,0.0013703147,0
-68.90354,148.6076,0.013743936,0.0,0.008246362,0
-68.6113,147.31888,0.048632152,0.18186097,0.10192368,0
-68.30882,146.0671,0.02167956,0.10012642,0.053058308,0
-67.99708,144.85007,0.0033438397,0.02330839,0.01132966,0
-67.67596,143.66953,0.0020141935,0.018907785,0.00877163,0
-67.34651,142.52248,0.002966138,0.12815404,0.053041298,0
-67.008545,141.41087,0.04072516,0.014835637,0.030369353,0
-66.66304,140.33156,0.34074944,0.04466498,0.22231565,0
-66.30995,139.28583,0.86706233,0.01162478,0.5248874,2
-65.95003,138.27121,0.96967643,0.18536672,0.6559526,2
-65.58335,137.28821,0.97851914,0.6529016,0.8482722,3
-65.21048,136.33499,0.969886,0.85128915,0.9224473,3
-64.83164,135.41135,0.94913864,0.9578372,0.9526181,3
-64.44722,134.51608,0.9344476,0.8012632,0.88117385,3
-64.05753,133.6483,0.9333747,0.13634688,0.6145636,2
-63.66281,132.80742,0.8635375,0.0,0.5181225,2
-63.263466,131.99203,0.7129373,0.0,0.4277624,1
-62.859615,131.2021,0.49970353,0.0,0.29982212,1
-62.451706,130.43571,0.14635718,0.0,0.08781431,0
-62.039783,129.69331,0.3199909,0.0,0.19199455,0
-61.624313,128.97263,0.46115246,0.0,0.2766915,1
-61.205276,128.2745,0.110704444,0.0,0.06642267,0
-60.78313,127.59656,0.005905526,0.0,0.003543316,0
-60.35788,126.93947,0.0025681977,0.0,0.0015409187,0
-59.929886,126.3013,0.0015550924,0.0,0.0009330555,0
-59.499207,125.68232,0.0009542911,0.0,0.0005725747,0
-59.06613,125.081116,0.0007636925,0.0,0.0004582155,0
-58.63075,124.49756,0.000674517,0.0,0.0004047102,0
-58.19328,123.93067,0.00064380985,0.0,0.00038628592,0
-57.75385,123.380035,0.00063676113,0.0,0.0003820567,0
-57.312614,122.84502,0.0006371414,0.0,0.00038228487,0
-56.869728,122.32494,0.00063759094,0.0,0.00038255457,0
-56.4253,121.81955,0.00063802104,0.0,0.00038281264,0
-55.9795,121.32789,0.0006382503,0.0,0.0003829502,0
-55.532402,120.84999,0.00063835405,0.0,0.00038301243,0
-55.08419,120.384735,0.0006383689,0.0,0.00038302134,0
-54.634895,119.93241,0.00063837104,0.0,0.00038302265,0
-54.184715,119.491745,0.00063837104,0.0,0.00038302265,0
-53.733673,119.06318,0.0006384559,0.0,0.00038307355,0
-53.281933,118.645485,0.0006364523,0.0,0.0003818714,0
-52.829544,118.23894,0.00063851406,0.0,0.00038310845,0
-52.376633,117.84262,0.00061591144,0.0,0.00036954688,0
-51.92326,117.45659,0.00058596703,0.0,0.00035158024,0
-51.46952,117.0802,0.0006016315,0.0,0.00036097888,0
-51.015495,116.7133,0.00078726263,0.0,0.00047235758,0
-50.77253,-117.46486,0.0012575969,0.0,0.0007545582,0
-51.222816,-117.83871,0.0009086667,0.0,0.0005452,0
-51.67275,-118.2221,0.00062122586,0.0,0.00037273552,0
-52.122234,-118.615166,0.00063243276,0.0,0.00037945967,0
-52.57118,-119.01856,0.0006374557,0.0,0.00038247346,0
-53.019516,-119.432205,0.0006379955,0.0,0.0003827973,0
-53.467117,-119.857025,0.0006383699,0.0,0.00038302195,0
-53.913933,-120.29274,0.00063837104,0.0,0.00038302265,0
-54.359802,-120.74055,0.00063837104,0.0,0.00038302265,0
-54.804684,-121.19999,0.00063837104,0.0,0.00038302265,0
-55.248405,-121.67236,0.00063837104,0.0,0.00038302265,0
-55.690907,-122.15733,0.00063837104,0.0,0.00038302265,0
-56.132015,-122.65604,0.00063837104,0.0,0.00038302265,0
-56.57166,-123.168396,0.00063837104,0.0,0.00038302265,0
-57.00965,-123.69537,0.00063837104,0.0,0.00038302265,0
-57.445892,-124.237175,0.00063837104,0.024257906,0.010086184,0
-57.880222,-124.794495,0.00063837104,0.31638363,0.12693648,0
-58.312492,-125.36791,0.0006383689,0.7934534,0.31776437,1
-58.74256,-125.95783,0.00063836254,0.82975286,0.33228418,1
-59.170216,-126.56521,0.00063812075,0.9788849,0.39193684,1
-59.595364,-127.190125,0.00063570356,0.25062692,0.1006322,0
-60.017704,-127.83396,0.00063756964,0.0,0.0003825418,0
-60.437202,-128.49644,0.0006157808,0.0,0.0003694685,0
-60.853474,-129.17944,0.0005943346,0.0,0.0003566008,0
-61.266525,-129.88225,0.0007054123,0.0,0.0004232474,0
-61.6759,-130.60715,0.0014731522,0.0,0.00088389136,0
-62.08161,-131.35333,0.017786795,0.0,0.010672078,0
-62.4832,-132.12291,0.5650822,0.0,0.33904934,1
-62.88061,-132.91554,0.79175186,0.0,0.47505113,1
-63.273422,-133.73288,0.86769915,0.0,0.5206195,2
-63.661488,-134.57501,0.9248842,0.0,0.55493057,2
-64.04443,-135.44324,0.97610056,0.0,0.58566034,2
-64.42201,-136.33812,0.98993075,0.0,0.5939585,2
-64.793915,-137.26039,0.99123794,0.0,0.5947428,2
-65.15975,-138.21117,0.99121195,0.0,0.5947272,2
-65.51933,-139.1906,0.9914042,0.0,0.59484255,2
-65.87209,-140.2004,0.991356,0.0,0.59481364,2
-66.21795,-141.23999,0.9912158,0.0,0.59472954,2
-66.556175,-142.31169,0.9911875,0.0,0.59471256,2
-66.886826,-143.41415,0.9910842,0.0,0.59465057,2
-67.20894,-144.55034,0.9910255,0.0,0.59461534,2
-67.52272,-145.7183,0.9903093,0.0,0.5941856,2
-67.82714,-146.9208,0.9910296,0.0,0.5946178,2
-68.12234,-148.15608,0.99115914,0.0,0.5946955,2
-68.40736,-149.42618,0.99123985,0.0,0.5947439,2
-68.68217,-150.72978,0.99117744,0.034299303,0.6084262,2
-68.94599,-152.06793,0.9913157,0.2702892,0.7029051,2
-69.1986,-153.4398,0.9913489,0.037437715,0.6097844,2
-69.4394,-154.84537,0.9909956,0.0,0.5945974,2
-69.66792,-156.28416,0.9904648,0.059991106,0.6182754,2
-69.88384,-157.75516,0.982875,0.03394709,0.60330385,2
-70.08643,-159.2581,0.9146695,0.012424359,0.55377144,2
-70.27569,-160.79094,0.98004603,0.33805948,0.72325146,2
-70.4506,-162.35358,0.991314,0.47647634,0.785379,3
-70.61147,-163.943,0.99133885,0.05366418,0.616269,2
-70.757034,-165.55907,0.9911493,0.0,0.5946896,2
-70.88793,-167.1981,0.99105424,0.0,0.59463257,2
-71.0027,-168.85956,0.99023426,0.0,0.5941406,2
-71.10216,-170.53955,0.9892489,0.0,0.5935494,2
-71.18506,-172.23654,0.9714227,0.01711042,0.5896978,2
-71.252,-173.94707,0.85423446,0.122849055,0.5616803,2
-71.30211,-175.66864,0.92503095,0.55520093,0.777099,3
-71.33578,-177.398,0.98203397,0.70398575,0.8708147,3
-71.35255,-179.13214,0.9669507,0.30141643,0.700737,2
-71.35255,179.13214,0.9365919,0.9894866,0.9577498,3
-71.33578,177.398,0.90846354,0.49255574,0.7421005,2
-71.30211,175.66864,0.8920776,0.25212538,0.6360968,2
-71.252,173.94707,0.87919325,0.062397107,0.5524748,2
-71.18506,172.23654,0.8982985,0.74326456,0.83628494,3
-71.10216,170.53955,0.9687265,0.9825209,0.9742443,3
-71.0027,168.85956,0.97562444,0.24647166,0.68396336,2
-70.88793,167.1981,0.014456057,0.052651238,0.02973413,0
-70.757034,165.55907,0.015018062,0.0,0.009010837,0
-70.61147,163.943,0.014158863,0.050216526,0.028581928,0
-70.4506,162.35358,0.020636383,0.8372791,0.34729347,1
-70.27569,160.79094,0.021407891,0.25194365,0.113622196,0
-70.08643,159.2581,0.016247291,0.027475668,0.020738643,0
-69.88384,157.75516,0.009023409,0.0,0.005414046,0
-69.66792,156.28416,0.009875546,0.0,0.005925328,0
-69.4394,154.84537,0.012833598,0.0,0.007700159,0
-69.1986,153.4398,0.0053904243,0.0,0.0032342547,0
-68.94599,152.06793,0.009085553,0.14725913,0.064354986,0
-68.68217,150.72978,0.053824153,0.12615503,0.082756504,0
-68.40736,149.42618,0.5731026,0.52602386,0.5542711,2
-68.12234,148.15608,0.7676199,0.90063965,0.82082784,3
-67.82714,146.9208,0.62782335,0.9267827,0.7474071,2
-67.52272,145.7183,0.035780918,0.4167543,0.18817027,0
-67.20894,144.55034,0.024973009,0.18729407,0.08990143,0
-66.886826,143.41415,0.043185275,0.99664575,0.42456946,1
-66.556175,142.31169,0.8437723,0.48089886,0.69862294,2
-66.21795,141.23999,0.890889,0.933562,0.90795827,3
-65.87209,140.2004,0.8474491,0.5763921,0.73902637,2
-65.51933,139.1906,0.9189501,0.94488466,0.9293239,3
-65.15975,138.21117,0.9455234,0.92067647,0.93558466,3
-64.793915,137.26039,0.9589658,0.50688475,0.7781334,3
-64.42201,136.33812,0.94460315,0.37290865,0.7159254,2
-64.04443,135.44324,0.9232427,0.09219216,0.5908225,2
-63.661488,134.57501,0.8372306,0.0,0.5023384,2
-63.273422,133.73288,0.69639474,0.0,0.41783687,1
-62.88061,132.91554,0.35744318,0.0,0.21446592,0
-62.4832,132.12291,0.036993146,0.0,0.022195889,0
-62.08161,131.35333,0.010376963,0.0,0.006226178,0
-61.6759,130.60715,0.017817376,0.0,0.010690426,0
-61.266525,129.88225,0.024504075,0.0,0.014702446,0
-60.853474,129.17944,0.008526221,0.0,0.0051157326,0
-60.437202,128.49644,0.0022407158,0.0,0.0013444296,0
-60.017704,127.83396,0.00095456163,0.0,0.000572737,0
-59.595364,127.190125,0.0007145964,0.0,0.00042875786,0
-59.170216,126.56521,0.0006381065,0.0,0.00038286392,0
-58.74256,125.95783,0.00062652945,0.0,0.00037591768,0
-58.312492,125.36791,0.00063315674,0.0,0.00037989407,0
-57.880222,124.794495,0.0006376788,0.0,0.00038260728,0
-57.445892,124.237175,0.0006379745,0.0,0.0003827847,0
-57.00965,123.69537,0.00063799333,0.0,0.00038279602,0
-56.57166,123.168396,0.0006381691,0.0,0.0003829015,0
-56.132015,122.65604,0.0006382871,0.0,0.00038297227,0
-55.690907,122.15733,0.00063834974,0.0,0.00038300987,0
-55.248405,121.67236,0.0006383686,0.0,0.00038302116,0
-54.804684,121.19999,0.00063837104,0.0,0.00038302265,0
-54.359802,120.74055,0.00063837075,0.0,0.00038302247,0
-53.913933,120.29274,0.00063837104,0.0,0.00038302265,0
-53.467117,119.857025,0.0006384559,0.0,0.00038307355,0
-53.019516,119.432205,0.0006364523,0.0,0.0003818714,0
-52.57118,119.01856,0.00063851406,0.0,0.00038310845,0
-52.122234,118.615166,0.00061591144,0.0,0.00036954688,0
-51.67275,118.2221,0.00058596703,0.0,0.00035158024,0
-51.222816,117.83871,0.0006016315,0.0,0.00036097888,0
-50.77253,117.46486,0.00078726263,0.0,0.00047235758,0
-50.523563,-118.20596,0.0012575969,0.0,0.0007545582,0
-50.970078,-118.58641,0.0009086667,0.0,0.0005452,0
-51.416153,-118.976425,0.00062122586,0.0,0.00037273552,0
-51.861702,-119.376144,0.00063243276,0.0,0.00037945967,0
-52.306633,-119.78622,0.0006374557,0.0,0.00038247346,0
-52.75088,-120.206535,0.0006379955,0.0,0.0003827973,0
-53.194305,-120.638054,0.0006383699,0.0,0.00038302195,0
-53.636856,-121.080444,0.00063837104,0.0,0.00038302265,0
-54.078377,-121.534904,0.00063837104,0.0,0.00038302265,0
-54.51882,-122.001,0.00063837104,0.0,0.00038302265,0
-54.95801,-122.479965,0.00063837104,0.0,0.00038302265,0
-55.395897,-122.97148,0.00063837104,0.0,0.00038302265,0
-55.83229,-123.476654,0.00063837104,0.0,0.00038302265,0
-56.267113,-123.99542,0.00063837104,0.0,0.00038302265,0
-56.700195,-124.52868,0.00063837104,0.0,0.00038302265,0
-57.13143,-125.07666,0.00063837104,0.0,0.00038302265,0
-57.560654,-125.64001,0.00063837104,0.0,0.00038302265,0
-57.98771,-126.219284,0.00063837104,0.03981924,0.01631072,0
-58.41246,-126.81489,0.00063837745,0.08165475,0.033044927,0
-58.834698,-127.42772,0.0006382345,0.96231514,0.38530898,1
-59.25432,-128.05783,0.00063638977,0.24533674,0.09851653,0
-59.671032,-128.7066,0.0006379012,0.0,0.00038274072,0
-60.0848,-129.37369,0.00062002125,0.0,0.00037201276,0
-60.495224,-130.06091,0.00061400275,0.0,0.00036840167,0
-60.902336,-130.76758,0.0007785351,0.0,0.00046712108,0
-61.30565,-131.49588,0.0025669436,0.0,0.0015401662,0
-61.7052,-132.24496,0.054319065,0.0,0.03259144,0
-62.100525,-133.0169,0.5540432,0.0,0.33242592,1
-62.491577,-133.81126,0.6837173,0.0,0.4102304,1
-62.877922,-134.6297,0.76818943,0.0,0.4609137,1
-63.25943,-135.47218,0.89373094,0.0,0.5362386,2
-63.635735,-136.33997,0.97563136,0.0,0.5853788,2
-64.00658,-137.2335,0.98918927,0.0,0.5935136,2
-64.371666,-138.15352,0.989393,0.0,0.5936358,2
-64.73062,-139.10097,0.9897041,0.0,0.5938225,2
-65.08325,-140.076,0.9907279,0.0,0.59443676,2
-65.429,-141.08012,0.99135625,0.0,0.59481376,2
-65.76781,-142.11281,0.9912231,0.0,0.5947339,2
-66.098946,-143.17615,0.99116,0.0,0.594696,2
-66.422485,-144.26881,0.99137455,0.0,0.59482473,2
-66.73749,-145.39355,0.9903432,0.0,0.594206,2
-67.044174,-146.54843,0.98302114,0.0,0.5898127,2
-67.341515,-147.73598,0.9893345,0.0,0.59360075,2
-67.629684,-148.95451,0.9913334,0.0,0.59480006,2
-67.90774,-150.20581,0.9911913,0.0,0.5947148,2
-68.17569,-151.48859,0.99129397,0.0,0.5947764,2
-68.432755,-152.80377,0.99126583,0.0,0.5947595,2
-68.67875,-154.15047,0.9913907,0.0,0.59483445,2
-68.91309,-155.52861,0.99125504,0.0,0.594753,2
-69.135376,-156.93768,0.9912752,0.0,0.5947651,2
-69.345276,-158.37665,0.98988533,0.0,0.5939312,2
-69.54213,-159.84521,0.98465294,0.0,0.59079176,2
-69.72591,-161.34143,0.9875168,0.0,0.5925101,2
-69.89565,-162.86511,0.9905657,0.0,0.59433943,2
-70.05172,-164.41347,0.99087536,0.0,0.5945252,2
-70.19285,-165.98633,0.9909099,0.0,0.59454596,2
-70.319725,-167.58023,0.99080455,0.0,0.5944828,2
-70.43092,-169.19467,0.9905021,0.0,0.5943013,2
-70.52726,-170.82607,0.9913049,0.20777623,0.67789346,2
-70.60753,-172.47302,0.9742464,0.738413,0.8799131,3
-70.67233,-174.13226,0.8216414,0.2350596,0.5870087,2
-70.72083,-175.80164,0.92198473,0.33379614,0.68670934,2
-70.7534,-177.47809,0.98735785,0.78429574,0.90613306,3
-70.76964,-179.15887,0.9866658,0.03504698,0.60601825,2
-70.76964,179.15887,0.9660661,0.23435251,0.6733807,2
-70.7534,177.47809,0.93532634,0.70732385,0.8441254,3
-70.72083,175.80164,0.9068474,0.9237012,0.91358894,3
-70.67233,174.13226,0.9006411,0.7685298,0.84779656,3
-70.60753,172.47302,0.91061735,0.22855645,0.637793,2
-70.52726,170.82607,0.94699836,0.45140812,0.7487623,2
-70.43092,169.19467,0.98760974,0.98256963,0.9855938,3
-70.319725,167.58023,0.9841585,0.9362622,0.96500003,3
-70.19285,165.98633,0.98569506,0.5383221,0.8067459,3
-70.05172,164.41347,0.9865254,0.46267727,0.7769862,3
-69.89565,162.86511,0.98309636,0.8665278,0.93646896,3
-69.72591,161.34143,0.9654755,0.7628007,0.8844056,3
-69.54213,159.84521,0.5149113,0.7336298,0.60239875,2
-69.345276,158.37665,0.34567925,0.19036283,0.2835527,1
-69.135376,156.93768,0.1509746,0.044018064,0.10819199,0
-68.91309,155.52861,0.5205976,0.24542339,0.4105279,1
-68.67875,154.15047,0.038590554,0.13465275,0.07701543,0
-68.432755,152.80377,0.35940936,0.92740196,0.58660644,2
-68.17569,151.48859,0.9591324,0.98163533,0.96813357,3
-67.90774,150.20581,0.9743172,0.86333495,0.9299243,3
-67.629684,148.95451,0.8724456,0.16211848,0.5883148,2
-67.341515,147.73598,0.6593843,0.69545484,0.6738125,2
-67.044174,146.54843,0.71502805,0.96784633,0.81615543,3
-66.73749,145.39355,0.75723225,0.9944235,0.8521088,3
-66.422485,144.26881,0.9617645,0.91071194,0.94134355,3
-66.098946,143.17615,0.8488137,0.96090484,0.8936502,3
-65.76781,142.11281,0.82386714,0.996784,0.89303386,3
-65.429,141.08012,0.92845106,0.97672135,0.9477592,3
-65.08325,140.076,0.9505194,0.6118507,0.8150519,3
-64.73062,139.10097,0.93305826,0.12228579,0.6087493,2
-64.371666,138.15352,0.9175838,0.0,0.55055034,2
-64.00658,137.2335,0.9129549,0.0,0.547773,2
-63.635735,136.33997,0.88794094,0.0,0.5327646,2
-63.25943,135.47218,0.76522934,0.0,0.45913762,1
-62.877922,134.6297,0.58439994,0.0,0.35063997,1
-62.491577,133.81126,0.165482,0.0,0.0992892,0
-62.100525,133.0169,0.0075564403,0.0,0.0045338646,0
-61.7052,132.24496,0.0023903637,0.0,0.0014342183,0
-61.30565,131.49588,0.0018467974,0.0,0.0011080785,0
-60.902336,130.76758,0.0014185477,0.0,0.00085112866,0
-60.495224,130.06091,0.0011172652,0.0,0.0006703591,0
-60.0848,129.37369,0.0008979633,0.0,0.000538778,0
-59.671032,128.7066,0.00073796604,0.0,0.00044277965,0
-59.25432,128.05783,0.0006646152,0.0,0.00039876913,0
-58.834698,127.42772,0.0006360648,0.0,0.0003816389,0
-58.41246,126.81489,0.00062987563,0.0,0.0003779254,0
-57.98771,126.219284,0.0006345541,0.0,0.00038073247,0
-57.560654,125.64001,0.00063744694,0.0,0.0003824682,0
-57.13143,125.07666,0.00063801644,0.0,0.00038280987,0
-56.700195,124.52868,0.0006382394,0.0,0.00038294363,0
-56.267113,123.99542,0.00063832,0.0,0.000382992,0
-55.83229,123.476654,0.00063835375,0.0,0.00038301226,0
-55.395897,122.97148,0.0006383677,0.0,0.00038302064,0
-54.95801,122.479965,0.00063837046,0.0,0.0003830223,0
-54.51882,122.001,0.00063837075,0.0,0.00038302247,0
-54.078377,121.534904,0.00063837075,0.0,0.00038302247,0
-53.636856,121.080444,0.00063837104,0.0,0.00038302265,0
-53.194305,120.638054,0.0006384559,0.0,0.00038307355,0
-52.75088,120.206535,0.0006364523,0.0,0.0003818714,0
-52.306633,119.78622,0.00063851406,0.0,0.00038310845,0
-51.861702,119.376144,0.00061591144,0.0,0.00036954688,0
-51.416153,118.976425,0.00058596703,0.0,0.00035158024,0
-50.970078,118.58641,0.0006016315,0.0,0.00036097888,0
-50.523563,118.20596,0.00078726263,0.0,0.00047235758,0
-50.269096,-118.937164,0.0012575969,0.0,0.0007545582,0
-50.711792,-119.32388,0.0009086667,0.0,0.0005452,0
-51.153973,-119.72017,0.00062122586,0.0,0.00037273552,0
-51.59556,-120.126175,0.00063243276,0.0,0.00037945967,0
-52.03644,-120.542534,0.0006374557,0.0,0.00038247346,0
-52.476555,-120.96917,0.0006379955,0.0,0.0003827973,0
-52.91577,-121.40695,0.0006383699,0.0,0.00038302195,0
-53.35403,-121.8556,0.00063837104,0.0,0.00038302265,0
-53.791172,-122.31629,0.00063837104,0.0,0.00038302265,0
-54.227154,-122.78857,0.00063837104,0.0,0.00038302265,0
-54.66179,-123.27366,0.00063837104,0.0,0.00038302265,0
-55.095028,-123.77124,0.00063837104,0.0,0.00038302265,0
-55.52668,-124.282394,0.00063837104,0.0,0.00038302265,0
-55.956688,-124.80703,0.00063837104,0.0,0.00038302265,0
-56.384853,-125.34604,0.00063837104,0.0,0.00038302265,0
-56.811066,-125.89962,0.00063837104,0.0,0.00038302265,0
-57.235172,-126.46843,0.00063837104,0.0,0.00038302265,0
-57.65702,-127.05296,0.00063837104,0.0,0.00038302265,0
-58.076466,-127.65361,0.00063837774,0.0777498,0.031482946,0
-58.493286,-128.27126,0.00063832605,0.8752199,0.35047096,1
-58.9074,-128.90593,0.00063710863,0.2546212,0.10223075,0
-59.3185,-129.55894,0.00063858833,0.17185536,0.0691253,0
-59.726555,-130.22993,0.0006276931,0.125735,0.050670616,0
-60.131172,-130.92068,0.0006362976,0.0,0.0003817786,0
-60.53238,-131.63048,0.0008228547,0.0,0.00049371284,0
-60.92968,-132.36142,0.00468194,0.0,0.002809164,0
-61.323135,-133.11267,0.2556897,0.0,0.15341383,0
-61.712254,-133.88622,0.53659964,0.0,0.3219598,1
-62.09702,-134.68153,0.693136,0.0,0.4158816,1
-62.476986,-135.50026,0.7931531,0.0,0.4758919,1
-62.852036,-136.34233,0.8751273,0.0,0.5250764,2
-63.221786,-137.2089,0.9547738,0.0,0.5728643,2
-63.58601,-138.10033,0.97783774,0.0,0.58670264,2
-63.94441,-139.0173,0.9745978,0.0,0.5847587,2
-64.296616,-139.96071,0.981687,0.0,0.5890122,2
-64.64243,-140.9306,0.9894544,0.0,0.59367263,2
-64.98133,-141.9284,0.9913073,0.0,0.59478444,2
-65.31326,-142.95352,0.9912999,0.0,0.59477997,2
-65.637474,-144.00789,0.99073035,0.0,0.59443825,2
-65.95412,-145.09026,0.9901659,0.0,0.5940996,2
-66.26221,-146.20306,0.9893461,0.0,0.59360766,2
-66.562,-147.34448,0.9886929,0.0,0.59321576,2
-66.8525,-148.51683,0.9900564,0.0,0.59403384,2
-67.13386,-149.71841,0.9910971,0.0,0.59465826,2
-67.40521,-150.95088,0.9913483,0.0,0.594809,2
-67.66654,-152.21295,0.9912202,0.0,0.5947321,2
-67.917114,-153.50539,0.99130076,0.0,0.5947805,2
-68.15675,-154.82733,0.99145013,0.0,0.5948701,2
-68.38493,-156.17863,0.99148166,0.0,0.59488904,2
-68.60124,-157.55875,0.99116325,0.0,0.59469795,2
-68.80539,-158.96664,0.99141085,0.0,0.59484655,2
-68.99674,-160.40201,0.99142855,0.0,0.59485716,2
-69.17529,-161.86296,0.9914255,0.0,0.5948553,2
-69.34016,-163.3493,0.9913536,0.0,0.59481215,2
-69.49165,-164.8584,0.99142635,0.0,0.59485584,2
-69.62859,-166.39005,0.9912089,0.0,0.5947254,2
-69.751656,-167.94104,0.99134713,0.0,0.5948083,2
-69.85947,-169.51088,0.9912486,0.021744704,0.6034471,2
-69.95285,-171.09625,0.99127567,0.7465564,0.89338803,3
-70.03063,-172.69589,0.98858845,0.97210354,0.9819945,3
-70.09341,-174.3068,0.9846503,0.83199847,0.9235896,3
-70.140396,-175.9269,0.9867115,0.93026835,0.96413434,3
-70.17194,-177.5535,0.9893554,0.9865203,0.9882214,3
-70.18765,-179.18405,0.9893092,0.65135473,0.8541274,3
-70.18765,179.18405,0.98620284,0.035779197,0.6060334,2
-70.17194,177.5535,0.9660127,0.014545324,0.5854258,2
-70.140396,175.9269,0.93644315,0.11301986,0.60707384,2
-70.09341,174.3068,0.9125745,0.5214741,0.7561344,3
-70.03063,172.69589,0.9184585,0.8454441,0.8892528,3
-69.95285,171.09625,0.92867327,0.98047554,0.9493942,3
-69.85947,169.51088,0.9507601,0.7797939,0.8823737,3
-69.751656,167.94104,0.9799042,0.4607341,0.77223617,3
-69.62859,166.39005,0.98763615,0.5755361,0.8227961,3
-69.49165,164.8584,0.98858076,0.7380892,0.88838416,3
-69.34016,163.3493,0.99060845,0.94886744,0.9739121,3
-69.17529,161.86296,0.9894825,0.9456802,0.9719616,3
-68.99674,160.40201,0.98382425,0.99650705,0.98889744,3
-68.80539,158.96664,0.97307456,0.9400413,0.9598613,3
-68.60124,157.55875,0.9804205,0.75290424,0.889414,3
-68.38493,156.17863,0.9822711,0.9459828,0.9677558,3
-68.15675,154.82733,0.9813472,0.99519795,0.9868876,3
-67.917114,153.50539,0.9828572,0.9384934,0.96511173,3
-67.66654,152.21295,0.9866123,0.98942,0.9877354,3
-67.40521,150.95088,0.98908347,0.95724434,0.97634786,3
-67.13386,149.71841,0.9505494,0.77361226,0.8797746,3
-66.8525,148.51683,0.7064727,0.94662464,0.8025335,3
-66.562,147.34448,0.73435444,0.85776573,0.78371894,3
-66.26221,146.20306,0.81682634,0.41916844,0.6577632,2
-65.95412,145.09026,0.97375125,0.95208526,0.96508485,3
-65.637474,144.00789,0.9738133,0.98258096,0.97732043,3
-65.31326,142.95352,0.9241247,0.88427204,0.9081837,3
-64.98133,141.9284,0.930847,0.5195196,0.76631606,3
-64.64243,140.9306,0.92282015,0.070484616,0.58188593,2
-64.296616,139.96071,0.899079,0.0,0.5394474,2
-63.94441,139.0173,0.8958631,0.0,0.5375179,2
-63.58601,138.10033,0.896555,0.0,0.53793305,2
-63.221786,137.2089,0.88301426,0.0,0.5298086,2
-62.852036,136.34233,0.8073876,0.0,0.48443258,1
-62.476986,135.50026,0.5871129,0.0,0.35226774,1
-62.09702,134.68153,0.08109382,0.0,0.048656292,0
-61.712254,133.88622,0.0049044723,0.0,0.0029426834,0
-61.323135,133.11267,0.0015259165,0.0,0.0009155499,0
-60.92968,132.36142,0.0008050412,0.0,0.00048302475,0
-60.53238,131.63048,0.00071614503,0.0,0.00042968703,0
-60.131172,130.92068,0.0006700538,0.0,0.0004020323,0
-59.726555,130.22993,0.0006507241,0.0,0.0003904345,0
-59.3185,129.55894,0.00063524087,0.0,0.00038114455,0
-58.9074,128.90593,0.00063647534,0.0,0.0003818852,0
-58.493286,128.27126,0.00063633616,0.0,0.0003818017,0
-58.076466,127.65361,0.00063609023,0.0,0.00038165416,0
-57.65702,127.05296,0.00063687796,0.0,0.0003821268,0
-57.235172,126.46843,0.00063779607,0.0,0.00038267765,0
-56.811066,125.89962,0.0006381797,0.0,0.00038290783,0
-56.384853,125.34604,0.0006383242,0.0,0.00038299453,0
-55.956688,124.80703,0.0006383634,0.0,0.00038301808,0
-55.52668,124.282394,0.000638368,0.0,0.00038302082,0
-55.095028,123.77124,0.00063837075,0.0,0.00038302247,0
-54.66179,123.27366,0.00063837104,0.0,0.00038302265,0
-54.227154,122.78857,0.00063837104,0.0,0.00038302265,0
-53.791172,122.31629,0.00063837104,0.0,0.00038302265,0
-53.35403,121.8556,0.00063837104,0.0,0.00038302265,0
-52.91577,121.40695,0.0006384559,0.0,0.00038307355,0
-52.476555,120.96917,0.0006364523,0.0,0.0003818714,0
-52.03644,120.542534,0.00063851406,0.0,0.00038310845,0
-51.59556,120.126175,0.00061591144,0.0,0.00036954688,0
-51.153973,119.72017,0.00058596703,0.0,0.00035158024,0
-50.711792,119.32388,0.0006016315,0.0,0.00036097888,0
-50.269096,118.937164,0.00078726263,0.0,0.00047235758,0
-50.00908,-119.6581,0.0012575969,0.0,0.0007545582,0
-50.44792,-120.05073,0.0009086667,0.0,0.0005452,0
-50.88617,-120.45295,0.00062122586,0.0,0.00037273552,0
-51.323753,-120.86488,0.00063243276,0.0,0.00037945967,0
-51.76055,-121.287155,0.0006374557,0.0,0.00038247346,0
-52.196518,-121.71967,0.0006379955,0.0,0.0003827973,0
-52.631485,-122.16334,0.0006383699,0.0,0.00038302195,0
-53.065437,-122.61781,0.00063837104,0.0,0.00038302265,0
-53.49817,-123.084305,0.00063837104,0.0,0.00038302265,0
-53.929672,-123.5623,0.00063837104,0.0,0.00038302265,0
-54.359726,-124.05305,0.00063837104,0.0,0.00038302265,0
-54.78831,-124.5562,0.00063837104,0.0,0.00038302265,0
-55.215218,-125.07281,0.00063837104,0.0,0.00038302265,0
-55.64038,-125.6028,0.00063837104,0.0,0.00038302265,0
-56.063614,-126.14702,0.00063837104,0.0,0.00038302265,0
-56.484818,-126.70565,0.00063837104,0.0,0.00038302265,0
-56.90381,-127.27932,0.00063837104,0.0,0.00038302265,0
-57.32045,-127.868546,0.00063837104,0.0,0.00038302265,0
-57.734592,-128.47363,0.00063837535,0.024100712,0.01002331,0
-58.146027,-129.09546,0.00063837017,0.52617794,0.2108542,0
-58.55465,-129.73404,0.00063764927,0.8410837,0.3368161,1
-58.960167,-130.39062,0.00063896884,0.90739805,0.3633426,1
-59.362556,-131.06487,0.00063343055,0.9413452,0.37691817,1
-59.7614,-131.75845,0.00065456936,0.18097357,0.072782174,0
-60.15674,-132.47066,0.0008093621,0.0,0.0004856173,0
-60.548088,-133.20352,0.0015632228,0.0,0.00093793374,0
-60.935505,-133.9562,0.02155111,0.0,0.012930666,0
-61.318497,-134.73059,0.21311152,0.0,0.12786692,0
-61.697052,-135.52618,0.51065177,0.0,0.30639106,1
-62.070724,-136.34447,0.7103718,0.0,0.4262231,1
-62.439407,-137.18536,0.8385824,0.0,0.50314945,2
-62.802723,-138.04996,0.9014515,0.0,0.54087096,2
-63.160442,-138.9386,0.91093725,0.0,0.5465624,2
-63.512283,-139.85184,0.9371191,0.0,0.5622715,2
-63.857876,-140.79051,0.9556515,0.0,0.57339096,2
-64.19704,-141.75461,0.98524785,0.0,0.59114873,2
-64.52925,-142.74545,0.9902175,0.0,0.5941305,2
-64.85448,-143.76245,0.9910007,0.0,0.59460044,2
-65.17197,-144.80737,0.98873633,0.0,0.5932418,2
-65.48188,-145.87894,0.9792708,0.0,0.5875625,2
-65.783264,-146.97946,0.97604203,0.0,0.58562523,2
-66.076385,-148.10712,0.9725175,0.0,0.5835105,2
-66.36026,-149.26405,0.9794068,0.0,0.5876441,2
-66.63507,-150.44862,0.98402125,0.0,0.5904128,2
-66.89994,-151.6623,0.9891349,0.0,0.59348094,2
-67.1549,-152.90381,0.99039817,0.0,0.59423894,2
-67.39925,-154.17381,0.9903094,0.0,0.59418565,2
-67.6328,-155.47147,0.99090844,0.0,0.59454507,2
-67.855064,-156.79657,0.9909887,0.0,0.5945932,2
-68.06565,-158.14853,0.9914051,0.0,0.5948431,2
-68.26431,-159.52634,0.9912924,0.0,0.5947755,2
-68.45043,-160.92969,0.9915207,0.0,0.59491247,2
-68.62402,-162.35677,0.9914607,0.0,0.5948764,2
-68.78423,-163.80733,0.99144405,0.0,0.59486645,2
-68.93139,-165.27892,0.9915896,0.0,0.5949538,2
-69.064354,-166.77133,0.9910999,0.0,0.59466,2
-69.18381,-168.28156,0.9907164,0.0,0.59442985,2
-69.28843,-169.80913,0.9907504,0.0,0.59445024,2
-69.37901,-171.35097,0.9910294,0.113669895,0.64008564,2
-69.454445,-172.9059,0.9909889,0.13592075,0.64896166,2
-69.51531,-174.47113,0.99111825,0.15685697,0.6574137,2
-69.56087,-176.04486,0.9913061,0.20286861,0.67593116,2
-69.59145,-177.62448,0.9911103,0.50891227,0.7982311,3
-69.60669,-179.20776,0.99092734,0.6706421,0.8628133,3
-69.60669,179.20776,0.99051684,0.028433625,0.60568357,2
-69.59145,177.62448,0.9890155,0.0,0.59340936,2
-69.56087,176.04486,0.9847055,0.0,0.59082335,2
-69.51531,174.47113,0.96243674,0.0,0.5774621,2
-69.454445,172.9059,0.951615,0.061113495,0.5954144,2
-69.37901,171.35097,0.9444813,0.13922665,0.6223795,2
-69.28843,169.80913,0.95837504,0.53666735,0.789692,3
-69.18381,168.28156,0.9659625,0.9387628,0.95508265,3
-69.064354,166.77133,0.9715324,0.9671417,0.96977615,3
-68.93139,165.27892,0.9860195,0.99637604,0.99016213,3
-68.78423,163.80733,0.9879743,0.9244477,0.96256363,3
-68.62402,162.35677,0.98383397,0.8543569,0.93204314,3
-68.45043,160.92969,0.9867757,0.94171983,0.9687534,3
-68.26431,159.52634,0.9838817,0.9432987,0.9676485,3
-68.06565,158.14853,0.9807427,0.9970613,0.98727024,3
-67.855064,156.79657,0.9875729,0.92298645,0.96173835,3
-67.6328,155.47147,0.9894795,0.7090193,0.87729543,3
-67.39925,154.17381,0.9914819,0.78119713,0.90736806,3
-67.1549,152.90381,0.988108,0.5590388,0.81648034,3
-66.89994,151.6623,0.9862222,0.7733647,0.90107924,3
-66.63507,150.44862,0.98262066,0.99957836,0.9894038,3
-66.36026,149.26405,0.9164232,0.943974,0.9274435,3
-66.076385,148.10712,0.8554986,0.9542519,0.8949999,3
-65.783264,146.97946,0.9388053,0.9355717,0.9375119,3
-65.48188,145.87894,0.96414554,0.8041693,0.90015507,3
-65.17197,144.80737,0.9511752,0.090894714,0.60706306,2
-64.85448,143.76245,0.9224104,0.07314228,0.58270323,2
-64.52925,142.74545,0.90814096,0.017091565,0.5517213,2
-64.19704,141.75461,0.86429286,0.0,0.5185757,2
-63.857876,140.79051,0.8642541,0.0,0.5185525,2
-63.512283,139.85184,0.88731945,0.0,0.53239167,2
-63.160442,138.9386,0.8683478,0.0,0.52100873,2
-62.802723,138.04996,0.8032284,0.0,0.48193705,1
-62.439407,137.18536,0.63540405,0.0,0.38124245,1
-62.070724,136.34447,0.4778721,0.0,0.2867233,1
-61.697052,135.52618,0.23236974,0.0,0.13942185,0
-61.318497,134.73059,0.0080490485,0.0,0.004829429,0
-60.935505,133.9562,0.0012350214,0.0,0.00074101286,0
-60.548088,133.20352,0.0007393601,0.0,0.0004436161,0
-60.15674,132.47066,0.0006814058,0.0,0.0004088435,0
-59.7614,131.75845,0.0006510262,0.0,0.00039061575,0
-59.362556,131.06487,0.00063262566,0.0,0.00037957542,0
-58.960167,130.39062,0.00063163944,0.0,0.00037898368,0
-58.55465,129.73404,0.00063653657,0.0,0.00038192197,0
-58.146027,129.09546,0.00063780823,0.0,0.00038268496,0
-57.734592,128.47363,0.00063795445,0.0,0.00038277268,0
-57.32045,127.868546,0.0006380417,0.0,0.00038282503,0
-56.90381,127.27932,0.0006381709,0.0,0.00038290257,0
-56.484818,126.70565,0.00063832,0.0,0.000382992,0
-56.063614,126.14702,0.0006383598,0.0,0.0003830159,0
-55.64038,125.6028,0.00063837017,0.0,0.00038302212,0
-55.215218,125.07281,0.00063837075,0.0,0.00038302247,0
-54.78831,124.5562,0.00063837075,0.0,0.00038302247,0
-54.359726,124.05305,0.00063837104,0.0,0.00038302265,0
-53.929672,123.5623,0.00063837104,0.0,0.00038302265,0
-53.49817,123.084305,0.00063837104,0.0,0.00038302265,0
-53.065437,122.61781,0.00063837104,0.0,0.00038302265,0
-52.631485,122.16334,0.0006384559,0.0,0.00038307355,0
-52.196518,121.71967,0.0006364523,0.0,0.0003818714,0
-51.76055,121.287155,0.00063851406,0.0,0.00038310845,0
-51.323753,120.86488,0.00061591144,0.0,0.00036954688,0
-50.88617,120.45295,0.00058596703,0.0,0.00035158024,0
-50.44792,120.05073,0.0006016315,0.0,0.00036097888,0
-50.00908,119.6581,0.00078726263,0.0,0.00047235758,0
-49.743717,-120.368835,0.0012575969,0.0,0.0007545582,0
-50.178673,-120.76705,0.0009086667,0.0,0.0005452,0
-50.61297,-121.17486,0.00062122586,0.0,0.00037273552,0
-51.046516,-121.592354,0.00063243276,0.0,0.00037945967,0
-51.479214,-122.02018,0.0006374557,0.0,0.00038247346,0
-51.910988,-122.458206,0.0006379955,0.0,0.0003827973,0
-52.3417,-122.907364,0.0006383699,0.0,0.00038302195,0
-52.771305,-123.367256,0.00063837104,0.0,0.00038302265,0
-53.199615,-123.839096,0.00063837104,0.0,0.00038302265,0
-53.626614,-124.3224,0.00063837104,0.0,0.00038302265,0
-54.052086,-124.818344,0.00063837104,0.0,0.00038302265,0
-54.475998,-125.326584,0.00063837104,0.0,0.00038302265,0
-54.898148,-125.84819,0.00063837104,0.0,0.00038302265,0
-55.318478,-126.383026,0.00063837104,0.0,0.00038302265,0
-55.73678,-126.93194,0.00063837104,0.0,0.00038302265,0
-56.152966,-127.49511,0.00063837104,0.0,0.00038302265,0
-56.566853,-128.07312,0.00063837104,0.0,0.00038302265,0
-56.978302,-128.66644,0.00063837104,0.0,0.00038302265,0
-57.38716,-129.27539,0.00063837256,0.0,0.00038302355,0
-57.79322,-129.90083,0.0006383811,0.15571074,0.062667325,0
-58.196392,-130.54271,0.0006380286,0.6364926,0.25497985,1
-58.59636,-131.20226,0.0006387831,0.22019164,0.08845993,0
-58.993103,-131.8791,0.00063609664,0.85312337,0.341631,1
-59.386223,-132.57487,0.0006630376,0.44756338,0.17942317,0
-59.775764,-133.28886,0.00069975783,0.0,0.0004198547,0
-60.16122,-134.02301,0.0007963463,0.0,0.0004778078,0
-60.542664,-134.77646,0.0017388603,0.0,0.0010433162,0
-60.9196,-135.55101,0.017391123,0.0,0.010434674,0
-61.29203,-136.34616,0.32177982,0.0,0.1930679,0
-61.659504,-137.16335,0.54526883,0.0,0.3271613,1
-62.02192,-138.00244,0.71259546,0.0,0.4275573,1
-62.37891,-138.86443,0.80708647,0.0,0.4842519,1
-62.730247,-139.7496,0.8470829,0.0,0.50824976,2
-63.075657,-140.6585,0.91601783,0.0,0.54961073,2
-63.414776,-141.59183,0.95470977,0.0,0.5728259,2
-63.747437,-142.54959,0.98635614,0.0,0.5918137,2
-64.07312,-143.53299,0.9856947,0.0,0.59141684,2
-64.391785,-144.54135,0.9857497,0.0,0.59144986,2
-64.70275,-145.5764,0.9793464,0.0,0.58760786,2
-65.006134,-146.63681,0.97502905,0.0,0.58501744,2
-65.30101,-147.72476,0.97654414,0.0,0.58592653,2
-65.58767,-148.83847,0.9792007,0.0,0.5875205,2
-65.865135,-149.97987,0.9693552,0.0,0.5816132,2
-66.133606,-151.1474,0.9312112,0.0,0.5587267,2
-66.39224,-152.34236,0.9450546,0.0,0.56703275,2
-66.64107,-153.56354,0.97488517,0.0,0.58493114,2
-66.879425,-154.8115,0.9731833,0.0,0.58391,2
-67.107124,-156.08536,0.98389083,0.0,0.59033453,2
-67.32372,-157.38487,0.98588145,0.0,0.5915289,2
-67.52885,-158.70949,0.9904642,0.0,0.5942786,2
-67.72227,-160.0582,0.98645675,0.0,0.59187406,2
-67.90338,-161.43066,0.9881639,0.0,0.59289837,2
-68.07225,-162.82516,0.98507196,0.0,0.5910432,2
-68.22802,-164.24142,0.98779964,0.0,0.5926798,2
-68.371056,-165.67719,0.9899075,0.0,0.59394455,2
-68.500244,-167.13217,0.9904882,0.0,0.59429294,2
-68.61627,-168.6036,0.98937464,0.0,0.59362483,2
-68.717865,-170.09103,0.98750466,0.0,0.59250283,2
-68.8058,-171.59161,0.98973936,0.0,0.59384364,2
-68.87901,-173.10422,0.99159396,0.0,0.5949564,2
-68.93808,-174.6263,0.9911806,0.0,0.5947084,2
-68.98228,-176.15617,0.9911543,0.2248835,0.684646,2
-69.01195,-177.69148,0.99125165,0.8866315,0.94940364,3
-69.026726,-179.23012,0.9911015,0.6108431,0.8389982,3
-69.026726,179.23012,0.99103373,0.10320701,0.6359031,2
-69.01195,177.69148,0.99100834,0.01700258,0.60140604,2
-68.98228,176.15617,0.99035674,0.0,0.5942141,2
-68.93808,174.6263,0.98899394,0.0,0.59339637,2
-68.87901,173.10422,0.9865241,0.0,0.5919145,2
-68.8058,171.59161,0.9816877,0.0,0.5890127,2
-68.717865,170.09103,0.97549146,0.013104567,0.5905367,2
-68.61627,168.6036,0.97987515,0.04453226,0.60573804,2
-68.500244,167.13217,0.9811835,0.09554208,0.62692696,2
-68.371056,165.67719,0.9814844,0.10116645,0.6293573,2
-68.22802,164.24142,0.9817218,0.2284095,0.6803969,2
-68.07225,162.82516,0.9809063,0.22656484,0.6791698,2
-67.90338,161.43066,0.984574,0.19885363,0.6702859,2
-67.72227,160.0582,0.98621017,0.11942161,0.6394948,2
-67.52885,158.70949,0.9828971,0.09234066,0.6266746,2
-67.32372,157.38487,0.9808303,0.44064933,0.764758,3
-67.107124,156.08536,0.9832343,0.591809,0.8266642,3
-66.879425,154.8115,0.98492604,0.9029563,0.9521382,3
-66.64107,153.56354,0.98310226,0.94249606,0.9668598,3
-66.39224,152.34236,0.9856749,0.968944,0.97898257,3
-66.133606,151.1474,0.9867654,0.5279968,0.80325794,3
-65.865135,149.97987,0.97939634,0.92106336,0.95606315,3
-65.58767,148.83847,0.97808576,0.7745064,0.896654,3
-65.30101,147.72476,0.97778666,0.29553354,0.7048854,2
-65.006134,146.63681,0.9428783,0.07202591,0.5945374,2
-64.70275,145.5764,0.89302593,0.0,0.5358156,2
-64.391785,144.54135,0.8511337,0.0,0.51068026,2
-64.07312,143.53299,0.83927613,0.0,0.5035657,2
-63.747437,142.54959,0.81871676,0.0,0.49123007,1
-63.414776,141.59183,0.8257499,0.0,0.49544993,1
-63.075657,140.6585,0.8474567,0.0,0.50847405,2
-62.730247,139.7496,0.70522434,0.0,0.42313462,1
-62.37891,138.86443,0.6368625,0.0,0.38211754,1
-62.02192,138.00244,0.5273447,0.0,0.31640685,1
-61.659504,137.16335,0.13432619,0.0,0.08059572,0
-61.29203,136.34616,0.011019222,0.0,0.006611534,0
-60.9196,135.55101,0.0029459707,0.0,0.0017675825,0
-60.542664,134.77646,0.0009555836,0.0,0.0005733502,0
-60.16122,134.02301,0.0007027983,0.0,0.000421679,0
-59.775764,133.28886,0.00064896484,0.0,0.00038937893,0
-59.386223,132.57487,0.00063886255,0.0,0.00038331756,0
-58.993103,131.8791,0.00063683395,0.0,0.00038210038,0
-58.59636,131.20226,0.0006365491,0.0,0.00038192948,0
-58.196392,130.54271,0.0006376049,0.0,0.00038256295,0
-57.79322,129.90083,0.0006381019,0.0,0.00038286115,0
-57.38716,129.27539,0.0006382576,0.0,0.00038295457,0
-56.978302,128.66644,0.0006383093,0.0,0.0003829856,0
-56.566853,128.07312,0.00063833914,0.0,0.0003830035,0
-56.152966,127.49511,0.0006383592,0.0,0.00038301555,0
-55.73678,126.93194,0.00063837017,0.0,0.00038302212,0
-55.318478,126.383026,0.00063837104,0.0,0.00038302265,0
-54.898148,125.84819,0.00063837104,0.0,0.00038302265,0
-54.475998,125.326584,0.00063837104,0.0,0.00038302265,0
-54.052086,124.818344,0.00063837104,0.0,0.00038302265,0
-53.626614,124.3224,0.00063837104,0.0,0.00038302265,0
-53.199615,123.839096,0.00063837104,0.0,0.00038302265,0
-52.771305,123.367256,0.00063837104,0.0,0.00038302265,0
-52.3417,122.907364,0.0006384559,0.0,0.00038307355,0
-51.910988,122.458206,0.0006364523,0.0,0.0003818714,0
-51.479214,122.02018,0.00063851406,0.0,0.00038310845,0
-51.046516,121.592354,0.00061591144,0.0,0.00036954688,0
-50.61297,121.17486,0.00058596703,0.0,0.00035158024,0
-50.178673,120.76705,0.0006016315,0.0,0.00036097888,0
-49.743717,120.368835,0.00078726263,0.0,0.00047235758,0
-49.47326,-121.069565,0.0012575969,0.0,0.0007545582,0
-49.9043,-121.47305,0.0009086667,0.0,0.0005452,0
-50.33461,-121.886116,0.00062122586,0.0,0.00037273552,0
-50.764107,-122.30885,0.00063243276,0.0,0.00037945967,0
-51.19267,-122.74187,0.0006374557,0.0,0.00038247346,0
-51.62024,-123.18504,0.0006379955,0.0,0.0003827973,0
-52.04667,-123.63928,0.0006383699,0.0,0.00038302195,0
-52.471924,-124.104225,0.00063837104,0.0,0.00038302265,0
-52.895798,-124.58103,0.00063837104,0.0,0.00038302265,0
-53.31828,-125.0692,0.00063837104,0.0,0.00038302265,0
-53.739155,-125.56992,0.00063837104,0.0,0.00038302265,0
-54.158398,-126.08284,0.00063837104,0.0,0.00038302265,0
-54.57579,-126.60896,0.00063837104,0.0,0.00038302265,0
-54.99127,-127.148186,0.00063837104,0.0,0.00038302265,0
-55.404655,-127.70131,0.00063837104,0.0,0.00038302265,0
-55.81583,-128.2685,0.00063837104,0.0,0.00038302265,0
-56.224632,-128.85033,0.00063837104,0.0,0.00038302265,0
-56.630898,-129.44724,0.00063837104,0.0,0.00038302265,0
-57.0345,-130.05954,0.000638372,0.0,0.0003830232,0
-57.43521,-130.688,0.00063837925,0.0,0.00038302757,0
-57.832954,-131.33261,0.0006382147,0.013563914,0.0058084945,0
-58.227417,-131.99455,0.00063841185,0.15058818,0.06061832,0
-58.618572,-132.67345,0.0006381429,0.9854842,0.39457658,1
-59.006012,-133.37083,0.0006556388,0.1499006,0.060353626,0
-59.389797,-134.08598,0.00066352624,0.0,0.00039811575,0
-59.769424,-134.8208,0.00069178833,0.0,0.000415073,0
-60.144966,-135.57442,0.0010795394,0.0,0.0006477237,0
-60.515938,-136.34854,0.0053512016,0.0,0.003210721,0
-60.88232,-137.14268,0.21913795,0.0,0.13148278,0
-61.243687,-137.95816,0.56806856,0.0,0.34084114,1
-61.59994,-138.79485,0.7407191,0.0,0.44443145,1
-61.950714,-139.65364,0.79901206,0.0,0.47940725,1
-62.29579,-140.53479,0.86353797,0.0,0.5181228,2
-62.6349,-141.4388,0.94876456,0.0,0.56925875,2
-62.967678,-142.3663,0.9776258,0.0,0.5865755,2
-63.29398,-143.31723,0.98647666,0.0,0.59188604,2
-63.61329,-144.29271,0.987143,0.0,0.5922858,2
-63.925583,-145.29211,0.9867372,0.0,0.5920423,2
-64.23018,-146.31691,0.985606,0.0,0.5913636,2
-64.527214,-147.36592,0.988225,0.0,0.592935,2
-64.81577,-148.44107,0.98298335,0.0,0.58979005,2
-65.09617,-149.54068,0.9734172,0.0,0.58405036,2
-65.367424,-150.6665,0.9748001,0.0,0.5848801,2
-65.629776,-151.81705,0.9579935,0.0,0.57479614,2
-65.88239,-152.99347,0.9021156,0.0,0.54126936,2
-66.12531,-154.19456,0.85964626,0.0,0.5157878,2
-66.35789,-155.42085,0.8218944,0.0,0.49313667,1
-66.57999,-156.67139,0.8919045,0.0,0.5351427,2
-66.79114,-157.94598,0.9648273,0.0,0.5788964,2
-66.99103,-159.24403,0.98338586,0.0,0.59003156,2
-67.17941,-160.56459,0.9834167,0.0,0.59005004,2
-67.35576,-161.90726,0.98590964,0.0,0.5915458,2
-67.52011,-163.27042,0.97720873,0.0,0.5863253,2
-67.671646,-164.6538,0.98314214,0.0,0.5898853,2
-67.81075,-166.05524,0.98070586,0.0,0.58842355,2
-67.93636,-167.47447,0.9774789,0.0,0.58648735,2
-68.04913,-168.90892,0.972195,0.0,0.58331704,2
-68.14784,-170.35814,0.97206694,0.0,0.5832402,2
-68.23325,-171.8195,0.9716779,0.0,0.58300674,2
-68.304375,-173.29196,0.9895957,0.0,0.59375745,2
-68.36173,-174.77315,0.9916271,0.0,0.5949763,2
-68.404625,-176.2615,0.9914273,0.0,0.5948564,2
-68.43343,-177.75485,0.99123716,0.24204707,0.6915611,2
-68.447784,-179.25128,0.9910391,0.94095904,0.9710071,3
-68.447784,179.25128,0.9909636,0.89598304,0.95297134,3
-68.43343,177.75485,0.99059606,0.3581013,0.7375982,2
-68.404625,176.2615,0.9879892,0.012215491,0.59767973,2
-68.36173,174.77315,0.9884172,0.0,0.59305036,2
-68.304375,173.29196,0.99000716,0.0,0.59400433,2
-68.23325,171.8195,0.9854494,0.0,0.5912697,2
-68.14784,170.35814,0.9892741,0.0,0.59356445,2
-68.04913,168.90892,0.99000764,0.0,0.59400463,2
-67.93636,167.47447,0.9900148,0.0,0.5940089,2
-67.81075,166.05524,0.9878869,0.0,0.5927322,2
-67.671646,164.6538,0.9621859,0.0,0.5773116,2
-67.52011,163.27042,0.96689,0.0,0.58013403,2
-67.35576,161.90726,0.97140604,0.0,0.58284366,2
-67.17941,160.56459,0.9869474,0.0,0.59216845,2
-66.99103,159.24403,0.99108535,0.0,0.5946512,2
-66.79114,157.94598,0.9896219,0.09323192,0.6310659,2
-66.57999,156.67139,0.9709283,0.13871951,0.63804483,2
-66.35789,155.42085,0.9795177,0.09403279,0.6253237,2
-66.12531,154.19456,0.9789556,0.076770164,0.61808145,2
-65.88239,152.99347,0.9843805,0.48676747,0.7853353,3
-65.629776,151.81705,0.9864898,0.92963505,0.963748,3
-65.367424,150.6665,0.982105,0.9774923,0.9802599,3
-65.09617,149.54068,0.9870805,0.86196244,0.9370333,3
-64.81577,148.44107,0.97006005,0.042354368,0.5989778,2
-64.527214,147.36592,0.90930504,0.0,0.54558307,2
-64.23018,146.31691,0.85725415,0.0,0.5143525,2
-63.925583,145.29211,0.81961435,0.0,0.49176863,1
-63.61329,144.29271,0.8160701,0.0,0.48964205,1
-63.29398,143.31723,0.78074443,0.0,0.46844667,1
-62.967678,142.3663,0.73715717,0.0,0.44229433,1
-62.6349,141.4388,0.63855726,0.0,0.38313437,1
-62.29579,140.53479,0.29183713,0.0,0.17510228,0
-61.950714,139.65364,0.2875947,0.0,0.17255683,0
-61.59994,138.79485,0.3133676,0.0,0.18802057,0
-61.243687,137.95816,0.03036777,0.0,0.018220663,0
-60.88232,137.14268,0.0030316678,0.0,0.0018190007,0
-60.515938,136.34854,0.0012286017,0.0,0.000737161,0
-60.144966,135.57442,0.0007887615,0.0,0.0004732569,0
-59.769424,134.8208,0.0006728409,0.0,0.00040370456,0
-59.389797,134.08598,0.0006430301,0.0,0.00038581807,0
-59.006012,133.37083,0.00063835585,0.0,0.00038301354,0
-58.618572,132.67345,0.00063817186,0.0,0.00038290312,0
-58.227417,131.99455,0.0006381256,0.0,0.00038287535,0
-57.832954,131.33261,0.0006380821,0.0,0.00038284928,0
-57.43521,130.688,0.00063824514,0.0,0.0003829471,0
-57.0345,130.05954,0.0006383236,0.0,0.00038299419,0
-56.630898,129.44724,0.00063835614,0.0,0.0003830137,0
-56.224632,128.85033,0.00063836586,0.0,0.00038301953,0
-55.81583,128.2685,0.0006383696,0.0,0.00038302178,0
-55.404655,127.70131,0.00063837075,0.0,0.00038302247,0
-54.99127,127.148186,0.00063837104,0.0,0.00038302265,0
-54.57579,126.60896,0.00063837104,0.0,0.00038302265,0
-54.158398,126.08284,0.00063837104,0.0,0.00038302265,0
-53.739155,125.56992,0.00063837104,0.0,0.00038302265,0
-53.31828,125.0692,0.00063837104,0.0,0.00038302265,0
-52.895798,124.58103,0.00063837104,0.0,0.00038302265,0
-52.471924,124.104225,0.00063837104,0.0,0.00038302265,0
-52.04667,123.63928,0.0006384559,0.0,0.00038307355,0
-51.62024,123.18504,0.0006364523,0.0,0.0003818714,0
-51.19267,122.74187,0.00063851406,0.0,0.00038310845,0
-50.764107,122.30885,0.00061591144,0.0,0.00036954688,0
-50.33461,121.886116,0.00058596703,0.0,0.00035158024,0
-49.9043,121.47305,0.0006016315,0.0,0.00036097888,0
-49.47326,121.069565,0.00078726263,0.0,0.00047235758,0
-49.197617,-121.75983,0.0012575969,0.0,0.0007545582,0
-49.624725,-122.168274,0.0009086667,0.0,0.0005452,0
-50.051025,-122.58624,0.00062122586,0.0,0.00037273552,0
-50.47644,-123.01386,0.00063243276,0.0,0.00037945967,0
-50.900856,-123.451706,0.0006374557,0.0,0.00038247346,0
-51.32421,-123.89968,0.0006379955,0.0,0.0003827973,0
-51.746346,-124.35863,0.0006383699,0.0,0.00038302195,0
-52.16723,-124.82822,0.00063837104,0.0,0.00038302265,0
-52.586655,-125.309586,0.00063837104,0.0,0.00038302265,0
-53.00462,-125.8022,0.00063837104,0.0,0.00038302265,0
-53.420895,-126.307274,0.00063837104,0.0,0.00038302265,0
-53.835457,-126.8244,0.00063837104,0.0,0.00038302265,0
-54.248096,-127.3546,0.00063837104,0.0,0.00038302265,0
-54.658745,-127.897736,0.00063837104,0.0,0.00038302265,0
-55.067215,-128.45459,0.00063837104,0.0,0.00038302265,0
-55.473396,-129.0253,0.00063837104,0.0,0.00038302265,0
-55.877125,-129.61044,0.00063837104,0.0,0.00038302265,0
-56.278244,-130.21043,0.00063837104,0.0,0.00038302265,0
-56.676613,-130.82553,0.00063837104,0.0,0.00038302265,0
-57.072014,-131.45651,0.00063837535,0.0,0.00038302524,0
-57.464363,-132.10332,0.00063831295,0.0,0.00038298778,0
-57.853355,-132.76709,0.0006383504,0.21485265,0.08632407,0
-58.238968,-133.44743,0.0006382205,0.9798599,0.3923269,1
-58.620792,-134.14584,0.0006457323,0.1367876,0.055102475,0
-58.998894,-134.8616,0.00065635564,0.0,0.0003938134,0
-59.372757,-135.59651,0.0006554423,0.0,0.0003932654,0
-59.742477,-136.34972,0.0009843995,0.0,0.0005906397,0
-60.107544,-137.12286,0.0034016585,0.0,0.0020409953,0
-60.467987,-137.91537,0.10608376,0.0,0.06365026,0
-60.823353,-138.72858,0.43355846,0.0,0.26013508,1
-61.17355,-139.56229,0.67359245,0.0,0.4041555,1
-61.518223,-140.41736,0.7491047,0.0,0.44946283,1
-61.857162,-141.294,0.8366307,0.0,0.50197846,2
-62.190098,-142.19263,0.95240957,0.0,0.57144576,2
-62.516685,-143.11383,0.97136176,0.0,0.5828171,2
-62.83678,-144.0575,0.9734683,0.0,0.584081,2
-63.14988,-145.02467,0.9828597,0.0,0.58971584,2
-63.45597,-146.01471,0.9893929,0.0,0.59363574,2
-63.754368,-147.02902,0.9862592,0.0,0.59175557,2
-64.045235,-148.06635,0.99018073,0.0,0.59410846,2
-64.32768,-149.12859,0.9906459,0.0,0.59438753,2
-64.602005,-150.214,0.98851776,0.0,0.5931107,2
-64.86727,-151.32428,0.98264503,0.0,0.58958703,2
-65.12372,-152.45793,0.97174287,0.0,0.5830457,2
-65.370514,-153.61601,0.85471934,0.0,0.5128316,2
-65.60776,-154.79733,0.73708963,0.0,0.4422538,1
-65.834785,-156.00235,0.7487889,0.0,0.44927335,1
-66.05149,-157.23016,0.8044468,0.0,0.4826681,1
-66.25744,-158.48053,0.78692156,0.0,0.47215295,1
-66.4523,-159.75285,0.80155754,0.0,0.48093453,1
-66.6359,-161.04617,0.9585487,0.0,0.5751293,2
-66.807686,-162.36014,0.97998637,0.0,0.58799183,2
-66.96772,-163.69318,0.97765315,0.0,0.5865919,2
-67.11524,-165.04504,0.9716371,0.0,0.5829823,2
-67.2506,-166.41367,0.96191007,0.0,0.57714605,2
-67.37279,-167.79881,0.98170125,0.0,0.5890208,2
-67.482475,-169.19809,0.9755315,0.0,0.5853189,2
-67.578445,-170.611,0.9776319,0.0,0.5865792,2
-67.66148,-172.03514,0.9764797,0.0,0.58588785,2
-67.73059,-173.46954,0.98514026,0.0,0.5910842,2
-67.78633,-174.91199,0.99128824,0.0,0.594773,2
-67.82802,-176.36105,0.9916087,0.0,0.5949652,2
-67.856,-177.81474,0.9911097,0.047086608,0.61350054,2
-67.86994,-179.27127,0.99099636,0.17217624,0.6634683,2
-67.86994,179.27127,0.9910581,0.485112,0.7886797,3
-67.856,177.81474,0.99103093,0.934692,0.96849537,3
-67.82802,176.36105,0.99069595,0.18411988,0.66806555,2
-67.78633,174.91199,0.98872596,0.0,0.5932356,2
-67.73059,173.46954,0.9885975,0.0,0.59315854,2
-67.66148,172.03514,0.98711115,0.0,0.59226674,2
-67.578445,170.611,0.9911686,0.0,0.5947012,2
-67.482475,169.19809,0.9916312,0.0,0.59497875,2
-67.37279,167.79881,0.9909548,0.0,0.5945729,2
-67.2506,166.41367,0.98882306,0.0,0.59329385,2
-67.11524,165.04504,0.96834165,0.0,0.58100504,2
-66.96772,163.69318,0.921426,0.0,0.5528556,2
-66.807686,162.36014,0.86347437,0.0,0.51808465,2
-66.6359,161.04617,0.9360877,0.0,0.56165266,2
-66.4523,159.75285,0.9885725,0.072286636,0.62205815,2
-66.25744,158.48053,0.9914654,0.9640039,0.98048085,3
-66.05149,157.23016,0.9893132,0.8153452,0.919726,3
-65.834785,156.00235,0.99015737,0.88492525,0.94806457,3
-65.60776,154.79733,0.98967314,0.97387356,0.9833533,3
-65.370514,153.61601,0.9903419,0.9988543,0.9937469,3
-65.12372,152.45793,0.9899295,0.9948897,0.99191356,3
-64.86727,151.32428,0.9891655,0.9150958,0.9595376,3
-64.602005,150.214,0.9867439,0.15228784,0.6529615,2
-64.32768,149.12859,0.9583024,0.0,0.57498145,2
-64.045235,148.06635,0.89863724,0.0,0.53918236,2
-63.754368,147.02902,0.8604167,0.0,0.5162501,2
-63.45597,146.01471,0.8218391,0.0,0.49310347,1
-63.14988,145.02467,0.7841251,0.0,0.47047508,1
-62.83678,144.0575,0.7179495,0.0,0.4307697,1
-62.516685,143.11383,0.66460264,0.0,0.3987616,1
-62.190098,142.19263,0.5332507,0.0,0.31995043,1
-61.857162,141.294,0.19931866,0.0,0.1195912,0
-61.518223,140.41736,0.027989255,0.0,0.016793555,0
-61.17355,139.56229,0.018534863,0.0,0.011120918,0
-60.823353,138.72858,0.0038398926,0.0,0.0023039356,0
-60.467987,137.91537,0.0014065043,0.0,0.00084390264,0
-60.107544,137.12286,0.00082814344,0.0,0.0004968861,0
-59.742477,136.34972,0.0006833695,0.0,0.00041002172,0
-59.372757,135.59651,0.00064423983,0.0,0.00038654392,0
-58.998894,134.8616,0.00063802314,0.0,0.0003828139,0
-58.620792,134.14584,0.0006383108,0.0,0.0003829865,0
-58.238968,133.44743,0.0006383351,0.0,0.00038300108,0
-57.853355,132.76709,0.00063832605,0.0,0.00038299564,0
-57.464363,132.10332,0.0006383385,0.0,0.00038300312,0
-57.072014,131.45651,0.0006383522,0.0,0.00038301133,0
-56.676613,130.82553,0.00063836615,0.0,0.0003830197,0
-56.278244,130.21043,0.00063837046,0.0,0.0003830223,0
-55.877125,129.61044,0.00063837075,0.0,0.00038302247,0
-55.473396,129.0253,0.00063837104,0.0,0.00038302265,0
-55.067215,128.45459,0.00063837104,0.0,0.00038302265,0
-54.658745,127.897736,0.00063837104,0.0,0.00038302265,0
-54.248096,127.3546,0.00063837104,0.0,0.00038302265,0
-53.835457,126.8244,0.00063837104,0.0,0.00038302265,0
-53.420895,126.307274,0.00063837104,0.0,0.00038302265,0
-53.00462,125.8022,0.00063837104,0.0,0.00038302265,0
-52.586655,125.309586,0.00063837104,0.0,0.00038302265,0
-52.16723,124.82822,0.00063837104,0.0,0.00038302265,0
-51.746346,124.35863,0.0006384559,0.0,0.00038307355,0
-51.32421,123.89968,0.0006364523,0.0,0.0003818714,0
-50.900856,123.451706,0.00063851406,0.0,0.00038310845,0
-50.47644,123.01386,0.00061591144,0.0,0.00036954688,0
-50.051025,122.58624,0.00058596703,0.0,0.00035158024,0
-49.624725,122.168274,0.0006016315,0.0,0.00036097888,0
-49.197617,121.75983,0.00078726263,0.0,0.00047235758,0
-48.917213,-122.4402,0.0012575969,0.0,0.0007545582,0
-49.340363,-122.85328,0.0009086667,0.0,0.0005452,0
-49.76264,-123.27587,0.00062122586,0.0,0.00037273552,0
-50.183964,-123.70804,0.00063243276,0.0,0.00037945967,0
-50.604214,-124.150406,0.0006374557,0.0,0.00038247346,0
-51.023335,-124.60282,0.0006379955,0.0,0.0003827973,0
-51.441166,-125.06614,0.0006383699,0.0,0.00038302195,0
-51.85767,-125.54001,0.00063837104,0.0,0.00038302265,0
-52.272644,-126.02555,0.00063837104,0.0,0.00038302265,0
-52.68609,-126.52226,0.00063837104,0.0,0.00038302265,0
-53.097767,-127.031265,0.00063837104,0.0,0.00038302265,0
-53.50766,-127.552216,0.00063837104,0.0,0.00038302265,0
-53.915546,-128.08606,0.00063837104,0.0,0.00038302265,0
-54.321373,-128.63266,0.00063837104,0.0,0.00038302265,0
-54.72494,-129.19283,0.00063837104,0.0,0.00038302265,0
-55.12615,-129.76665,0.00063837104,0.0,0.00038302265,0
-55.524822,-130.35463,0.00063837104,0.0,0.00038302265,0
-55.92081,-130.95721,0.00063837104,0.0,0.00038302265,0
-56.31398,-131.57466,0.00063837104,0.0,0.00038302265,0
-56.704105,-132.20766,0.0006383735,0.0,0.0003830241,0
-57.091106,-132.85617,0.00063835375,0.0,0.00038301226,0
-57.474678,-133.52129,0.0006383026,0.07768619,0.031457458,0
-57.854797,-134.20258,0.0006376618,0.952901,0.381543,1
-58.231064,-134.90152,0.0006408786,0.8481062,0.33962703,1
-58.60354,-135.61737,0.0006373707,0.25577682,0.102693155,0
-58.971714,-136.35187,0.0006597545,0.029032372,0.012008802,0
-59.335682,-137.10413,0.0007789952,0.0,0.00046739716,0
-59.694954,-137.87578,0.0012010495,0.0,0.00072062976,0
-60.04953,-138.6662,0.004094664,0.0,0.0024567985,0
-60.398987,-139.47665,0.0676897,0.0,0.040613823,0
-60.74324,-140.30692,0.36061525,0.0,0.21636917,0
-61.081917,-141.15779,0.66369206,0.0,0.39821526,1
-61.414845,-142.0295,0.83680016,0.0,0.50208014,2
-61.741737,-142.9223,0.9319569,0.0,0.5591742,2
-62.06227,-143.8368,0.9536071,0.0,0.5721643,2
-62.376297,-144.77289,0.9505218,0.0,0.5703131,2
-62.68333,-145.73148,0.97035426,0.0,0.58221257,2
-62.983376,-146.71188,0.9802719,0.0,0.58816314,2
-63.275745,-147.71547,0.9875523,0.0,0.5925314,2
-63.560627,-148.74101,0.9907454,0.0,0.59444726,2
-63.83713,-149.79019,0.9908845,0.0,0.5945307,2
-64.10556,-150.8614,0.9899704,0.0,0.5939823,2
-64.365036,-151.9562,0.984174,0.0,0.5905044,2
-64.61575,-153.07307,0.9669688,0.0,0.5801813,2
-64.85696,-154.21304,0.8748336,0.0,0.5249002,2
-65.08871,-155.37492,0.8025262,0.0,0.48151574,1
-65.310394,-156.55913,0.61888844,0.0,0.37133306,1
-65.52191,-157.76472,0.74425256,0.0,0.44655156,1
-65.72284,-158.99149,0.7705105,0.0,0.46230632,1
-65.9129,-160.23883,0.68315065,0.0,0.4098904,1
-66.09189,-161.5058,0.84603775,0.0,0.50762266,2
-66.2593,-162.79207,0.90292895,0.0,0.5417574,2
-66.415215,-164.09612,0.9580199,0.0,0.574812,2
-66.55889,-165.41771,0.9003283,0.0,0.540197,2
-66.69069,-166.75488,0.88999814,0.0,0.5339989,2
-66.809616,-168.1074,0.98429614,0.0,0.5905777,2
-66.916336,-169.47304,0.98972976,0.0,0.59383786,2
-67.009705,-170.85132,0.9893629,0.0,0.59361774,2
-67.09048,-172.24,0.98766035,0.0,0.59259623,2
-67.15768,-173.63818,0.9859804,0.0,0.59158826,2
-67.211876,-175.04384,0.9908819,0.0,0.59452915,2
-67.25241,-176.4556,0.99101675,0.0,0.5946101,2
-67.27962,-177.87161,0.99000907,0.0,0.59400547,2
-67.29317,-179.29024,0.9895308,0.04670654,0.6124011,2
-67.29317,179.29024,0.9911499,0.73852026,0.8900981,3
-67.27962,177.87161,0.99121946,0.5125399,0.79974765,3
-67.25241,176.4556,0.98925346,0.10972746,0.63744307,2
-67.211876,175.04384,0.97886425,0.0,0.5873186,2
-67.15768,173.63818,0.98299384,0.0,0.5897963,2
-67.09048,172.24,0.98894566,0.0,0.5933674,2
-67.009705,170.85132,0.9906088,0.0,0.5943653,2
-66.916336,169.47304,0.9903616,0.0,0.59421694,2
-66.809616,168.1074,0.9907877,0.0,0.59447265,2
-66.69069,166.75488,0.9895989,0.0,0.59375936,2
-66.55889,165.41771,0.9879507,0.0,0.59277046,2
-66.415215,164.09612,0.981406,0.0,0.5888436,2
-66.2593,162.79207,0.9329636,0.0,0.5597782,2
-66.09189,161.5058,0.91035664,0.0,0.546214,2
-65.9129,160.23883,0.9785216,0.045722947,0.6054021,2
-65.72284,158.99149,0.9859367,0.6463077,0.85008514,3
-65.52191,157.76472,0.9724167,0.78677976,0.8981619,3
-65.310394,156.55913,0.9870717,0.60414046,0.8338992,3
-65.08871,155.37492,0.9908835,0.30151412,0.7151358,2
-64.85696,154.21304,0.9904483,0.16500661,0.66027164,2
-64.61575,153.07307,0.9903059,0.12494017,0.6441596,2
-64.365036,151.9562,0.9887483,0.13580906,0.64757264,2
-64.10556,150.8614,0.9737567,0.0,0.584254,2
-63.83713,149.79019,0.93433136,0.0,0.56059885,2
-63.560627,148.74101,0.87414604,0.0,0.5244877,2
-63.275745,147.71547,0.8432906,0.0,0.5059744,2
-62.983376,146.71188,0.77603835,0.0,0.46562302,1
-62.68333,145.73148,0.64990216,0.0,0.3899413,1
-62.376297,144.77289,0.5129705,0.0,0.30778232,1
-62.06227,143.8368,0.55059546,0.0,0.33035728,1
-61.741737,142.9223,0.52114546,0.0,0.31268728,1
-61.414845,142.0295,0.19763695,0.0,0.118582174,0
-61.081917,141.15779,0.006821729,0.0,0.0040930375,0
-60.74324,140.30692,0.0022705346,0.0,0.0013623209,0
-60.398987,139.47665,0.00095566595,0.0,0.0005733996,0
-60.04953,138.6662,0.00078660913,0.0,0.0004719655,0
-59.694954,137.87578,0.00069370726,0.0,0.0004162244,0
-59.335682,137.10413,0.0006495493,0.0,0.0003897296,0
-58.971714,136.35187,0.00063868996,0.0,0.000383214,0
-58.60354,135.61737,0.0006380125,0.0,0.0003828075,0
-58.231064,134.90152,0.0006380949,0.0,0.00038285696,0
-57.854797,134.20258,0.00063830474,0.0,0.00038298286,0
-57.474678,133.52129,0.0006383482,0.0,0.00038300894,0
-57.091106,132.85617,0.00063836225,0.0,0.00038301738,0
-56.704105,132.20766,0.0006383683,0.0,0.000383021,0
-56.31398,131.57466,0.00063837017,0.0,0.00038302212,0
-55.92081,130.95721,0.00063837104,0.0,0.00038302265,0
-55.524822,130.35463,0.00063837075,0.0,0.00038302247,0
-55.12615,129.76665,0.00063837104,0.0,0.00038302265,0
-54.72494,129.19283,0.00063837104,0.0,0.00038302265,0
-54.321373,128.63266,0.00063837104,0.0,0.00038302265,0
-53.915546,128.08606,0.00063837104,0.0,0.00038302265,0
-53.50766,127.552216,0.00063837104,0.0,0.00038302265,0
-53.097767,127.031265,0.00063837104,0.0,0.00038302265,0
-52.68609,126.52226,0.00063837104,0.0,0.00038302265,0
-52.272644,126.02555,0.00063837104,0.0,0.00038302265,0
-51.85767,125.54001,0.00063837104,0.0,0.00038302265,0
-51.441166,125.06614,0.0006384559,0.0,0.00038307355,0
-51.023335,124.60282,0.0006364523,0.0,0.0003818714,0
-50.604214,124.150406,0.00063851406,0.0,0.00038310845,0
-50.183964,123.70804,0.00061591144,0.0,0.00036954688,0
-49.76264,123.27587,0.00058596703,0.0,0.00035158024,0
-49.340363,122.85328,0.0006016315,0.0,0.00036097888,0
-48.917213,122.4402,0.00078726263,0.0,0.00047235758,0
-48.632004,-123.11029,0.0012575969,0.0,0.0007545582,0
-49.051178,-123.52772,0.0009086667,0.0,0.0005452,0
-49.469414,-123.95462,0.00062122586,0.0,0.00037273552,0
-49.886635,-124.39102,0.00063243276,0.0,0.00037945967,0
-50.302708,-124.837555,0.0006374557,0.0,0.00038247346,0
-50.71759,-125.294075,0.0006379955,0.0,0.0003827973,0
-51.131104,-125.76141,0.0006383699,0.0,0.00038302195,0
-51.543232,-126.239204,0.00063837104,0.0,0.00038302265,0
-51.95376,-126.72855,0.00063837104,0.0,0.00038302265,0
-52.36268,-127.22895,0.00063837104,0.0,0.00038302265,0
-52.76976,-127.74152,0.00063837104,0.0,0.00038302265,0
-53.174988,-128.26587,0.00063837104,0.0,0.00038302265,0
-53.578136,-128.80296,0.00063837104,0.0,0.00038302265,0
-53.979156,-129.35263,0.00063837104,0.0,0.00038302265,0
-54.377842,-129.91566,0.00063837104,0.0,0.00038302265,0
-54.774094,-130.49211,0.00063837104,0.0,0.00038302265,0
-55.167747,-131.0825,0.00063837104,0.0,0.00038302265,0
-55.55864,-131.68724,0.00063837104,0.0,0.00038302265,0
-55.94664,-132.30653,0.00063837104,0.13151124,0.05298752,0
-56.33153,-132.94107,0.000638372,0.4785954,0.19182119,0
-56.713234,-133.59082,0.00063836743,0.23462075,0.09423132,0
-57.09143,-134.2568,0.0006383586,0.07829268,0.03170009,0
-57.466118,-134.93857,0.0006379535,0.3563238,0.1429123,0
-57.83689,-135.63756,0.0006390032,0.5722793,0.22929512,0
-58.203804,-136.35301,0.0006366243,0.9160669,0.36680874,1
-58.56637,-137.0866,0.0006626728,0.4487286,0.17988905,0
-58.924667,-137.83746,0.000708236,0.0,0.00042494162,0
-59.278214,-138.60712,0.0007506937,0.0,0.00045041626,0
-59.62703,-139.39499,0.0010612812,0.0,0.00063676876,0
-59.970684,-140.20222,0.0033346508,0.0,0.0020007906,0
-60.309097,-141.02861,0.04136935,0.0,0.024821611,0
-60.641914,-141.87488,0.45376337,0.0,0.27225804,1
-60.968937,-142.7412,0.5544462,0.0,0.33266774,1
-61.289925,-143.62784,0.42358693,0.0,0.25415218,1
-61.604538,-144.53534,0.30048913,0.0,0.18029349,0
-61.91265,-145.46347,0.35815623,0.0,0.21489374,0
-62.213776,-146.41321,0.6011151,0.0,0.36066908,1
-62.507927,-147.38376,0.7829828,0.0,0.4697897,1
-62.79444,-148.37646,0.8652961,0.0,0.5191777,2
-63.0735,-149.39008,0.97139764,0.0,0.5828386,2
-63.344246,-150.42621,0.98439807,0.0,0.5906389,2
-63.606983,-151.48323,0.9893995,0.0,0.59363973,2
-63.86083,-152.5626,0.9883978,0.0,0.5930387,2
-64.10603,-153.6629,0.97087294,0.0,0.58252376,2
-64.34183,-154.78502,0.93341655,0.0,0.56004995,2
-64.56828,-155.92783,0.8593928,0.0,0.5156357,2
-64.78483,-157.09164,0.771424,0.0,0.46285442,1
-64.99136,-158.2756,0.70454985,0.0,0.42272994,1
-65.187485,-159.47943,0.6040739,0.0,0.36244434,1
-65.37292,-160.70256,0.6845462,0.0,0.4107277,1
-65.5475,-161.94409,0.77256846,0.0,0.4635411,1
-65.710724,-163.20364,0.74171585,0.0,0.44502953,1
-65.8627,-164.47981,0.8582654,0.0,0.5149593,2
-66.0027,-165.77235,0.80527973,0.0,0.48316786,1
-66.13109,-167.07942,0.7779023,0.0,0.4667414,1
-66.24691,-168.40076,0.9803674,0.0,0.5882205,2
-66.35082,-169.7343,0.9912908,0.0,0.5947745,2
-66.44171,-171.07957,0.9904677,0.0,0.59428066,2
-66.52032,-172.43454,0.9885211,0.0,0.5931127,2
-66.58572,-173.79826,0.98611206,0.0,0.59166723,2
-66.63845,-175.16895,0.9903239,0.0,0.59419435,2
-66.67789,-176.54526,0.9868079,0.0,0.59208477,2
-66.70435,-177.92554,0.9782299,0.0,0.58693796,2
-66.71753,-179.30824,0.96281296,0.0,0.5776878,2
-66.71753,179.30824,0.98183674,0.27362496,0.6985521,2
-66.70435,177.92554,0.98883677,0.4319008,0.7660624,3
-66.67789,176.54526,0.9894617,0.011551954,0.59829783,2
-66.63845,175.16895,0.98704416,0.0,0.5922265,2
-66.58572,173.79826,0.9829653,0.0,0.5897792,2
-66.52032,172.43454,0.97378325,0.0,0.58427,2
-66.44171,171.07957,0.97859323,0.0,0.58715594,2
-66.35082,169.7343,0.97502637,0.0,0.58501583,2
-66.24691,168.40076,0.9819031,0.0,0.58914185,2
-66.13109,167.07942,0.98749083,0.0,0.59249455,2
-66.0027,165.77235,0.9886057,0.0,0.59316343,2
-65.8627,164.47981,0.98893225,0.0,0.59335935,2
-65.710724,163.20364,0.9857573,0.0,0.5914544,2
-65.5475,161.94409,0.97769415,0.0,0.5866165,2
-65.37292,160.70256,0.97833854,0.22947274,0.67879224,2
-65.187485,159.47943,0.98027897,0.98817354,0.9834368,3
-64.99136,158.2756,0.9676492,0.62338763,0.8299446,3
-64.78483,157.09164,0.97662956,0.01637765,0.5925288,2
-64.56828,155.92783,0.98075485,0.0,0.58845294,2
-64.34183,154.78502,0.9785501,0.0,0.58713007,2
-64.10603,153.6629,0.97846735,0.0,0.5870804,2
-63.86083,152.5626,0.9681474,0.0,0.58088845,2
-63.606983,151.48323,0.9364514,0.0,0.5618709,2
-63.344246,150.42621,0.88568336,0.0,0.53141004,2
-63.0735,149.39008,0.83481556,0.0,0.50088936,2
-62.79444,148.37646,0.7886192,0.0,0.47317156,1
-62.507927,147.38376,0.6521025,0.0,0.3912615,1
-62.213776,146.41321,0.40446237,0.0,0.24267744,0
-61.91265,145.46347,0.075833194,0.0,0.045499917,0
-61.604538,144.53534,0.052008644,0.0,0.031205187,0
-61.289925,143.62784,0.08529685,0.0,0.05117811,0
-60.968937,142.7412,0.021454848,0.0,0.012872909,0
-60.641914,141.87488,0.0020969533,0.0,0.0012581721,0
-60.309097,141.02861,0.00091984856,0.0,0.00055190915,0
-59.970684,140.20222,0.00067342696,0.0,0.0004040562,0
-59.62703,139.39499,0.0006478056,0.0,0.00038868337,0
-59.278214,138.60712,0.0006387679,0.0,0.00038326075,0
-58.924667,137.83746,0.0006366671,0.0,0.00038200026,0
-58.56637,137.0866,0.0006372404,0.0,0.00038234427,0
-58.203804,136.35301,0.0006379918,0.0,0.00038279512,0
-57.83689,135.63756,0.00063826365,0.0,0.0003829582,0
-57.466118,134.93857,0.00063833944,0.0,0.00038300367,0
-57.09143,134.2568,0.00063836743,0.0,0.00038302047,0
-56.713234,133.59082,0.0006383696,0.0,0.00038302178,0
-56.33153,132.94107,0.00063837104,0.0,0.00038302265,0
-55.94664,132.30653,0.00063837104,0.0,0.00038302265,0
-55.55864,131.68724,0.00063837104,0.0,0.00038302265,0
-55.167747,131.0825,0.00063837104,0.0,0.00038302265,0
-54.774094,130.49211,0.00063837104,0.0,0.00038302265,0
-54.377842,129.91566,0.00063837104,0.0,0.00038302265,0
-53.979156,129.35263,0.00063837104,0.0,0.00038302265,0
-53.578136,128.80296,0.00063837104,0.0,0.00038302265,0
-53.174988,128.26587,0.00063837104,0.0,0.00038302265,0
-52.76976,127.74152,0.00063837104,0.0,0.00038302265,0
-52.36268,127.22895,0.00063837104,0.0,0.00038302265,0
-51.95376,126.72855,0.00063837104,0.0,0.00038302265,0
-51.543232,126.239204,0.00063837104,0.0,0.00038302265,0
-51.131104,125.76141,0.0006384559,0.0,0.00038307355,0
-50.71759,125.294075,0.0006364523,0.0,0.0003818714,0
-50.302708,124.837555,0.00063851406,0.0,0.00038310845,0
-49.886635,124.39102,0.00061591144,0.0,0.00036954688,0
-49.469414,123.95462,0.00058596703,0.0,0.00035158024,0
-49.051178,123.52772,0.0006016315,0.0,0.00036097888,0
-48.632004,123.11029,0.00078726263,0.0,0.00047235758,0
-48.342216,-123.77037,0.0012575969,0.0,0.0007545582,0
-48.75741,-124.19185,0.0009086667,0.0,0.0005452,0
-49.171593,-124.622734,0.00062122586,0.0,0.00037273552,0
-49.584698,-125.06309,0.00063243276,0.0,0.00037945967,0
-49.996597,-125.51347,0.0006374557,0.0,0.00038247346,0
-50.407227,-125.97377,0.0006379955,0.0,0.0003827973,0
-50.81643,-126.44478,0.0006383699,0.0,0.00038302195,0
-51.224182,-126.92616,0.00063837104,0.0,0.00038302265,0
-51.630253,-127.41896,0.00063837104,0.0,0.00038302265,0
-52.034653,-127.92268,0.00063837104,0.0,0.00038302265,0
-52.43715,-128.43845,0.00063837104,0.0,0.00038302265,0
-52.837727,-128.96582,0.00063837104,0.0,0.00038302265,0
-53.236153,-129.50578,0.00063837104,0.0,0.00038302265,0
-53.63238,-130.05812,0.00063837104,0.0,0.00038302265,0
-54.026207,-130.6236,0.00063837104,0.0,0.00038302265,0
-54.417534,-131.20229,0.00063837104,0.0,0.00038302265,0
-54.80619,-131.79468,0.00063837104,0.0,0.00038302265,0
-55.192024,-132.40112,0.00063837104,0.084201954,0.034063805,0
-55.5749,-133.02185,0.00063837104,0.9517258,0.38107333,1
-55.9546,-133.65752,0.00063837104,0.89740837,0.35934636,1
-56.331043,-134.30804,0.00063837104,0.8020214,0.32119158,1
-56.703926,-134.97443,0.0006383744,0.85856485,0.34380898,1
-57.073242,-135.65622,0.00063818647,0.16725013,0.06728297,0
-57.438576,-136.35481,0.0006385314,0.7647849,0.30629706,1
-57.80001,-137.06943,0.00063883304,0.8128759,0.32553366,1
-58.157036,-137.80167,0.00065830705,0.7538863,0.3019495,1
-58.509747,-138.5507,0.0006712324,0.027072953,0.011231921,0
-58.857666,-139.31795,0.0007301616,0.0,0.000438097,0
-59.200817,-140.10283,0.0007805593,0.0,0.0004683356,0
-59.538765,-140.90646,0.001205236,0.0,0.0007231416,0
-59.871445,-141.72858,0.0034008455,0.0,0.0020405073,0
-60.198505,-142.56989,0.011991285,0.0,0.007194771,0
-60.51976,-143.43048,0.013796681,0.0,0.008278009,0
-60.83496,-144.31064,0.02500439,0.0,0.015002635,0
-61.1438,-145.21082,0.01799314,0.0,0.010795884,0
-61.446133,-146.1308,0.014168276,0.0,0.008500966,0
-61.741497,-147.07143,0.03389113,0.0,0.02033468,0
-62.029915,-148.03198,0.17693971,0.0,0.10616383,0
-62.31073,-149.01369,0.44309795,0.0,0.26585877,1
-62.584133,-150.0153,0.7240724,0.0,0.43444344,1
-62.84929,-151.03835,0.839226,0.0,0.5035356,2
-63.1065,-152.08125,0.9164135,0.0,0.54984814,2
-63.354916,-153.14536,0.95581555,0.0,0.57348937,2
-63.59478,-154.22928,0.96427345,0.0,0.5785641,2
-63.825348,-155.33382,0.9660683,0.0,0.57964104,2
-64.04671,-156.45792,0.9366385,0.0,0.5619831,2
-64.258286,-157.6018,0.792234,0.0,0.47534043,1
-64.460014,-158.76468,0.6812363,0.0,0.4087418,1
-64.65151,-159.94623,0.58486396,0.0,0.35091838,1
-64.83251,-161.14589,0.5220625,0.0,0.3132375,1
-65.00286,-162.36281,0.5860027,0.0,0.35160163,1
-65.162094,-163.5966,0.6382442,0.0,0.38294655,1
-65.31029,-164.84595,0.8622742,0.0,0.51736456,2
-65.44676,-166.11057,0.931569,0.0,0.5589414,2
-65.57189,-167.38873,0.9724745,0.0,0.5834847,2
-65.68475,-168.68025,0.9682874,0.0,0.5809725,2
-65.78598,-169.98308,0.98206216,0.0,0.58923733,2
-65.8745,-171.29684,0.98813313,0.0,0.5928799,2
-65.95104,-172.61963,0.9822682,0.0,0.58936095,2
-66.014725,-173.95056,0.98066187,0.0,0.58839715,2
-66.066055,-175.2879,0.9794911,0.0,0.5876947,2
-66.10445,-176.63054,0.9656971,0.0,0.5794183,2
-66.1302,-177.97682,0.89667517,0.0,0.5380051,2
-66.14303,-179.32536,0.75209194,0.016698604,0.45793462,1
-66.14303,179.32536,0.75604695,0.6244136,0.70339364,2
-66.1302,177.97682,0.92492944,0.71325743,0.8402606,3
-66.10445,176.63054,0.969322,0.028207833,0.5928764,2
-66.066055,175.2879,0.97289735,0.0,0.58373845,2
-66.014725,173.95056,0.96832585,0.0,0.58099556,2
-65.95104,172.61963,0.9576933,0.0,0.574616,2
-65.8745,171.29684,0.96071875,0.0,0.5764313,2
-65.78598,169.98308,0.9747891,0.0,0.5848735,2
-65.68475,168.68025,0.98188066,0.0,0.58912843,2
-65.57189,167.38873,0.9891991,0.0,0.5935195,2
-65.44676,166.11057,0.9897104,0.0,0.59382623,2
-65.31029,164.84595,0.99025565,0.0,0.5941534,2
-65.162094,163.5966,0.9903364,0.0,0.59420186,2
-65.00286,162.36281,0.98835295,0.0,0.5930118,2
-64.83251,161.14589,0.9786112,0.43382722,0.7606976,3
-64.65151,159.94623,0.9646587,0.9998806,0.9787475,3
-64.460014,158.76468,0.9710153,0.22464861,0.6724686,2
-64.258286,157.6018,0.9676021,0.0,0.5805613,2
-64.04671,156.45792,0.9535341,0.0,0.5721205,2
-63.825348,155.33382,0.94184285,0.0,0.56510574,2
-63.59478,154.22928,0.9161071,0.0,0.5496643,2
-63.354916,153.14536,0.87479764,0.0,0.5248786,2
-63.1065,152.08125,0.87990606,0.0,0.5279437,2
-62.84929,151.03835,0.8333781,0.0,0.5000269,2
-62.584133,150.0153,0.75081563,0.0,0.4504894,1
-62.31073,149.01369,0.6926888,0.0,0.41561332,1
-62.029915,148.03198,0.5279136,0.0,0.31674814,1
-61.741497,147.07143,0.17881618,0.0,0.10728972,0
-61.446133,146.1308,0.0069967713,0.0,0.004198063,0
-61.1438,145.21082,0.0036071555,0.0,0.0021642933,0
-60.83496,144.31064,0.0022920095,0.0,0.0013752058,0
-60.51976,143.43048,0.0013118364,0.0,0.00078710186,0
-60.198505,142.56989,0.00089596893,0.0,0.0005375814,0
-59.871445,141.72858,0.00072008825,0.0,0.00043205297,0
-59.538765,140.90646,0.00065995665,0.0,0.000395974,0
-59.200817,140.10283,0.0006378091,0.0,0.00038268548,0
-58.857666,139.31795,0.0006340762,0.0,0.00038044574,0
-58.509747,138.5507,0.0006365339,0.0,0.00038192034,0
-58.157036,137.80167,0.00063774135,0.0,0.00038264482,0
-57.80001,137.06943,0.0006380815,0.0,0.00038284893,0
-57.438576,136.35481,0.00063832605,0.0,0.00038299564,0
-57.073242,135.65622,0.0006383607,0.0,0.00038301642,0
-56.703926,134.97443,0.0006383689,0.0,0.00038302134,0
-56.331043,134.30804,0.00063837046,0.0,0.0003830223,0
-55.9546,133.65752,0.00063837104,0.0,0.00038302265,0
-55.5749,133.02185,0.00063837104,0.0,0.00038302265,0
-55.192024,132.40112,0.00063837104,0.0,0.00038302265,0
-54.80619,131.79468,0.00063837104,0.0,0.00038302265,0
-54.417534,131.20229,0.00063837104,0.0,0.00038302265,0
-54.026207,130.6236,0.00063837104,0.0,0.00038302265,0
-53.63238,130.05812,0.00063837104,0.0,0.00038302265,0
-53.236153,129.50578,0.00063837104,0.0,0.00038302265,0
-52.837727,128.96582,0.00063837104,0.0,0.00038302265,0
-52.43715,128.43845,0.00063837104,0.0,0.00038302265,0
-52.034653,127.92268,0.00063837104,0.0,0.00038302265,0
-51.630253,127.41896,0.00063837104,0.0,0.00038302265,0
-51.224182,126.92616,0.00063837104,0.0,0.00038302265,0
-50.81643,126.44478,0.0006384559,0.0,0.00038307355,0
-50.407227,125.97377,0.0006364523,0.0,0.0003818714,0
-49.996597,125.51347,0.00063851406,0.0,0.00038310845,0
-49.584698,125.06309,0.00061591144,0.0,0.00036954688,0
-49.171593,124.622734,0.00058596703,0.0,0.00035158024,0
-48.75741,124.19185,0.0006016315,0.0,0.00036097888,0
-48.342216,123.77037,0.00078726263,0.0,0.00047235758,0
-48.048042,-124.42054,0.0012575969,0.0,0.0007545582,0
-48.459244,-124.845795,0.0009086667,0.0,0.0005452,0
-48.86937,-125.280396,0.00062122586,0.0,0.00037273552,0
-49.278355,-125.72439,0.00063243276,0.0,0.00037945967,0
-49.68606,-126.178345,0.0006374557,0.0,0.00038247346,0
-50.092453,-126.6421,0.0006379955,0.0,0.0003827973,0
-50.497334,-127.11647,0.0006383699,0.0,0.00038302195,0
-50.90071,-127.6011,0.00063837104,0.0,0.00038302265,0
-51.30234,-128.09702,0.00063837104,0.0,0.00038302265,0
-51.70224,-128.60374,0.00063837104,0.0,0.00038302265,0
-52.100163,-129.12233,0.00063837104,0.0,0.00038302265,0
-52.4961,-129.65239,0.00063837104,0.0,0.00038302265,0
-52.889816,-130.19481,0.00063837104,0.0,0.00038302265,0
-53.28128,-130.74948,0.00063837104,0.0,0.00038302265,0
-53.670273,-131.31702,0.00063837104,0.0,0.00038302265,0
-54.0567,-131.89757,0.00063837104,0.0,0.00038302265,0
-54.4404,-132.49155,0.00063837104,0.0,0.00038302265,0
-54.8212,-133.0993,0.00063837104,0.013633268,0.00583633,0
-55.198994,-133.72108,0.00063837104,0.15402123,0.061991517,0
-55.573547,-134.35745,0.00063837104,0.8719396,0.34915885,1
-55.94479,-135.00836,0.00063837133,0.48520428,0.19446473,0
-56.312412,-135.67474,0.0006383765,0.64936656,0.26012966,1
-56.67642,-136.35619,0.00063830777,0.95026433,0.38048872,1
-57.036385,-137.05396,0.0006383814,0.88414454,0.35404083,1
-57.392403,-137.76733,0.0006389323,0.82234085,0.3293197,1
-57.74396,-138.49785,0.0006454976,0.23333092,0.09371967,0
-58.09118,-139.24464,0.0006614557,0.022488495,0.009392272,0
-58.433556,-140.0091,0.0006947109,0.0,0.00041682654,0
-58.771133,-140.79063,0.00074978574,0.0,0.00044987147,0
-59.103477,-141.59027,0.0007638133,0.0,0.000458288,0
-59.430534,-142.40779,0.0008690924,0.0,0.0005214555,0
-59.751953,-143.24379,0.0012069772,0.0,0.0007241863,0
-60.06756,-144.09839,0.0019336776,0.0,0.0011602066,0
-60.377106,-144.97179,0.0029965248,0.0,0.001797915,0
-60.680286,-145.8644,0.0028918295,0.0,0.0017350977,0
-60.976986,-146.77602,0.0026455503,0.0,0.0015873302,0
-61.26674,-147.70737,0.0029815075,0.0,0.0017889045,0
-61.54957,-148.65784,0.006476986,0.0,0.0038861919,0
-61.82484,-149.62843,0.08082436,0.0,0.04849462,0
-62.09275,-150.61803,0.29164156,0.0,0.17498495,0
-62.352467,-151.628,0.3716593,0.0,0.2229956,0
-62.604332,-152.65688,0.31289932,0.0,0.1877396,0
-62.847485,-153.70589,0.3408959,0.0,0.20453754,0
-63.082176,-154.77364,0.48736656,0.0,0.29241994,1
-63.30769,-155.86092,0.64465797,0.0,0.3867948,1
-63.524124,-156.96667,0.70999306,0.0,0.42599586,1
-63.73093,-158.09111,0.74559057,0.0,0.44735435,1
-63.92804,-159.23343,0.6987867,0.0,0.41927204,1
-64.115074,-160.39331,0.60460913,0.0,0.3627655,1
-64.29182,-161.57024,0.55980307,0.0,0.33588186,1
-64.4581,-162.76337,0.59894896,0.0,0.3593694,1
-64.61348,-163.97227,0.7101063,0.0,0.4260638,1
-64.75806,-165.19579,0.80736923,0.0,0.48442155,1
-64.89116,-166.43353,0.815391,0.0,0.48923463,1
-65.01317,-167.68399,0.90751475,0.0,0.5445089,2
-65.123184,-168.94688,0.66637975,0.0,0.39982787,1
-65.22184,-170.22034,0.6250203,0.0,0.37501222,1
-65.308105,-171.504,0.93440616,0.0,0.56064373,2
-65.382675,-172.79604,0.7709357,0.0,0.46256146,1
-65.44471,-174.09564,0.7164813,0.02106516,0.43831488,1
-65.49471,-175.40126,0.809004,0.24346353,0.5827879,2
-65.5321,-176.71176,0.90707374,0.3947275,0.7021353,2
-65.55719,-178.02565,0.70641696,0.67540973,0.6940141,2
-65.56969,-179.34164,0.4761658,0.18236592,0.35864586,1
-65.56969,179.34164,0.42142507,0.15844598,0.31623346,1
-65.55719,178.02565,0.620376,0.046868674,0.3909731,1
-65.5321,176.71176,0.81994337,0.0,0.49196604,1
-65.49471,175.40126,0.89486045,0.0,0.5369163,2
-65.44471,174.09564,0.9027621,0.0,0.54165727,2
-65.382675,172.79604,0.91201526,0.0,0.5472092,2
-65.308105,171.504,0.89406824,0.0,0.53644097,2
-65.22184,170.22034,0.95427907,0.0,0.57256746,2
-65.123184,168.94688,0.9805706,0.0,0.58834237,2
-65.01317,167.68399,0.9903775,0.0,0.59422654,2
-64.89116,166.43353,0.9911623,0.0,0.5946974,2
-64.75806,165.19579,0.99106807,0.0,0.59464085,2
-64.61348,163.97227,0.9909712,0.0,0.59458274,2
-64.4581,162.76337,0.9903662,0.05088451,0.61457354,2
-64.29182,161.57024,0.97693,0.4521988,0.7670376,3
-64.115074,160.39331,0.93819535,0.7058187,0.84524477,3
-63.92804,159.23343,0.94860435,0.9245648,0.93898857,3
-63.73093,158.09111,0.94631237,0.20820086,0.6510678,2
-63.524124,156.96667,0.8858093,0.028563704,0.5429111,2
-63.30769,155.86092,0.84020025,0.0,0.5041202,2
-63.082176,154.77364,0.77722484,0.0,0.4663349,1
-62.847485,153.70589,0.6957485,0.0,0.41744912,1
-62.604332,152.65688,0.72007763,0.0,0.4320466,1
-62.352467,151.628,0.7241414,0.0,0.43448487,1
-62.09275,150.61803,0.64987826,0.0,0.38992697,1
-61.82484,149.62843,0.3533989,0.0,0.21203934,0
-61.54957,148.65784,0.10668884,0.0,0.06401331,0
-61.26674,147.70737,0.020120533,0.0,0.01207232,0
-60.976986,146.77602,0.0022300591,0.0,0.0013380356,0
-60.680286,145.8644,0.0011173317,0.0,0.00067039905,0
-60.377106,144.97179,0.0008194592,0.0,0.0004916756,0
-60.06756,144.09839,0.00070170045,0.0,0.0004210203,0
-59.751953,143.24379,0.0006521459,0.0,0.00039128755,0
-59.430534,142.40779,0.0006387356,0.0,0.00038324136,0
-59.103477,141.59027,0.0006385052,0.0,0.00038310315,0
-58.771133,140.79063,0.0006374135,0.0,0.00038244814,0
-58.433556,140.0091,0.0006368124,0.0,0.00038208746,0
-58.09118,139.24464,0.00063740986,0.0,0.00038244593,0
-57.74396,138.49785,0.0006380368,0.0,0.0003828221,0
-57.392403,137.76733,0.00063826947,0.0,0.0003829617,0
-57.036385,137.05396,0.0006383516,0.0,0.00038301098,0
-56.67642,136.35619,0.00063836924,0.0,0.00038302157,0
-56.312412,135.67474,0.00063837046,0.0,0.0003830223,0
-55.94479,135.00836,0.00063837104,0.0,0.00038302265,0
-55.573547,134.35745,0.00063837104,0.0,0.00038302265,0
-55.198994,133.72108,0.00063837104,0.0,0.00038302265,0
-54.8212,133.0993,0.00063837104,0.0,0.00038302265,0
-54.4404,132.49155,0.00063837104,0.0,0.00038302265,0
-54.0567,131.89757,0.00063837104,0.0,0.00038302265,0
-53.670273,131.31702,0.00063837104,0.0,0.00038302265,0
-53.28128,130.74948,0.00063837104,0.0,0.00038302265,0
-52.889816,130.19481,0.00063837104,0.0,0.00038302265,0
-52.4961,129.65239,0.00063837104,0.0,0.00038302265,0
-52.100163,129.12233,0.00063837104,0.0,0.00038302265,0
-51.70224,128.60374,0.00063837104,0.0,0.00038302265,0
-51.30234,128.09702,0.00063837104,0.0,0.00038302265,0
-50.90071,127.6011,0.00063837104,0.0,0.00038302265,0
-50.497334,127.11647,0.0006384559,0.0,0.00038307355,0
-50.092453,126.6421,0.0006364523,0.0,0.0003818714,0
-49.68606,126.178345,0.00063851406,0.0,0.00038310845,0
-49.278355,125.72439,0.00061591144,0.0,0.00036954688,0
-48.86937,125.280396,0.00058596703,0.0,0.00035158024,0
-48.459244,124.845795,0.0006016315,0.0,0.00036097888,0
-48.048042,124.42054,0.00078726263,0.0,0.00047235758,0
-47.749474,-125.06053,0.0012575969,0.0,0.0007545582,0
-48.156662,-125.48928,0.0009086667,0.0,0.0005452,0
-48.56273,-125.92731,0.00062122586,0.0,0.00037273552,0
-48.967594,-126.37463,0.00063243276,0.0,0.00037945967,0
-49.371117,-126.83183,0.0006374557,0.0,0.00038247346,0
-49.77326,-127.29875,0.0006379955,0.0,0.0003827973,0
-50.173836,-127.77618,0.0006383699,0.0,0.00038302195,0
-50.572838,-128.26372,0.00063837104,0.0,0.00038302265,0
-50.97004,-128.76245,0.00063837104,0.0,0.00038302265,0
-51.365444,-129.27182,0.00063837104,0.0,0.00038302265,0
-51.75881,-129.7929,0.00063837104,0.0,0.00038302265,0
-52.150127,-130.32526,0.00063837104,0.0,0.00038302265,0
-52.53916,-130.86984,0.00063837104,0.0,0.00038302265,0
-52.92588,-131.4264,0.00063837104,0.0,0.00038302265,0
-53.310066,-131.99567,0.00063837104,0.0,0.00038302265,0
-53.691635,-132.57767,0.00063837104,0.0,0.00038302265,0
-54.070408,-133.17288,0.00063837104,0.0,0.00038302265,0
-54.44623,-133.78159,0.00063837104,0.0,0.00038302265,0
-54.818985,-134.40399,0.00063837104,0.0,0.00038302265,0
-55.18844,-135.0407,0.00063837104,0.3468783,0.13913433,0
-55.554535,-135.69159,0.00063837104,0.9985153,0.39978915,1
-55.916954,-136.35757,0.0006383735,0.952853,0.38152424,1
-56.275715,-137.03824,0.0006383516,0.8931021,0.35762388,1
-56.630386,-137.73482,0.0006383084,0.4861769,0.19485375,0
-56.981068,-138.44656,0.00063817913,0.4769364,0.19115746,0
-57.327248,-139.17496,0.0006395332,0.92427593,0.37009412,1
-57.669052,-139.91916,0.0006436565,0.27349076,0.109782495,0
-58.00598,-140.68045,0.00066591427,0.0,0.0003995486,0
-58.33809,-141.45828,0.00068894605,0.0,0.00041336764,0
-58.664936,-142.25365,0.000754373,0.0,0.0004526238,0
-58.98648,-143.06622,0.00080888445,0.0,0.00048533067,0
-59.30237,-143.89665,0.0008882555,0.0,0.0005329533,0
-59.61245,-144.74496,0.0010672179,0.0,0.0006403308,0
-59.91647,-145.61134,0.0012192044,0.0,0.0007315227,0
-60.21414,-146.4962,0.0011604036,0.0,0.0006962422,0
-60.505333,-147.39926,0.0011379806,0.0,0.0006827884,0
-60.789616,-148.32126,0.0010936955,0.0,0.00065621734,0
-61.06701,-149.26147,0.001519096,0.0,0.00091145764,0
-61.336895,-150.22095,0.0034364737,0.0,0.0020618844,0
-61.599472,-151.19853,0.0076383743,0.0,0.004583025,0
-61.85393,-152.19553,0.009727006,0.0,0.0058362037,0
-62.1006,-153.21048,0.021577936,0.0,0.012946762,0
-62.338654,-154.24454,0.0096619,0.0,0.0057971403,0
-62.56835,-155.29642,0.027786579,0.0,0.016671948,0
-62.788994,-156.36676,0.15777454,0.0,0.09466473,0
-63.00068,-157.45456,0.34547824,0.0,0.20728695,0
-63.202877,-158.56001,0.59595317,0.0,0.3575719,1
-63.39553,-159.68234,0.62611645,0.0,0.3756699,1
-63.578293,-160.82121,0.59364384,0.0,0.35618633,1
-63.75093,-161.9761,0.5011364,0.0,0.30068186,1
-63.913307,-163.14621,0.46964535,0.0,0.28178722,1
-64.064995,-164.33118,0.63435596,0.0,0.3806136,1
-64.2061,-165.52979,0.6173129,0.0,0.37038776,1
-64.33598,-166.74179,0.5331078,0.0,0.3198647,1
-64.455,-167.96565,0.46873683,0.0,0.2812421,1
-64.5623,-169.20111,0.32177746,0.0,0.1930665,0
-64.658516,-170.44647,0.11268153,0.030420374,0.07977707,0
-64.742615,-171.70135,0.13781483,0.09859339,0.12212627,0
-64.815315,-172.96404,0.13301395,0.52480155,0.289729,1
-64.87577,-174.23381,0.11145476,0.591389,0.30342847,1
-64.9245,-175.50916,0.032958746,0.9982149,0.4190612,1
-64.96094,-176.78906,0.20170869,0.75737214,0.4239741,1
-64.98538,-178.07214,0.24081692,0.7028264,0.4256207,1
-64.99755,-179.35718,0.10027297,0.9920466,0.45698243,1
-64.99755,179.35718,0.11903403,0.98770803,0.46650365,1
-64.98538,178.07214,0.34856504,0.6642817,0.47485173,1
-64.96094,176.78906,0.5481208,0.4179677,0.4960596,1
-64.9245,175.50916,0.7627502,0.091902755,0.49441126,1
-64.87577,174.23381,0.8162365,0.0,0.48974192,1
-64.815315,172.96404,0.83609927,0.011112767,0.5061047,2
-64.742615,171.70135,0.8209595,0.083831325,0.52610826,2
-64.658516,170.44647,0.9065686,0.15954593,0.6077596,2
-64.5623,169.20111,0.94268745,0.1139975,0.6112115,2
-64.455,167.96565,0.9800576,0.02699589,0.5988329,2
-64.33598,166.74179,0.9876545,0.0,0.5925927,2
-64.2061,165.52979,0.9889839,0.0,0.5933904,2
-64.064995,164.33118,0.98816794,0.029389737,0.6046567,2
-63.913307,163.14621,0.98695683,0.40857592,0.7556045,3
-63.75093,161.9761,0.9747267,0.904781,0.9467484,3
-63.578293,160.82121,0.9270196,0.13761233,0.6112567,2
-63.39553,159.68234,0.92945766,0.71413827,0.84332997,3
-63.202877,158.56001,0.91399664,0.9884341,0.94377166,3
-63.00068,157.45456,0.82515043,0.67926747,0.7667973,3
-62.788994,156.36676,0.74525434,0.021374846,0.45570254,1
-62.56835,155.29642,0.6598956,0.0,0.39593738,1
-62.338654,154.24454,0.5467871,0.0,0.32807225,1
-62.1006,153.21048,0.58031386,0.0,0.34818834,1
-61.85393,152.19553,0.6126079,0.0,0.36756474,1
-61.599472,151.19853,0.6115438,0.0,0.36692628,1
-61.336895,150.22095,0.38917622,0.0,0.23350574,0
-61.06701,149.26147,0.03689855,0.0,0.02213913,0
-60.789616,148.32126,0.0038425983,0.0,0.002305559,0
-60.505333,147.39926,0.0009922732,0.0,0.00059536396,0
-60.21414,146.4962,0.00077137596,0.0,0.00046282558,0
-59.91647,145.61134,0.0006893635,0.0,0.00041361814,0
-59.61245,144.74496,0.0006446673,0.0,0.0003868004,0
-59.30237,143.89665,0.00062837126,0.0,0.00037702278,0
-58.98648,143.06622,0.00063424365,0.0,0.0003805462,0
-58.664936,142.25365,0.00063797605,0.0,0.00038278566,0
-58.33809,141.45828,0.00063797605,0.0,0.00038278566,0
-58.00598,140.68045,0.00063814357,0.0,0.00038288615,0
-57.669052,139.91916,0.0006381445,0.0,0.0003828867,0
-57.327248,139.17496,0.00063826796,0.0,0.0003829608,0
-56.981068,138.44656,0.0006383461,0.0,0.00038300766,0
-56.630386,137.73482,0.0006383671,0.0,0.00038302026,0
-56.275715,137.03824,0.00063837046,0.0,0.0003830223,0
-55.916954,136.35757,0.00063837104,0.0,0.00038302265,0
-55.554535,135.69159,0.00063837104,0.0,0.00038302265,0
-55.18844,135.0407,0.00063837104,0.0,0.00038302265,0
-54.818985,134.40399,0.00063837104,0.0,0.00038302265,0
-54.44623,133.78159,0.00063837104,0.0,0.00038302265,0
-54.070408,133.17288,0.00063837104,0.0,0.00038302265,0
-53.691635,132.57767,0.00063837104,0.0,0.00038302265,0
-53.310066,131.99567,0.00063837104,0.0,0.00038302265,0
-52.92588,131.4264,0.00063837104,0.0,0.00038302265,0
-52.53916,130.86984,0.00063837104,0.0,0.00038302265,0
-52.150127,130.32526,0.00063837104,0.0,0.00038302265,0
-51.75881,129.7929,0.00063837104,0.0,0.00038302265,0
-51.365444,129.27182,0.00063837104,0.0,0.00038302265,0
-50.97004,128.76245,0.00063837104,0.0,0.00038302265,0
-50.572838,128.26372,0.00063837104,0.0,0.00038302265,0
-50.173836,127.77618,0.0006384559,0.0,0.00038307355,0
-49.77326,127.29875,0.0006364523,0.0,0.0003818714,0
-49.371117,126.83183,0.00063851406,0.0,0.00038310845,0
-48.967594,126.37463,0.00061591144,0.0,0.00036954688,0
-48.56273,125.92731,0.00058596703,0.0,0.00035158024,0
-48.156662,125.48928,0.0006016315,0.0,0.00036097888,0
-47.749474,125.06053,0.00078726263,0.0,0.00047235758,0
-47.446842,-125.69087,0.0012575969,0.0,0.0007545582,0
-47.850033,-126.12286,0.0009086667,0.0,0.0005452,0
-48.252033,-126.56405,0.00062122586,0.0,0.00037273552,0
-48.65278,-127.01446,0.00063243276,0.0,0.00037945967,0
-49.052116,-127.47463,0.0006374557,0.0,0.00038247346,0
-49.450016,-127.94443,0.0006379955,0.0,0.0003827973,0
-49.8463,-128.42458,0.0006383699,0.0,0.00038302195,0
-50.240936,-128.91478,0.00063837104,0.0,0.00038302265,0
-50.633713,-129.41599,0.00063837104,0.0,0.00038302265,0
-51.02464,-129.92769,0.00063837104,0.0,0.00038302265,0
-51.413464,-130.45093,0.00063837104,0.0,0.00038302265,0
-51.800182,-130.9853,0.00063837104,0.0,0.00038302265,0
-52.184566,-131.53168,0.00063837104,0.0,0.00038302265,0
-52.566566,-132.08986,0.00063837104,0.0,0.00038302265,0
-52.945984,-132.66049,0.00063837104,0.0,0.00038302265,0
-53.32272,-133.24362,0.00063837104,0.0,0.00038302265,0
-53.6966,-133.83969,0.00063837104,0.0,0.00038302265,0
-54.06749,-134.44899,0.00063837104,0.0,0.00038302265,0
-54.435257,-135.07169,0.00063837104,0.0,0.00038302265,0
-54.799667,-135.70836,0.00063837104,0.017601248,0.007423522,0
-55.160667,-136.3589,0.00063837104,0.1469821,0.059175864,0
-55.517952,-137.02414,0.000638372,0.18344001,0.073759034,0
-55.87152,-137.70369,0.00063836615,0.057888754,0.02353852,0
-56.22097,-138.39874,0.0006383482,0.01683432,0.007116737,0
-56.56639,-139.10852,0.00063829776,0.05111315,0.02082824,0
-56.907265,-139.83449,0.0006384706,0.5278904,0.21153924,0
-57.24374,-140.57576,0.00063992955,0.70255786,0.2814071,1
-57.575314,-141.33359,0.00064697204,0.030769585,0.0126960175,0
-57.90204,-142.10744,0.00066957186,0.0,0.00040174313,0
-58.223495,-142.89821,0.00070428546,0.0,0.0004225713,0
-58.539627,-143.7056,0.0007461413,0.0,0.0004476848,0
-58.850105,-144.53018,0.0007933926,0.0,0.00047603558,0
-59.154762,-145.372,0.0008267648,0.0,0.0004960589,0
-59.45339,-146.23122,0.0008396823,0.0,0.0005038094,0
-59.745663,-147.10812,0.0008108783,0.0,0.000486527,0
-60.031494,-148.0025,0.00078646594,0.0,0.00047187958,0
-60.31044,-148.91502,0.0007681766,0.0,0.00046090595,0
-60.58254,-149.84497,0.0008006854,0.0,0.00048041125,0
-60.847176,-150.7933,0.000890446,0.0,0.00053426763,0
-61.104572,-151.75891,0.001082577,0.0,0.0006495463,0
-61.353916,-152.743,0.0017325272,0.0,0.0010395163,0
-61.595554,-153.74416,0.0022135759,0.0,0.0013281456,0
-61.82867,-154.76349,0.001895138,0.019175613,0.0088073285,0
-62.05353,-155.7997,0.0026211306,0.11994982,0.04955261,0
-62.269455,-156.85344,0.005722181,0.29907697,0.1230641,0
-62.476543,-157.92368,0.029185284,0.6240095,0.26711497,1
-62.67429,-159.0106,0.28474554,0.4302064,0.3429299,1
-62.86265,-160.11345,0.32836446,0.112886466,0.24217327,0
-63.041286,-161.2319,0.3556083,0.03498708,0.22735983,0
-63.209976,-162.36543,0.21164912,0.026905382,0.13775164,0
-63.3686,-163.51328,0.054380335,0.042591926,0.049664974,0
-63.516735,-164.6751,0.24320209,0.011574802,0.15055119,0
-63.654503,-165.84972,0.2704585,0.0,0.1622751,0
-63.78128,-167.03687,0.21698484,0.0,0.13019091,0
-63.89744,-168.23517,0.08100758,0.0,0.048604548,0
-64.002144,-169.44432,0.017614089,0.23680575,0.105290756,0
-64.09599,-170.66272,0.015282563,0.6380528,0.26439068,1
-64.178024,-171.89003,0.008003089,0.97407717,0.39443272,1
-64.248924,-173.12462,0.0062641324,0.7969273,0.3225294,1
-64.307884,-174.36583,0.0041445172,0.6506529,0.26274785,1
-64.3554,-175.61226,0.0042297696,0.21752207,0.08954669,0
-64.39092,-176.86292,0.008640228,0.017786577,0.012298768,0
-64.41474,-178.11653,0.009589451,0.07486946,0.035701457,0
-64.42661,-179.37198,0.0059240395,0.19752643,0.082564995,0
-64.42661,179.37198,0.0071240794,0.15770766,0.06735752,0
-64.41474,178.11653,0.022263454,0.46432725,0.19908898,0
-64.39092,176.86292,0.18662266,0.8240936,0.44161105,1
-64.3554,175.61226,0.5572435,0.8275281,0.66535735,2
-64.307884,174.36583,0.6746919,0.40581265,0.5671402,2
-64.248924,173.12462,0.8086508,0.4360035,0.6595919,2
-64.178024,171.89003,0.8118152,0.99145603,0.8836715,3
-64.09599,170.66272,0.8170901,0.9929595,0.8874379,3
-64.002144,169.44432,0.8813599,0.99889296,0.9283731,3
-63.89744,168.23517,0.92575514,0.7399479,0.8514323,3
-63.78128,167.03687,0.92132944,0.44131967,0.72932553,2
-63.654503,165.84972,0.9245326,0.357501,0.69772,2
-63.516735,164.6751,0.92214406,0.3723528,0.7022276,2
-63.3686,163.51328,0.92018723,0.99977493,0.9520223,3
-63.209976,162.36543,0.9001182,0.424147,0.7097298,2
-63.041286,161.2319,0.87922305,0.6173399,0.7744698,3
-62.86265,160.11345,0.8629638,0.15054694,0.577997,2
-62.67429,159.0106,0.85223675,0.3317776,0.6440531,2
-62.476543,157.92368,0.70941496,0.9461477,0.804108,3
-62.269455,156.85344,0.57406044,0.06986959,0.37238413,1
-62.05353,155.7997,0.5250298,0.0,0.31501788,1
-61.82867,154.76349,0.49477762,0.0,0.2968666,1
-61.595554,153.74416,0.48994324,0.0,0.29396597,1
-61.353916,152.743,0.5871271,0.0,0.35227627,1
-61.104572,151.75891,0.570551,0.0,0.3423306,1
-60.847176,150.7933,0.36968675,0.0,0.22181205,0
-60.58254,149.84497,0.048787944,0.0,0.029272767,0
-60.31044,148.91502,0.0023395726,0.0,0.0014037436,0
-60.031494,148.0025,0.0007631443,0.0,0.00045788658,0
-59.745663,147.10812,0.00065979915,0.0,0.0003958795,0
-59.45339,146.23122,0.00064186036,0.0,0.00038511623,0
-59.154762,145.372,0.00063570146,0.0,0.0003814209,0
-58.850105,144.53018,0.0006350871,0.0,0.00038105226,0
-58.539627,143.7056,0.0006369098,0.0,0.0003821459,0
-58.223495,142.89821,0.0006378508,0.0,0.00038271048,0
-57.90204,142.10744,0.0006381697,0.0,0.00038290184,0
-57.575314,141.33359,0.00063826435,0.0,0.00038295862,0
-57.24374,140.57576,0.00063833245,0.0,0.00038299948,0
-56.907265,139.83449,0.0006383519,0.0,0.00038301115,0
-56.56639,139.10852,0.0006383665,0.0,0.0003830199,0
-56.22097,138.39874,0.00063837075,0.0,0.00038302247,0
-55.87152,137.70369,0.00063837075,0.0,0.00038302247,0
-55.517952,137.02414,0.00063837104,0.0,0.00038302265,0
-55.160667,136.3589,0.00063837104,0.0,0.00038302265,0
-54.799667,135.70836,0.00063837104,0.0,0.00038302265,0
-54.435257,135.07169,0.00063837104,0.0,0.00038302265,0
-54.06749,134.44899,0.00063837104,0.0,0.00038302265,0
-53.6966,133.83969,0.00063837104,0.0,0.00038302265,0
-53.32272,133.24362,0.00063837104,0.0,0.00038302265,0
-52.945984,132.66049,0.00063837104,0.0,0.00038302265,0
-52.566566,132.08986,0.00063837104,0.0,0.00038302265,0
-52.184566,131.53168,0.00063837104,0.0,0.00038302265,0
-51.800182,130.9853,0.00063837104,0.0,0.00038302265,0
-51.413464,130.45093,0.00063837104,0.0,0.00038302265,0
-51.02464,129.92769,0.00063837104,0.0,0.00038302265,0
-50.633713,129.41599,0.00063837104,0.0,0.00038302265,0
-50.240936,128.91478,0.00063837104,0.0,0.00038302265,0
-49.8463,128.42458,0.0006384559,0.0,0.00038307355,0
-49.450016,127.94443,0.0006364523,0.0,0.0003818714,0
-49.052116,127.47463,0.00063851406,0.0,0.00038310845,0
-48.65278,127.01446,0.00061591144,0.0,0.00036954688,0
-48.252033,126.56405,0.00058596703,0.0,0.00035158024,0
-47.850033,126.12286,0.0006016315,0.0,0.00036097888,0
-47.446842,125.69087,0.00078726263,0.0,0.00047235758,0
-47.140118,-126.31122,0.0012575969,0.0,0.0007545582,0
-47.539307,-126.746185,0.0009086667,0.0,0.0005452,0
-47.93724,-127.19026,0.00062122586,0.0,0.00037273552,0
-48.333866,-127.64348,0.00063243276,0.0,0.00037945967,0
-48.729027,-128.10634,0.0006374557,0.0,0.00038247346,0
-49.122696,-128.57872,0.0006379955,0.0,0.0003827973,0
-49.514687,-129.06136,0.0006383699,0.0,0.00038302195,0
-49.904984,-129.55386,0.00063837104,0.0,0.00038302265,0
-50.29335,-130.05727,0.00063837104,0.0,0.00038302265,0
-50.679825,-130.57098,0.00063837104,0.0,0.00038302265,0
-51.064125,-131.0961,0.00063837104,0.0,0.00038302265,0
-51.446274,-131.63214,0.00063837104,0.0,0.00038302265,0
-51.826023,-132.18,0.00063837104,0.0,0.00038302265,0
-52.20334,-132.73944,0.00063837104,0.0,0.00038302265,0
-52.57802,-133.3111,0.00063837104,0.0,0.00038302265,0
-52.949966,-133.89505,0.00063837104,0.0,0.00038302265,0
-53.319008,-134.49164,0.00063837104,0.0,0.00038302265,0
-53.685,-135.1012,0.00063837104,0.0,0.00038302265,0
-54.04782,-135.72385,0.00063837104,0.0,0.00038302265,0
-54.40724,-136.36017,0.00063837104,0.0,0.00038302265,0
-54.763214,-137.01,0.00063837104,0.0,0.00038302265,0
-55.11542,-137.67418,0.00063837104,0.0,0.00038302265,0
-55.463882,-138.35228,0.00063837017,0.0,0.00038302212,0
-55.808174,-139.04546,0.0006383653,0.0,0.00038301919,0
-56.14841,-139.75294,0.00063833426,0.011450757,0.0049633035,0
-56.484074,-140.47614,0.00063826854,0.5742235,0.23007236,0
-56.815308,-141.2142,0.0006383452,0.72428983,0.29009897,1
-57.141617,-141.96829,0.0006400235,0.056785714,0.0230983,0
-57.46306,-142.73787,0.0006454613,0.0,0.0003872768,0
-57.779224,-143.52379,0.0006570385,0.0,0.0003942231,0
-58.090054,-144.32578,0.0006710242,0.0,0.00040261453,0
-58.39524,-145.1443,0.00068493857,0.0,0.00041096317,0
-58.694603,-145.97943,0.0006975722,0.0,0.00041854332,0
-58.987946,-146.83127,0.0006997305,0.0,0.0004198383,0
-59.27496,-147.7001,0.00068568275,0.0,0.00041140968,0
-59.555557,-148.58572,0.00067733333,0.0,0.0004064,0
-59.829308,-149.48866,0.00068821345,0.0,0.0004129281,0
-60.096252,-150.40831,0.00070286635,0.0,0.00042171983,0
-60.355797,-151.3455,0.000746889,0.0,0.00044813342,0
-60.608147,-152.2992,0.00072451046,0.0,0.0004347063,0
-60.852535,-153.2705,0.0008388135,0.014913368,0.0064686355,0
-61.08929,-154.25806,0.0009010694,0.18662931,0.07519237,0
-61.31762,-155.26288,0.00085977756,0.69016165,0.27658054,1
-61.537804,-156.28369,0.0010081485,0.9421997,0.3774848,1
-61.74916,-157.32115,0.0012662839,0.9784118,0.3921245,1
-61.95182,-158.37424,0.002983114,0.60426795,0.24349706,0
-62.14528,-159.4431,0.00950072,0.7473252,0.30463052,1
-62.329494,-160.52701,0.0110883,0.99561787,0.40490013,1
-62.50415,-161.62566,0.019688288,0.8245199,0.34162095,1
-62.669044,-162.7385,0.0140970675,0.7484575,0.30784124,1
-62.82406,-163.86484,0.006239893,0.9192271,0.3714348,1
-62.96878,-165.00429,0.0084604025,0.6449952,0.2630743,1
-63.10335,-166.15579,0.011210063,0.24731204,0.10565086,0
-63.227158,-167.31909,0.01451951,0.15079516,0.06902977,0
-63.34057,-168.49281,0.008728511,0.5043715,0.20698571,0
-63.442772,-169.67673,0.0036811836,0.9804352,0.3943828,1
-63.53437,-170.8693,0.002908098,0.7321292,0.29459655,1
-63.614426,-172.0702,0.0023583488,0.19246738,0.07840196,0
-63.6836,-173.27792,0.0018349105,0.065028116,0.027112193,0
-63.74112,-174.49185,0.0015012573,0.0,0.0009007544,0
-63.787468,-175.71063,0.0012586333,0.0,0.00075518,0
-63.82212,-176.93338,0.0015863336,0.0,0.0009518002,0
-63.845364,-178.1589,0.0013849285,0.0,0.00083095714,0
-63.856937,-179.38611,0.0012519235,0.0,0.00075115415,0
-63.856937,179.38611,0.0014799837,0.0,0.00088799023,0
-63.845364,178.1589,0.0027676364,0.0,0.0016605819,0
-63.82212,176.93338,0.014392621,0.10644871,0.051215056,0
-63.787468,175.71063,0.21350302,0.40266237,0.28916675,1
-63.74112,174.49185,0.40149155,0.9554225,0.6230639,2
-63.6836,173.27792,0.5650927,0.9130036,0.7042571,2
-63.614426,172.0702,0.66510236,0.48527366,0.5931709,2
-63.53437,170.8693,0.6028366,0.9549472,0.74368083,2
-63.442772,169.67673,0.6065831,0.9431869,0.74122465,2
-63.34057,168.49281,0.59178877,0.89964664,0.71493196,2
-63.227158,167.31909,0.63514346,0.84690714,0.71984893,2
-63.10335,166.15579,0.7405553,0.8574405,0.7873094,3
-62.96878,165.00429,0.7564763,0.942872,0.8310346,3
-62.82406,163.86484,0.7205034,0.9680331,0.8195153,3
-62.669044,162.7385,0.7513204,0.8627153,0.7958784,3
-62.50415,161.62566,0.7725848,0.8882791,0.81886256,3
-62.329494,160.52701,0.7245763,0.53804356,0.6499632,2
-62.14528,159.4431,0.6837175,0.6128949,0.6553885,2
-61.95182,158.37424,0.58755445,0.9742764,0.7422433,2
-61.74916,157.32115,0.45275888,0.14215134,0.3285159,1
-61.537804,156.28369,0.4137889,0.0,0.24827336,0
-61.31762,155.26288,0.38035306,0.0,0.22821185,0
-61.08929,154.25806,0.410423,0.0,0.24625382,0
-60.852535,153.2705,0.38135388,0.0,0.22881234,0
-60.608147,152.2992,0.35266712,0.0,0.21160029,0
-60.355797,151.3455,0.3415809,0.0,0.20494854,0
-60.096252,150.40831,0.04719735,0.0,0.02831841,0
-59.829308,149.48866,0.0017038316,0.0,0.001022299,0
-59.555557,148.58572,0.0007293514,0.0,0.00043761087,0
-59.27496,147.7001,0.00065361336,0.0,0.00039216803,0
-58.987946,146.83127,0.0006386957,0.0,0.00038321744,0
-58.694603,145.97943,0.00063714536,0.0,0.00038228722,0
-58.39524,145.1443,0.0006372775,0.0,0.0003823665,0
-58.090054,144.32578,0.00063765445,0.0,0.0003825927,0
-57.779224,143.52379,0.000637973,0.0,0.00038278382,0
-57.46306,142.73787,0.00063825544,0.0,0.0003829533,0
-57.141617,141.96829,0.00063833606,0.0,0.00038300166,0
-56.815308,141.2142,0.00063836225,0.0,0.00038301738,0
-56.484074,140.47614,0.000638368,0.0,0.00038302082,0
-56.14841,139.75294,0.00063837046,0.0,0.0003830223,0
-55.808174,139.04546,0.00063837075,0.0,0.00038302247,0
-55.463882,138.35228,0.00063837104,0.0,0.00038302265,0
-55.11542,137.67418,0.00063837104,0.0,0.00038302265,0
-54.763214,137.01,0.00063837104,0.0,0.00038302265,0
-54.40724,136.36017,0.00063837104,0.0,0.00038302265,0
-54.04782,135.72385,0.00063837104,0.0,0.00038302265,0
-53.685,135.1012,0.00063837104,0.0,0.00038302265,0
-53.319008,134.49164,0.00063837104,0.0,0.00038302265,0
-52.949966,133.89505,0.00063837104,0.0,0.00038302265,0
-52.57802,133.3111,0.00063837104,0.0,0.00038302265,0
-52.20334,132.73944,0.00063837104,0.0,0.00038302265,0
-51.826023,132.18,0.00063837104,0.0,0.00038302265,0
-51.446274,131.63214,0.00063837104,0.0,0.00038302265,0
-51.064125,131.0961,0.00063837104,0.0,0.00038302265,0
-50.679825,130.57098,0.00063837104,0.0,0.00038302265,0
-50.29335,130.05727,0.00063837104,0.0,0.00038302265,0
-49.904984,129.55386,0.00063837104,0.0,0.00038302265,0
-49.514687,129.06136,0.0006384559,0.0,0.00038307355,0
-49.122696,128.57872,0.0006364523,0.0,0.0003818714,0
-48.729027,128.10634,0.00063851406,0.0,0.00038310845,0
-48.333866,127.64348,0.00061591144,0.0,0.00036954688,0
-47.93724,127.19026,0.00058596703,0.0,0.00035158024,0
-47.539307,126.746185,0.0006016315,0.0,0.00036097888,0
-47.140118,126.31122,0.00078726263,0.0,0.00047235758,0
-46.829544,-126.921936,0.0012575969,0.0,0.0007545582,0
-47.22473,-127.359634,0.0009086667,0.0,0.0005452,0
-47.618607,-127.80635,0.00062122586,0.0,0.00037273552,0
-48.011116,-128.2621,0.00063243276,0.0,0.00037945967,0
-48.402115,-128.72742,0.0006374557,0.0,0.00038247346,0
-48.791565,-129.2021,0.0006379955,0.0,0.0003827973,0
-49.179276,-129.68692,0.0006383699,0.0,0.00038302195,0
-49.565247,-130.18147,0.00063837104,0.0,0.00038302265,0
-49.94923,-130.68678,0.00063837104,0.0,0.00038302265,0
-50.331253,-131.20226,0.00063837104,0.0,0.00038302265,0
-50.711063,-131.72894,0.00063837104,0.0,0.00038302265,0
-51.08867,-132.26636,0.00063837104,0.0,0.00038302265,0
-51.463818,-132.81538,0.00063837104,0.0,0.00038302265,0
-51.836494,-133.3758,0.00063837104,0.0,0.00038302265,0
-52.206463,-133.9482,0.00063837104,0.0,0.00038302265,0
-52.573658,-134.53262,0.00063837104,0.0,0.00038302265,0
-52.937904,-135.12946,0.00063837104,0.0,0.00038302265,0
-53.299053,-135.73897,0.00063837104,0.0,0.00038302265,0
-53.656982,-136.36127,0.00063837104,0.0,0.00038302265,0
-54.011475,-136.9969,0.00063837104,0.0,0.00038302265,0
-54.362473,-137.64572,0.00063837104,0.0,0.00038302265,0
-54.709667,-138.30853,0.00063837104,0.0,0.00038302265,0
-55.053078,-138.9849,0.00063837104,0.0,0.00038302265,0
-55.39229,-139.67592,0.0006383716,0.0,0.000383023,0
-55.727417,-140.38084,0.00063836615,0.0,0.0003830197,0
-56.057953,-141.101,0.00063833455,0.25583148,0.10271559,0
-56.384026,-141.83554,0.000638302,0.9521131,0.38122824,1
-56.70517,-142.58565,0.00063849124,0.3514466,0.14096174,0
-57.021427,-143.35072,0.00063964387,0.013299234,0.00570348,0
-57.332397,-144.13158,0.00064240716,0.0,0.00038544432,0
-57.63803,-144.92792,0.00064557634,0.0,0.00038734582,0
-57.938034,-145.74023,0.0006478347,0.0,0.00038870084,0
-58.232224,-146.56851,0.00064877444,0.0,0.0003892647,0
-58.520397,-147.41284,0.000648027,0.0,0.0003888162,0
-58.802273,-148.2735,0.0006460379,0.0,0.00038762277,0
-59.07777,-149.15027,0.0006452082,0.0,0.00038712492,0
-59.346447,-150.04362,0.00065082737,0.0,0.00039049643,0
-59.60837,-150.95294,0.0006707074,0.0,0.00040242446,0
-59.862953,-151.87907,0.0006879007,0.0,0.00041274042,0
-60.11041,-152.8209,0.0007291787,0.033637736,0.013892602,0
-60.349976,-153.77954,0.00074880355,0.4049187,0.16241677,0
-60.582,-154.75366,0.00078212447,0.98638564,0.39502352,1
-60.805695,-155.74417,0.0007591499,0.75839925,0.30381522,1
-61.02134,-156.74992,0.0007970125,0.26646164,0.10706287,0
-61.228287,-157.77142,0.00075469795,0.64185584,0.25719514,1
-61.42666,-158.80775,0.0008913063,0.86740947,0.34749857,1
-61.615967,-159.85901,0.001143711,0.1829926,0.07388327,0
-61.79619,-160.92448,0.0015481277,0.16984753,0.06886789,0
-61.96701,-162.00388,0.0023965314,0.34587097,0.1397863,0
-62.12824,-163.09668,0.0022734497,0.5765261,0.23197451,0
-62.27977,-164.2022,0.0015803569,0.30064517,0.12120628,0
-62.42122,-165.32007,0.0016947548,0.653363,0.26236206,1
-62.552708,-166.44928,0.0021757942,0.9909918,0.39770222,1
-62.673653,-167.58957,0.0027147506,0.98148614,0.3942233,1
-62.78443,-168.73964,0.0023122786,0.7503582,0.30153066,1
-62.884235,-169.89929,0.0016253401,0.34085244,0.13731618,0
-62.973675,-171.06706,0.0013358594,0.058277514,0.02411252,0
-63.05182,-172.24266,0.0010705007,0.0,0.00064230047,0
-63.11935,-173.42462,0.0009573295,0.0,0.00057439774,0
-63.17549,-174.61241,0.00085665495,0.0,0.00051399297,0
-63.220726,-175.80473,0.00077051565,0.0,0.0004623094,0
-63.25454,-177.00076,0.00076882174,0.0,0.00046129306,0
-63.277225,-178.1994,0.0007767155,0.0,0.00046602933,0
-63.28852,-179.39963,0.00080386875,0.0,0.00048232128,0
-63.28852,179.39963,0.0008425419,0.0,0.00050552515,0
-63.277225,178.1994,0.000965416,0.0,0.00057924964,0
-63.25454,177.00076,0.0016927876,0.0,0.0010156726,0
-63.220726,175.80473,0.005978771,0.0,0.0035872627,0
-63.17549,174.61241,0.026905704,0.09682644,0.054874,0
-63.11935,173.42462,0.07215055,0.04099673,0.059689023,0
-63.05182,172.24266,0.2321385,0.04855856,0.15870653,0
-62.973675,171.06706,0.2230374,0.51913625,0.34147698,1
-62.884235,169.89929,0.21348135,0.69660246,0.40672982,1
-62.78443,168.73964,0.06995992,0.41391698,0.20754275,0
-62.673653,167.58957,0.13526033,0.254385,0.1829102,0
-62.552708,166.44928,0.3888947,0.4747086,0.42322028,1
-62.42122,165.32007,0.4786888,0.06402795,0.3128245,1
-62.27977,164.2022,0.4223014,0.09930986,0.2931048,1
-62.12824,163.09668,0.39227834,0.030966934,0.24775378,0
-61.96701,162.00388,0.45516703,0.24950418,0.37290192,1
-61.79619,160.92448,0.40725386,0.9939954,0.6419505,2
-61.615967,159.85901,0.3758073,0.91801643,0.59269094,2
-61.42666,158.80775,0.33892164,0.3472753,0.3422631,1
-61.228287,157.77142,0.18488812,0.01800284,0.118134014,0
-61.02134,156.74992,0.2221547,0.0,0.13329282,0
-60.805695,155.74417,0.027787842,0.0,0.016672706,0
-60.582,154.75366,0.017925275,0.0,0.0107551655,0
-60.349976,153.77954,0.033615883,0.0,0.02016953,0
-60.11041,152.8209,0.033785895,0.0,0.020271538,0
-59.862953,151.87907,0.020070106,0.0,0.012042064,0
-59.60837,150.95294,0.0038289079,0.0,0.0022973449,0
-59.346447,150.04362,0.0010325772,0.0,0.0006195464,0
-59.07777,149.15027,0.00071436015,0.0,0.0004286161,0
-58.802273,148.2735,0.00065176375,0.0,0.00039105827,0
-58.520397,147.41284,0.0006389846,0.0,0.00038339078,0
-58.232224,146.56851,0.00063824485,0.0,0.00038294692,0
-57.938034,145.74023,0.00063806085,0.0,0.00038283653,0
-57.63803,144.92792,0.0006381697,0.0,0.00038290184,0
-57.332397,144.13158,0.0006382889,0.0,0.00038297338,0
-57.021427,143.35072,0.00063834095,0.0,0.00038300458,0
-56.70517,142.58565,0.0006383668,0.0,0.0003830201,0
-56.384026,141.83554,0.00063837104,0.0,0.00038302265,0
-56.057953,141.101,0.00063837104,0.0,0.00038302265,0
-55.727417,140.38084,0.00063837104,0.0,0.00038302265,0
-55.39229,139.67592,0.00063837104,0.0,0.00038302265,0
-55.053078,138.9849,0.00063837104,0.0,0.00038302265,0
-54.709667,138.30853,0.00063837104,0.0,0.00038302265,0
-54.362473,137.64572,0.00063837104,0.0,0.00038302265,0
-54.011475,136.9969,0.00063837104,0.0,0.00038302265,0
-53.656982,136.36127,0.00063837104,0.0,0.00038302265,0
-53.299053,135.73897,0.00063837104,0.0,0.00038302265,0
-52.937904,135.12946,0.00063837104,0.0,0.00038302265,0
-52.573658,134.53262,0.00063837104,0.0,0.00038302265,0
-52.206463,133.9482,0.00063837104,0.0,0.00038302265,0
-51.836494,133.3758,0.00063837104,0.0,0.00038302265,0
-51.463818,132.81538,0.00063837104,0.0,0.00038302265,0
-51.08867,132.26636,0.00063837104,0.0,0.00038302265,0
-50.711063,131.72894,0.00063837104,0.0,0.00038302265,0
-50.331253,131.20226,0.00063837104,0.0,0.00038302265,0
-49.94923,130.68678,0.00063837104,0.0,0.00038302265,0
-49.565247,130.18147,0.00063837104,0.0,0.00038302265,0
-49.179276,129.68692,0.0006384559,0.0,0.00038307355,0
-48.791565,129.2021,0.0006364523,0.0,0.0003818714,0
-48.402115,128.72742,0.00063851406,0.0,0.00038310845,0
-48.011116,128.2621,0.00061591144,0.0,0.00036954688,0
-47.618607,127.80635,0.00058596703,0.0,0.00035158024,0
-47.22473,127.359634,0.0006016315,0.0,0.00036097888,0
-46.829544,126.921936,0.00078726263,0.0,0.00047235758,0
-46.515263,-127.5231,0.0012575969,0.0,0.0007545582,0
-46.906445,-127.96329,0.0009086667,0.0,0.0005452,0
-47.296276,-128.4124,0.00062122586,0.0,0.00037273552,0
-47.68468,-128.87045,0.00063243276,0.0,0.00037945967,0
-48.071526,-129.33794,0.0006374557,0.0,0.00038247346,0
-48.456764,-129.8147,0.0006379955,0.0,0.0003827973,0
-48.84021,-130.30144,0.0006383699,0.0,0.00038302195,0
-49.22187,-130.7978,0.00063837104,0.0,0.00038302265,0
-49.601486,-131.30472,0.00063837104,0.0,0.00038302265,0
-49.9791,-131.82169,0.00063837104,0.0,0.00038302265,0
-50.35444,-132.34966,0.00063837104,0.0,0.00038302265,0
-50.727524,-132.88818,0.00063837104,0.0,0.00038302265,0
-51.098114,-133.4381,0.00063837104,0.0,0.00038302265,0
-51.466167,-133.99918,0.00063837104,0.0,0.00038302265,0
-51.83148,-134.57204,0.00063837104,0.0,0.00038302265,0
-52.193962,-135.15666,0.00063837104,0.0,0.00038302265,0
-52.553455,-135.75343,0.00063837104,0.0,0.00038302265,0
-52.909813,-136.36258,0.00063837104,0.0,0.00038302265,0
-53.262905,-136.98425,0.00063837104,0.0,0.00038302265,0
-53.612522,-137.61891,0.00063837104,0.0,0.00038302265,0
-53.95861,-138.26646,0.00063837104,0.0,0.00038302265,0
-54.300858,-138.92761,0.00063837104,0.0,0.00038302265,0
-54.639294,-139.60196,0.00063837104,0.0,0.00038302265,0
-54.973495,-140.29056,0.00063837104,0.0,0.00038302265,0
-55.303596,-140.99266,0.00063837104,0.0,0.00038302265,0
-55.62908,-141.70953,0.0006383616,0.08160113,0.03302347,0
-55.950085,-142.44035,0.00063833303,0.4258801,0.17073505,0
-56.266148,-143.18623,0.0006383184,0.8550245,0.3423928,1
-56.577316,-143.94658,0.0006384611,0.31901616,0.12798955,0
-56.883194,-144.72218,0.00063891674,0.026945235,0.011161445,0
-57.18375,-145.51271,0.00063963933,0.0,0.00038378363,0
-57.47866,-146.31865,0.0006401235,0.0,0.0003840741,0
-57.76778,-147.13992,0.0006403756,0.0,0.00038422536,0
-58.05091,-147.97665,0.0006403938,0.0,0.0003842363,0
-58.327774,-148.82907,0.00064006983,0.036942452,0.0151610235,0
-58.59828,-149.6969,0.0006400284,0.5162684,0.20689137,0
-58.862022,-150.58067,0.00064114376,0.44828078,0.179697,0
-59.11906,-151.4797,0.00064490846,0.48277435,0.19349667,0
-59.368813,-152.39479,0.0006515846,0.2570146,0.1031968,0
-59.61151,-153.3249,0.00065941695,0.8076263,0.32344618,1
-59.846394,-154.27101,0.0006698137,0.9381279,0.37565303,1
-60.07382,-155.23186,0.0006779252,0.36050585,0.1446091,0
-60.29302,-156.20833,0.00069674733,0.90994763,0.3643971,1
-60.504272,-157.19926,0.0007054392,0.9250207,0.37043154,1
-60.706944,-158.20515,0.00074805116,0.66414344,0.26610622,1
-60.901165,-159.2251,0.00075916544,0.15428601,0.062169906,0
-61.08647,-160.25922,0.00079980615,0.0,0.00047988372,0
-61.262825,-161.30676,0.00082019815,0.0,0.00049211894,0
-61.429955,-162.36746,0.0009327191,0.0,0.0005596315,0
-61.587643,-163.44083,0.00094622286,0.0,0.0005677337,0
-61.735825,-164.52618,0.00086231186,0.0,0.0005173871,0
-61.874115,-165.62321,0.0008129172,0.028826995,0.012018548,0
-62.00264,-166.73088,0.00091696356,0.15761913,0.063597836,0
-62.12084,-167.849,0.001043305,0.11243223,0.045598876,0
-62.229073,-168.97632,0.0010339214,0.02752759,0.011631389,0
-62.326576,-170.11263,0.0009010388,0.0,0.0005406233,0
-62.41394,-171.25658,0.0008319573,0.0,0.0004991744,0
-62.490265,-172.40787,0.0007324569,0.0,0.00043947416,0
-62.55621,-173.56512,0.0007078174,0.0,0.00042469046,0
-62.611027,-174.72786,0.00068908435,0.0,0.00041345062,0
-62.65519,-175.89484,0.0006888617,0.0,0.00041331703,0
-62.688198,-177.06532,0.00069976714,0.0,0.0004198603,0
-62.710342,-178.23819,0.0007181317,0.0,0.00043087904,0
-62.721367,-179.41255,0.0007310521,0.0,0.00043863125,0
-62.721367,179.41255,0.000755035,0.0,0.00045302103,0
-62.710342,178.23819,0.00084510725,0.0,0.0005070644,0
-62.688198,177.06532,0.00087258074,0.0,0.00052354846,0
-62.65519,175.89484,0.0010231043,0.0,0.0006138626,0
-62.611027,174.72786,0.0014850709,0.0,0.0008910426,0
-62.55621,173.56512,0.002563181,0.0,0.0015379087,0
-62.490265,172.40787,0.006236668,0.0,0.003742001,0
-62.41394,171.25658,0.007063966,0.06741736,0.031205324,0
-62.326576,170.11263,0.0065251356,0.08956727,0.03974199,0
-62.229073,168.97632,0.005185239,0.0,0.0031111436,0
-62.12084,167.849,0.008665207,0.0,0.005199124,0
-62.00264,166.73088,0.02179907,0.0,0.013079443,0
-61.874115,165.62321,0.05169064,0.0,0.031014387,0
-61.735825,164.52618,0.034419626,0.0,0.020651776,0
-61.587643,163.44083,0.029589951,0.0,0.017753972,0
-61.429955,162.36746,0.03732259,0.051635005,0.043047555,0
-61.262825,161.30676,0.019658206,0.44957379,0.19162445,0
-61.08647,160.25922,0.018420713,0.14276151,0.06815703,0
-60.901165,159.2251,0.01920003,0.0,0.011520019,0
-60.706944,158.20515,0.012857319,0.0,0.0077143917,0
-60.504272,157.19926,0.017285865,0.0,0.010371519,0
-60.29302,156.20833,0.004159176,0.0,0.0024955056,0
-60.07382,155.23186,0.0030090413,0.0,0.0018054248,0
-59.846394,154.27101,0.003606107,0.0,0.0021636644,0
-59.61151,153.3249,0.0027954916,0.0,0.0016772951,0
-59.368813,152.39479,0.0016487082,0.0,0.000989225,0
-59.11906,151.4797,0.0009916362,0.0,0.0005949817,0
-58.862022,150.58067,0.0007589734,0.0,0.00045538406,0
-58.59828,149.6969,0.0006733891,0.0,0.0004040335,0
-58.327774,148.82907,0.0006459779,0.0,0.00038758677,0
-58.05091,147.97665,0.00063858187,0.0,0.00038314913,0
-57.76778,147.13992,0.0006380937,0.0,0.00038285623,0
-57.47866,146.31865,0.0006382032,0.0,0.00038292192,0
-57.18375,145.51271,0.000638309,0.0,0.00038298542,0
-56.883194,144.72218,0.00063835096,0.0,0.0003830106,0
-56.577316,143.94658,0.00063836743,0.0,0.00038302047,0
-56.266148,143.18623,0.00063837046,0.0,0.0003830223,0
-55.950085,142.44035,0.00063837075,0.0,0.00038302247,0
-55.62908,141.70953,0.00063837104,0.0,0.00038302265,0
-55.303596,140.99266,0.00063837104,0.0,0.00038302265,0
-54.973495,140.29056,0.00063837104,0.0,0.00038302265,0
-54.639294,139.60196,0.00063837104,0.0,0.00038302265,0
-54.300858,138.92761,0.00063837104,0.0,0.00038302265,0
-53.95861,138.26646,0.00063837104,0.0,0.00038302265,0
-53.612522,137.61891,0.00063837104,0.0,0.00038302265,0
-53.262905,136.98425,0.00063837104,0.0,0.00038302265,0
-52.909813,136.36258,0.00063837104,0.0,0.00038302265,0
-52.553455,135.75343,0.00063837104,0.0,0.00038302265,0
-52.193962,135.15666,0.00063837104,0.0,0.00038302265,0
-51.83148,134.57204,0.00063837104,0.0,0.00038302265,0
-51.466167,133.99918,0.00063837104,0.0,0.00038302265,0
-51.098114,133.4381,0.00063837104,0.0,0.00038302265,0
-50.727524,132.88818,0.00063837104,0.0,0.00038302265,0
-50.35444,132.34966,0.00063837104,0.0,0.00038302265,0
-49.9791,131.82169,0.00063837104,0.0,0.00038302265,0
-49.601486,131.30472,0.00063837104,0.0,0.00038302265,0
-49.22187,130.7978,0.00063837104,0.0,0.00038302265,0
-48.84021,130.30144,0.0006384559,0.0,0.00038307355,0
-48.456764,129.8147,0.0006364523,0.0,0.0003818714,0
-48.071526,129.33794,0.00063851406,0.0,0.00038310845,0
-47.68468,128.87045,0.00061591144,0.0,0.00036954688,0
-47.296276,128.4124,0.00058596703,0.0,0.00035158024,0
-46.906445,127.96329,0.0006016315,0.0,0.00036097888,0
-46.515263,127.5231,0.00078726263,0.0,0.00047235758,0
-46.197296,-128.11453,0.0012575969,0.0,0.0007545582,0
-46.584488,-128.557,0.0009086667,0.0,0.0005452,0
-46.97028,-129.00827,0.00062122586,0.0,0.00037273552,0
-47.354595,-129.46837,0.00063243276,0.0,0.00037945967,0
-47.737297,-129.93779,0.0006374557,0.0,0.00038247346,0
-48.118343,-130.41637,0.0006379955,0.0,0.0003827973,0
-48.49755,-130.90477,0.0006383699,0.0,0.00038302195,0
-48.874916,-131.40266,0.00063837104,0.0,0.00038302265,0
-49.25019,-131.91095,0.00063837104,0.0,0.00038302265,0
-49.623417,-132.42911,0.00063837104,0.0,0.00038302265,0
-49.994316,-132.9581,0.00063837104,0.0,0.00038302265,0
-50.36292,-133.49747,0.00063837104,0.0,0.00038302265,0
-50.728973,-134.048,0.00063837104,0.0,0.00038302265,0
-51.092453,-134.6095,0.00063837104,0.0,0.00038302265,0
-51.453144,-135.18253,0.00063837104,0.0,0.00038302265,0
-51.810966,-135.76706,0.00063837104,0.0,0.00038302265,0
-52.165756,-136.36351,0.00063837104,0.0,0.00038302265,0
-52.517365,-136.97205,0.00063837104,0.0,0.00038302265,0
-52.865685,-137.5928,0.00063837104,0.0,0.00038302265,0
-53.21048,-138.22623,0.00063837104,0.0,0.00038302265,0
-53.55172,-138.8722,0.00063837104,0.0,0.00038302265,0
-53.889084,-139.53145,0.00063837104,0.0,0.00038302265,0
-54.222622,-140.20352,0.00063837104,0.0,0.00038302265,0
-54.5519,-140.88943,0.00063837104,0.0,0.00038302265,0
-54.877045,-141.58846,0.00063837133,0.0,0.00038302282,0
-55.19756,-142.30182,0.00063837104,0.0,0.00038302265,0
-55.513588,-143.02869,0.0006383665,0.039947975,0.01636221,0
-55.824665,-143.77014,0.0006383534,0.3281403,0.13163914,0
-56.130844,-144.52557,0.0006383452,0.9932514,0.3976836,1
-56.431732,-145.29572,0.0006383808,0.23713101,0.09523544,0
-56.7273,-146.0803,0.00063848606,0.14898342,0.05997646,0
-57.017235,-146.8797,0.00063864246,0.34830433,0.13970491,0
-57.301407,-147.69391,0.0006387773,0.25401157,0.1019879,0
-57.579605,-148.52295,0.0006388504,0.064538345,0.026198648,0
-57.851578,-149.36707,0.0006388221,0.28736582,0.11532962,0
-58.117226,-150.22598,0.0006387517,0.9481968,0.379662,1
-58.37616,-151.10013,0.00063882145,0.72727615,0.29129374,1
-58.628433,-151.98892,0.0006394424,0.8184935,0.32778108,1
-58.873497,-152.89305,0.0006404967,0.9192415,0.3680809,1
-59.11156,-153.81152,0.00064176525,0.7953537,0.31852654,1
-59.341904,-154.74527,0.00064374297,0.7124087,0.28534973,1
-59.564865,-155.69305,0.0006454991,0.9501275,0.3804383,1
-59.7797,-156.65573,0.00065120147,0.3863306,0.15492296,0
-59.986702,-157.63214,0.0006637372,0.06703754,0.027213259,0
-60.18524,-158.62279,0.00068631367,0.0155417435,0.0066284854,0
-60.375458,-159.62674,0.0007125913,0.0,0.0004275548,0
-60.556885,-160.64412,0.0007424817,0.0,0.00044548901,0
-60.729515,-161.67422,0.0007473795,0.0,0.00044842772,0
-60.893066,-162.71681,0.0007574619,0.0,0.00045447715,0
-61.04736,-163.77136,0.0007498886,0.0,0.00044993317,0
-61.192307,-164.83722,0.0007291978,0.0,0.0004375187,0
-61.327553,-165.91408,0.00073460507,0.0,0.00044076305,0
-61.453224,-167.001,0.00074434455,0.0,0.00044660675,0
-61.568783,-168.09776,0.0007634666,0.0,0.00045807997,0
-61.674576,-169.20319,0.0007284692,0.0,0.00043708156,0
-61.76987,-170.31708,0.0006920792,0.0,0.00041524754,0
-61.855236,-171.43814,0.0006617082,0.0,0.00039702494,0
-61.92981,-172.56612,0.00064470846,0.0,0.0003868251,0
-61.994232,-173.69969,0.0006404159,0.0,0.00038424955,0
-62.047783,-174.83838,0.0006428083,0.0,0.000385685,0
-62.09092,-175.98108,0.00064479664,0.0,0.000386878,0
-62.12316,-177.12706,0.0006485682,0.0,0.00038914094,0
-62.144794,-178.2753,0.00065656146,0.0,0.0003939369,0
-62.155556,-179.42496,0.0006688359,0.0,0.00040130154,0
-62.155556,179.42496,0.0006967497,0.0,0.00041804984,0
-62.144794,178.2753,0.0007237976,0.0,0.00043427857,0
-62.12316,177.12706,0.0007606554,0.0,0.00045639326,0
-62.09092,175.98108,0.0007746602,0.0,0.00046479615,0
-62.047783,174.83838,0.00082024944,0.0,0.0004921497,0
-61.994232,173.69969,0.00087718404,0.0,0.00052631047,0
-61.92981,172.56612,0.0009259749,0.0,0.00055558496,0
-61.855236,171.43814,0.0009286246,0.0,0.0005571748,0
-61.76987,170.31708,0.0009109613,0.0,0.0005465768,0
-61.674576,169.20319,0.0009342044,0.0,0.00056052266,0
-61.568783,168.09776,0.0011063732,0.0,0.0006638239,0
-61.453224,167.001,0.0019314023,0.0,0.0011588414,0
-61.327553,165.91408,0.002972704,0.0,0.0017836224,0
-61.192307,164.83722,0.0027889432,0.0,0.0016733661,0
-61.04736,163.77136,0.0029320216,0.0,0.001759213,0
-60.893066,162.71681,0.0028044558,0.0,0.0016826736,0
-60.729515,161.67422,0.0022821233,0.0,0.001369274,0
-60.556885,160.64412,0.0023633835,0.0,0.0014180301,0
-60.375458,159.62674,0.0021952123,0.0,0.0013171274,0
-60.18524,158.62279,0.0019011535,0.0,0.0011406922,0
-59.986702,157.63214,0.0022519117,0.0,0.0013511471,0
-59.7797,156.65573,0.0012539715,0.0,0.0007523829,0
-59.564865,155.69305,0.0012361747,0.0,0.0007417049,0
-59.341904,154.74527,0.0012235054,0.0,0.00073410326,0
-59.11156,153.81152,0.0010307393,0.0,0.0006184436,0
-58.873497,152.89305,0.0008763198,0.0,0.0005257919,0
-58.628433,151.98892,0.00074185926,0.0,0.00044511558,0
-58.37616,151.10013,0.0006766871,0.0,0.0004060123,0
-58.117226,150.22598,0.00064808596,0.0,0.0003888516,0
-57.851578,149.36707,0.00063985126,0.0,0.00038391078,0
-57.579605,148.52295,0.0006380821,0.0,0.00038284928,0
-57.301407,147.69391,0.0006382135,0.0,0.0003829281,0
-57.017235,146.8797,0.0006383142,0.0,0.0003829885,0
-56.7273,146.0803,0.00063835585,0.0,0.00038301354,0
-56.431732,145.29572,0.0006383689,0.0,0.00038302134,0
-56.130844,144.52557,0.00063837075,0.0,0.00038302247,0
-55.824665,143.77014,0.00063837104,0.0,0.00038302265,0
-55.513588,143.02869,0.00063837104,0.0,0.00038302265,0
-55.19756,142.30182,0.00063837104,0.0,0.00038302265,0
-54.877045,141.58846,0.00063837104,0.0,0.00038302265,0
-54.5519,140.88943,0.00063837104,0.0,0.00038302265,0
-54.222622,140.20352,0.00063837104,0.0,0.00038302265,0
-53.889084,139.53145,0.00063837104,0.0,0.00038302265,0
-53.55172,138.8722,0.00063837104,0.0,0.00038302265,0
-53.21048,138.22623,0.00063837104,0.0,0.00038302265,0
-52.865685,137.5928,0.00063837104,0.0,0.00038302265,0
-52.517365,136.97205,0.00063837104,0.0,0.00038302265,0
-52.165756,136.36351,0.00063837104,0.0,0.00038302265,0
-51.810966,135.76706,0.00063837104,0.0,0.00038302265,0
-51.453144,135.18253,0.00063837104,0.0,0.00038302265,0
-51.092453,134.6095,0.00063837104,0.0,0.00038302265,0
-50.728973,134.048,0.00063837104,0.0,0.00038302265,0
-50.36292,133.49747,0.00063837104,0.0,0.00038302265,0
-49.994316,132.9581,0.00063837104,0.0,0.00038302265,0
-49.623417,132.42911,0.00063837104,0.0,0.00038302265,0
-49.25019,131.91095,0.00063837104,0.0,0.00038302265,0
-48.874916,131.40266,0.00063837104,0.0,0.00038302265,0
-48.49755,130.90477,0.0006384559,0.0,0.00038307355,0
-48.118343,130.41637,0.0006364523,0.0,0.0003818714,0
-47.737297,129.93779,0.00063851406,0.0,0.00038310845,0
-47.354595,129.46837,0.00061591144,0.0,0.00036954688,0
-46.97028,129.00827,0.00058596703,0.0,0.00035158024,0
-46.584488,128.557,0.0006016315,0.0,0.00036097888,0
-46.197296,128.11453,0.00078726263,0.0,0.00047235758,0
-45.875946,-128.6968,0.0012575969,0.0,0.0007545582,0
-46.25916,-129.14128,0.0009086667,0.0,0.0005452,0
-46.640915,-129.5945,0.00062122586,0.0,0.00037273552,0
-47.021156,-130.05643,0.00063243276,0.0,0.00037945967,0
-47.399727,-130.52757,0.0006374557,0.0,0.00038247346,0
-47.776604,-131.0077,0.0006379955,0.0,0.0003827973,0
-48.151585,-131.49756,0.0006383699,0.0,0.00038302195,0
-48.524677,-131.99673,0.00063837104,0.0,0.00038302265,0
-48.895634,-132.50616,0.00063837104,0.0,0.00038302265,0
-49.2645,-133.02528,0.00063837104,0.0,0.00038302265,0
-49.630997,-133.55504,0.00063837104,0.0,0.00038302265,0
-49.99514,-134.095,0.00063837104,0.0,0.00038302265,0
-50.356697,-134.6459,0.00063837104,0.0,0.00038302265,0
-50.71565,-135.20755,0.00063837104,0.0,0.00038302265,0
-51.071754,-135.7805,0.00063837104,0.0,0.00038302265,0
-51.42496,-136.36473,0.00063837104,0.0,0.00038302265,0
-51.775097,-136.96056,0.00063837104,0.0,0.00038302265,0
-52.122013,-137.56822,0.00063837104,0.0,0.00038302265,0
-52.465607,-138.18782,0.00063837104,0.0,0.00038302265,0
-52.80565,-138.8198,0.00063837104,0.0,0.00038302265,0
-53.1421,-139.46396,0.00063837104,0.0,0.00038302265,0
-53.474663,-140.12106,0.00063837104,0.0,0.00038302265,0
-53.80336,-140.79062,0.00063837104,0.0,0.00038302265,0
-54.127777,-141.47365,0.00063837104,0.0,0.00038302265,0
-54.44805,-142.1694,0.00063837104,0.0,0.00038302265,0
-54.763683,-142.87906,0.00063837133,0.0,0.00038302282,0
-55.074818,-143.60179,0.00063837104,0.0,0.00038302265,0
-55.38099,-144.33861,0.00063837133,0.022967502,0.009570024,0
-55.682274,-145.08899,0.00063837133,0.5435065,0.21778563,0
-55.978264,-145.85355,0.00063837075,0.64484537,0.25832117,1
-56.268948,-146.63205,0.0006383689,0.98177475,0.39309293,1
-56.554016,-147.4248,0.00063836615,0.8529779,0.34157416,1
-56.833347,-148.23183,0.0006383595,0.86671287,0.34706816,1
-57.106728,-149.05312,0.000638347,0.784633,0.31423622,1
-57.37391,-149.8889,0.00063832547,0.463339,0.1857186,0
-57.63482,-150.73886,0.00063829654,0.75308573,0.3016173,1
-57.889053,-151.60345,0.0006382886,0.038088113,0.015618218,0
-58.136692,-152.48204,0.0006383656,0.027060933,0.011207393,0
-58.377182,-153.37532,0.000638574,0.047518678,0.019390617,0
-58.61075,-154.28226,0.00063887564,0.14941826,0.06015063,0
-58.836666,-155.20383,0.0006392173,0.5592233,0.22407284,0
-59.055298,-156.13876,0.0006396238,0.13171665,0.053070437,0
-59.265903,-157.08786,0.0006404442,0.0,0.00038426655,0
-59.468777,-158.05005,0.0006425587,0.0,0.0003855352,0
-59.663307,-159.02574,0.00064622733,0.0,0.00038773642,0
-59.849632,-160.0141,0.00065261434,0.0,0.0003915686,0
-60.02731,-161.01518,0.00065922184,0.0,0.00039553313,0
-60.196335,-162.02834,0.0006642254,0.0,0.00039853525,0
-60.356434,-163.05331,0.000666865,0.0,0.000400119,0
-60.507446,-164.08957,0.00066717487,0.0,0.00040030494,0
-60.649273,-165.13655,0.00066650345,0.0,0.00039990208,0
-60.78158,-166.19392,0.0006714342,0.0,0.00040286055,0
-60.90451,-167.26077,0.00068091764,0.0,0.0004085506,0
-61.01751,-168.33691,0.0006782522,0.0,0.00040695132,0
-61.12096,-169.42123,0.00065992714,0.0,0.0003959563,0
-61.214115,-170.5135,0.0006415347,0.0,0.00038492083,0
-61.29756,-171.61253,0.0006355915,0.0,0.0003813549,0
-61.370453,-172.71805,0.0006367022,0.0,0.00038202136,0
-61.43341,-173.82889,0.0006376213,0.0,0.00038257282,0
-61.485737,-174.94449,0.00063837535,0.0,0.00038302524,0
-61.527893,-176.06387,0.0006392429,0.0,0.00038354573,0
-61.559395,-177.18634,0.00064049155,0.0,0.00038429495,0
-61.58053,-178.31093,0.0006423573,0.0,0.00038541437,0
-61.59105,-179.43683,0.0006452488,0.0,0.0003871493,0
-61.59105,179.43683,0.000651997,0.0,0.0003911982,0
-61.58053,178.31093,0.0006662618,0.0,0.00039975712,0
-61.559395,177.18634,0.000687358,0.0,0.00041241484,0
-61.527893,176.06387,0.000713094,0.0,0.00042785643,0
-61.485737,174.94449,0.0007413229,0.0,0.00044479375,0
-61.43341,173.82889,0.0007543568,0.0,0.0004526141,0
-61.370453,172.71805,0.00073807256,0.0,0.00044284356,0
-61.29756,171.61253,0.0007332129,0.0,0.00043992777,0
-61.214115,170.5135,0.00072899985,0.0,0.00043739993,0
-61.12096,169.42123,0.00078790507,0.0,0.00047274306,0
-61.01751,168.33691,0.0007712088,0.0,0.0004627253,0
-60.90451,167.26077,0.0009242874,0.0,0.0005545725,0
-60.78158,166.19392,0.0010906486,0.0,0.00065438915,0
-60.649273,165.13655,0.0010724738,0.0,0.0006434843,0
-60.507446,164.08957,0.0011399194,0.0,0.00068395166,0
-60.356434,163.05331,0.0010961598,0.0,0.0006576959,0
-60.196335,162.02834,0.0010295042,0.0,0.00061770255,0
-60.02731,161.01518,0.0009811583,0.0,0.00058869505,0
-59.849632,160.0141,0.0009717511,0.0,0.0005830507,0
-59.663307,159.02574,0.0008659905,0.0,0.00051959435,0
-59.468777,158.05005,0.0009218503,0.0,0.0005531102,0
-59.265903,157.08786,0.0008105117,0.0,0.00048630705,0
-59.055298,156.13876,0.0008131287,0.0,0.00048787726,0
-58.836666,155.20383,0.00080695515,0.0,0.0004841731,0
-58.61075,154.28226,0.00075531495,0.0,0.000453189,0
-58.377182,153.37532,0.0007106937,0.0,0.00042641626,0
-58.136692,152.48204,0.0006693202,0.0,0.00040159211,0
-57.889053,151.60345,0.0006446962,0.0,0.00038681773,0
-57.63482,150.73886,0.00063829566,0.0,0.00038297742,0
-57.37391,149.8889,0.00063807965,0.0,0.00038284782,0
-57.106728,149.05312,0.0006380587,0.0,0.00038283525,0
-56.833347,148.23183,0.00063829136,0.0,0.00038297483,0
-56.554016,147.4248,0.0006383552,0.0,0.00038301313,0
-56.268948,146.63205,0.00063836586,0.0,0.00038301953,0
-55.978264,145.85355,0.00063837104,0.0,0.00038302265,0
-55.682274,145.08899,0.00063837104,0.0,0.00038302265,0
-55.38099,144.33861,0.00063837104,0.0,0.00038302265,0
-55.074818,143.60179,0.00063837104,0.0,0.00038302265,0
-54.763683,142.87906,0.00063837104,0.0,0.00038302265,0
-54.44805,142.1694,0.00063837104,0.0,0.00038302265,0
-54.127777,141.47365,0.00063837104,0.0,0.00038302265,0
-53.80336,140.79062,0.00063837104,0.0,0.00038302265,0
-53.474663,140.12106,0.00063837104,0.0,0.00038302265,0
-53.1421,139.46396,0.00063837104,0.0,0.00038302265,0
-52.80565,138.8198,0.00063837104,0.0,0.00038302265,0
-52.465607,138.18782,0.00063837104,0.0,0.00038302265,0
-52.122013,137.56822,0.00063837104,0.0,0.00038302265,0
-51.775097,136.96056,0.00063837104,0.0,0.00038302265,0
-51.42496,136.36473,0.00063837104,0.0,0.00038302265,0
-51.071754,135.7805,0.00063837104,0.0,0.00038302265,0
-50.71565,135.20755,0.00063837104,0.0,0.00038302265,0
-50.356697,134.6459,0.00063837104,0.0,0.00038302265,0
-49.99514,134.095,0.00063837104,0.0,0.00038302265,0
-49.630997,133.55504,0.00063837104,0.0,0.00038302265,0
-49.2645,133.02528,0.00063837104,0.0,0.00038302265,0
-48.895634,132.50616,0.00063837104,0.0,0.00038302265,0
-48.524677,131.99673,0.00063837104,0.0,0.00038302265,0
-48.151585,131.49756,0.0006384559,0.0,0.00038307355,0
-47.776604,131.0077,0.0006364523,0.0,0.0003818714,0
-47.399727,130.52757,0.00063851406,0.0,0.00038310845,0
-47.021156,130.05643,0.00061591144,0.0,0.00036954688,0
-46.640915,129.5945,0.00058596703,0.0,0.00035158024,0
-46.25916,129.14128,0.0006016315,0.0,0.00036097888,0
-45.875946,128.6968,0.00078726263,0.0,0.00047235758,0
-45.551163,-129.26949,0.0012575969,0.0,0.0007545582,0
-45.930405,-129.7158,0.0009086667,0.0,0.0005452,0
-46.308147,-130.17075,0.00062122586,0.0,0.00037273552,0
-46.68432,-130.63428,0.00063243276,0.0,0.00037945967,0
-47.058784,-131.10687,0.0006374557,0.0,0.00038247346,0
-47.431507,-131.58838,0.0006379955,0.0,0.0003827973,0
-47.80229,-132.07944,0.0006383699,0.0,0.00038302195,0
-48.171143,-132.57967,0.00063837104,0.0,0.00038302265,0
-48.537815,-133.08997,0.00063837104,0.0,0.00038302265,0
-48.902344,-133.60982,0.00063837104,0.0,0.00038302265,0
-49.264465,-134.1401,0.00063837104,0.0,0.00038302265,0
-49.6242,-134.68039,0.00063837104,0.0,0.00038302265,0
-49.981293,-135.23143,0.00063837104,0.0,0.00038302265,0
-50.335747,-135.793,0.00063837104,0.0,0.00038302265,0
-50.68733,-136.36562,0.00063837104,0.0,0.00038302265,0
-51.035965,-136.94928,0.00063837104,0.0,0.00038302265,0
-51.381493,-137.54428,0.00063837104,0.0,0.00038302265,0
-51.723778,-138.15085,0.00063837104,0.0,0.00038302265,0
-52.0627,-138.76903,0.00063837104,0.0,0.00038302265,0
-52.39805,-139.39929,0.00063837104,0.0,0.00038302265,0
-52.729782,-140.04144,0.00063837104,0.0,0.00038302265,0
-53.057594,-140.69617,0.00063837104,0.0,0.00038302265,0
-53.38153,-141.363,0.00063837104,0.0,0.00038302265,0
-53.70117,-142.04292,0.00063837104,0.0,0.00038302265,0
-54.016663,-142.7352,0.00063837104,0.0,0.00038302265,0
-54.32749,-143.44095,0.00063837104,0.0,0.00038302265,0
-54.633816,-144.15938,0.00063837104,0.0,0.00038302265,0
-54.93518,-144.89145,0.00063837104,0.0,0.00038302265,0
-55.23166,-145.63658,0.00063837104,0.17129803,0.06890223,0
-55.52286,-146.39545,0.00063837104,0.7188735,0.28793243,1
-55.808765,-147.16772,0.00063837075,0.33547756,0.13457404,0
-56.089073,-147.9538,0.00063837046,0.08336895,0.033730604,0
-56.36366,-148.75356,0.00063837046,0.24110013,0.096823074,0
-56.632336,-149.56706,0.00063837017,0.99143517,0.3969571,1
-56.89485,-150.39447,0.00063837017,0.92590195,0.3707438,1
-57.151134,-151.2355,0.0006383696,0.482018,0.19319022,0
-57.4008,-152.09055,0.00063836586,0.013494909,0.0057809833,0
-57.64392,-152.95901,0.00063836284,0.0,0.00038301773,0
-57.879963,-153.84152,0.0006383619,0.0,0.00038301715,0
-58.10915,-154.73712,0.00063837104,0.0,0.00038302265,0
-58.33078,-155.64665,0.00063839176,0.0,0.00038303508,0
-58.545204,-156.56895,0.0006384404,0.0,0.00038306427,0
-58.751713,-157.50476,0.0006386321,0.0,0.0003831793,0
-58.95058,-158.45302,0.0006390337,0.0,0.00038342024,0
-59.141228,-159.41412,0.00063977006,0.0,0.00038386206,0
-59.3238,-160.38725,0.0006407382,0.0,0.00038444292,0
-59.49785,-161.37247,0.00064180803,0.0,0.00038508483,0
-59.66339,-162.36916,0.0006421822,0.0,0.00038530934,0
-59.820168,-163.377,0.0006423071,0.0,0.00038538428,0
-59.967987,-164.39557,0.0006424154,0.0,0.00038544927,0
-60.10681,-165.42429,0.00064244115,0.0,0.00038546472,0
-60.23629,-166.4628,0.00064299215,0.0,0.0003857953,0
-60.35656,-167.51031,0.0006436859,0.0,0.00038621158,0
-60.46711,-168.56656,0.00064313493,0.0,0.00038588097,0
-60.5683,-169.63052,0.00064119603,0.0,0.00038471763,0
-60.65941,-170.70201,0.0006386206,0.0,0.00038317236,0
-60.74101,-171.77985,0.0006376915,0.0,0.00038261493,0
-60.81228,-172.86383,0.0006380487,0.0,0.00038282922,0
-60.873833,-173.95276,0.00063846173,0.0,0.00038307704,0
-60.924988,-175.04623,0.0006385512,0.0,0.00038313074,0
-60.966194,-176.14325,0.0006386163,0.0,0.00038316977,0
-60.996986,-177.24315,0.00063884974,0.0,0.00038330987,0
-61.017647,-178.34506,0.00063917524,0.0,0.00038350516,0
-61.027924,-179.44821,0.000639625,0.0,0.000383775,0
-61.027924,179.44821,0.00064079044,0.0,0.0003844743,0
-61.017647,178.34506,0.0006430742,0.0,0.00038584456,0
-60.996986,177.24315,0.00064540433,0.0,0.00038724262,0
-60.966194,176.14325,0.0006470695,0.0,0.0003882417,0
-60.924988,175.04623,0.0006481066,0.0,0.000388864,0
-60.873833,173.95276,0.00064931967,0.0,0.00038959182,0
-60.81228,172.86383,0.0006528203,0.0,0.00039169219,0
-60.74101,171.77985,0.00066085707,0.0,0.00039651425,0
-60.65941,170.70201,0.0006846155,0.0,0.00041076934,0
-60.5683,169.63052,0.00071046076,0.0,0.00042627647,0
-60.46711,168.56656,0.00075268076,0.0,0.00045160847,0
-60.35656,167.51031,0.00077594246,0.0,0.0004655655,0
-60.23629,166.4628,0.00081197504,0.0,0.00048718505,0
-60.10681,165.42429,0.00078838196,0.0,0.00047302918,0
-59.967987,164.39557,0.0007923915,0.0,0.0004754349,0
-59.820168,163.377,0.0007885864,0.0,0.00047315186,0
-59.66339,162.36916,0.0007761787,0.0,0.00046570724,0
-59.49785,161.37247,0.00075843476,0.0,0.0004550609,0
-59.3238,160.38725,0.00074005907,0.0,0.00044403545,0
-59.141228,159.41412,0.0007143782,0.0,0.00042862692,0
-58.95058,158.45302,0.00070904917,0.0,0.00042542952,0
-58.751713,157.50476,0.0006958877,0.0,0.00041753266,0
-58.545204,156.56895,0.00068648637,0.0,0.00041189184,0
-58.33078,155.64665,0.0006901523,0.0,0.0004140914,0
-58.10915,154.73712,0.00066852965,0.0,0.0004011178,0
-57.879963,153.84152,0.0006495252,0.0,0.00038971513,0
-57.64392,152.95901,0.0006390129,0.0,0.00038340775,0
-57.4008,152.09055,0.0006369232,0.0,0.00038215393,0
-57.151134,151.2355,0.00063734036,0.0,0.00038240422,0
-56.89485,150.39447,0.0006378137,0.0,0.00038268825,0
-56.632336,149.56706,0.00063822744,0.0,0.00038293647,0
-56.36366,148.75356,0.00063832,0.0,0.000382992,0
-56.089073,147.9538,0.0006383668,0.0,0.0003830201,0
-55.808765,147.16772,0.0006383689,0.0,0.00038302134,0
-55.52286,146.39545,0.00063837075,0.0,0.00038302247,0
-55.23166,145.63658,0.00063837104,0.0,0.00038302265,0
-54.93518,144.89145,0.00063837104,0.0,0.00038302265,0
-54.633816,144.15938,0.00063837104,0.0,0.00038302265,0
-54.32749,143.44095,0.00063837104,0.0,0.00038302265,0
-54.016663,142.7352,0.00063837104,0.0,0.00038302265,0
-53.70117,142.04292,0.00063837104,0.0,0.00038302265,0
-53.38153,141.363,0.00063837104,0.0,0.00038302265,0
-53.057594,140.69617,0.00063837104,0.0,0.00038302265,0
-52.729782,140.04144,0.00063837104,0.0,0.00038302265,0
-52.39805,139.39929,0.00063837104,0.0,0.00038302265,0
-52.0627,138.76903,0.00063837104,0.0,0.00038302265,0
-51.723778,138.15085,0.00063837104,0.0,0.00038302265,0
-51.381493,137.54428,0.00063837104,0.0,0.00038302265,0
-51.035965,136.94928,0.00063837104,0.0,0.00038302265,0
-50.68733,136.36562,0.00063837104,0.0,0.00038302265,0
-50.335747,135.793,0.00063837104,0.0,0.00038302265,0
-49.981293,135.23143,0.00063837104,0.0,0.00038302265,0
-49.6242,134.68039,0.00063837104,0.0,0.00038302265,0
-49.264465,134.1401,0.00063837104,0.0,0.00038302265,0
-48.902344,133.60982,0.00063837104,0.0,0.00038302265,0
-48.537815,133.08997,0.00063837104,0.0,0.00038302265,0
-48.171143,132.57967,0.00063837104,0.0,0.00038302265,0
-47.80229,132.07944,0.0006384559,0.0,0.00038307355,0
-47.431507,131.58838,0.0006364523,0.0,0.0003818714,0
-47.058784,131.10687,0.00063851406,0.0,0.00038310845,0
-46.68432,130.63428,0.00061591144,0.0,0.00036954688,0
-46.308147,130.17075,0.00058596703,0.0,0.00035158024,0
-45.930405,129.7158,0.0006016315,0.0,0.00036097888,0
-45.551163,129.26949,0.00078726263,0.0,0.00047235758,0
-45.223198,-129.83308,0.0012575969,0.0,0.0007545582,0
-45.598488,-130.28104,0.0009086667,0.0,0.0005452,0
-45.97223,-130.73749,0.00062122586,0.0,0.00037273552,0
-46.344357,-131.20242,0.00063243276,0.0,0.00037945967,0
-46.714737,-131.6763,0.0006374557,0.0,0.00038247346,0
-47.08333,-132.15894,0.0006379955,0.0,0.0003827973,0
-47.449932,-132.65097,0.0006383699,0.0,0.00038302195,0
-47.814568,-133.15204,0.00063837104,0.0,0.00038302265,0
-48.17698,-133.66301,0.00063837104,0.0,0.00038302265,0
-48.537205,-134.18335,0.00063837104,0.0,0.00038302265,0
-48.894985,-134.71394,0.00063837104,0.0,0.00038302265,0
-49.25035,-135.25435,0.00063837104,0.0,0.00038302265,0
-49.60303,-135.8053,0.00063837104,0.0,0.00038302265,0
-49.953022,-136.36655,0.00063837104,0.0,0.00038302265,0
-50.300117,-136.93863,0.00063837104,0.0,0.00038302265,0
-50.644234,-137.52148,0.00063837104,0.0,0.00038302265,0
-50.985214,-138.11545,0.00063837104,0.0,0.00038302265,0
-51.322914,-138.72067,0.00063837104,0.0,0.00038302265,0
-51.657227,-139.33725,0.00063837104,0.0,0.00038302265,0
-51.987946,-139.9656,0.00063837104,0.0,0.00038302265,0
-52.315025,-140.60553,0.00063837104,0.0,0.00038302265,0
-52.63816,-141.25769,0.00063837104,0.0,0.00038302265,0
-52.957405,-141.92162,0.00063837104,0.0,0.00038302265,0
-53.272343,-142.59827,0.00063837104,0.0,0.00038302265,0
-53.583115,-143.2869,0.00063837104,0.0,0.00038302265,0
-53.88922,-143.98856,0.00063837104,0.0,0.00038302265,0
-54.190834,-144.70251,0.00063837104,0.0,0.00038302265,0
-54.48748,-145.42969,0.00063837104,0.0,0.00038302265,0
-54.779243,-146.16946,0.00063837104,0.0,0.00038302265,0
-55.065742,-146.92253,0.00063837104,0.018140292,0.0076391394,0
-55.346962,-147.68854,0.00063837104,0.0,0.00038302265,0
-55.622612,-148.46782,0.00063837104,0.0,0.00038302265,0
-55.892563,-149.26028,0.00063837104,0.015810069,0.0067070504,0
-56.15664,-150.06596,0.00063837104,0.14439906,0.058142647,0
-56.414597,-150.88501,0.00063837104,0.08989238,0.036339976,0
-56.666363,-151.71713,0.00063837104,0.02823988,0.011678974,0
-56.911568,-152.5627,0.00063837104,0.0,0.00038302265,0
-57.15029,-153.42114,0.00063837133,0.0,0.00038302282,0
-57.382,-154.29297,0.000638372,0.0,0.0003830232,0
-57.60693,-155.17737,0.00063837017,0.0,0.00038302212,0
-57.824387,-156.07504,0.0006383644,0.0,0.00038301866,0
-58.034725,-156.98494,0.00063834764,0.0,0.0003830086,0
-58.237244,-157.90768,0.00063832937,0.0,0.00038299765,0
-58.43223,-158.84229,0.00063833914,0.0,0.0003830035,0
-58.619118,-159.78914,0.0006384377,0.0,0.00038306264,0
-58.798042,-160.7474,0.00063866255,0.0,0.00038319753,0
-58.968586,-161.71718,0.0006389323,0.0,0.00038335938,0
-59.130753,-162.69781,0.0006390973,0.0,0.0003834584,0
-59.284298,-163.68906,0.00063923135,0.0,0.00038353883,0
-59.429054,-164.69046,0.0006393965,0.0,0.0003836379,0
-59.564972,-165.70145,0.0006395741,0.0,0.00038374445,0
-59.69171,-166.72173,0.000639639,0.0,0.0003837834,0
-59.809433,-167.75052,0.00063945766,0.0,0.0003836746,0
-59.91761,-168.78757,0.00063926546,0.0,0.0003835593,0
-60.016617,-169.8319,0.0006389962,0.0,0.00038339774,0
-60.10575,-170.88332,0.00063875323,0.0,0.00038325196,0
-60.18557,-171.94075,0.00063859683,0.0,0.00038315813,0
-60.25528,-173.00395,0.00063839357,0.0,0.00038303615,0
-60.31548,-174.07185,0.0006383087,0.0,0.00038298525,0
-60.3655,-175.14403,0.0006382853,0.0,0.0003829712,0
-60.405796,-176.21954,0.0006382579,0.0,0.00038295475,0
-60.43591,-177.29776,0.00063826004,0.0,0.00038295603,0
-60.4561,-178.37788,0.00063829863,0.0,0.0003829792,0
-60.466156,-179.45917,0.0006383869,0.0,0.00038303214,0
-60.466156,179.45917,0.00063864794,0.0,0.00038318877,0
-60.4561,178.37788,0.00063916645,0.0,0.0003834999,0
-60.43591,177.29776,0.00063978625,0.0,0.00038387175,0
-60.405796,176.21954,0.0006400674,0.0,0.00038404044,0
-60.3655,175.14403,0.000640068,0.0,0.00038404085,0
-60.31548,174.07185,0.0006403365,0.0,0.0003842019,0
-60.25528,173.00395,0.0006412663,0.0,0.0003847598,0
-60.18557,171.94075,0.00064357766,0.0,0.00038614662,0
-60.10575,170.88332,0.00064944004,0.0,0.00038966406,0
-60.016617,169.8319,0.00065876084,0.0,0.00039525653,0
-59.91761,168.78757,0.0006695779,0.0,0.00040174677,0
-59.809433,167.75052,0.0006803773,0.0,0.0004082264,0
-59.69171,166.72173,0.0006886031,0.0,0.00041316188,0
-59.564972,165.70145,0.00068424665,0.0,0.000410548,0
-59.429054,164.69046,0.0006803734,0.0,0.00040822406,0
-59.284298,163.68906,0.00067626615,0.0,0.0004057597,0
-59.130753,162.69781,0.0006719195,0.0,0.0004031517,0
-58.968586,161.71718,0.00066546537,0.0,0.00039927923,0
-58.798042,160.7474,0.0006593764,0.0,0.00039562586,0
-58.619118,159.78914,0.0006533419,0.0,0.00039200514,0
-58.43223,158.84229,0.00065300136,0.0,0.00039180083,0
-58.237244,157.90768,0.000651605,0.0,0.00039096302,0
-58.034725,156.98494,0.0006497202,0.0,0.00038983213,0
-57.824387,156.07504,0.0006484647,0.0,0.00038907884,0
-57.60693,155.17737,0.0006434635,0.0,0.0003860781,0
-57.382,154.29297,0.0006383644,0.0,0.00038301866,0
-57.15029,153.42114,0.00063664396,0.0,0.0003819864,0
-56.911568,152.5627,0.0006374503,0.0,0.0003824702,0
-56.666363,151.71713,0.0006378888,0.0,0.0003827333,0
-56.414597,150.88501,0.0006381478,0.0,0.0003828887,0
-56.15664,150.06596,0.0006383053,0.0,0.0003829832,0
-55.892563,149.26028,0.00063835736,0.0,0.00038301444,0
-55.622612,148.46782,0.0006383683,0.0,0.000383021,0
-55.346962,147.68854,0.00063837046,0.0,0.0003830223,0
-55.065742,146.92253,0.00063837104,0.0,0.00038302265,0
-54.779243,146.16946,0.00063837104,0.0,0.00038302265,0
-54.48748,145.42969,0.00063837104,0.0,0.00038302265,0
-54.190834,144.70251,0.00063837104,0.0,0.00038302265,0
-53.88922,143.98856,0.00063837104,0.0,0.00038302265,0
-53.583115,143.2869,0.00063837104,0.0,0.00038302265,0
-53.272343,142.59827,0.00063837104,0.0,0.00038302265,0
-52.957405,141.92162,0.00063837104,0.0,0.00038302265,0
-52.63816,141.25769,0.00063837104,0.0,0.00038302265,0
-52.315025,140.60553,0.00063837104,0.0,0.00038302265,0
-51.987946,139.9656,0.00063837104,0.0,0.00038302265,0
-51.657227,139.33725,0.00063837104,0.0,0.00038302265,0
-51.322914,138.72067,0.00063837104,0.0,0.00038302265,0
-50.985214,138.11545,0.00063837104,0.0,0.00038302265,0
-50.644234,137.52148,0.00063837104,0.0,0.00038302265,0
-50.300117,136.93863,0.00063837104,0.0,0.00038302265,0
-49.953022,136.36655,0.00063837104,0.0,0.00038302265,0
-49.60303,135.8053,0.00063837104,0.0,0.00038302265,0
-49.25035,135.25435,0.00063837104,0.0,0.00038302265,0
-48.894985,134.71394,0.00063837104,0.0,0.00038302265,0
-48.537205,134.18335,0.00063837104,0.0,0.00038302265,0
-48.17698,133.66301,0.00063837104,0.0,0.00038302265,0
-47.814568,133.15204,0.00063837104,0.0,0.00038302265,0
-47.449932,132.65097,0.0006384559,0.0,0.00038307355,0
-47.08333,132.15894,0.0006364523,0.0,0.0003818714,0
-46.714737,131.6763,0.00063851406,0.0,0.00038310845,0
-46.344357,131.20242,0.00061591144,0.0,0.00036954688,0
-45.97223,130.73749,0.00058596703,0.0,0.00035158024,0
-45.598488,130.28104,0.0006016315,0.0,0.00036097888,0
-45.223198,129.83308,0.00078726263,0.0,0.00047235758,0
-44.89216,-130.38762,0.0012575969,0.0,0.0007545582,0
-45.263504,-130.837,0.0009086667,0.0,0.0005452,0
-45.63326,-131.29477,0.00062122586,0.0,0.00037273552,0
-46.001366,-131.7609,0.00063243276,0.0,0.00037945967,0
-46.367676,-132.23584,0.0006374557,0.0,0.00038247346,0
-46.732155,-132.7194,0.0006379955,0.0,0.0003827973,0
-47.094612,-133.2122,0.0006383699,0.0,0.00038302195,0
-47.45506,-133.71391,0.00063837104,0.0,0.00038302265,0
-47.81324,-134.22534,0.00063837104,0.0,0.00038302265,0
-48.169205,-134.74597,0.00063837104,0.0,0.00038302265,0
-48.522682,-135.27666,0.00063837104,0.0,0.00038302265,0
-48.873703,-135.81699,0.00063837104,0.0,0.00038302265,0
-49.222008,-136.36761,0.00063837104,0.0,0.00038302265,0
-49.567593,-136.92834,0.00063837104,0.0,0.00038302265,0
-49.910244,-137.49966,0.00063837104,0.0,0.00038302265,0
-50.249893,-138.08153,0.00063837104,0.0,0.00038302265,0
-50.586372,-138.67422,0.00063837104,0.0,0.00038302265,0
-50.919548,-139.27794,0.00063837104,0.0,0.00038302265,0
-51.249313,-139.89272,0.00063837104,0.0,0.00038302265,0
-51.575455,-140.51894,0.00063837104,0.0,0.00038302265,0
-51.897945,-141.15645,0.00063837104,0.0,0.00038302265,0
-52.216476,-141.80586,0.00063837104,0.0,0.00038302265,0
-52.5311,-142.4667,0.00063837104,0.0,0.00038302265,0
-52.84141,-143.1399,0.00063837104,0.0,0.00038302265,0
-53.14755,-143.8247,0.00063837104,0.0,0.00038302265,0
-53.449017,-144.52219,0.00063837104,0.0,0.00038302265,0
-53.745983,-145.23155,0.00063837104,0.0,0.00038302265,0
-54.038002,-145.95367,0.00063837104,0.0,0.00038302265,0
-54.325146,-146.68803,0.00063837104,0.0,0.00038302265,0
-54.607037,-147.43518,0.00063837104,0.0,0.00038302265,0
-54.88367,-148.19482,0.00063837104,0.0,0.00038302265,0
-55.154755,-148.96727,0.00063837104,0.0,0.00038302265,0
-55.420174,-149.75241,0.00063837104,0.0,0.00038302265,0
-55.679756,-150.55026,0.00063837104,0.0,0.00038302265,0
-55.933258,-151.36096,0.00063837104,0.0,0.00038302265,0
-56.180622,-152.18423,0.00063837104,0.0,0.00038302265,0
-56.42148,-153.02037,0.00063837104,0.0,0.00038302265,0
-56.655914,-153.86885,0.00063837104,0.0,0.00038302265,0
-56.883404,-154.73018,0.00063837104,0.0,0.00038302265,0
-57.104187,-155.60349,0.00063837104,0.0,0.00038302265,0
-57.317585,-156.48953,0.00063837133,0.0,0.00038302282,0
-57.523952,-157.3872,0.000638372,0.0,0.0003830232,0
-57.722603,-158.29716,0.00063837104,0.0,0.00038302265,0
-57.913826,-159.21841,0.00063836743,0.0,0.00038302047,0
-58.097057,-160.15132,0.0006383641,0.0,0.0003830185,0
-58.27245,-161.09511,0.000638368,0.0,0.00038302082,0
-58.439594,-162.04982,0.0006383814,0.0,0.00038302885,0
-58.598495,-163.01486,0.0006383939,0.0,0.00038303636,0
-58.74892,-163.98994,0.00063839083,0.0,0.00038303452,0
-58.89071,-164.97467,0.000638385,0.0,0.00038303103,0
-59.023815,-165.9685,0.0006383957,0.0,0.00038303746,0
-59.147915,-166.97115,0.00063842,0.0,0.000383052,0
-59.263165,-167.98183,0.00063844956,0.0,0.00038306977,0
-59.369064,-169.0003,0.0006384608,0.0,0.0003830765,0
-59.465958,-170.02568,0.0006384425,0.0,0.00038306552,0
-59.553185,-171.05779,0.0006383932,0.0,0.00038303595,0
-59.631294,-172.09552,0.00063833303,0.0,0.00038299983,0
-59.699497,-173.13875,0.0006383075,0.0,0.0003829845,0
-59.75839,-174.1864,0.00063831813,0.0,0.0003829909,0
-59.807327,-175.23807,0.0006383379,0.0,0.00038300277,0
-59.84674,-176.29286,0.0006383546,0.0,0.00038301278,0
-59.876198,-177.35025,0.00063836284,0.0,0.00038301773,0
-59.89595,-178.40942,0.0006383601,0.0,0.00038301607,0
-59.90578,-179.46968,0.00063834427,0.0,0.00038300658,0
-59.90578,179.46968,0.00063832785,0.0,0.00038299672,0
-59.89595,178.40942,0.0006383431,0.0,0.00038300588,0
-59.876198,177.35025,0.00063841033,0.0,0.00038304622,0
-59.84674,176.29286,0.000638532,0.0,0.00038311922,0
-59.807327,175.23807,0.0006387003,0.0,0.0003832202,0
-59.75839,174.1864,0.000638924,0.0,0.00038335443,0
-59.699497,173.13875,0.0006392624,0.0,0.00038355743,0
-59.631294,172.09552,0.00063972984,0.0,0.00038383793,0
-59.553185,171.05779,0.0006407822,0.0,0.0003844693,0
-59.465958,170.02568,0.0006427749,0.0,0.00038566496,0
-59.369064,169.0003,0.0006447143,0.0,0.0003868286,0
-59.263165,167.98183,0.0006469563,0.0,0.00038817382,0
-59.147915,166.97115,0.0006480412,0.0,0.00038882473,0
-59.023815,165.9685,0.000647826,0.0,0.00038869563,0
-58.89071,164.97467,0.00064685056,0.0,0.00038811035,0
-58.74892,163.98994,0.0006450069,0.0,0.00038700414,0
-58.598495,163.01486,0.00064323057,0.0,0.00038593836,0
-58.439594,162.04982,0.0006420277,0.0,0.00038521664,0
-58.27245,161.09511,0.0006409752,0.0,0.00038458515,0
-58.097057,160.15132,0.0006399881,0.0,0.00038399288,0
-57.913826,159.21841,0.00064025563,0.0,0.0003841534,0
-57.722603,158.29716,0.0006402099,0.0,0.00038412595,0
-57.523952,157.3872,0.00064006925,0.0,0.00038404157,0
-57.317585,156.48953,0.0006397823,0.0,0.0003838694,0
-57.104187,155.60349,0.00063908723,0.0,0.00038345237,0
-56.883404,154.73018,0.00063842855,0.0,0.00038305714,0
-56.655914,153.86885,0.00063817366,0.0,0.00038290423,0
-56.42148,153.02037,0.00063810346,0.0,0.00038286208,0
-56.180622,152.18423,0.0006381879,0.0,0.00038291278,0
-55.933258,151.36096,0.0006383002,0.0,0.00038298013,0
-55.679756,150.55026,0.0006383482,0.0,0.00038300894,0
-55.420174,149.75241,0.00063836743,0.0,0.00038302047,0
-55.154755,148.96727,0.00063837104,0.0,0.00038302265,0
-54.88367,148.19482,0.00063837104,0.0,0.00038302265,0
-54.607037,147.43518,0.00063837104,0.0,0.00038302265,0
-54.325146,146.68803,0.00063837104,0.0,0.00038302265,0
-54.038002,145.95367,0.00063837104,0.0,0.00038302265,0
-53.745983,145.23155,0.00063837104,0.0,0.00038302265,0
-53.449017,144.52219,0.00063837104,0.0,0.00038302265,0
-53.14755,143.8247,0.00063837104,0.0,0.00038302265,0
-52.84141,143.1399,0.00063837104,0.0,0.00038302265,0
-52.5311,142.4667,0.00063837104,0.0,0.00038302265,0
-52.216476,141.80586,0.00063837104,0.0,0.00038302265,0
-51.897945,141.15645,0.00063837104,0.0,0.00038302265,0
-51.575455,140.51894,0.00063837104,0.0,0.00038302265,0
-51.249313,139.89272,0.00063837104,0.0,0.00038302265,0
-50.919548,139.27794,0.00063837104,0.0,0.00038302265,0
-50.586372,138.67422,0.00063837104,0.0,0.00038302265,0
-50.249893,138.08153,0.00063837104,0.0,0.00038302265,0
-49.910244,137.49966,0.00063837104,0.0,0.00038302265,0
-49.567593,136.92834,0.00063837104,0.0,0.00038302265,0
-49.222008,136.36761,0.00063837104,0.0,0.00038302265,0
-48.873703,135.81699,0.00063837104,0.0,0.00038302265,0
-48.522682,135.27666,0.00063837104,0.0,0.00038302265,0
-48.169205,134.74597,0.00063837104,0.0,0.00038302265,0
-47.81324,134.22534,0.00063837104,0.0,0.00038302265,0
-47.45506,133.71391,0.00063837104,0.0,0.00038302265,0
-47.094612,133.2122,0.0006384559,0.0,0.00038307355,0
-46.732155,132.7194,0.0006364523,0.0,0.0003818714,0
-46.367676,132.23584,0.00063851406,0.0,0.00038310845,0
-46.001366,131.7609,0.00061591144,0.0,0.00036954688,0
-45.63326,131.29477,0.00058596703,0.0,0.00035158024,0
-45.263504,130.837,0.0006016315,0.0,0.00036097888,0
-44.89216,130.38762,0.00078726263,0.0,0.00047235758,0
-44.558094,-130.93304,0.0012575969,0.0,0.0007545582,0
-44.925514,-131.38365,0.0009086667,0.0,0.0005452,0
-45.291313,-131.84256,0.00062122586,0.0,0.00037273552,0
-45.655415,-132.30968,0.00063243276,0.0,0.00037945967,0
-46.017677,-132.78548,0.0006374557,0.0,0.00038247346,0
-46.378075,-133.26978,0.0006379955,0.0,0.0003827973,0
-46.736412,-133.76318,0.0006383699,0.0,0.00038302195,0
-47.092705,-134.2653,0.00063837104,0.0,0.00038302265,0
-47.446686,-134.77698,0.00063837104,0.0,0.00038302265,0
-47.798424,-135.2977,0.00063837104,0.0,0.00038302265,0
-48.14763,-135.82828,0.00063837104,0.0,0.00038302265,0
-48.494347,-136.3683,0.00063837104,0.0,0.00038302265,0
-48.838326,-136.91843,0.00063837104,0.0,0.00038302265,0
-49.17955,-137.47844,0.00063837104,0.0,0.00038302265,0
-49.517803,-138.0488,0.00063837104,0.0,0.00038302265,0
-49.853035,-138.62946,0.00063837104,0.0,0.00038302265,0
-50.185066,-139.2207,0.00063837104,0.0,0.00038302265,0
-50.51377,-139.8227,0.00063837104,0.0,0.00038302265,0
-50.83905,-140.43549,0.00063837104,0.0,0.00038302265,0
-51.160686,-141.05942,0.00063837104,0.0,0.00038302265,0
-51.478653,-141.69434,0.00063837104,0.0,0.00038302265,0
-51.79265,-142.34082,0.00063837104,0.0,0.00038302265,0
-52.10273,-142.99844,0.00063837104,0.0,0.00038302265,0
-52.408485,-143.66803,0.00063837104,0.0,0.00038302265,0
-52.71006,-144.3489,0.00063837104,0.0,0.00038302265,0
-53.006977,-145.04202,0.00063837104,0.0,0.00038302265,0
-53.299397,-145.74669,0.00063837104,0.0,0.00038302265,0
-53.58687,-146.46368,0.00063837104,0.0,0.00038302265,0
-53.869476,-147.19247,0.00063837104,0.0,0.00038302265,0
-54.14686,-147.93365,0.00063837104,0.0,0.00038302265,0
-54.419,-148.68689,0.00063837104,0.0,0.00038302265,0
-54.685623,-149.45247,0.00063837104,0.0,0.00038302265,0
-54.946617,-150.23026,0.00063837104,0.0,0.00038302265,0
-55.20181,-151.0203,0.00063837104,0.0,0.00038302265,0
-55.45096,-151.82266,0.00063837104,0.0,0.00038302265,0
-55.694023,-152.6371,0.00063837104,0.0,0.00038302265,0
-55.93064,-153.46393,0.00063837104,0.0,0.00038302265,0
-56.160896,-154.30255,0.00063837104,0.0,0.00038302265,0
-56.38428,-155.15349,0.00063837104,0.0,0.00038302265,0
-56.601032,-156.0159,0.00063837104,0.0,0.00038302265,0
-56.810486,-156.89049,0.00063837104,0.0,0.00038302265,0
-57.012993,-157.77618,0.00063837104,0.0,0.00038302265,0
-57.207886,-158.67358,0.00063837104,0.0,0.00038302265,0
-57.39545,-159.58177,0.00063837104,0.0,0.00038302265,0
-57.57514,-160.50107,0.00063837104,0.0,0.00038302265,0
-57.74711,-161.43073,0.00063837046,0.0,0.0003830223,0
-57.91096,-162.37079,0.00063837017,0.0,0.00038302212,0
-58.066704,-163.32065,0.0006383689,0.0,0.00038302134,0
-58.214104,-164.28006,0.0006383665,0.0,0.0003830199,0
-58.353024,-165.24863,0.0006383644,0.0,0.00038301866,0
-58.48342,-166.22583,0.00063836225,0.0,0.00038301738,0
-58.604965,-167.2114,0.0006383604,0.0,0.00038301625,0
-58.71783,-168.20453,0.0006383586,0.0,0.00038301517,0
-58.821518,-169.20511,0.0006383571,0.0,0.00038301427,0
-58.91639,-170.21219,0.00063835614,0.0,0.0003830137,0
-59.001778,-171.22565,0.0006383571,0.0,0.00038301427,0
-59.07823,-172.24445,0.0006383607,0.0,0.00038301642,0
-59.14498,-173.26837,0.0006383653,0.0,0.00038301919,0
-59.20262,-174.29651,0.000638368,0.0,0.00038302082,0
-59.25051,-175.32846,0.0006383696,0.0,0.00038302178,0
-59.28908,-176.36337,0.00063837104,0.0,0.00038302265,0
-59.317898,-177.40073,0.00063837133,0.0,0.00038302282,0
-59.337227,-178.43976,0.000638372,0.0,0.0003830232,0
-59.346848,-179.4798,0.00063837256,0.0,0.00038302355,0
-59.346848,179.4798,0.0006383738,0.0,0.00038302428,0
-59.337227,178.43976,0.0006383738,0.0,0.00038302428,0
-59.317898,177.40073,0.0006383683,0.0,0.000383021,0
-59.28908,176.36337,0.0006383549,0.0,0.00038301296,0
-59.25051,175.32846,0.0006383282,0.0,0.00038299695,0
-59.20262,174.29651,0.000638299,0.0,0.0003829794,0
-59.14498,173.26837,0.00063828466,0.0,0.00038297081,0
-59.07823,172.24445,0.0006383333,0.0,0.000383,0
-59.001778,171.22565,0.0006385417,0.0,0.00038312504,0
-58.91639,170.21219,0.0006389502,0.0,0.00038337015,0
-58.821518,169.20511,0.00063950976,0.0,0.00038370586,0
-58.71783,168.20453,0.0006399619,0.0,0.00038397717,0
-58.604965,167.2114,0.0006403951,0.0,0.00038423706,0
-58.48342,166.22583,0.0006404461,0.0,0.00038426768,0
-58.353024,165.24863,0.00064037344,0.0,0.00038422408,0
-58.214104,164.28006,0.00064019125,0.0,0.00038411477,0
-58.066704,163.32065,0.00063978904,0.0,0.00038387344,0
-57.91096,162.37079,0.0006396558,0.0,0.0003837935,0
-57.74711,161.43073,0.0006395006,0.0,0.0003837004,0
-57.57514,160.50107,0.0006392234,0.0,0.00038353403,0
-57.39545,159.58177,0.00063914486,0.0,0.00038348694,0
-57.207886,158.67358,0.00063897157,0.0,0.00038338295,0
-57.012993,157.77618,0.000638826,0.0,0.0003832956,0
-56.810486,156.89049,0.00063879555,0.0,0.00038327734,0
-56.601032,156.0159,0.0006385935,0.0,0.00038315612,0
-56.38428,155.15349,0.0006385007,0.0,0.0003831004,0
-56.160896,154.30255,0.0006383768,0.0,0.0003830261,0
-55.93064,153.46393,0.00063828315,0.0,0.0003829699,0
-55.694023,152.6371,0.0006383242,0.0,0.00038299453,0
-55.45096,151.82266,0.00063835096,0.0,0.0003830106,0
-55.20181,151.0203,0.00063836743,0.0,0.00038302047,0
-54.946617,150.23026,0.00063837017,0.0,0.00038302212,0
-54.685623,149.45247,0.00063837075,0.0,0.00038302247,0
-54.419,148.68689,0.00063837104,0.0,0.00038302265,0
-54.14686,147.93365,0.00063837104,0.0,0.00038302265,0
-53.869476,147.19247,0.00063837104,0.0,0.00038302265,0
-53.58687,146.46368,0.00063837104,0.0,0.00038302265,0
-53.299397,145.74669,0.00063837104,0.0,0.00038302265,0
-53.006977,145.04202,0.00063837104,0.0,0.00038302265,0
-52.71006,144.3489,0.00063837104,0.0,0.00038302265,0
-52.408485,143.66803,0.00063837104,0.0,0.00038302265,0
-52.10273,142.99844,0.00063837104,0.0,0.00038302265,0
-51.79265,142.34082,0.00063837104,0.0,0.00038302265,0
-51.478653,141.69434,0.00063837104,0.0,0.00038302265,0
-51.160686,141.05942,0.00063837104,0.0,0.00038302265,0
-50.83905,140.43549,0.00063837104,0.0,0.00038302265,0
-50.51377,139.8227,0.00063837104,0.0,0.00038302265,0
-50.185066,139.2207,0.00063837104,0.0,0.00038302265,0
-49.853035,138.62946,0.00063837104,0.0,0.00038302265,0
-49.517803,138.0488,0.00063837104,0.0,0.00038302265,0
-49.17955,137.47844,0.00063837104,0.0,0.00038302265,0
-48.838326,136.91843,0.00063837104,0.0,0.00038302265,0
-48.494347,136.3683,0.00063837104,0.0,0.00038302265,0
-48.14763,135.82828,0.00063837104,0.0,0.00038302265,0
-47.798424,135.2977,0.00063837104,0.0,0.00038302265,0
-47.446686,134.77698,0.00063837104,0.0,0.00038302265,0
-47.092705,134.2653,0.00063837104,0.0,0.00038302265,0
-46.736412,133.76318,0.0006384559,0.0,0.00038307355,0
-46.378075,133.26978,0.0006364523,0.0,0.0003818714,0
-46.017677,132.78548,0.00063851406,0.0,0.00038310845,0
-45.655415,132.30968,0.00061591144,0.0,0.00036954688,0
-45.291313,131.84256,0.00058596703,0.0,0.00035158024,0
-44.925514,131.38365,0.0006016315,0.0,0.00036097888,0
-44.558094,130.93304,0.00078726263,0.0,0.00047235758,0
-44.22125,-131.4698,0.0012575969,0.0,0.0007545582,0
-44.584763,-131.92151,0.0009086667,0.0,0.0005452,0
-44.946617,-132.38133,0.00062122586,0.0,0.00037273552,0
-45.30674,-132.84927,0.00063243276,0.0,0.00037945967,0
-45.664986,-133.32578,0.0006374557,0.0,0.00038247346,0
-46.02133,-133.81062,0.0006379955,0.0,0.0003827973,0
-46.375572,-134.30441,0.0006383699,0.0,0.00038302195,0
-46.727734,-134.80678,0.00063837104,0.0,0.00038302265,0
-47.077557,-135.31853,0.00063837104,0.0,0.00038302265,0
-47.425095,-135.83914,0.00063837104,0.0,0.00038302265,0
-47.77007,-136.36945,0.00063837104,0.0,0.00038302265,0
-48.11253,-136.90895,0.00063837104,0.0,0.00038302265,0
-48.452217,-137.4584,0.00063837104,0.0,0.00038302265,0
-48.789116,-138.01752,0.00063837104,0.0,0.00038302265,0
-49.12304,-138.58673,0.00063837104,0.0,0.00038302265,0
-49.453896,-139.16602,0.00063837104,0.0,0.00038302265,0
-49.78154,-139.75565,0.00063837104,0.0,0.00038302265,0
-50.105835,-140.35573,0.00063837104,0.0,0.00038302265,0
-50.42668,-140.96635,0.00063837104,0.0,0.00038302265,0
-50.74387,-141.58784,0.00063837104,0.0,0.00038302265,0
-51.057377,-142.22003,0.00063837104,0.0,0.00038302265,0
-51.3669,-142.86345,0.00063837104,0.0,0.00038302265,0
-51.6725,-143.51768,0.00063837104,0.0,0.00038302265,0
-51.97378,-144.18353,0.00063837104,0.0,0.00038302265,0
-52.270874,-144.86034,0.00063837104,0.0,0.00038302265,0
-52.563313,-145.54904,0.00063837104,0.0,0.00038302265,0
-52.851257,-146.24886,0.00063837104,0.0,0.00038302265,0
-53.13427,-146.96065,0.00063837104,0.0,0.00038302265,0
-53.412434,-147.68384,0.00063837104,0.0,0.00038302265,0
-53.685394,-148.41899,0.00063837104,0.0,0.00038302265,0
-53.953136,-149.16577,0.00063837104,0.0,0.00038302265,0
-54.21539,-149.92442,0.00063837104,0.0,0.00038302265,0
-54.47205,-150.69489,0.00063837104,0.0,0.00038302265,0
-54.722942,-151.4771,0.00063837104,0.0,0.00038302265,0
-54.967846,-152.2712,0.00063837104,0.0,0.00038302265,0
-55.20672,-153.07687,0.00063837104,0.0,0.00038302265,0
-55.439194,-153.89445,0.00063837104,0.0,0.00038302265,0
-55.665375,-154.72333,0.00063837104,0.0,0.00038302265,0
-55.884754,-155.56403,0.00063837104,0.0,0.00038302265,0
-56.09758,-156.41571,0.00063837104,0.0,0.00038302265,0
-56.303192,-157.27899,0.00063837104,0.0,0.00038302265,0
-56.50194,-158.15292,0.00063837104,0.0,0.00038302265,0
-56.693184,-159.03804,0.00063837104,0.0,0.00038302265,0
-56.877193,-159.93347,0.00063837104,0.0,0.00038302265,0
-57.053448,-160.83945,0.00063837104,0.0,0.00038302265,0
-57.22209,-161.7553,0.00063837104,0.0,0.00038302265,0
-57.382748,-162.68106,0.00063837104,0.0,0.00038302265,0
-57.535423,-163.61615,0.00063837104,0.0,0.00038302265,0
-57.679905,-164.56033,0.00063837104,0.0,0.00038302265,0
-57.81604,-165.51321,0.00063837104,0.0,0.00038302265,0
-57.9438,-166.47427,0.00063837104,0.0,0.00038302265,0
-58.062893,-167.44327,0.00063837104,0.0,0.00038302265,0
-58.17344,-168.41946,0.00063837104,0.0,0.00038302265,0
-58.274998,-169.4027,0.00063837104,0.0,0.00038302265,0
-58.36791,-170.39209,0.00063837104,0.0,0.00038302265,0
-58.45152,-171.3875,0.00063837104,0.0,0.00038302265,0
-58.52637,-172.388,0.00063837104,0.0,0.00038302265,0
-58.59172,-173.39336,0.00063837104,0.0,0.00038302265,0
-58.648148,-174.40268,0.00063837104,0.0,0.00038302265,0
-58.695015,-175.4156,0.00063837104,0.0,0.00038302265,0
-58.732777,-176.43132,0.00063837104,0.0,0.00038302265,0
-58.760986,-177.44934,0.00063837104,0.0,0.00038302265,0
-58.7799,-178.46895,0.00063837104,0.0,0.00038302265,0
-58.789314,-179.48955,0.00063837104,0.0,0.00038302265,0
-58.789314,179.48955,0.00063837104,0.0,0.00038302265,0
-58.7799,178.46895,0.00063837104,0.0,0.00038302265,0
-58.760986,177.44934,0.00063837104,0.0,0.00038302265,0
-58.732777,176.43132,0.00063837133,0.0,0.00038302282,0
-58.695015,175.4156,0.000638372,0.0,0.0003830232,0
-58.648148,174.40268,0.00063837133,0.0,0.00038302282,0
-58.59172,173.39336,0.0006383665,0.0,0.0003830199,0
-58.52637,172.388,0.00063835434,0.0,0.0003830126,0
-58.45152,171.3875,0.00063834793,0.0,0.00038300877,0
-58.36791,170.39209,0.00063837133,0.0,0.00038302282,0
-58.274998,169.4027,0.0006384471,0.0,0.00038306828,0
-58.17344,168.41946,0.0006385679,0.0,0.00038314075,0
-58.062893,167.44327,0.00063868205,0.0,0.00038320923,0
-57.9438,166.47427,0.0006387362,0.0,0.0003832417,0
-57.81604,165.51321,0.00063877756,0.0,0.00038326657,0
-57.679905,164.56033,0.00063872035,0.0,0.00038323223,0
-57.535423,163.61615,0.0006386738,0.0,0.0003832043,0
-57.382748,162.68106,0.00063860323,0.0,0.00038316197,0
-57.22209,161.7553,0.00063852075,0.0,0.00038311246,0
-57.053448,160.83945,0.00063846353,0.0,0.00038307815,0
-56.877193,159.93347,0.0006383997,0.0,0.00038303982,0
-56.693184,159.03804,0.00063837407,0.0,0.00038302445,0
-56.50194,158.15292,0.0006383665,0.0,0.0003830199,0
-56.303192,157.27899,0.0006383568,0.0,0.0003830141,0
-56.09758,156.41571,0.0006383619,0.0,0.00038301715,0
-55.884754,155.56403,0.0006383552,0.0,0.00038301313,0
-55.665375,154.72333,0.0006383452,0.0,0.00038300714,0
-55.439194,153.89445,0.00063835375,0.0,0.00038301226,0
-55.20672,153.07687,0.00063836103,0.0,0.00038301662,0
-54.967846,152.2712,0.0006383683,0.0,0.000383021,0
-54.722942,151.4771,0.00063837017,0.0,0.00038302212,0
-54.47205,150.69489,0.00063837104,0.0,0.00038302265,0
-54.21539,149.92442,0.00063837104,0.0,0.00038302265,0
-53.953136,149.16577,0.00063837104,0.0,0.00038302265,0
-53.685394,148.41899,0.00063837104,0.0,0.00038302265,0
-53.412434,147.68384,0.00063837104,0.0,0.00038302265,0
-53.13427,146.96065,0.00063837104,0.0,0.00038302265,0
-52.851257,146.24886,0.00063837104,0.0,0.00038302265,0
-52.563313,145.54904,0.00063837104,0.0,0.00038302265,0
-52.270874,144.86034,0.00063837104,0.0,0.00038302265,0
-51.97378,144.18353,0.00063837104,0.0,0.00038302265,0
-51.6725,143.51768,0.00063837104,0.0,0.00038302265,0
-51.3669,142.86345,0.00063837104,0.0,0.00038302265,0
-51.057377,142.22003,0.00063837104,0.0,0.00038302265,0
-50.74387,141.58784,0.00063837104,0.0,0.00038302265,0
-50.42668,140.96635,0.00063837104,0.0,0.00038302265,0
-50.105835,140.35573,0.00063837104,0.0,0.00038302265,0
-49.78154,139.75565,0.00063837104,0.0,0.00038302265,0
-49.453896,139.16602,0.00063837104,0.0,0.00038302265,0
-49.12304,138.58673,0.00063837104,0.0,0.00038302265,0
-48.789116,138.01752,0.00063837104,0.0,0.00038302265,0
-48.452217,137.4584,0.00063837104,0.0,0.00038302265,0
-48.11253,136.90895,0.00063837104,0.0,0.00038302265,0
-47.77007,136.36945,0.00063837104,0.0,0.00038302265,0
-47.425095,135.83914,0.00063837104,0.0,0.00038302265,0
-47.077557,135.31853,0.00063837104,0.0,0.00038302265,0
-46.727734,134.80678,0.00063837104,0.0,0.00038302265,0
-46.375572,134.30441,0.0006384559,0.0,0.00038307355,0
-46.02133,133.81062,0.0006364523,0.0,0.0003818714,0
-45.664986,133.32578,0.00063851406,0.0,0.00038310845,0
-45.30674,132.84927,0.00061591144,0.0,0.00036954688,0
-44.946617,132.38133,0.00058596703,0.0,0.00035158024,0
-44.584763,131.92151,0.0006016315,0.0,0.00036097888,0
-44.22125,131.4698,0.00078726263,0.0,0.00047235758,0
-43.881584,-131.9976,0.0012575903,0.0,0.0007545542,0
-44.241222,-132.45018,0.0009086403,0.0,0.0005451842,0
-44.59915,-132.91077,0.000621211,0.0,0.00037272662,0
-44.955322,-133.37936,0.000632415,0.0,0.00037944902,0
-45.309574,-133.85635,0.00063743815,0.0,0.0003824629,0
-45.661896,-134.34155,0.0006379769,0.0,0.00038278618,0
-46.01207,-134.83557,0.0006383522,0.0,0.00038301133,0
-46.360146,-135.338,0.0006383531,0.0,0.00038301188,0
-46.705833,-135.84964,0.0006383531,0.0,0.00038301188,0
-47.049217,-136.36996,0.0006383531,0.0,0.00038301188,0
-47.390007,-136.89978,0.0006383531,0.0,0.00038301188,0
-47.72825,-137.43864,0.0006383531,0.0,0.00038301188,0
-48.06369,-137.98721,0.0006383531,0.0,0.00038301188,0
-48.396324,-138.54523,0.0006383531,0.0,0.00038301188,0
-48.725945,-139.11313,0.0006383531,0.0,0.00038301188,0
-49.05249,-139.69089,0.0006383531,0.0,0.00038301188,0
-49.3758,-140.27872,0.0006383531,0.0,0.00038301188,0
-49.69574,-140.87677,0.0006383531,0.0,0.00038301188,0
-50.012222,-141.48506,0.0006383531,0.0,0.00038301188,0
-50.325027,-142.10394,0.0006383531,0.0,0.00038301188,0
-50.63414,-142.73322,0.0006383531,0.0,0.00038301188,0
-50.93927,-143.37344,0.0006383531,0.0,0.00038301188,0
-51.240467,-144.02417,0.0006383531,0.0,0.00038301188,0
-51.537346,-144.68616,0.0006383531,0.0,0.00038301188,0
-51.830032,-145.35876,0.0006383531,0.0,0.00038301188,0
-52.118073,-146.04291,0.0006383531,0.0,0.00038301188,0
-52.401634,-146.73785,0.0006383531,0.0,0.00038301188,0
-52.68027,-147.44434,0.0006383531,0.0,0.00038301188,0
-52.954086,-148.16187,0.0006383531,0.0,0.00038301188,0
-53.222706,-148.89093,0.0006383531,0.0,0.00038301188,0
-53.48614,-149.63123,0.0006383531,0.0,0.00038301188,0
-53.74412,-150.383,0.0006383531,0.0,0.00038301188,0
-53.99654,-151.14609,0.0006383531,0.0,0.00038301188,0
-54.24324,-151.92053,0.0006383531,0.0,0.00038301188,0
-54.484,-152.70639,0.0006383531,0.0,0.00038301188,0
-54.71878,-153.5034,0.0006383531,0.0,0.00038301188,0
-54.94722,-154.3118,0.0006383531,0.0,0.00038301188,0
-55.169434,-155.13107,0.0006383531,0.0,0.00038301188,0
-55.384914,-155.96165,0.0006383531,0.0,0.00038301188,0
-55.593918,-156.80273,0.0006383531,0.0,0.00038301188,0
-55.795788,-157.65498,0.0006383531,0.0,0.00038301188,0
-55.990894,-158.51736,0.0006383531,0.0,0.00038301188,0
-56.17858,-159.39044,0.0006383531,0.0,0.00038301188,0
-56.359154,-160.27338,0.0006383531,0.0,0.00038301188,0
-56.532066,-161.16638,0.0006383531,0.0,0.00038301188,0
-56.697495,-162.0688,0.0006383531,0.0,0.00038301188,0
-56.85505,-162.98064,0.0006383531,0.0,0.00038301188,0
-57.004753,-163.90137,0.0006383531,0.0,0.00038301188,0
-57.1464,-164.83076,0.0006383531,0.0,0.00038301188,0
-57.279854,-165.76839,0.0006383531,0.0,0.00038301188,0
-57.405075,-166.71384,0.0006383531,0.0,0.00038301188,0
-57.521774,-167.66678,0.0006383531,0.0,0.00038301188,0
-57.630093,-168.62659,0.0006383531,0.0,0.00038301188,0
-57.729584,-169.59305,0.0006383531,0.0,0.00038301188,0
-57.820602,-170.56535,0.0006383531,0.0,0.00038301188,0
-57.902496,-171.54338,0.0006383531,0.0,0.00038301188,0
-57.975815,-172.52621,0.0006383531,0.0,0.00038301188,0
-58.039806,-173.51366,0.0006383531,0.0,0.00038301188,0
-58.09506,-174.50485,0.0006383531,0.0,0.00038301188,0
-58.14096,-175.49945,0.0006383531,0.0,0.00038301188,0
-58.177925,-176.49672,0.0006383531,0.0,0.00038301188,0
-58.205544,-177.49614,0.0006383531,0.0,0.00038301188,0
-58.224068,-178.49707,0.0006383531,0.0,0.00038301188,0
-58.233284,-179.49893,0.0006383531,0.0,0.00038301188,0
-58.233284,179.49893,0.0006383531,0.0,0.00038301188,0
-58.224068,178.49707,0.0006383531,0.0,0.00038301188,0
-58.205544,177.49614,0.0006383531,0.0,0.00038301188,0
-58.177925,176.49672,0.0006383531,0.0,0.00038301188,0
-58.14096,175.49945,0.0006383534,0.0,0.00038301205,0
-58.09506,174.50485,0.00063835375,0.0,0.00038301226,0
-58.039806,173.51366,0.00063835375,0.0,0.00038301226,0
-57.975815,172.52621,0.00063835405,0.0,0.00038301243,0
-57.902496,171.54338,0.0006383531,0.0,0.00038301188,0
-57.820602,170.56535,0.00063835125,0.0,0.00038301077,0
-57.729584,169.59305,0.00063834974,0.0,0.00038300987,0
-57.630093,168.62659,0.00063834974,0.0,0.00038300987,0
-57.521774,167.66678,0.00063834916,0.0,0.00038300952,0
-57.405075,166.71384,0.0006383449,0.0,0.00038300696,0
-57.279854,165.76839,0.00063833396,0.0,0.00038300038,0
-57.1464,164.83076,0.0006383233,0.0,0.000382994,0
-57.004753,163.90137,0.00063831237,0.0,0.00038298743,0
-56.85505,162.98064,0.0006383053,0.0,0.0003829832,0
-56.697495,162.0688,0.0006383093,0.0,0.0003829856,0
-56.532066,161.16638,0.000638316,0.0,0.00038298962,0
-56.359154,160.27338,0.00063832477,0.0,0.00038299488,0
-56.17858,159.39044,0.0006383318,0.0,0.0003829991,0
-55.990894,158.51736,0.000638337,0.0,0.00038300222,0
-55.795788,157.65498,0.0006383422,0.0,0.00038300533,0
-55.593918,156.80273,0.0006383458,0.0,0.0003830075,0
-55.384914,155.96165,0.000638347,0.0,0.0003830082,0
-55.169434,155.13107,0.00063834974,0.0,0.00038300987,0
-54.94722,154.3118,0.0006383516,0.0,0.00038301098,0
-54.71878,153.5034,0.0006383522,0.0,0.00038301133,0
-54.484,152.70639,0.0006383531,0.0,0.00038301188,0
-54.24324,151.92053,0.0006383531,0.0,0.00038301188,0
-53.99654,151.14609,0.0006383531,0.0,0.00038301188,0
-53.74412,150.383,0.0006383531,0.0,0.00038301188,0
-53.48614,149.63123,0.0006383531,0.0,0.00038301188,0
-53.222706,148.89093,0.0006383531,0.0,0.00038301188,0
-52.954086,148.16187,0.0006383531,0.0,0.00038301188,0
-52.68027,147.44434,0.0006383531,0.0,0.00038301188,0
-52.401634,146.73785,0.0006383531,0.0,0.00038301188,0
-52.118073,146.04291,0.0006383531,0.0,0.00038301188,0
-51.830032,145.35876,0.0006383531,0.0,0.00038301188,0
-51.537346,144.68616,0.0006383531,0.0,0.00038301188,0
-51.240467,144.02417,0.0006383531,0.0,0.00038301188,0
-50.93927,143.37344,0.0006383531,0.0,0.00038301188,0
-50.63414,142.73322,0.0006383531,0.0,0.00038301188,0
-50.325027,142.10394,0.0006383531,0.0,0.00038301188,0
-50.012222,141.48506,0.0006383531,0.0,0.00038301188,0
-49.69574,140.87677,0.0006383531,0.0,0.00038301188,0
-49.3758,140.27872,0.0006383531,0.0,0.00038301188,0
-49.05249,139.69089,0.0006383531,0.0,0.00038301188,0
-48.725945,139.11313,0.0006383531,0.0,0.00038301188,0
-48.396324,138.54523,0.0006383531,0.0,0.00038301188,0
-48.06369,137.98721,0.0006383531,0.0,0.00038301188,0
-47.72825,137.43864,0.0006383531,0.0,0.00038301188,0
-47.390007,136.89978,0.0006383531,0.0,0.00038301188,0
-47.049217,136.36996,0.0006383531,0.0,0.00038301188,0
-46.705833,135.84964,0.0006383531,0.0,0.00038301188,0
-46.360146,135.338,0.0006383531,0.0,0.00038301188,0
-46.01207,134.83557,0.0006384377,0.0,0.00038306264,0
-45.661896,134.34155,0.00063643407,0.0,0.00038186045,0
-45.309574,133.85635,0.0006384958,0.0,0.00038309747,0
-44.955322,133.37936,0.0006158964,0.0,0.00036953788,0
-44.59915,132.91077,0.00058595865,0.0,0.0003515752,0
-44.241222,132.45018,0.0006016266,0.0,0.00036097597,0
-43.881584,131.9976,0.00078725594,0.0,0.00047235357,0
-43.53935,-132.51692,0.0012572885,0.0,0.00075437315,0
-43.895126,-132.97023,0.0009080652,0.0,0.00054483913,0
-44.24916,-133.43141,0.000620905,0.0,0.00037254303,0
-44.6014,-133.90048,0.00063208543,0.0,0.0003792513,0
-44.951683,-134.37782,0.00063711015,0.0,0.0003822661,0
-45.300007,-134.86322,0.0006376484,0.0,0.00038258906,0
-45.64616,-135.35728,0.00063801766,0.0,0.00038281063,0
-45.990166,-135.8596,0.0006380192,0.0,0.00038281153,0
-46.33177,-136.37096,0.0006380192,0.0,0.00038281153,0
-46.671036,-136.89085,0.0006380192,0.0,0.00038281153,0
-47.00767,-137.42001,0.0006380192,0.0,0.00038281153,0
-47.34174,-137.95805,0.0006380192,0.0,0.00038281153,0
-47.672985,-138.50558,0.0006380192,0.0,0.00038281153,0
-48.001396,-139.06236,0.0006380192,0.0,0.00038281153,0
-48.326775,-139.6288,0.0006380192,0.0,0.00038281153,0
-48.649055,-140.20485,0.0006380192,0.0,0.00038281153,0
-48.96808,-140.79073,0.0006380192,0.0,0.00038281153,0
-49.28373,-141.38658,0.0006380192,0.0,0.00038281153,0
-49.595898,-141.99242,0.0006380192,0.0,0.00038281153,0
-49.90438,-142.60857,0.0006380192,0.0,0.00038281153,0
-50.20917,-143.2348,0.0006380192,0.0,0.00038281153,0
-50.509968,-143.8717,0.0006380192,0.0,0.00038281153,0
-50.80683,-144.51881,0.0006380192,0.0,0.00038281153,0
-51.099365,-145.17685,0.0006380192,0.0,0.00038281153,0
-51.387733,-145.84518,0.0006380192,0.0,0.00038281153,0
-51.671455,-146.52469,0.0006380192,0.0,0.00038281153,0
-51.950706,-147.21466,0.0006380192,0.0,0.00038281153,0
-52.225056,-147.9158,0.0006380192,0.0,0.00038281153,0
-52.494595,-148.62761,0.0006380192,0.0,0.00038281153,0
-52.75897,-149.35057,0.0006380192,0.0,0.00038281153,0
-53.01819,-150.08435,0.0006380192,0.0,0.00038281153,0
-53.27198,-150.8292,0.0006380192,0.0,0.00038281153,0
-53.52026,-151.58498,0.0006380192,0.0,0.00038281153,0
-53.762856,-152.35168,0.0006380192,0.0,0.00038281153,0
-53.999565,-153.12936,0.0006380192,0.0,0.00038281153,0
-54.230343,-153.91776,0.0006380192,0.0,0.00038281153,0
-54.45485,-154.7171,0.0006380192,0.0,0.00038281153,0
-54.673183,-155.52687,0.0006380192,0.0,0.00038281153,0
-54.88487,-156.34749,0.0006380192,0.0,0.00038281153,0
-55.090145,-157.17818,0.0006380192,0.0,0.00038281153,0
-55.288383,-158.01953,0.0006380192,0.0,0.00038281153,0
-55.479935,-158.87062,0.0006380192,0.0,0.00038281153,0
-55.664173,-159.7319,0.0006380192,0.0,0.00038281153,0
-55.841393,-160.6026,0.0006380192,0.0,0.00038281153,0
-56.01106,-161.48293,0.0006380192,0.0,0.00038281153,0
-56.17336,-162.37221,0.0006380192,0.0,0.00038281153,0
-56.327908,-163.27051,0.0006380192,0.0,0.00038281153,0
-56.474735,-164.17726,0.0006380192,0.0,0.00038281153,0
-56.61363,-165.09224,0.0006380192,0.0,0.00038281153,0
-56.74448,-166.01508,0.0006380192,0.0,0.00038281153,0
-56.867233,-166.94534,0.0006380192,0.0,0.00038281153,0
-56.98162,-167.88272,0.0006380192,0.0,0.00038281153,0
-57.087784,-168.82664,0.0006380192,0.0,0.00038281153,0
-57.185284,-169.77689,0.0006380192,0.0,0.00038281153,0
-57.274456,-170.73267,0.0006380192,0.0,0.00038281153,0
-57.3547,-171.69388,0.0006380192,0.0,0.00038281153,0
-57.42652,-172.6596,0.0006380192,0.0,0.00038281153,0
-57.489212,-173.62976,0.0006380192,0.0,0.00038281153,0
-57.543335,-174.60344,0.0006380192,0.0,0.00038281153,0
-57.58829,-175.58034,0.0006380192,0.0,0.00038281153,0
-57.624493,-176.55978,0.0006380192,0.0,0.00038281153,0
-57.651543,-177.54126,0.0006380192,0.0,0.00038281153,0
-57.669678,-178.52419,0.0006380192,0.0,0.00038281153,0
-57.67871,-179.50797,0.0006380192,0.0,0.00038281153,0
-57.67871,179.50797,0.0006380192,0.0,0.00038281153,0
-57.669678,178.52419,0.0006380192,0.0,0.00038281153,0
-57.651543,177.54126,0.0006380192,0.0,0.00038281153,0
-57.624493,176.55978,0.0006380192,0.0,0.00038281153,0
-57.58829,175.58034,0.0006380192,0.0,0.00038281153,0
-57.543335,174.60344,0.0006380192,0.0,0.00038281153,0
-57.489212,173.62976,0.0006380195,0.0,0.00038281173,0
-57.42652,172.6596,0.0006380195,0.0,0.00038281173,0
-57.3547,171.69388,0.0006380195,0.0,0.00038281173,0
-57.274456,170.73267,0.0006380198,0.0,0.0003828119,0
-57.185284,169.77689,0.0006380192,0.0,0.00038281153,0
-57.087784,168.82664,0.0006380189,0.0,0.00038281135,0
-56.98162,167.88272,0.0006380189,0.0,0.00038281135,0
-56.867233,166.94534,0.00063801825,0.0,0.00038281098,0
-56.74448,166.01508,0.00063801766,0.0,0.00038281063,0
-56.61363,165.09224,0.0006380174,0.0,0.00038281045,0
-56.474735,164.17726,0.0006380174,0.0,0.00038281045,0
-56.327908,163.27051,0.00063801795,0.0,0.0003828108,0
-56.17336,162.37221,0.00063801854,0.0,0.00038281115,0
-56.01106,161.48293,0.0006380189,0.0,0.00038281135,0
-55.841393,160.6026,0.0006380195,0.0,0.00038281173,0
-55.664173,159.7319,0.0006380195,0.0,0.00038281173,0
-55.479935,158.87062,0.0006380192,0.0,0.00038281153,0
-55.288383,158.01953,0.0006380192,0.0,0.00038281153,0
-55.090145,157.17818,0.0006380192,0.0,0.00038281153,0
-54.88487,156.34749,0.0006380192,0.0,0.00038281153,0
-54.673183,155.52687,0.0006380192,0.0,0.00038281153,0
-54.45485,154.7171,0.0006380192,0.0,0.00038281153,0
-54.230343,153.91776,0.0006380192,0.0,0.00038281153,0
-53.999565,153.12936,0.0006380192,0.0,0.00038281153,0
-53.762856,152.35168,0.0006380192,0.0,0.00038281153,0
-53.52026,151.58498,0.0006380192,0.0,0.00038281153,0
-53.27198,150.8292,0.0006380192,0.0,0.00038281153,0
-53.01819,150.08435,0.0006380192,0.0,0.00038281153,0
-52.75897,149.35057,0.0006380192,0.0,0.00038281153,0
-52.494595,148.62761,0.0006380192,0.0,0.00038281153,0
-52.225056,147.9158,0.0006380192,0.0,0.00038281153,0
-51.950706,147.21466,0.0006380192,0.0,0.00038281153,0
-51.671455,146.52469,0.0006380192,0.0,0.00038281153,0
-51.387733,145.84518,0.0006380192,0.0,0.00038281153,0
-51.099365,145.17685,0.0006380192,0.0,0.00038281153,0
-50.80683,144.51881,0.0006380192,0.0,0.00038281153,0
-50.509968,143.8717,0.0006380192,0.0,0.00038281153,0
-50.20917,143.2348,0.0006380192,0.0,0.00038281153,0
-49.90438,142.60857,0.0006380192,0.0,0.00038281153,0
-49.595898,141.99242,0.0006380192,0.0,0.00038281153,0
-49.28373,141.38658,0.0006380192,0.0,0.00038281153,0
-48.96808,140.79073,0.0006380192,0.0,0.00038281153,0
-48.649055,140.20485,0.0006380192,0.0,0.00038281153,0
-48.326775,139.6288,0.0006380192,0.0,0.00038281153,0
-48.001396,139.06236,0.0006380192,0.0,0.00038281153,0
-47.672985,138.50558,0.0006380192,0.0,0.00038281153,0
-47.34174,137.95805,0.0006380192,0.0,0.00038281153,0
-47.00767,137.42001,0.0006380192,0.0,0.00038281153,0
-46.671036,136.89085,0.0006380192,0.0,0.00038281153,0
-46.33177,136.37096,0.0006380192,0.0,0.00038281153,0
-45.990166,135.8596,0.0006380192,0.0,0.00038281153,0
-45.64616,135.35728,0.00063810404,0.0,0.00038286243,0
-45.300007,134.86322,0.0006361018,0.0,0.0003816611,0
-44.951683,134.37782,0.00063819037,0.0,0.00038291424,0
-44.6014,133.90048,0.00061569596,0.0,0.0003694176,0
-44.24916,133.43141,0.0005858936,0.0,0.00035153615,0
-43.895126,132.97023,0.00060164864,0.0,0.0003609892,0
-43.53935,132.51692,0.0007872949,0.0,0.00047237694,0
-43.194603,-133.02774,0.0012544935,0.0,0.0007526961,0
-43.54654,-133.48161,0.00090424856,0.0,0.0005425492,0
-43.896706,-133.94325,0.00061965024,0.0,0.00037179017,0
-44.24504,-134.41264,0.0006310215,0.0,0.00037861292,0
-44.591393,-134.89015,0.0006363501,0.0,0.00038181007,0
-44.935745,-135.37561,0.00063693285,0.0,0.00038215972,0
-45.2779,-135.86954,0.0006372972,0.0,0.00038237835,0
-45.617886,-136.37158,0.00063730084,0.0,0.00038238053,0
-45.95543,-136.8825,0.00063730084,0.0,0.00038238053,0
-46.29061,-137.40178,0.00063730084,0.0,0.00038238053,0
-46.623154,-137.93016,0.00063730084,0.0,0.00038238053,0
-46.953087,-138.46721,0.00063730084,0.0,0.00038238053,0
-47.280174,-139.01357,0.00063730084,0.0,0.00038238053,0
-47.604412,-139.56892,0.00063730084,0.0,0.00038238053,0
-47.925594,-140.13376,0.00063730084,0.0,0.00038238053,0
-48.243675,-140.70796,0.00063730084,0.0,0.00038238053,0
-48.55847,-141.29176,0.00063730084,0.0,0.00038238053,0
-48.869873,-141.88527,0.00063730084,0.0,0.00038238053,0
-49.177803,-142.48851,0.00063730084,0.0,0.00038238053,0
-49.48203,-143.1018,0.00063730084,0.0,0.00038238053,0
-49.782562,-143.72491,0.00063730084,0.0,0.00038238053,0
-50.07909,-144.35837,0.00063730084,0.0,0.00038238053,0
-50.37169,-145.00172,0.00063730084,0.0,0.00038238053,0
-50.659966,-145.65573,0.00063730084,0.0,0.00038238053,0
-50.944077,-146.3197,0.00063730084,0.0,0.00038238053,0
-51.223553,-146.9945,0.00063730084,0.0,0.00038238053,0
-51.498577,-147.67944,0.00063730084,0.0,0.00038238053,0
-51.768715,-148.37517,0.00063730084,0.0,0.00038238053,0
-52.03407,-149.08124,0.00063730084,0.0,0.00038238053,0
-52.294285,-149.79805,0.00063730084,0.0,0.00038238053,0
-52.54937,-150.52534,0.00063730084,0.0,0.00038238053,0
-52.799072,-151.26328,0.00063730084,0.0,0.00038238053,0
-53.04329,-152.01178,0.00063730084,0.0,0.00038238053,0
-53.281883,-152.77077,0.00063730084,0.0,0.00038238053,0
-53.514626,-153.54034,0.00063730084,0.0,0.00038238053,0
-53.7415,-154.3202,0.00063730084,0.0,0.00038238053,0
-53.962166,-155.1106,0.00063730084,0.0,0.00038238053,0
-54.176727,-155.91098,0.00063730084,0.0,0.00038238053,0
-54.384697,-156.72179,0.00063730084,0.0,0.00038238053,0
-54.586353,-157.54227,0.00063730084,0.0,0.00038238053,0
-54.78105,-158.37292,0.00063730084,0.0,0.00038238053,0
-54.969147,-159.21292,0.00063730084,0.0,0.00038238053,0
-55.150024,-160.06265,0.00063730084,0.0,0.00038238053,0
-55.323982,-160.92139,0.00063730084,0.0,0.00038238053,0
-55.490505,-161.78932,0.00063730084,0.0,0.00038238053,0
-55.649765,-162.66585,0.00063730084,0.0,0.00038238053,0
-55.801395,-163.5509,0.00063730084,0.0,0.00038238053,0
-55.945427,-164.44405,0.00063730084,0.0,0.00038238053,0
-56.081665,-165.34503,0.00063730084,0.0,0.00038238053,0
-56.20998,-166.25351,0.00063730084,0.0,0.00038238053,0
-56.33035,-167.16904,0.00063730084,0.0,0.00038238053,0
-56.442497,-168.09134,0.00063730084,0.0,0.00038238053,0
-56.546562,-169.01987,0.00063730084,0.0,0.00038238053,0
-56.642136,-169.95438,0.00063730084,0.0,0.00038238053,0
-56.729538,-170.89418,0.00063730084,0.0,0.00038238053,0
-56.80817,-171.8391,0.00063730084,0.0,0.00038238053,0
-56.878555,-172.78836,0.00063730084,0.0,0.00038238053,0
-56.93998,-173.74178,0.00063730084,0.0,0.00038238053,0
-56.993008,-174.69855,0.00063730084,0.0,0.00038238053,0
-57.037056,-175.65839,0.00063730084,0.0,0.00038238053,0
-57.072525,-176.62062,0.00063730084,0.0,0.00038238053,0
-57.099022,-177.58481,0.00063730084,0.0,0.00038238053,0
-57.116783,-178.55032,0.00063730084,0.0,0.00038238053,0
-57.125633,-179.5167,0.00063730084,0.0,0.00038238053,0
-57.125633,179.5167,0.00063730084,0.0,0.00038238053,0
-57.116783,178.55032,0.00063730084,0.0,0.00038238053,0
-57.099022,177.58481,0.00063730084,0.0,0.00038238053,0
-57.072525,176.62062,0.00063730084,0.0,0.00038238053,0
-57.037056,175.65839,0.00063730084,0.0,0.00038238053,0
-56.993008,174.69855,0.00063730084,0.0,0.00038238053,0
-56.93998,173.74178,0.00063730084,0.0,0.00038238053,0
-56.878555,172.78836,0.00063730084,0.0,0.00038238053,0
-56.80817,171.8391,0.00063730084,0.0,0.00038238053,0
-56.729538,170.89418,0.00063730084,0.0,0.00038238053,0
-56.642136,169.95438,0.00063730084,0.0,0.00038238053,0
-56.546562,169.01987,0.00063730084,0.0,0.00038238053,0
-56.442497,168.09134,0.00063730084,0.0,0.00038238053,0
-56.33035,167.16904,0.00063730084,0.0,0.00038238053,0
-56.20998,166.25351,0.00063730084,0.0,0.00038238053,0
-56.081665,165.34503,0.00063730084,0.0,0.00038238053,0
-55.945427,164.44405,0.00063730084,0.0,0.00038238053,0
-55.801395,163.5509,0.00063730084,0.0,0.00038238053,0
-55.649765,162.66585,0.00063730084,0.0,0.00038238053,0
-55.490505,161.78932,0.00063730084,0.0,0.00038238053,0
-55.323982,160.92139,0.00063730084,0.0,0.00038238053,0
-55.150024,160.06265,0.00063730084,0.0,0.00038238053,0
-54.969147,159.21292,0.00063730084,0.0,0.00038238053,0
-54.78105,158.37292,0.00063730084,0.0,0.00038238053,0
-54.586353,157.54227,0.00063730084,0.0,0.00038238053,0
-54.384697,156.72179,0.00063730084,0.0,0.00038238053,0
-54.176727,155.91098,0.00063730084,0.0,0.00038238053,0
-53.962166,155.1106,0.00063730084,0.0,0.00038238053,0
-53.7415,154.3202,0.00063730084,0.0,0.00038238053,0
-53.514626,153.54034,0.00063730084,0.0,0.00038238053,0
-53.281883,152.77077,0.00063730084,0.0,0.00038238053,0
-53.04329,152.01178,0.00063730084,0.0,0.00038238053,0
-52.799072,151.26328,0.00063730084,0.0,0.00038238053,0
-52.54937,150.52534,0.00063730084,0.0,0.00038238053,0
-52.294285,149.79805,0.00063730084,0.0,0.00038238053,0
-52.03407,149.08124,0.00063730084,0.0,0.00038238053,0
-51.768715,148.37517,0.00063730084,0.0,0.00038238053,0
-51.498577,147.67944,0.00063730084,0.0,0.00038238053,0
-51.223553,146.9945,0.00063730084,0.0,0.00038238053,0
-50.944077,146.3197,0.00063730084,0.0,0.00038238053,0
-50.659966,145.65573,0.00063730084,0.0,0.00038238053,0
-50.37169,145.00172,0.00063730084,0.0,0.00038238053,0
-50.07909,144.35837,0.00063730084,0.0,0.00038238053,0
-49.782562,143.72491,0.00063730084,0.0,0.00038238053,0
-49.48203,143.1018,0.00063730084,0.0,0.00038238053,0
-49.177803,142.48851,0.00063730084,0.0,0.00038238053,0
-48.869873,141.88527,0.00063730084,0.0,0.00038238053,0
-48.55847,141.29176,0.00063730084,0.0,0.00038238053,0
-48.243675,140.70796,0.00063730084,0.0,0.00038238053,0
-47.925594,140.13376,0.00063730084,0.0,0.00038238053,0
-47.604412,139.56892,0.00063730084,0.0,0.00038238053,0
-47.280174,139.01357,0.00063730084,0.0,0.00038238053,0
-46.953087,138.46721,0.00063730084,0.0,0.00038238053,0
-46.623154,137.93016,0.00063730084,0.0,0.00038238053,0
-46.29061,137.40178,0.00063730084,0.0,0.00038238053,0
-45.95543,136.8825,0.00063730084,0.0,0.00038238053,0
-45.617886,136.37158,0.00063730084,0.0,0.00038238053,0
-45.2779,135.86954,0.00063738227,0.0,0.00038242937,0
-44.935745,135.37561,0.0006354023,0.0,0.00038124138,0
-44.591393,134.89015,0.0006377511,0.0,0.00038265067,0
-44.24504,134.41264,0.0006155291,0.0,0.00036931745,0
-43.896706,133.94325,0.0005862911,0.0,0.00035177465,0
-43.54654,133.48161,0.0006023455,0.0,0.00036140732,0
-43.194603,133.02774,0.00078786415,0.0,0.0004727185,0
-42.847435,-133.53012,0.0012548143,0.0,0.0007528886,0
-43.195564,-133.9844,0.00089658046,0.0,0.0005379483,0
-43.541878,-134.44633,0.00061588234,0.0,0.0003695294,0
-43.88634,-134.9159,0.00062686176,0.0,0.00037611707,0
-44.22879,-135.39342,0.00063270103,0.0,0.00037962064,0
-44.569206,-135.87875,0.0006335153,0.0,0.0003801092,0
-44.907402,-136.37242,0.00063387107,0.0,0.00038032266,0
-45.243397,-136.87407,0.00063387677,0.0,0.0003803261,0
-45.576927,-137.38438,0.00063387677,0.0,0.0003803261,0
-45.908066,-137.9029,0.00063387677,0.0,0.0003803261,0
-46.236538,-138.43033,0.00063387677,0.0,0.0003803261,0
-46.56239,-138.96625,0.00063387677,0.0,0.0003803261,0
-46.885376,-139.51126,0.00063387677,0.0,0.0003803261,0
-47.20549,-140.0651,0.00063387677,0.0,0.0003803261,0
-47.522533,-140.62817,0.00063387677,0.0,0.0003803261,0
-47.83645,-141.2004,0.00063387677,0.0,0.0003803261,0
-48.14708,-141.78197,0.00063387677,0.0,0.0003803261,0
-48.454308,-142.37303,0.00063387677,0.0,0.0003803261,0
-48.758034,-142.97357,0.00063387677,0.0,0.0003803261,0
-49.058075,-143.58386,0.00063387677,0.0,0.0003803261,0
-49.35441,-144.20372,0.00063387677,0.0,0.0003803261,0
-49.646744,-144.83366,0.00063387677,0.0,0.0003803261,0
-49.93515,-145.4732,0.00063387677,0.0,0.0003803261,0
-50.21924,-146.12306,0.00063387677,0.0,0.0003803261,0
-50.49917,-146.7826,0.00063387677,0.0,0.0003803261,0
-50.774483,-147.45264,0.00063387677,0.0,0.0003803261,0
-51.045357,-148.13248,0.00063387677,0.0,0.0003803261,0
-51.311367,-148.82278,0.00063387677,0.0,0.0003803261,0
-51.572617,-149.52307,0.00063387677,0.0,0.0003803261,0
-51.82875,-150.23373,0.00063387677,0.0,0.0003803261,0
-52.079796,-150.95451,0.00063387677,0.0,0.0003803261,0
-52.32549,-151.68558,0.00063387677,0.0,0.0003803261,0
-52.565742,-152.42682,0.00063387677,0.0,0.0003803261,0
-52.80041,-153.17816,0.00063387677,0.0,0.0003803261,0
-53.02929,-153.9397,0.00063387677,0.0,0.0003803261,0
-53.25235,-154.71112,0.00063387677,0.0,0.0003803261,0
-53.46927,-155.49268,0.00063387677,0.0,0.0003803261,0
-53.680145,-156.28383,0.00063387677,0.0,0.0003803261,0
-53.884514,-157.08498,0.00063387677,0.0,0.0003803261,0
-54.082626,-157.89537,0.00063387677,0.0,0.0003803261,0
-54.273872,-158.71558,0.00063387677,0.0,0.0003803261,0
-54.45861,-159.54468,0.00063387677,0.0,0.0003803261,0
-54.636227,-160.38312,0.00063387677,0.0,0.0003803261,0
-54.80701,-161.23016,0.00063387677,0.0,0.0003803261,0
-54.970474,-162.086,0.00063387677,0.0,0.0003803261,0
-55.126785,-162.95001,0.00063387677,0.0,0.0003803261,0
-55.27558,-163.82222,0.00063387677,0.0,0.0003803261,0
-55.4169,-164.70212,0.00063387677,0.0,0.0003803261,0
-55.550552,-165.5895,0.00063387677,0.0,0.0003803261,0
-55.676422,-166.48401,0.00063387677,0.0,0.0003803261,0
-55.79447,-167.38525,0.00063387677,0.0,0.0003803261,0
-55.90445,-168.29294,0.00063387677,0.0,0.0003803261,0
-56.0065,-169.20651,0.00063387677,0.0,0.0003803261,0
-56.100197,-170.12582,0.00063387677,0.0,0.0003803261,0
-56.185883,-171.05014,0.00063387677,0.0,0.0003803261,0
-56.262962,-171.97934,0.00063387677,0.0,0.0003803261,0
-56.331955,-172.91266,0.00063387677,0.0,0.0003803261,0
-56.392155,-173.84991,0.00063387677,0.0,0.0003803261,0
-56.44413,-174.79036,0.00063387677,0.0,0.0003803261,0
-56.48729,-175.7337,0.00063387677,0.0,0.0003803261,0
-56.52205,-176.67932,0.00063387677,0.0,0.0003803261,0
-56.54801,-177.6268,0.00063387677,0.0,0.0003803261,0
-56.565422,-178.57556,0.00063387677,0.0,0.0003803261,0
-56.57409,-179.52509,0.00063387677,0.0,0.0003803261,0
-56.57409,179.52509,0.00063387677,0.0,0.0003803261,0
-56.565422,178.57556,0.00063387677,0.0,0.0003803261,0
-56.54801,177.6268,0.00063387677,0.0,0.0003803261,0
-56.52205,176.67932,0.00063387677,0.0,0.0003803261,0
-56.48729,175.7337,0.00063387677,0.0,0.0003803261,0
-56.44413,174.79036,0.00063387677,0.0,0.0003803261,0
-56.392155,173.84991,0.00063387677,0.0,0.0003803261,0
-56.331955,172.91266,0.00063387677,0.0,0.0003803261,0
-56.262962,171.97934,0.00063387677,0.0,0.0003803261,0
-56.185883,171.05014,0.00063387677,0.0,0.0003803261,0
-56.100197,170.12582,0.00063387677,0.0,0.0003803261,0
-56.0065,169.20651,0.00063387677,0.0,0.0003803261,0
-55.90445,168.29294,0.00063387677,0.0,0.0003803261,0
-55.79447,167.38525,0.00063387677,0.0,0.0003803261,0
-55.676422,166.48401,0.00063387677,0.0,0.0003803261,0
-55.550552,165.5895,0.00063387677,0.0,0.0003803261,0
-55.4169,164.70212,0.00063387677,0.0,0.0003803261,0
-55.27558,163.82222,0.00063387677,0.0,0.0003803261,0
-55.126785,162.95001,0.00063387677,0.0,0.0003803261,0
-54.970474,162.086,0.00063387677,0.0,0.0003803261,0
-54.80701,161.23016,0.00063387677,0.0,0.0003803261,0
-54.636227,160.38312,0.00063387677,0.0,0.0003803261,0
-54.45861,159.54468,0.00063387677,0.0,0.0003803261,0
-54.273872,158.71558,0.00063387677,0.0,0.0003803261,0
-54.082626,157.89537,0.00063387677,0.0,0.0003803261,0
-53.884514,157.08498,0.00063387677,0.0,0.0003803261,0
-53.680145,156.28383,0.00063387677,0.0,0.0003803261,0
-53.46927,155.49268,0.00063387677,0.0,0.0003803261,0
-53.25235,154.71112,0.00063387677,0.0,0.0003803261,0
-53.02929,153.9397,0.00063387677,0.0,0.0003803261,0
-52.80041,153.17816,0.00063387677,0.0,0.0003803261,0
-52.565742,152.42682,0.00063387677,0.0,0.0003803261,0
-52.32549,151.68558,0.00063387677,0.0,0.0003803261,0
-52.079796,150.95451,0.00063387677,0.0,0.0003803261,0
-51.82875,150.23373,0.00063387677,0.0,0.0003803261,0
-51.572617,149.52307,0.00063387677,0.0,0.0003803261,0
-51.311367,148.82278,0.00063387677,0.0,0.0003803261,0
-51.045357,148.13248,0.00063387677,0.0,0.0003803261,0
-50.774483,147.45264,0.00063387677,0.0,0.0003803261,0
-50.49917,146.7826,0.00063387677,0.0,0.0003803261,0
-50.21924,146.12306,0.00063387677,0.0,0.0003803261,0
-49.93515,145.4732,0.00063387677,0.0,0.0003803261,0
-49.646744,144.83366,0.00063387677,0.0,0.0003803261,0
-49.35441,144.20372,0.00063387677,0.0,0.0003803261,0
-49.058075,143.58386,0.00063387677,0.0,0.0003803261,0
-48.758034,142.97357,0.00063387677,0.0,0.0003803261,0
-48.454308,142.37303,0.00063387677,0.0,0.0003803261,0
-48.14708,141.78197,0.00063387677,0.0,0.0003803261,0
-47.83645,141.2004,0.00063387677,0.0,0.0003803261,0
-47.522533,140.62817,0.00063387677,0.0,0.0003803261,0
-47.20549,140.0651,0.00063387677,0.0,0.0003803261,0
-46.885376,139.51126,0.00063387677,0.0,0.0003803261,0
-46.56239,138.96625,0.00063387677,0.0,0.0003803261,0
-46.236538,138.43033,0.00063387677,0.0,0.0003803261,0
-45.908066,137.9029,0.00063387677,0.0,0.0003803261,0
-45.576927,137.38438,0.00063387677,0.0,0.0003803261,0
-45.243397,136.87407,0.00063387677,0.0,0.0003803261,0
-44.907402,136.37242,0.0006339532,0.0,0.00038037193,0
-44.569206,135.87875,0.00063209113,0.0,0.0003792547,0
-44.22879,135.39342,0.0006348496,0.0,0.00038090977,0
-43.88634,134.9159,0.0006124011,0.0,0.0003674407,0
-43.541878,134.44633,0.00058548665,0.0,0.000351292,0
-43.195564,133.9844,0.0006021934,0.0,0.00036131605,0
-42.847435,133.53012,0.0007927706,0.0,0.00047566238,0
-42.49803,-134.02446,0.001277893,0.0,0.0007667358,0
-42.842373,-134.479,0.0008620392,0.0,0.00051722355,0
-43.184875,-134.9411,0.0005972899,0.0,0.00035837395,0
-43.52549,-135.41066,0.00059965707,0.0,0.00035979424,0
-43.86406,-135.88809,0.0006039249,0.0,0.00036235497,0
-44.20058,-136.37318,0.00060472667,0.0,0.000362836,0
-44.53484,-136.86644,0.00060500717,0.0,0.0003630043,0
-44.866882,-137.36752,0.00060501375,0.0,0.00036300826,0
-45.196434,-137.8771,0.00060501375,0.0,0.00036300826,0
-45.52358,-138.39473,0.00060501375,0.0,0.00036300826,0
-45.848026,-138.92108,0.00060501375,0.0,0.00036300826,0
-46.169838,-139.45573,0.00060501375,0.0,0.00036300826,0
-46.488758,-139.99928,0.00060501375,0.0,0.00036300826,0
-46.8048,-140.55145,0.00060501375,0.0,0.00036300826,0
-47.11775,-141.11266,0.00060501375,0.0,0.00036300826,0
-47.427563,-141.68277,0.00060501375,0.0,0.00036300826,0
-47.734077,-142.26202,0.00060501375,0.0,0.00036300826,0
-48.037178,-142.85051,0.00060501375,0.0,0.00036300826,0
-48.33679,-143.44823,0.00060501375,0.0,0.00036300826,0
-48.632694,-144.05544,0.00060501375,0.0,0.00036300826,0
-48.92489,-144.67198,0.00060501375,0.0,0.00036300826,0
-49.213085,-145.29826,0.00060501375,0.0,0.00036300826,0
-49.497368,-145.93391,0.00060501375,0.0,0.00036300826,0
-49.77734,-146.57957,0.00060501375,0.0,0.00036300826,0
-50.053165,-147.23462,0.00060501375,0.0,0.00036300826,0
-50.324387,-147.89983,0.00060501375,0.0,0.00036300826,0
-50.591187,-148.57454,0.00060501375,0.0,0.00036300826,0
-50.853138,-149.25937,0.00060501375,0.0,0.00036300826,0
-51.110363,-149.95387,0.00060501375,0.0,0.00036300826,0
-51.362503,-150.6584,0.00060501375,0.0,0.00036300826,0
-51.609585,-151.37268,0.00060501375,0.0,0.00036300826,0
-51.851357,-152.0969,0.00060501375,0.0,0.00036300826,0
-52.08773,-152.83092,0.00060501375,0.0,0.00036300826,0
-52.31856,-153.57469,0.00060501375,0.0,0.00036300826,0
-52.543663,-154.32823,0.00060501375,0.0,0.00036300826,0
-52.763,-155.09131,0.00060501375,0.0,0.00036300826,0
-52.97625,-155.86412,0.00060501375,0.0,0.00036300826,0
-53.183533,-156.64618,0.00060501375,0.0,0.00036300826,0
-53.384377,-157.43782,0.00060501375,0.0,0.00036300826,0
-53.57905,-158.23834,0.00060501375,0.0,0.00036300826,0
-53.76693,-159.04823,0.00060501375,0.0,0.00036300826,0
-53.94839,-159.86667,0.00060501375,0.0,0.00036300826,0
-54.122826,-160.69406,0.00060501375,0.0,0.00036300826,0
-54.290527,-161.52965,0.00060501375,0.0,0.00036300826,0
-54.451015,-162.37367,0.00060501375,0.0,0.00036300826,0
-54.604446,-163.22554,0.00060501375,0.0,0.00036300826,0
-54.750496,-164.08516,0.00060501375,0.0,0.00036300826,0
-54.889187,-164.95215,0.00060501375,0.0,0.00036300826,0
-55.020325,-165.8263,0.00060501375,0.0,0.00036300826,0
-55.143806,-166.70723,0.00060501375,0.0,0.00036300826,0
-55.259613,-167.59454,0.00060501375,0.0,0.00036300826,0
-55.367493,-168.48805,0.00060501375,0.0,0.00036300826,0
-55.467575,-169.38716,0.00060501375,0.0,0.00036300826,0
-55.55946,-170.2917,0.00060501375,0.0,0.00036300826,0
-55.64348,-171.201,0.00060501375,0.0,0.00036300826,0
-55.719055,-172.11497,0.00060501375,0.0,0.00036300826,0
-55.786694,-173.03284,0.00060501375,0.0,0.00036300826,0
-55.84571,-173.95445,0.00060501375,0.0,0.00036300826,0
-55.896656,-174.8791,0.00060501375,0.0,0.00036300826,0
-55.93896,-175.80652,0.00060501375,0.0,0.00036300826,0
-55.973038,-176.7361,0.00060501375,0.0,0.00036300826,0
-55.998486,-177.66742,0.00060501375,0.0,0.00036300826,0
-56.015553,-178.59995,0.00060501375,0.0,0.00036300826,0
-56.024044,-179.53325,0.00060501375,0.0,0.00036300826,0
-56.024044,179.53325,0.00060501375,0.0,0.00036300826,0
-56.015553,178.59995,0.00060501375,0.0,0.00036300826,0
-55.998486,177.66742,0.00060501375,0.0,0.00036300826,0
-55.973038,176.7361,0.00060501375,0.0,0.00036300826,0
-55.93896,175.80652,0.00060501375,0.0,0.00036300826,0
-55.896656,174.8791,0.00060501375,0.0,0.00036300826,0
-55.84571,173.95445,0.00060501375,0.0,0.00036300826,0
-55.786694,173.03284,0.00060501375,0.0,0.00036300826,0
-55.719055,172.11497,0.00060501375,0.0,0.00036300826,0
-55.64348,171.201,0.00060501375,0.0,0.00036300826,0
-55.55946,170.2917,0.00060501375,0.0,0.00036300826,0
-55.467575,169.38716,0.00060501375,0.0,0.00036300826,0
-55.367493,168.48805,0.00060501375,0.0,0.00036300826,0
-55.259613,167.59454,0.00060501375,0.0,0.00036300826,0
-55.143806,166.70723,0.00060501375,0.0,0.00036300826,0
-55.020325,165.8263,0.00060501375,0.0,0.00036300826,0
-54.889187,164.95215,0.00060501375,0.0,0.00036300826,0
-54.750496,164.08516,0.00060501375,0.0,0.00036300826,0
-54.604446,163.22554,0.00060501375,0.0,0.00036300826,0
-54.451015,162.37367,0.00060501375,0.0,0.00036300826,0
-54.290527,161.52965,0.00060501375,0.0,0.00036300826,0
-54.122826,160.69406,0.00060501375,0.0,0.00036300826,0
-53.94839,159.86667,0.00060501375,0.0,0.00036300826,0
-53.76693,159.04823,0.00060501375,0.0,0.00036300826,0
-53.57905,158.23834,0.00060501375,0.0,0.00036300826,0
-53.384377,157.43782,0.00060501375,0.0,0.00036300826,0
-53.183533,156.64618,0.00060501375,0.0,0.00036300826,0
-52.97625,155.86412,0.00060501375,0.0,0.00036300826,0
-52.763,155.09131,0.00060501375,0.0,0.00036300826,0
-52.543663,154.32823,0.00060501375,0.0,0.00036300826,0
-52.31856,153.57469,0.00060501375,0.0,0.00036300826,0
-52.08773,152.83092,0.00060501375,0.0,0.00036300826,0
-51.851357,152.0969,0.00060501375,0.0,0.00036300826,0
-51.609585,151.37268,0.00060501375,0.0,0.00036300826,0
-51.362503,150.6584,0.00060501375,0.0,0.00036300826,0
-51.110363,149.95387,0.00060501375,0.0,0.00036300826,0
-50.853138,149.25937,0.00060501375,0.0,0.00036300826,0
-50.591187,148.57454,0.00060501375,0.0,0.00036300826,0
-50.324387,147.89983,0.00060501375,0.0,0.00036300826,0
-50.053165,147.23462,0.00060501375,0.0,0.00036300826,0
-49.77734,146.57957,0.00060501375,0.0,0.00036300826,0
-49.497368,145.93391,0.00060501375,0.0,0.00036300826,0
-49.213085,145.29826,0.00060501375,0.0,0.00036300826,0
-48.92489,144.67198,0.00060501375,0.0,0.00036300826,0
-48.632694,144.05544,0.00060501375,0.0,0.00036300826,0
-48.33679,143.44823,0.00060501375,0.0,0.00036300826,0
-48.037178,142.85051,0.00060501375,0.0,0.00036300826,0
-47.734077,142.26202,0.00060501375,0.0,0.00036300826,0
-47.427563,141.68277,0.00060501375,0.0,0.00036300826,0
-47.11775,141.11266,0.00060501375,0.0,0.00036300826,0
-46.8048,140.55145,0.00060501375,0.0,0.00036300826,0
-46.488758,139.99928,0.00060501375,0.0,0.00036300826,0
-46.169838,139.45573,0.00060501375,0.0,0.00036300826,0
-45.848026,138.92108,0.00060501375,0.0,0.00036300826,0
-45.52358,138.39473,0.00060501375,0.0,0.00036300826,0
-45.196434,137.8771,0.00060501375,0.0,0.00036300826,0
-44.866882,137.36752,0.00060501375,0.0,0.00036300826,0
-44.53484,136.86644,0.00060507085,0.0,0.00036304252,0
-44.20058,136.37318,0.00060372,0.0,0.00036223204,0
-43.86406,135.88809,0.00060626265,0.0,0.0003637576,0
-43.52549,135.41066,0.00058690604,0.0,0.00035214363,0
-43.184875,134.9411,0.0005702162,0.0,0.00034212973,0
-42.842373,134.479,0.0005916551,0.0,0.00035499307,0
-42.49803,134.02446,0.0008127956,0.0,0.00048767737,0
-42.146374,-134.51044,0.0012994034,0.0,0.0007796421,0
-42.48695,-134.96512,0.00075618527,0.0,0.00045371117,0
-42.82567,-135.42722,0.00055636774,0.0,0.00033382064,0
-43.162468,-135.89667,0.0005532438,0.0,0.0003319463,0
-43.497192,-136.37383,0.00055507664,0.0,0.000333046,0
-43.82985,-136.85852,0.00055535074,0.0,0.00033321045,0
-44.160217,-137.35124,0.00055547414,0.0,0.0003332845,0
-44.488342,-137.85161,0.0005554784,0.0,0.00033328705,0
-44.813957,-138.36035,0.0005554784,0.0,0.00033328705,0
-45.137142,-138.87694,0.0005554784,0.0,0.00033328705,0
-45.45761,-139.40207,0.0005554784,0.0,0.00033328705,0
-45.77543,-139.93533,0.0005554784,0.0,0.00033328705,0
-46.09034,-140.47728,0.0005554784,0.0,0.00033328705,0
-46.40236,-141.02765,0.0005554784,0.0,0.00033328705,0
-46.71127,-141.58684,0.0005554784,0.0,0.00033328705,0
-47.01703,-142.15475,0.0005554784,0.0,0.00033328705,0
-47.319492,-142.73157,0.0005554784,0.0,0.00033328705,0
-47.61853,-143.31735,0.0005554784,0.0,0.00033328705,0
-47.91407,-143.91217,0.0005554784,0.0,0.00033328705,0
-48.20591,-144.5162,0.0005554784,0.0,0.00033328705,0
-48.494038,-145.1293,0.0005554784,0.0,0.00033328705,0
-48.778175,-145.75189,0.0005554784,0.0,0.00033328705,0
-49.058395,-146.38358,0.0005554784,0.0,0.00033328705,0
-49.334328,-147.02496,0.0005554784,0.0,0.00033328705,0
-49.606117,-147.67546,0.0005554784,0.0,0.00033328705,0
-49.87332,-148.33582,0.0005554784,0.0,0.00033328705,0
-50.136124,-149.00537,0.0005554784,0.0,0.00033328705,0
-50.39411,-149.68472,0.0005554784,0.0,0.00033328705,0
-50.647377,-150.37341,0.0005554784,0.0,0.00033328705,0
-50.89561,-151.07181,0.0005554784,0.0,0.00033328705,0
-51.13881,-151.77962,0.0005554784,0.0,0.00033328705,0
-51.376743,-152.49701,0.0005554784,0.0,0.00033328705,0
-51.60932,-153.22386,0.0005554784,0.0,0.00033328705,0
-51.83641,-153.9601,0.0005554784,0.0,0.00033328705,0
-52.057816,-154.70578,0.0005554784,0.0,0.00033328705,0
-52.273518,-155.46062,0.0005554784,0.0,0.00033328705,0
-52.4832,-156.22482,0.0005554784,0.0,0.00033328705,0
-52.686966,-156.99788,0.0005554784,0.0,0.00033328705,0
-52.884384,-157.78017,0.0005554784,0.0,0.00033328705,0
-53.075695,-158.57098,0.0005554784,0.0,0.00033328705,0
-53.260303,-159.37079,0.0005554784,0.0,0.00033328705,0
-53.438576,-160.17877,0.0005554784,0.0,0.00033328705,0
-53.609917,-160.99536,0.0005554784,0.0,0.00033328705,0
-53.77462,-161.81978,0.0005554784,0.0,0.00033328705,0
-53.932217,-162.65225,0.0005554784,0.0,0.00033328705,0
-54.082867,-163.49222,0.0005554784,0.0,0.00033328705,0
-54.226234,-164.33963,0.0005554784,0.0,0.00033328705,0
-54.362366,-165.19408,0.0005554784,0.0,0.00033328705,0
-54.491074,-166.05533,0.0005554784,0.0,0.00033328705,0
-54.61225,-166.9231,0.0005554784,0.0,0.00033328705,0
-54.725883,-167.79694,0.0005554784,0.0,0.00033328705,0
-54.83172,-168.67667,0.0005554784,0.0,0.00033328705,0
-54.929897,-169.56172,0.0005554784,0.0,0.00033328705,0
-55.020027,-170.45198,0.0005554784,0.0,0.00033328705,0
-55.102432,-171.34677,0.0005554784,0.0,0.00033328705,0
-55.17656,-172.24599,0.0005554784,0.0,0.00033328705,0
-55.24288,-173.14891,0.0005554784,0.0,0.00033328705,0
-55.300755,-174.05542,0.0005554784,0.0,0.00033328705,0
-55.350708,-174.96481,0.0005554784,0.0,0.00033328705,0
-55.392197,-175.8768,0.0005554784,0.0,0.00033328705,0
-55.4256,-176.7909,0.0005554784,0.0,0.00033328705,0
-55.450546,-177.7066,0.0005554784,0.0,0.00033328705,0
-55.467278,-178.62349,0.0005554784,0.0,0.00033328705,0
-55.47561,-179.54108,0.0005554784,0.0,0.00033328705,0
-55.47561,179.54108,0.0005554784,0.0,0.00033328705,0
-55.467278,178.62349,0.0005554784,0.0,0.00033328705,0
-55.450546,177.7066,0.0005554784,0.0,0.00033328705,0
-55.4256,176.7909,0.0005554784,0.0,0.00033328705,0
-55.392197,175.8768,0.0005554784,0.0,0.00033328705,0
-55.350708,174.96481,0.0005554784,0.0,0.00033328705,0
-55.300755,174.05542,0.0005554784,0.0,0.00033328705,0
-55.24288,173.14891,0.0005554784,0.0,0.00033328705,0
-55.17656,172.24599,0.0005554784,0.0,0.00033328705,0
-55.102432,171.34677,0.0005554784,0.0,0.00033328705,0
-55.020027,170.45198,0.0005554784,0.0,0.00033328705,0
-54.929897,169.56172,0.0005554784,0.0,0.00033328705,0
-54.83172,168.67667,0.0005554784,0.0,0.00033328705,0
-54.725883,167.79694,0.0005554784,0.0,0.00033328705,0
-54.61225,166.9231,0.0005554784,0.0,0.00033328705,0
-54.491074,166.05533,0.0005554784,0.0,0.00033328705,0
-54.362366,165.19408,0.0005554784,0.0,0.00033328705,0
-54.226234,164.33963,0.0005554784,0.0,0.00033328705,0
-54.082867,163.49222,0.0005554784,0.0,0.00033328705,0
-53.932217,162.65225,0.0005554784,0.0,0.00033328705,0
-53.77462,161.81978,0.0005554784,0.0,0.00033328705,0
-53.609917,160.99536,0.0005554784,0.0,0.00033328705,0
-53.438576,160.17877,0.0005554784,0.0,0.00033328705,0
-53.260303,159.37079,0.0005554784,0.0,0.00033328705,0
-53.075695,158.57098,0.0005554784,0.0,0.00033328705,0
-52.884384,157.78017,0.0005554784,0.0,0.00033328705,0
-52.686966,156.99788,0.0005554784,0.0,0.00033328705,0
-52.4832,156.22482,0.0005554784,0.0,0.00033328705,0
-52.273518,155.46062,0.0005554784,0.0,0.00033328705,0
-52.057816,154.70578,0.0005554784,0.0,0.00033328705,0
-51.83641,153.9601,0.0005554784,0.0,0.00033328705,0
-51.60932,153.22386,0.0005554784,0.0,0.00033328705,0
-51.376743,152.49701,0.0005554784,0.0,0.00033328705,0
-51.13881,151.77962,0.0005554784,0.0,0.00033328705,0
-50.89561,151.07181,0.0005554784,0.0,0.00033328705,0
-50.647377,150.37341,0.0005554784,0.0,0.00033328705,0
-50.39411,149.68472,0.0005554784,0.0,0.00033328705,0
-50.136124,149.00537,0.0005554784,0.0,0.00033328705,0
-49.87332,148.33582,0.0005554784,0.0,0.00033328705,0
-49.606117,147.67546,0.0005554784,0.0,0.00033328705,0
-49.334328,147.02496,0.0005554784,0.0,0.00033328705,0
-49.058395,146.38358,0.0005554784,0.0,0.00033328705,0
-48.778175,145.75189,0.0005554784,0.0,0.00033328705,0
-48.494038,145.1293,0.0005554784,0.0,0.00033328705,0
-48.20591,144.5162,0.0005554784,0.0,0.00033328705,0
-47.91407,143.91217,0.0005554784,0.0,0.00033328705,0
-47.61853,143.31735,0.0005554784,0.0,0.00033328705,0
-47.319492,142.73157,0.0005554784,0.0,0.00033328705,0
-47.01703,142.15475,0.0005554784,0.0,0.00033328705,0
-46.71127,141.58684,0.0005554784,0.0,0.00033328705,0
-46.40236,141.02765,0.0005554784,0.0,0.00033328705,0
-46.09034,140.47728,0.0005554784,0.0,0.00033328705,0
-45.77543,139.93533,0.0005554784,0.0,0.00033328705,0
-45.45761,139.40207,0.0005554784,0.0,0.00033328705,0
-45.137142,138.87694,0.0005554784,0.0,0.00033328705,0
-44.813957,138.36035,0.0005554784,0.0,0.00033328705,0
-44.488342,137.85161,0.0005554784,0.0,0.00033328705,0
-44.160217,137.35124,0.0005555056,0.0,0.00033330338,0
-43.82985,136.85852,0.00055489707,0.0,0.00033293825,0
-43.497192,136.37383,0.0005566311,0.0,0.00033397865,0
-43.162468,135.89667,0.0005467247,0.0,0.00032803483,0
-42.82567,135.42722,0.00055004563,0.0,0.0003300274,0
-42.48695,134.96512,0.00059084105,0.0,0.00035450465,0
-42.146374,134.51044,0.0010142289,0.0,0.00060853735,0
-41.79268,-134.9886,0.00366045,0.0,0.00219627,0
-42.129524,-135.4433,0.0019129652,0.0,0.0011477792,0
-42.46448,-135.90527,0.0011672521,0.0,0.00070035126,0
-42.797493,-136.37448,0.001116647,0.0,0.0006699882,0
-43.128414,-136.85126,0.0011072793,0.0,0.00066436763,0
-43.457237,-137.33543,0.0011065212,0.0,0.00066391274,0
-43.78375,-137.82747,0.0011067922,0.0,0.00066407537,0
-44.108,-138.32703,0.0011067985,0.0,0.00066407915,0
-44.429718,-138.83478,0.0011067985,0.0,0.00066407915,0
-44.748985,-139.3502,0.0011067985,0.0,0.00066407915,0
-45.06552,-139.87401,0.0011067985,0.0,0.00066407915,0
-45.379387,-140.40575,0.0011067985,0.0,0.00066407915,0
-45.69033,-140.946,0.0011067985,0.0,0.00066407915,0
-45.998367,-141.49448,0.0011067985,0.0,0.00066407915,0
-46.303295,-142.05156,0.0011067985,0.0,0.00066407915,0
-46.605057,-142.61714,0.0011067985,0.0,0.00066407915,0
-46.90352,-143.1914,0.0011067985,0.0,0.00066407915,0
-47.198555,-143.77444,0.0011067985,0.0,0.00066407915,0
-47.49008,-144.36623,0.0011067985,0.0,0.00066407915,0
-47.77791,-144.96703,0.0011067985,0.0,0.00066407915,0
-48.062035,-145.57661,0.0011067985,0.0,0.00066407915,0
-48.342175,-146.19543,0.0011067985,0.0,0.00066407915,0
-48.618404,-146.8231,0.0011067985,0.0,0.00066407915,0
-48.89035,-147.46017,0.0011067985,0.0,0.00066407915,0
-49.15818,-148.10608,0.0011067985,0.0,0.00066407915,0
-49.42144,-148.76154,0.0011067985,0.0,0.00066407915,0
-49.680317,-149.4259,0.0011067985,0.0,0.00066407915,0
-49.934402,-150.09975,0.0011067985,0.0,0.00066407915,0
-50.183807,-150.78262,0.0011067985,0.0,0.00066407915,0
-50.4282,-151.47491,0.0011067985,0.0,0.00066407915,0
-50.667603,-152.17627,0.0011067985,0.0,0.00066407915,0
-50.90177,-152.8869,0.0011067985,0.0,0.00066407915,0
-51.13064,-153.60661,0.0011067985,0.0,0.00066407915,0
-51.354057,-154.33542,0.0011067985,0.0,0.00066407915,0
-51.57185,-155.0733,0.0011067985,0.0,0.00066407915,0
-51.784004,-155.81998,0.0011067985,0.0,0.00066407915,0
-51.99019,-156.5757,0.0011067985,0.0,0.00066407915,0
-52.190536,-157.33992,0.0011067985,0.0,0.00066407915,0
-52.3846,-158.113,0.0011067985,0.0,0.00066407915,0
-52.57263,-158.89429,0.0011067985,0.0,0.00066407915,0
-52.75406,-159.68417,0.0011067985,0.0,0.00066407915,0
-52.929214,-160.48193,0.0011067985,0.0,0.00066407915,0
-53.097546,-161.2879,0.0011067985,0.0,0.00066407915,0
-53.259335,-162.1014,0.0011067985,0.0,0.00066407915,0
-53.414104,-162.9226,0.0011067985,0.0,0.00066407915,0
-53.562046,-163.75098,0.0011067985,0.0,0.00066407915,0
-53.702816,-164.58646,0.0011067985,0.0,0.00066407915,0
-53.83646,-165.42868,0.0011067985,0.0,0.00066407915,0
-53.9628,-166.27739,0.0011067985,0.0,0.00066407915,0
-54.081734,-167.13232,0.0011067985,0.0,0.00066407915,0
-54.193253,-167.99306,0.0011067985,0.0,0.00066407915,0
-54.297104,-168.85939,0.0011067985,0.0,0.00066407915,0
-54.393436,-169.73083,0.0011067985,0.0,0.00066407915,0
-54.48187,-170.6072,0.0011067985,0.0,0.00066407915,0
-54.562706,-171.48792,0.0011067985,0.0,0.00066407915,0
-54.635414,-172.37283,0.0011067985,0.0,0.00066407915,0
-54.700474,-173.26129,0.0011067985,0.0,0.00066407915,0
-54.757233,-174.15312,0.0011067985,0.0,0.00066407915,0
-54.806225,-175.04776,0.0011067985,0.0,0.00066407915,0
-54.846916,-175.94485,0.0011067985,0.0,0.00066407915,0
-54.879665,-176.8439,0.0011067985,0.0,0.00066407915,0
-54.90413,-177.74454,0.0011067985,0.0,0.00066407915,0
-54.92054,-178.64627,0.0011067985,0.0,0.00066407915,0
-54.92871,-179.54869,0.0011067985,0.0,0.00066407915,0
-54.92871,179.54869,0.0011067985,0.0,0.00066407915,0
-54.92054,178.64627,0.0011067985,0.0,0.00066407915,0
-54.90413,177.74454,0.0011067985,0.0,0.00066407915,0
-54.879665,176.8439,0.0011067985,0.0,0.00066407915,0
-54.846916,175.94485,0.0011067985,0.0,0.00066407915,0
-54.806225,175.04776,0.0011067985,0.0,0.00066407915,0
-54.757233,174.15312,0.0011067985,0.0,0.00066407915,0
-54.700474,173.26129,0.0011067985,0.0,0.00066407915,0
-54.635414,172.37283,0.0011067985,0.0,0.00066407915,0
-54.562706,171.48792,0.0011067985,0.0,0.00066407915,0
-54.48187,170.6072,0.0011067985,0.0,0.00066407915,0
-54.393436,169.73083,0.0011067985,0.0,0.00066407915,0
-54.297104,168.85939,0.0011067985,0.0,0.00066407915,0
-54.193253,167.99306,0.0011067985,0.0,0.00066407915,0
-54.081734,167.13232,0.0011067985,0.0,0.00066407915,0
-53.9628,166.27739,0.0011067985,0.0,0.00066407915,0
-53.83646,165.42868,0.0011067985,0.0,0.00066407915,0
-53.702816,164.58646,0.0011067985,0.0,0.00066407915,0
-53.562046,163.75098,0.0011067985,0.0,0.00066407915,0
-53.414104,162.9226,0.0011067985,0.0,0.00066407915,0
-53.259335,162.1014,0.0011067985,0.0,0.00066407915,0
-53.097546,161.2879,0.0011067985,0.0,0.00066407915,0
-52.929214,160.48193,0.0011067985,0.0,0.00066407915,0
-52.75406,159.68417,0.0011067985,0.0,0.00066407915,0
-52.57263,158.89429,0.0011067985,0.0,0.00066407915,0
-52.3846,158.113,0.0011067985,0.0,0.00066407915,0
-52.190536,157.33992,0.0011067985,0.0,0.00066407915,0
-51.99019,156.5757,0.0011067985,0.0,0.00066407915,0
-51.784004,155.81998,0.0011067985,0.0,0.00066407915,0
-51.57185,155.0733,0.0011067985,0.0,0.00066407915,0
-51.354057,154.33542,0.0011067985,0.0,0.00066407915,0
-51.13064,153.60661,0.0011067985,0.0,0.00066407915,0
-50.90177,152.8869,0.0011067985,0.0,0.00066407915,0
-50.667603,152.17627,0.0011067985,0.0,0.00066407915,0
-50.4282,151.47491,0.0011067985,0.0,0.00066407915,0
-50.183807,150.78262,0.0011067985,0.0,0.00066407915,0
-49.934402,150.09975,0.0011067985,0.0,0.00066407915,0
-49.680317,149.4259,0.0011067985,0.0,0.00066407915,0
-49.42144,148.76154,0.0011067985,0.0,0.00066407915,0
-49.15818,148.10608,0.0011067985,0.0,0.00066407915,0
-48.89035,147.46017,0.0011067985,0.0,0.00066407915,0
-48.618404,146.8231,0.0011067985,0.0,0.00066407915,0
-48.342175,146.19543,0.0011067985,0.0,0.00066407915,0
-48.062035,145.57661,0.0011067985,0.0,0.00066407915,0
-47.77791,144.96703,0.0011067985,0.0,0.00066407915,0
-47.49008,144.36623,0.0011067985,0.0,0.00066407915,0
-47.198555,143.77444,0.0011067985,0.0,0.00066407915,0
-46.90352,143.1914,0.0011067985,0.0,0.00066407915,0
-46.605057,142.61714,0.0011067985,0.0,0.00066407915,0
-46.303295,142.05156,0.0011067985,0.0,0.00066407915,0
-45.998367,141.49448,0.0011067985,0.0,0.00066407915,0
-45.69033,140.946,0.0011067985,0.0,0.00066407915,0
-45.379387,140.40575,0.0011067985,0.0,0.00066407915,0
-45.06552,139.87401,0.0011067985,0.0,0.00066407915,0
-44.748985,139.3502,0.0011067985,0.0,0.00066407915,0
-44.429718,138.83478,0.0011067985,0.0,0.00066407915,0
-44.108,138.32703,0.0011067985,0.0,0.00066407915,0
-43.78375,137.82747,0.0011068713,0.0,0.0006641228,0
-43.457237,137.33543,0.0011052359,0.0,0.00066314155,0
-43.128414,136.85126,0.0011123144,0.0,0.00066738867,0
-42.797493,136.37448,0.0010958575,0.0,0.0006575145,0
-42.46448,135.90527,0.0011960202,0.0,0.0007176121,0
-42.129524,135.4433,0.0015596992,0.0,0.0009358195,0
-41.79268,134.9886,0.004918238,0.0,0.002950943,0
